% Model,spaceplate_double_3d.mph
% Version,COMSOL 6.2.0.415
% Date,"Jul 24 2025, 09:52"
% Table,Table 2 - Surface Average 3
% freq (Hz),"theta0=0, abs(acpr.p_t)^2 (kg^2/(m^2*s^4))","theta0=0.5, abs(acpr.p_t)^2 (kg^2/(m^2*s^4))","theta0=1, abs(acpr.p_t)^2 (kg^2/(m^2*s^4))","theta0=1.5, abs(acpr.p_t)^2 (kg^2/(m^2*s^4))","theta0=2, abs(acpr.p_t)^2 (kg^2/(m^2*s^4))","theta0=2.5, abs(acpr.p_t)^2 (kg^2/(m^2*s^4))","theta0=3, abs(acpr.p_t)^2 (kg^2/(m^2*s^4))","theta0=3.5, abs(acpr.p_t)^2 (kg^2/(m^2*s^4))","theta0=4, abs(acpr.p_t)^2 (kg^2/(m^2*s^4))","theta0=4.5, abs(acpr.p_t)^2 (kg^2/(m^2*s^4))","theta0=5, abs(acpr.p_t)^2 (kg^2/(m^2*s^4))","theta0=5.5, abs(acpr.p_t)^2 (kg^2/(m^2*s^4))","theta0=6, abs(acpr.p_t)^2 (kg^2/(m^2*s^4))","theta0=6.5, abs(acpr.p_t)^2 (kg^2/(m^2*s^4))","theta0=7, abs(acpr.p_t)^2 (kg^2/(m^2*s^4))","theta0=7.5, abs(acpr.p_t)^2 (kg^2/(m^2*s^4))","theta0=8, abs(acpr.p_t)^2 (kg^2/(m^2*s^4))","theta0=8.5, abs(acpr.p_t)^2 (kg^2/(m^2*s^4))","theta0=9, abs(acpr.p_t)^2 (kg^2/(m^2*s^4))","theta0=9.5, abs(acpr.p_t)^2 (kg^2/(m^2*s^4))","theta0=10, abs(acpr.p_t)^2 (kg^2/(m^2*s^4))","theta0=10.5, abs(acpr.p_t)^2 (kg^2/(m^2*s^4))","theta0=11, abs(acpr.p_t)^2 (kg^2/(m^2*s^4))","theta0=11.5, abs(acpr.p_t)^2 (kg^2/(m^2*s^4))","theta0=12, abs(acpr.p_t)^2 (kg^2/(m^2*s^4))","theta0=12.5, abs(acpr.p_t)^2 (kg^2/(m^2*s^4))","theta0=13, abs(acpr.p_t)^2 (kg^2/(m^2*s^4))","theta0=13.5, abs(acpr.p_t)^2 (kg^2/(m^2*s^4))","theta0=14, abs(acpr.p_t)^2 (kg^2/(m^2*s^4))","theta0=14.5, abs(acpr.p_t)^2 (kg^2/(m^2*s^4))","theta0=15, abs(acpr.p_t)^2 (kg^2/(m^2*s^4))","theta0=15.5, abs(acpr.p_t)^2 (kg^2/(m^2*s^4))","theta0=16, abs(acpr.p_t)^2 (kg^2/(m^2*s^4))","theta0=16.5, abs(acpr.p_t)^2 (kg^2/(m^2*s^4))","theta0=17, abs(acpr.p_t)^2 (kg^2/(m^2*s^4))","theta0=17.5, abs(acpr.p_t)^2 (kg^2/(m^2*s^4))","theta0=18, abs(acpr.p_t)^2 (kg^2/(m^2*s^4))","theta0=18.5, abs(acpr.p_t)^2 (kg^2/(m^2*s^4))","theta0=19, abs(acpr.p_t)^2 (kg^2/(m^2*s^4))","theta0=19.5, abs(acpr.p_t)^2 (kg^2/(m^2*s^4))","theta0=20, abs(acpr.p_t)^2 (kg^2/(m^2*s^4))","theta0=20.5, abs(acpr.p_t)^2 (kg^2/(m^2*s^4))","theta0=21, abs(acpr.p_t)^2 (kg^2/(m^2*s^4))","theta0=21.5, abs(acpr.p_t)^2 (kg^2/(m^2*s^4))","theta0=22, abs(acpr.p_t)^2 (kg^2/(m^2*s^4))","theta0=22.5, abs(acpr.p_t)^2 (kg^2/(m^2*s^4))","theta0=23, abs(acpr.p_t)^2 (kg^2/(m^2*s^4))","theta0=23.5, abs(acpr.p_t)^2 (kg^2/(m^2*s^4))","theta0=24, abs(acpr.p_t)^2 (kg^2/(m^2*s^4))","theta0=24.5, abs(acpr.p_t)^2 (kg^2/(m^2*s^4))","theta0=25, abs(acpr.p_t)^2 (kg^2/(m^2*s^4))","theta0=25.5, abs(acpr.p_t)^2 (kg^2/(m^2*s^4))","theta0=26, abs(acpr.p_t)^2 (kg^2/(m^2*s^4))","theta0=26.5, abs(acpr.p_t)^2 (kg^2/(m^2*s^4))","theta0=27, abs(acpr.p_t)^2 (kg^2/(m^2*s^4))","theta0=27.5, abs(acpr.p_t)^2 (kg^2/(m^2*s^4))","theta0=28, abs(acpr.p_t)^2 (kg^2/(m^2*s^4))","theta0=28.5, abs(acpr.p_t)^2 (kg^2/(m^2*s^4))","theta0=29, abs(acpr.p_t)^2 (kg^2/(m^2*s^4))","theta0=29.5, abs(acpr.p_t)^2 (kg^2/(m^2*s^4))","theta0=30, abs(acpr.p_t)^2 (kg^2/(m^2*s^4))","theta0=30.5, abs(acpr.p_t)^2 (kg^2/(m^2*s^4))","theta0=31, abs(acpr.p_t)^2 (kg^2/(m^2*s^4))","theta0=31.5, abs(acpr.p_t)^2 (kg^2/(m^2*s^4))","theta0=32, abs(acpr.p_t)^2 (kg^2/(m^2*s^4))","theta0=32.5, abs(acpr.p_t)^2 (kg^2/(m^2*s^4))","theta0=33, abs(acpr.p_t)^2 (kg^2/(m^2*s^4))","theta0=33.5, abs(acpr.p_t)^2 (kg^2/(m^2*s^4))","theta0=34, abs(acpr.p_t)^2 (kg^2/(m^2*s^4))","theta0=34.5, abs(acpr.p_t)^2 (kg^2/(m^2*s^4))","theta0=35, abs(acpr.p_t)^2 (kg^2/(m^2*s^4))","theta0=35.5, abs(acpr.p_t)^2 (kg^2/(m^2*s^4))","theta0=36, abs(acpr.p_t)^2 (kg^2/(m^2*s^4))","theta0=36.5, abs(acpr.p_t)^2 (kg^2/(m^2*s^4))","theta0=37, abs(acpr.p_t)^2 (kg^2/(m^2*s^4))","theta0=37.5, abs(acpr.p_t)^2 (kg^2/(m^2*s^4))","theta0=38, abs(acpr.p_t)^2 (kg^2/(m^2*s^4))","theta0=38.5, abs(acpr.p_t)^2 (kg^2/(m^2*s^4))","theta0=39, abs(acpr.p_t)^2 (kg^2/(m^2*s^4))","theta0=39.5, abs(acpr.p_t)^2 (kg^2/(m^2*s^4))","theta0=40, abs(acpr.p_t)^2 (kg^2/(m^2*s^4))","theta0=40.5, abs(acpr.p_t)^2 (kg^2/(m^2*s^4))","theta0=41, abs(acpr.p_t)^2 (kg^2/(m^2*s^4))","theta0=41.5, abs(acpr.p_t)^2 (kg^2/(m^2*s^4))","theta0=42, abs(acpr.p_t)^2 (kg^2/(m^2*s^4))","theta0=42.5, abs(acpr.p_t)^2 (kg^2/(m^2*s^4))","theta0=43, abs(acpr.p_t)^2 (kg^2/(m^2*s^4))","theta0=43.5, abs(acpr.p_t)^2 (kg^2/(m^2*s^4))","theta0=44, abs(acpr.p_t)^2 (kg^2/(m^2*s^4))","theta0=44.5, abs(acpr.p_t)^2 (kg^2/(m^2*s^4))","theta0=45, abs(acpr.p_t)^2 (kg^2/(m^2*s^4))","theta0=45.5, abs(acpr.p_t)^2 (kg^2/(m^2*s^4))","theta0=46, abs(acpr.p_t)^2 (kg^2/(m^2*s^4))","theta0=46.5, abs(acpr.p_t)^2 (kg^2/(m^2*s^4))","theta0=47, abs(acpr.p_t)^2 (kg^2/(m^2*s^4))","theta0=47.5, abs(acpr.p_t)^2 (kg^2/(m^2*s^4))","theta0=48, abs(acpr.p_t)^2 (kg^2/(m^2*s^4))","theta0=48.5, abs(acpr.p_t)^2 (kg^2/(m^2*s^4))","theta0=49, abs(acpr.p_t)^2 (kg^2/(m^2*s^4))","theta0=49.5, abs(acpr.p_t)^2 (kg^2/(m^2*s^4))","theta0=50, abs(acpr.p_t)^2 (kg^2/(m^2*s^4))","theta0=50.5, abs(acpr.p_t)^2 (kg^2/(m^2*s^4))","theta0=51, abs(acpr.p_t)^2 (kg^2/(m^2*s^4))","theta0=51.5, abs(acpr.p_t)^2 (kg^2/(m^2*s^4))","theta0=52, abs(acpr.p_t)^2 (kg^2/(m^2*s^4))","theta0=52.5, abs(acpr.p_t)^2 (kg^2/(m^2*s^4))","theta0=53, abs(acpr.p_t)^2 (kg^2/(m^2*s^4))","theta0=53.5, abs(acpr.p_t)^2 (kg^2/(m^2*s^4))","theta0=54, abs(acpr.p_t)^2 (kg^2/(m^2*s^4))","theta0=54.5, abs(acpr.p_t)^2 (kg^2/(m^2*s^4))","theta0=55, abs(acpr.p_t)^2 (kg^2/(m^2*s^4))","theta0=55.5, abs(acpr.p_t)^2 (kg^2/(m^2*s^4))","theta0=56, abs(acpr.p_t)^2 (kg^2/(m^2*s^4))","theta0=56.5, abs(acpr.p_t)^2 (kg^2/(m^2*s^4))","theta0=57, abs(acpr.p_t)^2 (kg^2/(m^2*s^4))","theta0=57.5, abs(acpr.p_t)^2 (kg^2/(m^2*s^4))","theta0=58, abs(acpr.p_t)^2 (kg^2/(m^2*s^4))","theta0=58.5, abs(acpr.p_t)^2 (kg^2/(m^2*s^4))","theta0=59, abs(acpr.p_t)^2 (kg^2/(m^2*s^4))","theta0=59.5, abs(acpr.p_t)^2 (kg^2/(m^2*s^4))","theta0=60, abs(acpr.p_t)^2 (kg^2/(m^2*s^4))","theta0=60.5, abs(acpr.p_t)^2 (kg^2/(m^2*s^4))","theta0=61, abs(acpr.p_t)^2 (kg^2/(m^2*s^4))","theta0=61.5, abs(acpr.p_t)^2 (kg^2/(m^2*s^4))","theta0=62, abs(acpr.p_t)^2 (kg^2/(m^2*s^4))","theta0=62.5, abs(acpr.p_t)^2 (kg^2/(m^2*s^4))","theta0=63, abs(acpr.p_t)^2 (kg^2/(m^2*s^4))","theta0=63.5, abs(acpr.p_t)^2 (kg^2/(m^2*s^4))","theta0=64, abs(acpr.p_t)^2 (kg^2/(m^2*s^4))","theta0=64.5, abs(acpr.p_t)^2 (kg^2/(m^2*s^4))","theta0=65, abs(acpr.p_t)^2 (kg^2/(m^2*s^4))","theta0=65.5, abs(acpr.p_t)^2 (kg^2/(m^2*s^4))","theta0=66, abs(acpr.p_t)^2 (kg^2/(m^2*s^4))","theta0=66.5, abs(acpr.p_t)^2 (kg^2/(m^2*s^4))","theta0=67, abs(acpr.p_t)^2 (kg^2/(m^2*s^4))","theta0=67.5, abs(acpr.p_t)^2 (kg^2/(m^2*s^4))","theta0=68, abs(acpr.p_t)^2 (kg^2/(m^2*s^4))","theta0=68.5, abs(acpr.p_t)^2 (kg^2/(m^2*s^4))","theta0=69, abs(acpr.p_t)^2 (kg^2/(m^2*s^4))","theta0=69.5, abs(acpr.p_t)^2 (kg^2/(m^2*s^4))","theta0=70, abs(acpr.p_t)^2 (kg^2/(m^2*s^4))","theta0=70.5, abs(acpr.p_t)^2 (kg^2/(m^2*s^4))","theta0=71, abs(acpr.p_t)^2 (kg^2/(m^2*s^4))","theta0=71.5, abs(acpr.p_t)^2 (kg^2/(m^2*s^4))","theta0=72, abs(acpr.p_t)^2 (kg^2/(m^2*s^4))","theta0=72.5, abs(acpr.p_t)^2 (kg^2/(m^2*s^4))","theta0=73, abs(acpr.p_t)^2 (kg^2/(m^2*s^4))","theta0=73.5, abs(acpr.p_t)^2 (kg^2/(m^2*s^4))","theta0=74, abs(acpr.p_t)^2 (kg^2/(m^2*s^4))","theta0=74.5, abs(acpr.p_t)^2 (kg^2/(m^2*s^4))","theta0=75, abs(acpr.p_t)^2 (kg^2/(m^2*s^4))","theta0=75.5, abs(acpr.p_t)^2 (kg^2/(m^2*s^4))","theta0=76, abs(acpr.p_t)^2 (kg^2/(m^2*s^4))","theta0=76.5, abs(acpr.p_t)^2 (kg^2/(m^2*s^4))","theta0=77, abs(acpr.p_t)^2 (kg^2/(m^2*s^4))","theta0=77.5, abs(acpr.p_t)^2 (kg^2/(m^2*s^4))","theta0=78, abs(acpr.p_t)^2 (kg^2/(m^2*s^4))","theta0=78.5, abs(acpr.p_t)^2 (kg^2/(m^2*s^4))","theta0=79, abs(acpr.p_t)^2 (kg^2/(m^2*s^4))","theta0=79.5, abs(acpr.p_t)^2 (kg^2/(m^2*s^4))","theta0=80, abs(acpr.p_t)^2 (kg^2/(m^2*s^4))","theta0=80.5, abs(acpr.p_t)^2 (kg^2/(m^2*s^4))","theta0=81, abs(acpr.p_t)^2 (kg^2/(m^2*s^4))","theta0=81.5, abs(acpr.p_t)^2 (kg^2/(m^2*s^4))","theta0=82, abs(acpr.p_t)^2 (kg^2/(m^2*s^4))","theta0=82.5, abs(acpr.p_t)^2 (kg^2/(m^2*s^4))","theta0=83, abs(acpr.p_t)^2 (kg^2/(m^2*s^4))","theta0=83.5, abs(acpr.p_t)^2 (kg^2/(m^2*s^4))","theta0=84, abs(acpr.p_t)^2 (kg^2/(m^2*s^4))","theta0=84.5, abs(acpr.p_t)^2 (kg^2/(m^2*s^4))","theta0=85, abs(acpr.p_t)^2 (kg^2/(m^2*s^4))","theta0=85.5, abs(acpr.p_t)^2 (kg^2/(m^2*s^4))","theta0=86, abs(acpr.p_t)^2 (kg^2/(m^2*s^4))","theta0=86.5, abs(acpr.p_t)^2 (kg^2/(m^2*s^4))","theta0=87, abs(acpr.p_t)^2 (kg^2/(m^2*s^4))","theta0=87.5, abs(acpr.p_t)^2 (kg^2/(m^2*s^4))","theta0=88, abs(acpr.p_t)^2 (kg^2/(m^2*s^4))","theta0=88.5, abs(acpr.p_t)^2 (kg^2/(m^2*s^4))","theta0=89, abs(acpr.p_t)^2 (kg^2/(m^2*s^4))","theta0=89.5, abs(acpr.p_t)^2 (kg^2/(m^2*s^4))"
10000,0.003182520173124358,0.0031832353582398666,0.003185383580924826,0.0031889728076535625,0.0031940162974303785,0.0032005325725080465,0.0032085453741381824,0.0032180836000362447,0.0032291812191856052,0.0032418771584728275,0.0032562151544278726,0.0032722435619918174,0.0032900151107824304,0.003309586597702956,0.0033310185029952117,0.0033543745149118374,0.00337972094613321,0.0034071260228735268,0.003436659025351076,0.0034683892560417014,0.0035023848099425066,0.0035387111191504807,0.0035774292425926517,0.0036185938710060666,0.0036622510176450114,0.0037084353671604665,0.003757167259198279,0.0038084492902440777,0.0038622625278659185,0.0039185623467062605,0.0039772739162567934,0.004038287397561124,0.004101452940273757,0.004166575613409518,0.004233410452547271,0.0043016578622862974,0.004370959673335138,0.00444089621518936,0.00451098482265007,0.004580680240226953,0.004649377413675796,0.004716417152093511,0.004781095096091521,0.004842674327579466,0.004900401797523967,0.0049535285279271295,0.005001333269338455,0.005043148981270561,0.005078391176423172,0.005106586866730413,0.005127402612349796,0.005140670046989399,0.005146407270934432,0.005144834688863754,0.005136384224057433,0.005121701340366052,0.005101639901586389,0.00507725053041517,0.005049763724761919,0.005020569481616004,0.0049911955183517915,0.004963286343617459,0.004938585418103196,0.004918922488762012,0.004906207926582529,0.004902435605722755,0.0049096955883550985,0.004930197674392771,0.0049663067733658715,0.005020591074646848,0.005095884129926718,0.005195362194509282,0.00532263845106208,0.005481875972721832,0.005677921325121955,0.0059164603175456635,0.006204196197041623,0.006549047897507058,0.006960360796663536,0.007449113241478668,0.008028086586982503,0.008711941506630037,0.009517105030443913,0.010461317545298002,0.011562616120345821,0.012837447965546315,0.014297542945531523,0.015945189292950197,0.01776676406927163,0.019724923749826196,0.021750885249862507,0.02373963586221262,0.025552132015089817,0.02702840542518124,0.028012690651472525,0.028386128739857602,0.028096743432172964,0.027174593349004184,0.025725072975939924,0.023903044165758155,0.021878585731147385,0.019806709075764005,0.017808743039365974,0.015966515736771995,0.014325925153608766,0.012905192256707942,0.01170402199920755,0.010711542100175187,0.009912274606485631,0.009290221723864787,0.008831500393807082,0.008526031392824797,0.00836873924418604,0.008360647579492177,0.008510211331675788,0.008835237982085048,0.00936583506521709,0.010149008990802037,0.011255880664058686,0.01279305880857707,0.014920643389418054,0.017880749062138386,0.022042307125584783,0.027969359151531165,0.03651726486334277,0.04894159793064055,0.0669351079841042,0.09233349250510665,0.12597644923789866,0.16538996861621236,0.2027002314215684,0.22639855636663866,0.2276769991606247,0.20595136214360052,0.16918028003611826,0.12895137701738732,0.09396209551404998,0.06739863746573903,0.048662727258148394,0.0358693901938507,0.02720378724498991,0.021309220088755243,0.017266968847052713,0.014479839332258708,0.012566095062749362,0.011284579936003914,0.010486941420279646,0.010089227930386096,0.010057067841864683,0.010401483915887105,0.011185453016768423,0.012545462295897869,0.014740030216468933,0.01825491205864083,0.0240409855524478,0.03409332985434481,0.05298729535257349,0.09219957397030673,0.18015653019306002,0.34092704613313995,0.382632545277131,0.25270851890020835,0.1617184189746876,0.11771118278625543,0.09795861353488294,0.0920531006535112,0.09708780252237721,0.11517152573749427,0.1545321253898797,0.23041072647334745,0.3267850572331753,0.2978351406617335,0.17313735543351277,0.0946886366393141,0.05684345505401593,0.03792331347399454,0.027730969553896624,0.021923769789043254,0.018555277565773038,0.01670532226626306
10250,0.0035655426660473805,0.003566204157893105,0.003568191941618926,0.0035715159173826533,0.003576192621865523,0.003582245281627971,0.003589703885216723,0.003598605271374837,0.0036089932298646837,0.0036209186104865865,0.003634439434865461,0.0036496210044500792,0.003666535996867314,0.0036852645413109554,0.003705894261928317,0.00372852027618597,0.0037532451328862655,0.0037801786717933487,0.003809437783689544,0.003841146046023398,0.003875433205098873,0.003912434470939964,0.003952289585534951,0.003995141619133532,0.004041135442707437,0.004090415817762581,0.00414312503765878,0.004199400047883088,0.004259368966955984,0.004323146925728597,0.004390831141894587,0.004462495150291182,0.004538182119897706,0.004617897207945473,0.004701598933140887,0.004789189596964799,0.00488050484784922,0.004975302570963346,0.00507325139883306,0.005173919275858157,0.005276762671061245,0.005381117212013628,0.005486190697282123,0.005591059616405862,0.005694670439327532,0.005795846997938274,0.005893305232521482,0.005985676376133415,0.006071539267616143,0.006149461902216397,0.006218051557486517,0.006276011917320296,0.00632220464572019,0.00635571195993863,0.006375896070471226,0.006382451044353227,0.006375442828335461,0.006355333895656473,0.006322990221809867,0.006279669923096246,0.006226994699458574,0.006166906960330987,0.00610161693672814,0.006033545009932236,0.005965264826049097,0.005899452532729489,0.005838846781241613,0.005786223159941337,0.0057443856642462815,0.00571617684957977,0.005704507601825831,0.0057124070838391145,0.005743093409861643,0.0058000659477532406,0.0058872207985031805,0.006008991866292848,0.006170520881399768,0.006377860574579568,0.00663821560117395,0.006960225223714545,0.007354289233127896,0.007832932507128946,0.008411191300383605,0.009106981585001174,0.00994137011712344,0.010938603595957032,0.012125650085706206,0.013530862471654853,0.015181193284814171,0.017097219870973374,0.019285204745989177,0.021725770932859934,0.024359894766344273,0.02707514033193732,0.029698164547406026,0.03200199304996786,0.03373534596492858,0.034673497953305286,0.03467707900997799,0.033734945819691116,0.03197001769877259,0.029604401418672238,0.026900614264298975,0.024104440234245662,0.021408000349749802,0.018937503705543552,0.01675940522116653,0.014895382324758484,0.013338541619829761,0.012066857639830586,0.011052713217999973,0.010268964083227259,0.009692492122726338,0.009306218853852228,0.009100370431150025,0.009073602042775073,0.009234479878693582,0.009603812256607617,0.010218439791619132,0.011137378013966127,0.012451734364411823,0.014300735594343618,0.016897715179745955,0.02057225568574308,0.025837755703095683,0.033495629283346665,0.04477974002511346,0.06149951132729061,0.08598745456497182,0.12031246300573181,0.1639473984546943,0.2103248267438024,0.2464193533666291,0.2591747428840084,0.24359763346462085,0.20552022157460922,0.15826414665305286,0.11463635727945184,0.08083936001192125,0.05708783632624375,0.04111976985281879,0.03051561838578386,0.02344383688623768,0.018679355615527905,0.01544143502257835,0.013241055492990773,0.011774547617526953,0.010857025070679444,0.01038334638735741,0.010307528637562596,0.01063580471276393,0.011432679772848908,0.012844552775095422,0.015154937398449565,0.01890741958693533,0.025191984180621622,0.03636803896662155,0.058070903010326434,0.1051028765651628,0.21380964388176651,0.37982772987086216,0.337412176848918,0.20044793135375516,0.1269048124710368,0.09261975196505168,0.07680619667953371,0.07113223711473912,0.07289006797516394,0.08248818581466248,0.10346593139585614,0.14427239340509632,0.2183403942817138,0.3113662199426604,0.30763447868289073,0.20583051432872929,0.126660329286546,0.08377164167585066,0.0611696266335047,0.04904220245151038,0.042803062471179425
10500,0.004111035643790006,0.004111621833022692,0.004113383658365548,0.004116330880072735,0.004120479864598292,0.004125853732596662,0.004132482564001476,0.004140403658040302,0.004149661845386668,0.004160309848974757,0.004172408689277186,0.004186028129063683,0.004201247151808015,0.004218154466949603,0.004236849034132497,0.0042574405972727125,0.004280050217820062,0.004304810794772141,0.004331867556827436,0.004361378509379719,0.004393514815755377,0.004428461088014096,0.004466415557603362,0.0045075900899450095,0.00455220999946571,0.004600513612369091,0.004652751513395869,0.004709185399673905,0.00477008644938622,0.004835733095301071,0.004906408073311597,0.004982394594382098,0.00506397146544118,0.005151406962046587,0.005244951235137523,0.005344827018880144,0.005451218400786991,0.00556425742480979,0.005684008330617207,0.005810449297339359,0.00594345166916472,0.006082756805965382,0.006227950937498741,0.006378438715489168,0.006533416559636154,0.0066918473769459665,0.00685243877870661,0.007013627483579081,0.007173573108302069,0.007330164908030544,0.007481045106953213,0.007623652111502441,0.0077552859870439455,0.00787319701453061,0.007974695928143134,0.008057281706865198,0.008118779853385001,0.008157481397996772,0.008172270962767361,0.008162731645875249,0.008129215612994024,0.008072872193977232,0.007995629689577921,0.007900132352039757,0.007789639245138602,0.007667896019273009,0.007538993356012909,0.007407226603654843,0.00727697001786076,0.0071525764761877254,0.007038310205377142,0.006938316640891386,0.006856630617489421,0.006797222059045551,0.0067640773692629825,0.00676131481151152,0.006793333170479707,0.006864994712287072,0.006981845683039179,0.007150380073588157,0.007378354842333141,0.007675166786978633,0.008052302007442209,0.008523866954904445,0.009107202756358559,0.009823567111164508,0.01069883250807742,0.011764082771872412,0.013055872587723203,0.01461572154993114,0.016488122437172435,0.018715957300197768,0.021331826387882745,0.024343692142578185,0.02771403938046821,0.031334390312960016,0.035002211234187876,0.038414008818345516,0.041192050731488926,0.04295476532564825,0.043418332902108094,0.04248958256809361,0.04030213899880946,0.03717409679442806,0.03350999334127943,0.029696639044046697,0.026033695702222845,0.022710887302654408,0.019819933588593342,0.017381983571231687,0.015375898137163928,0.013760399597112567,0.012488751477868569,0.011517318701538893,0.010810029910037853,0.010340521764739274,0.01009327724838742,0.010064681716524929,0.010264706718429216,0.010719911224469313,0.011478641380979017,0.012619774228099876,0.014267225669610145,0.01661398026599104,0.019961984955389315,0.024788258443197382,0.03185250537134807,0.042362432633062067,0.05818834175618064,0.08199934435013322,0.11683287493707847,0.16400898974024278,0.21877814751011931,0.2674776292224236,0.293238108261243,0.28649604940122236,0.24963614465669595,0.19581822990582248,0.14196152510041238,0.098797791318658,0.0683509664772845,0.048134914250494744,0.03496014817336247,0.026345913648648363,0.020645891395900725,0.01683003478365168,0.014266100245038594,0.012568475677653566,0.011505321576583233,0.0109449869850782,0.010827765644588316,0.011155507566589127,0.011997433679330994,0.013517327417377602,0.016039473600122003,0.02019981251156433,0.027310168027639952,0.04031849948792005,0.06661438478801257,0.1265505476488182,0.2654522246016992,0.3973961380777118,0.2696924199172864,0.1507639678538271,0.09583536399521984,0.07020371533985693,0.057765176678181096,0.052334875634294814,0.051578053693032415,0.054939521509752724,0.06308153971971617,0.07802180010496579,0.10373980381984577,0.1465810121767864,0.21136257726063223,0.282650149595388,0.31212749245003335,0.28478605599265955,0.2419175303067916,0.21160459039244697
10750,0.0048920847302937965,0.004892620152788477,0.00489422864041529,0.004896916852510567,0.0049006960586024705,0.004905582393670587,0.004911597214048968,0.004918767552468921,0.0049271266702123045,0.004936714703788908,0.004947579402928976,0.004959776956001193,0.004973372898243017,0.0049884430973917435,0.005005074810495191,0.005023367804778164,0.00504343553456192,0.005065406365202879,0.0050894248340009555,0.005115652936789804,0.0051442714275356715,0.00517548111653764,0.005209504150623792,0.005246585255871281,0.005286992919539184,0.005331020482817128,0.005378987109160048,0.005431238583946415,0.005488147889338896,0.005550115482821088,0.005617569188169259,0.005690963582670522,0.005770778733363427,0.005857518096997223,0.005951705352511076,0.006053879880744258,0.006164590543636349,0.006284387345557954,0.0064138104848012216,0.006553376228222419,0.006703558974054413,0.006864768818625601,0.007037323929263965,0.007221417071893954,0.007417075779407867,0.0076241159156462636,0.007842088836179355,0.008070223020363067,0.008307361992940451,0.00855190159211909,0.008801731159059701,0.009054184939243731,0.009306011721887667,0.009553372202403041,0.009791874312042714,0.010016656299378493,0.010222525138193574,0.010404153476529239,0.01055633176085647,0.01067426382541211,0.010753885241033835,0.010792175788497057,0.010787432593262722,0.010739470559116138,0.010649722756248373,0.01052122499585837,0.010358484111100416,0.010167245492787084,0.009954188903541978,0.009726589855270551,0.009491985601487696,0.0092578804313336,0.009031516180456745,0.008819723124749813,0.00862885608787779,0.008464812462742373,0.008333123857703403,0.008239111363728475,0.008188095566622946,0.008185655696603648,0.008237936988696478,0.008352010813652127,0.008536297967112031,0.008801071267460823,0.009159058744352194,0.009626172089841867,0.010222384369248199,0.010972771567620963,0.011908705416567076,0.013069123813519127,0.014501682105154966,0.01626335954023046,0.0184197000167801,0.0210412456922142,0.024194883074020665,0.027927000884308377,0.032235328848966995,0.0370287276950457,0.042081323290546827,0.04700010056098182,0.0512381456919127,0.05418409828948394,0.05532543067455858,0.05442591213592231,0.0516219516117573,0.04737636183406566,0.042316221164467184,0.03704747894479225,0.0320303935901216,0.027541747775225646,0.023700043626781006,0.020515799048696694,0.017939929306015456,0.01589906504787742,0.014317125033852901,0.013126637128102744,0.012273774079332835,0.011720182448153094,0.011443662181751347,0.011439032520797665,0.011720168272666519,0.012324186691985843,0.013319119444436882,0.014817222331042903,0.016997614543611986,0.020144671163722566,0.024713207324771048,0.03143844132878153,0.0415156652355626,0.0568659635311379,0.08041792584014693,0.11599365066824252,0.16657566916912833,0.22939989073475583,0.29070269085853845,0.33023509928522404,0.33446569911995566,0.3021199953100237,0.24366161667117403,0.17848463616323126,0.12332334077292362,0.08380109847580437,0.05774260163886619,0.04104470360695489,0.030336088391403837,0.023378079168448633,0.018791616184267296,0.01574652794535251,0.01374561019368783,0.012494023319085496,0.011825161147177795,0.01166180778042566,0.012001153480965195,0.012920592755983016,0.014610500399323904,0.017456636715607307,0.022235288441827823,0.030602722371887325,0.04645286751843422,0.0801181288102793,0.16116580968894423,0.33381592162152035,0.3615139482286328,0.19701228714865782,0.10851894360331352,0.06982388273230619,0.051245896274222526,0.04164439321425488,0.03670622452071826,0.03461397392824039,0.034590729582919706,0.036368433926628765,0.039974046537815444,0.04562252543291828,0.053612533171788684,0.06413807902974512,0.0769436703288478,0.09086438251322922,0.10357185137093697,0.11203520885967515
11000,0.00603155584761844,0.006032138200688085,0.006033885188069634,0.0060367965975944154,0.006040872307255472,0.006046112633585916,0.0060525188211945765,0.006060093675023778,0.006068842337039304,0.006078773208954014,0.006089899022252058,0.00610223805614985,0.006115815503217478,0.0061306649812212744,0.006146830188304705,0.006164366696994264,0.006183343880735252,0.006203846964815749,0.006225979191686376,0.006249864088959462,0.006275647826825991,0.006303501650364845,0.006333624371244038,0.0063662449026892515,0.006401624821199295,0.006440060938209239,0.006481887864511555,0.00652748054931533,0.006577256773882116,0.006631679575977639,0.006691259575044042,0.006756557157853689,0.006828184469043704,0.006906807128690589,0.006993145567831686,0.0070879758302973845,0.007192129632531611,0.007306493399200997,0.007432005898006767,0.007569653978763256,0.007720465776482179,0.007885500563825613,0.008065834234751039,0.008262539172195974,0.008476657007836107,0.00870916254050795,0.008960916874895551,0.0092326077260531,0.00952467488647432,0.009837219180224576,0.010169893976528708,0.010521779676913603,0.010891243712650434,0.01127579165670603,0.011671919142301325,0.012074979277934543,0.012479085735008597,0.012877076798933993,0.013260569042547693,0.013620129067423919,0.013945585959248913,0.014226494126556763,0.014452735703376733,0.01461522549899098,0.01470665401605946,0.014722182044733462,0.014659991202777056,0.014521604144190983,0.014311917172948618,0.014038931953856668,0.013713222052231933,0.013347212169597816,0.012954373148600491,0.012548439388739126,0.01214273899381396,0.011749697590943365,0.011380543260193329,0.011045210376463221,0.01075241944035478,0.01050989980614622,0.010324721556269461,0.010203709128035188,0.010153919897339008,0.010183183486143669,0.010300710603837077,0.010517793002754017,0.01084862826396385,0.011311314106214726,0.011929065171000479,0.0127317067285012,0.013757485345095272,0.015055187495305732,0.01668643739075182,0.018727790420060588,0.021271743101856786,0.024424897649244506,0.028300113965783698,0.032997632332342916,0.03856865473022397,0.044956126021292696,0.05191605590052988,0.05894338701657946,0.06525548862321423,0.06989939238752044,0.07200575718711445,0.07110578109068405,0.06733553100051907,0.061389376406665835,0.05424967651026225,0.04686266568838145,0.03992424313837923,0.0338247730218956,0.0287035069467507,0.02453976954402322,0.021233594283915733,0.018659950266080135,0.016698814131654548,0.015248946630457567,0.014232638311836885,0.013596432307902412,0.013310864020324385,0.013371052187242188,0.013799481105535161,0.014652417395026703,0.0160321147387159,0.018108490636770752,0.0211568210238775,0.025623095364535615,0.032237143405181974,0.04220510601560587,0.05751663486563805,0.08134377991038964,0.11819580958157765,0.17254116007866602,0.2435135417106389,0.31730018007047217,0.3703882215977256,0.3864930813116807,0.3623088801204845,0.3035132086468878,0.22769267053564343,0.1577280651241705,0.10575657424865957,0.07138838000909936,0.04965216631403899,0.03596643159681349,0.027235774749087054,0.02157207288094977,0.017858567376280214,0.015438304461403683,0.013927267996468417,0.013109867094887621,0.012884608189144144,0.01324249068012019,0.014272891674043872,0.016204758870201487,0.019514178360935712,0.025188810787721574,0.035423422880486166,0.05566834812442793,0.10135830065192006,0.2163869891871679,0.3909840347519817,0.27598953327381953,0.13482498245815283,0.07539173228841295,0.04919918565656014,0.03607291911831461,0.028860879994793615,0.024706578303004514,0.022322950208557964,0.02107048180466168,0.02060290562847024,0.020712143395783433,0.021250125558357494,0.022083174882014046,0.023063856879034974,0.024018697372627747,0.02475614115950085,0.025097162005887613
11250,0.007746260674240925,0.007747094486692791,0.007749592310406526,0.0077537432842872435,0.0077595295276425,0.007766926477212585,0.007775903369480818,0.007786423878313851,0.007798446920323856,0.007811927642171272,0.007826818605403137,0.007843071185083586,0.007860637198443526,0.00787947077891251,0.007899530509146614,0.00792078182400297,0.007943199690821858,0.00796677156991774,0.00799150065297794,0.008017409371254332,0.008044543159294319,0.00807297445376808,0.008102806901095647,0.008134179742479892,0.008167272340945204,0.008202308812668476,0.008239562724334558,0.008279361819979895,0.00832209274465068,0.008368205738184142,0.008418219280040341,0.00847272467464508,0.008532390575040972,0.008597967449199568,0.008670291996154128,0.008750291515661953,0.008838988222170765,0.008937503467776957,0.009047061794926651,0.009168994672274023,0.009304743669679084,0.009455862692703957,0.009624018713641802,0.009810990193972727,0.010018662079887643,0.010249015855517218,0.010504112646114366,0.010786066768997871,0.011097006436505219,0.011439017544428432,0.0118140656849383,0.012223890808720097,0.012669868504727086,0.013152831947684306,0.013672849591696436,0.014228956213326897,0.014818839600282848,0.015438492745498281,0.016081852378632883,0.016740459074777697,0.017403191039246726,0.018056140402322177,0.018682712857250882,0.01926403217185071,0.019779713084140442,0.02020902359312978,0.020532390265480146,0.020733116523041738,0.0207991030573031,0.020724307898749614,0.020509686215005228,0.020163418575191983,0.01970036130001251,0.01914080182508982,0.018508732812853486,0.017829934074856987,0.017130154744203145,0.016433628172693993,0.015762055610176483,0.015134093928810268,0.014565302682225098,0.014068458912601337,0.01365413424774004,0.013331440092625931,0.013108872769315622,0.012995222318889452,0.013000540492643087,0.01313719255222682,0.013421043497241365,0.013872852900493575,0.014519973838950062,0.015398468135367242,0.01655575403038119,0.018053873014717347,0.01997335544878783,0.022417391096428797,0.02551540736019053,0.029423955626328487,0.03432064699197857,0.04038353202828161,0.04774442763901397,0.056403471788316104,0.06610164518579949,0.07617977644839752,0.08550812094462941,0.09261241689890382,0.09606820555842349,0.09504562634804459,0.08969394446278073,0.08109277107524092,0.07079640178046431,0.06027748637780299,0.050572760958657544,0.04221393476242466,0.035341761001829446,0.029867686729549384,0.025604430542456223,0.022346160267695418,0.019908150095115335,0.018141805021231132,0.016937529906810092,0.016223137680680618,0.015962047333523625,0.016153689989705327,0.016837968488289553,0.01810604204406794,0.020121184538458237,0.023156468161154662,0.027661599137828678,0.0343810413121365,0.044560735205517045,0.060294387489694415,0.08502413468472005,0.12392179037666144,0.18280307396745038,0.26240373628033925,0.34831001689064034,0.41328049809525746,0.4398947648943374,0.4266569530581153,0.37488324468536793,0.29351612451808007,0.20728283334542827,0.13834957346329016,0.09172912795877662,0.06239900478214875,0.04422977319127882,0.032851433823688624,0.02559327908845275,0.020897508496056788,0.01786334503744645,0.015971912915713475,0.014933933159736191,0.014611134770686185,0.014984203435328297,0.016158460035917078,0.018417571640524315,0.022370051974546862,0.029325722795449944,0.04234380493417876,0.06954348608365277,0.13552081784280184,0.2985561404283062,0.371400429192711,0.18366648079223283,0.08852787843001671,0.050884206241434075,0.033633793189072905,0.024585554219195463,0.01936086880815861,0.016140608995478513,0.014070457207227672,0.01270721452279982,0.01180049214726977,0.011197105293761705,0.010795665920688572,0.01052394405883389,0.010327678180386874,0.010165688284320512,0.010008518799739931
11500,0.010442549150128228,0.010443991366382755,0.01044831031278819,0.010455482776516067,0.010465470108110917,0.010478218290844237,0.010493658060602875,0.01051170509906467,0.010532260329155602,0.010555210347953465,0.010580428037882558,0.010607773402371054,0.010637094676612016,0.010668229767599765,0.010701008079848511,0.010735252783755821,0.010770783582156109,0.010807420026793114,0.010844985430099317,0.010883311408259651,0.010922243079333356,0.010961644924991317,0.01100140730664593,0.01104145360692434,0.01108174794633987,0.011122303403906766,0.011163190650549404,0.011204546887217124,0.011246584967147526,0.011289602575673427,0.01133399134246188,0.011380245771579001,0.011428971894584434,0.011480895580962347,0.011536870477476015,0.011597885591492585,0.011665072579969836,0.01173971285151447,0.011823244628715701,0.011917270145788885,0.01202356316528067,0.01214407697908127,0.012280953003441465,0.012436529973426175,0.01261335357476445,0.012814186102249246,0.013042015380416943,0.013300061695048413,0.013591780826756444,0.01392086040700432,0.014291205683747433,0.014706909339512509,0.015172198211196782,0.01569134761191259,0.01626855151135743,0.016907734274864365,0.01761228737870797,0.018384713208456385,0.01922615884432858,0.02013582732925072,0.02111026456061894,0.02214253928246307,0.02322136408225301,0.024330247739394295,0.0254468211799983,0.026542532145530363,0.027582940942419715,0.028528847044673223,0.02933840701393137,0.029970250322044666,0.030387368618954587,0.030561291983213026,0.030475856579913568,0.030129808297936107,0.029537639846161402,0.028728411567055714,0.02774275837194109,0.02662868563176478,0.02543697312103464,0.024216984937140185,0.02301346655127903,0.021864601612807663,0.020801311049956778,0.019847578179041796,0.01902149718514625,0.018336749848979785,0.01780428047667546,0.017434026618270572,0.017236649391057457,0.017225280753777765,0.017417364222365783,0.017836713871246947,0.01851595886393677,0.019499579546694103,0.020847771361949145,0.022641373601136747,0.024988017277450467,0.0280293596978023,0.03194853752219006,0.03697533275300666,0.04338329249055794,0.05146739126823995,0.0614829874029707,0.07352104676949776,0.08730440640061093,0.10193922433473182,0.11575644922810549,0.1264694358720065,0.13179779350075135,0.13037561600763534,0.12241194231407389,0.10962419945435169,0.09447723138783146,0.07925357272522325,0.06548438746759806,0.05387611755326403,0.04453483164153898,0.037244901244368515,0.03167564536153702,0.027496781030540988,0.02442833641346713,0.022254663442303802,0.020822967027774274,0.02003770420489711,0.019856584602268298,0.020291325520619678,0.021415861555166546,0.023385926343386577,0.026477050815820337,0.031154133020916196,0.03819689635183077,0.048924078984343124,0.06558098112783323,0.09193529566267628,0.133847220991395,0.19835990269761525,0.2872721570682922,0.3842537259467738,0.45714356113320814,0.4892770394921173,0.4864628918827411,0.45070538325998755,0.37711258993119856,0.2793665235293888,0.18903851329436908,0.12392324917127186,0.08244259111431944,0.05702515303783667,0.04139703761470725,0.03160942620584323,0.02537171813130278,0.02137969953415787,0.0188933041918676,0.017502873214446758,0.017009042238968472,0.017372382328169875,0.018717390244370972,0.0214047370861033,0.02623946927004787,0.03503555927965682,0.0522988371699086,0.09097922394682609,0.19204254454256617,0.383149698463524,0.2671475060611992,0.1135724387625687,0.05667151790093282,0.033547419786110484,0.02241950146774105,0.016339331340777825,0.012701467809012037,0.010376910209469455,0.008817810947941785,0.007733699219059163,0.006959282215513037,0.006394973545656715,0.005978005242003351,0.0056675354868865905,0.005436626502752479,0.0052677935521985905
11750,0.014941121399343792,0.014943750800055675,0.014951628608570106,0.014964723356678318,0.014982982193314991,0.015006330292202066,0.01503467005033389,0.015067880106089376,0.015105814215332825,0.015148300034417177,0.015195137870512312,0.015246099472307807,0.015300926947635338,0.015359331908854754,0.01542099496148638,0.015485565665993682,0.015552663116170993,0.015621877289301877,0.015692771331720503,0.01576488494780458,0.01583773905859311,0.01591084188731733,0.015983696611049997,0.016055810689706282,0.016126706944623752,0.01619593640884259,0.016263092910813848,0.016327829284191377,0.016389875021725064,0.01644905511538544,0.016505309753100668,0.016558714481296977,0.016609500398835197,0.016658073928543675,0.01670503572342948,0.016751198310135863,0.01679760215406983,0.016845529947819127,0.016896519072446846,0.0169523723520217,0.017015167404155557,0.01708726506984752,0.01717131756900478,0.01727027715735731,0.017387406139115016,0.017526289100182363,0.017690848150703674,0.01788536178148607,0.018114487619628354,0.018383288878160813,0.018697263581636356,0.019062374644273263,0.019485077481589622,0.019972339923487462,0.020531646603942594,0.021170976541563566,0.021898738099142324,0.022723639761612357,0.023654468175641954,0.024699736920595034,0.025867161362765283,0.027162908471102115,0.02859056890286082,0.030149807281181478,0.03183467299953387,0.0336316076038456,0.03551727510603578,0.0374564726882537,0.03940054206372278,0.04128686334946498,0.043040109091290454,0.04457587426699702,0.045806988067160735,0.04665222181293228,0.04704632478821935,0.04694958962664367,0.04635480825559858,0.0452897984462319,0.04381467680068357,0.04201441345137638,0.039988406909248944,0.03783940741160568,0.035663937551066976,0.03354560076353629,0.03155171588549419,0.029732926127035222,0.02812498855668903,0.026751855884140942,0.025629305676803486,0.024768620449983805,0.024180075780406225,0.023876202025990195,0.023874937285261,0.024202896278613134,0.024899060874280742,0.026019269320464715,0.02764194817366827,0.029875575632574782,0.032868321514473116,0.036820010028349046,0.04199562415392169,0.04873726446057579,0.05746647147798446,0.06865935871471845,0.08276246612429003,0.10000365953472806,0.12006348860557776,0.14165494594353098,0.16224006356304563,0.1782733390249435,0.18620952081848965,0.18393994027315894,0.17180912478581728,0.15250771304719063,0.129885596718744,0.1074683198907502,0.08754147581202475,0.07106112880136178,0.05805627189096722,0.04809796327106102,0.04062622252393781,0.03511777251585866,0.031148602906145528,0.028404146173775954,0.026670025694725596,0.02582011393278865,0.025809696428430534,0.026678058181386532,0.028564902281235042,0.031748018769093764,0.0367163005529119,0.04430482512324528,0.0559404774421951,0.07407508821718069,0.10287336731715106,0.14892985665656794,0.2203511796290687,0.31908119528887674,0.42458886039984745,0.49805550600825255,0.5259888395598588,0.5267273322962944,0.5111629324199134,0.4663020918497877,0.3785776309490043,0.27008071509762493,0.17834833860754998,0.11641225669207066,0.07827754732299524,0.05520261358292285,0.04104911491998564,0.03219437945484783,0.026596735328610843,0.023115486841841365,0.021124423033591917,0.020312466411430103,0.02059720306995468,0.022122160737886528,0.025356326609975437,0.031403413638149344,0.04289797050088629,0.06690494039220458,0.12563966384746153,0.28294665158196125,0.36922740849739333,0.15960290416223855,0.06819658970825866,0.03571547692332818,0.021732659535343483,0.014676953757781821,0.010690713971160335,0.008247926454789608,0.006658777216649683,0.005578028953016414,0.00481874744407909,0.004273300442817899,0.0038767099146904895,0.0035883889373133377,0.003382512383521414,0.003242728830398321
12000,0.02306338041954028,0.02306811317523621,0.02308230371302614,0.023105928267099788,0.02313894613235738,0.02318129802484047,0.023232903794252815,0.023293659498649238,0.023363433857517855,0.023442064107954227,0.023529351300257562,0.02362505508446056,0.02372888805886673,0.023840509775858294,0.023959520529777956,0.024085455086696527,0.02421777655628057,0.024355870651790967,0.02449904063401389,0.024646503287783453,0.024797386332952785,0.02495072772228119,0.025105477322378045,0.025260501505567554,0.025414591193923804,0.025566473885511382,0.02571483014938639,0.02585831499445341,0.025995584392094536,0.026125327061252722,0.02624630140804265,0.02635737725596824,0.026457581718506262,0.026546148271012773,0.026622567796668658,0.026686640139941122,0.02673852453091202,0.026778787174752062,0.026808444357650292,0.0268289996203243,0.02684247389655223,0.026851427996873855,0.026858977410432472,0.02686880006060769,0.026885138332275998,0.026912797333893453,0.026957141910626207,0.027024095335517397,0.027120142833755134,0.027252343109963047,0.02742835082739451,0.027656452507928336,0.027945617549905776,0.028305564938549174,0.028746844648202815,0.029280930539767876,0.029920318482430125,0.030678619105312475,0.031570628506390426,0.03261235176766742,0.03382094249529044,0.035214506069296186,0.03681169435467348,0.03863099555878461,0.04068959664671528,0.04300167227325032,0.04557594371822628,0.04841237144452035,0.051497922295612245,0.05480152111857427,0.05826858941076265,0.061816000532887466,0.06532879407560045,0.0686604436235614,0.07163859696309917,0.07407767502411625,0.07579829434557393,0.07665128515233784,0.07654176414570306,0.07544736539087707,0.0734253277465329,0.07060589662999832,0.06717349036434045,0.06334060787543641,0.059321014735280383,0.05530790253290618,0.05146022815086437,0.04789763040363573,0.04470227716182742,0.041925128467799055,0.03959422236405863,0.03772324798076859,0.03631944941483175,0.03539056024587087,0.03495092477877627,0.03502724309535954,0.0356645466004948,0.03693313141171325,0.03893728779818003,0.0418267620599634,0.04581189113068987,0.05118301331373827,0.05833348590445988,0.06778215295604524,0.08018300049625308,0.09629351488072725,0.1168470857315317,0.1422493026596886,0.17203904873132114,0.2042124735864244,0.23483027320969338,0.2585329633392686,0.2701568574001648,0.2667224616197915,0.2486963262784862,0.2198904369787048,0.18598799759825188,0.1524079944638618,0.12274568866233222,0.09848363299895295,0.07960288700889395,0.06536203868392747,0.05484031359774638,0.04720461041120833,0.04179876807948006,0.038149496585728145,0.035945122926467794,0.03501391051256098,0.0353136960199275,0.03693961156383071,0.04015806688686358,0.04548203716600763,0.053816806482586695,0.06673017140809348,0.086934657066619,0.11906099305023121,0.17045852662484295,0.249977852834613,0.3581787383184294,0.4669600083491841,0.5295142941426444,0.5394816317274627,0.5303074025342329,0.5252699876182524,0.519388705512094,0.4822470110761076,0.3904952351404919,0.2741100490786901,0.178946764266547,0.11682060990318098,0.07931200599206563,0.05681995116940425,0.043094865856664374,0.03458078571180088,0.029319078394548087,0.02624734456650782,0.02482822768164748,0.024881590770670793,0.026559037429306195,0.030482373859601276,0.038225313460387794,0.053830019578040046,0.08920999926627828,0.1848357633534267,0.3840827634729114,0.24103568050545918,0.08925154962392684,0.040631901138083265,0.02231859578494578,0.013933565771167958,0.009522162492319963,0.006962226668450147,0.0053673154664128945,0.004320281527503892,0.0036062040406909775,0.0031063366676378395,0.0027514501977061708,0.0024995710008209253,0.002324660230976928,0.0022105822703499902
12250,0.03937283601334306,0.03938110727531211,0.039405929106792324,0.039447324685919695,0.039505330804014374,0.03957999508283573,0.039671372030487866,0.039779517889448876,0.03990448421999958,0.040046310154217786,0.040205013251033754,0.040380578882747105,0.04057294808896789,0.040782003846734326,0.04100755572799857,0.04124932294945035,0.041506915867280794,0.04177981603405148,0.04206735501875351,0.04236869229657441,0.04268279264498305,0.043008403637318136,0.04334403400477131,0.04368793383930305,0.044038077828299355,0.044392152937007316,0.04474755217270463,0.04510137625569689,0.04545044516090131,0.045791321550579835,0.04612034805791921,0.046433700169661404,0.04672745605957354,0.04699768412126312,0.047240548129674605,0.047452428939587614,0.047630060449460304,0.04777067629560459,0.04787216250211661,0.04793321023308886,0.04795346202470257,0.04793364456362946,0.04787568134710693,0.04778277947986207,0.04765948643706228,0.047511714770741974,0.04734673530004395,0.0471731420773964,0.0470007951016038,0.046840749090437554,0.04670517840359004,0.04660730926227922,0.046561370668012476,0.046582574886715175,0.04668713710055557,0.046892341926654646,0.04721666201540234,0.04767993083721634,0.04830356785276415,0.049110849112892555,0.050127209217194,0.051380550340348295,0.05290151909825928,0.05472369021739911,0.05688356464070816,0.05942024599113226,0.062374600938914296,0.06578763601085118,0.06969774137495487,0.07413637789780116,0.07912175317606203,0.08465010924582242,0.09068452596762505,0.09714174753668463,0.10387855745958245,0.11068062663390324,0.11725823721546373,0.12325415519773382,0.1282681922783769,0.13189979587838502,0.13380436362233025,0.13375247987144046,0.13167689237549302,0.12769277280337507,0.12208361997015048,0.11525582988933158,0.10767479512303173,0.09979992142508158,0.092033593063842,0.08469197362475203,0.07799761284793547,0.0720884357358427,0.0670358980343225,0.06286607053321859,0.059579631612769704,0.057168969519228174,0.05563223224767921,0.05498513861842443,0.05527185562493881,0.05657647897612343,0.05903679430145828,0.06286210998560618,0.06835694270972517,0.0759518047993726,0.0862402564058641,0.10001544109550731,0.1182850791741897,0.1422149143849134,0.1729046541982152,0.210863471266643,0.25512453515025035,0.30228307745176297,0.34628515828383233,0.3797630676517076,0.3964270579241731,0.3929049194920176,0.3693801948161859,0.3296732011344447,0.2806628979745119,0.23024842366852769,0.1846399719700157,0.14694856165103354,0.11761625766180993,0.09563415699262377,0.07955365183605562,0.06802154178582909,0.05996901573947803,0.0546326234176773,0.05151975333925735,0.05037219755485693,0.051150827576790334,0.054054698199951935,0.05959135090287227,0.06872954093396808,0.08319288675606877,0.10598884145478545,0.14224771308186815,0.1999982109526923,0.2881994874645247,0.4036244635537052,0.5064819531711342,0.543260491158216,0.5216347475526689,0.4891597884292371,0.4748021979754268,0.4845027572431921,0.5056894323711251,0.498962738463768,0.42094744941922263,0.29823232766764596,0.1934808486254254,0.1256199378822616,0.08533080548542503,0.061541980543708574,0.04724987756285851,0.03858633410037501,0.033489773131035454,0.03091171216708511,0.030437218162801427,0.03218386781883763,0.03698979147266537,0.0472040756550264,0.0694503160294019,0.1255477110365699,0.2854511661225684,0.35271910413136137,0.12791489781883308,0.049617615734946566,0.02426993431570983,0.013926182397790168,0.008916171839375408,0.006184220211662095,0.00456333889205549,0.003540630817552986,0.0028657445599157183,0.0024063163766987576,0.002087953393262789,0.0018669214444663434,0.001716791770589015,0.001621557534724914
12500,0.07724998611421523,0.07726382877062254,0.07730541012911052,0.07737488898284121,0.07747252790629941,0.07759869006512549,0.07775383461086915,0.07793851052068014,0.07815334870076228,0.07839905213142642,0.07867638378903764,0.07898615203907232,0.07932919315337228,0.07970635056687127,0.08011845045435502,0.08056627318112405,0.0810505201648293,0.0815717756847826,0.0821304631967048,0.08272679576184352,0.0833607202920695,0.08403185545613794,0.08473942330280464,0.0854821749486513,0.0862583110676282,0.08706539842106863,0.08790028429475732,0.0887590114674523,0.08963673722249137,0.09052766091025168,0.09142496563664276,0.09232078072496988,0.09320617257908559,0.0940711723318062,0.09490484902940215,0.09569543688823737,0.0964305241632753,0.09709730920455101,0.0976829262172147,0.09817483905051035,0.09856129613389217,0.09883183375123877,0.0989778086964845,0.09899293567615183,0.09887380043558688,0.09862031733431614,0.09823610071489551,0.09772872335424339,0.09710984260577532,0.09639518507646695,0.09560439289357357,0.09476074746837956,0.09389079865164447,0.09302393685813501,0.0921919520090588,0.09142862540292826,0.09076939887465002,0.0902511603618631,0.0899121771619573,0.08979219872301197,0.08993274059505289,0.0903775505418607,0.09117324645596088,0.09237010238950134,0.09402294133535731,0.09619206761853522,0.0989441325088532,0.1023527667589397,0.10649872438041556,0.11146915372466011,0.11735543805678801,0.12424883114909452,0.13223287984664311,0.14137144587711126,0.15169115808832956,0.1631575863962186,0.17564565669044324,0.1889071217267706,0.20254126976481523,0.21597878721199126,0.22849107647789388,0.2392359291956074,0.24734341858327505,0.25203381065843994,0.25274610590825636,0.24924714283989843,0.24169133690754224,0.2306112113163291,0.21683689071574205,0.20136366619069976,0.18520265858436055,0.1692526708790479,0.15421968682826773,0.140590845757157,0.1286525392389799,0.11853421165651212,0.11026044351639668,0.10379976583272069,0.09910511656114954,0.09614561368122848,0.09493198725574377,0.09553914003507194,0.09812960345639801,0.10298158159077034,0.11052484513898093,0.121386273170265,0.13644237762696138,0.15686426719235577,0.18411297828351067,0.21978970454971275,0.26517170596718087,0.32025034930906754,0.3823669241396189,0.44533135517299816,0.5005479103595296,0.5403308304507055,0.5606526417008846,0.5606575429494185,0.5403202244219424,0.49981562462234075,0.4417434091760817,0.37322887583950665,0.3041826922356357,0.24284665186647184,0.19313246991647995,0.15520159810429027,0.1273416653953325,0.1074225934057611,0.09358924229134964,0.08446378796335237,0.07914274300898708,0.07714778303781994,0.07840230880040368,0.08327097878408309,0.09269980643877661,0.10851823656702839,0.13399715197125076,0.17470675039110756,0.23908887704477438,0.3350868294585003,0.45230296543587695,0.5357036007830445,0.532034249348123,0.47219587846227695,0.4131377363934244,0.3791492595857535,0.3745752892503813,0.3995435373409023,0.4493615901971858,0.4939500096896118,0.4633384382317084,0.3441861676203722,0.2222052670334691,0.1415598379189777,0.09482517527296058,0.06808681580109073,0.0525617186077075,0.043597707661936186,0.03886711273671686,0.03736526683128817,0.03905165888577939,0.04507418805033589,0.059144729476373434,0.09302576345978544,0.18973978336525257,0.3930079412163202,0.19949444679310832,0.06555392855714096,0.028007392559031414,0.01463262157385578,0.008743091671476407,0.00574698186882125,0.004061429786960959,0.003041871053540066,0.002391755585485501,0.001961559769728501,0.0016704593526621573,0.0014724575171401202,0.0013405057964942745,0.0012585998312931908
12750,0.18399805492800064,0.1840179084179284,0.18407762700414657,0.18417768347250918,0.18431886605423212,0.18450227866496957,0.184729340947143,0.18500178782227678,0.1853216681694303,0.1856913421559453,0.1861134766489431,0.18659103803565535,0.1871272816716619,0.18772573705967552,0.18839018773665578,0.18912464471180687,0.18993331215266454,0.19082054386039365,0.1917907889143056,0.19284852469611455,0.19399817534247243,0.1952440135219411,0.19659004331289665,0.19803986189058803,0.1995964977470362,0.20126222331013374,0.20303834014940056,0.20492493552232033,0.20692060990529323,0.20902217645802473,0.21122433518113887,0.21351932693907863,0.2158965756107242,0.21834233043465862,0.22083932511349344,0.22336647531683074,0.22589864161525097,0.2284064901780523,0.23085648815497792,0.2332110737204494,0.2354290412986791,0.23746617941376397,0.2392761908655294,0.24081191168821428,0.24202682625421926,0.24287685132145762,0.24332233315041749,0.24333017149388986,0.2428759558193629,0.24194597687006725,0.24053896517631304,0.23866741142537623,0.23635834428735977,0.2336534796762314,0.23060870890342264,0.22729295622419543,0.223786500980434,0.2201789169580237,0.2165668233562984,0.21305166197492043,0.2097377115324001,0.20673052416851223,0.20413592627743857,0.20205967292360638,0.20060778924281253,0.1998875785318807,0.200009226825957,0.20108788487234897,0.20324605278469374,0.206616017403427,0.2113419794193832,0.2175813341345095,0.22550431201041637,0.23529082432681842,0.24712289987219777,0.2611706025633798,0.27756896361158984,0.29638360975507333,0.31756402189996163,0.3408864641431667,0.3658940618901972,0.39184861319407616,0.41771462241601837,0.44219564041223075,0.4638316423060341,0.4811451702206614,0.4928041199304658,0.4977652624879629,0.49537982136093456,0.4854665011843385,0.4683645602799264,0.44495990138200964,0.4166492436094872,0.3852056551777788,0.3525489246455572,0.3204805619237577,0.29046862025262443,0.26354142543647185,0.2402959050975227,0.22098476830506833,0.2056356718700131,0.19416731570072657,0.1864860210028217,0.18256102579645278,0.1824846086393082,0.1865255604587228,0.19518324527821704,0.20924455461110655,0.22983427412926385,0.25842260414621543,0.2966982469238424,0.34612384056448153,0.4069154055327221,0.47637372379209136,0.547397531994618,0.6093901211287786,0.6530654418065682,0.6759470330014195,0.6828176951315041,0.6808614156398105,0.674335691258091,0.6618079315547369,0.6364174108917459,0.5900320833569044,0.5208531790952147,0.43785519172630905,0.3555300857645676,0.28478494464215537,0.22955354147819385,0.18897770423354898,0.16044720608596252,0.14136033027264058,0.12977059118332673,0.12452186191672929,0.12525884030133178,0.13250287272767264,0.147905682552834,0.17477813874841183,0.21887284246591507,0.28848541432747427,0.38883104369013416,0.4982895760926123,0.5460989784392788,0.4934146206293544,0.40040695620177497,0.3239656523950547,0.2769753869891041,0.256325134749275,0.259343588180235,0.2879047165867486,0.34771919527711254,0.434376445824211,0.4829513677530058,0.39769598499630304,0.2565224220906816,0.15795074759947555,0.10313231014764893,0.07342974609119933,0.05719412684966416,0.04871504262776162,0.04550297447741314,0.047055683854321476,0.0549963858049191,0.07564696476509848,0.13198914986261895,0.3034536079383394,0.31501917742834756,0.09469442376096358,0.03447522493079126,0.01617487385450887,0.008962159246858656,0.005567908969168887,0.003765613671140063,0.002723105844750715,0.0020815608415297943,0.0016690511040966995,0.0013963961207643413,0.0012145335271642227,0.0010954087760251551,0.0010228064191361468
13000,0.5310843009629398,0.5310897108208694,0.531106151759383,0.5311342579475267,0.5311751005393687,0.531230208701437,0.5313015984747697,0.5313918088836471,0.5315039445205697,0.5316417236413371,0.5318095306003341,0.5320124712356733,0.5322564295818808,0.5325481240427142,0.5328951608956768,0.533306082728965,0.5337904091266532,0.5343586666199017,0.5350224046115573,0.5357941936610993,0.5366876021775946,0.5377171472224589,0.5388982147585887,0.5402469443155961,0.5417800726676176,0.5435147307665544,0.5454681878578587,0.5476575364768472,0.5500993119382976,0.5528090400822482,0.5558007075427615,0.5590861498231303,0.5626743541716805,0.5665706768903893,0.5707759784986519,0.5752856853496405,0.5800887930303247,0.5851668352274484,0.5904928515953637,0.596030399108575,0.6017326626980396,0.6075417314892593,0.6133881151939309,0.6191905793653512,0.6248563765942037,0.6302819419737019,0.6353541049588217,0.6399518471488468,0.6439486093182213,0.6472151254687866,0.6496227416924961,0.6510471671938566,0.6513726049836717,0.6504962167788437,0.6483328811949554,0.644820192649964,0.6399236061727518,0.6336415517762115,0.6260102251515917,0.617107631106163,0.6070563522915512,0.596024488239671,0.5842243023198954,0.5719083448109357,0.5593631652126342,0.5469011189856676,0.5348511179832561,0.523549376624953,0.5133312072433612,0.504524709720762,0.49744682332847434,0.4924017303424803,0.48968108588361015,0.489565032601528,0.4923224410304046,0.4982082699320202,0.5074553493348263,0.520257312181838,0.536739079617252,0.5569118039185863,0.5806115004308512,0.6074261183170307,0.6366255250390986,0.6671217089100464,0.6974966327567386,0.7261311042867201,0.7514379907193505,0.7721489249089849,0.7875526375321533,0.7975766802231488,0.8026607457097948,0.8034583897482268,0.8004702313847809,0.7937287969815028,0.7826399354591882,0.7660636860762292,0.7426803782636383,0.7115942725802992,0.6729677999613238,0.6283582921032069,0.5805179677238852,0.532732193720489,0.4880558633802852,0.44880765816081203,0.41644775118843264,0.3917423512096737,0.375048052350353,0.36659270801265836,0.36669685974502503,0.37591803864310325,0.3950963604769062,0.4252314742708099,0.46702627190222673,0.5198308285843589,0.5798309801504272,0.6382028324055034,0.6817978621773633,0.6990796594970994,0.6882019508565855,0.6585003993292683,0.623754833877284,0.5952239721062466,0.5794569025791046,0.5791054924659501,0.5936130785651421,0.6180933002330788,0.6405056795432739,0.641141718760978,0.6026550396330209,0.5274391157304296,0.4378347285497036,0.3561660596344085,0.2925599574605553,0.24772246151223712,0.2189544412106703,0.20356567525302463,0.20013427267908776,0.20897604333764255,0.23258422548342317,0.27615926699184973,0.34684629162534064,0.4448253656836963,0.5333126371294342,0.5311833576462194,0.4320033744436376,0.32046864792991586,0.24087001409683337,0.19280194183747323,0.16734630563079406,0.1586937807469358,0.16544721631111597,0.19110204413152296,0.24584720897579443,0.34453916255748424,0.4583603850773177,0.4277349744883783,0.2725996164889903,0.1608250944919017,0.10308872738244165,0.07412442474782249,0.05983959219059987,0.05429836657228594,0.055972272859976115,0.06737932069679355,0.10041273366855819,0.2040340051573017,0.39936027878123376,0.15050601799654903,0.04565853592166626,0.018864965017216732,0.00960262621072729,0.005613843798314065,0.003626229142378271,0.002530167606778248,0.0018802365744622932,0.0014744321710078133,0.0012124461272515498,0.0010410068009696761,9.305150939586015E-4,8.642606333739263E-4
13250,1.0014762114634699,1.0014588195219716,1.001406630241733,1.0013195966936093,1.001197640761699,1.0010406532838492,1.0008484942151765,1.0006209927982992,1.0003579477423945,1.0000591274487571,0.9997242703748692,0.9993530857045327,0.9989452545867298,0.9985004323192299,0.9980182519781936,0.9974983301224016,0.99694027531666,0.9963437003022361,0.9957082386688609,0.9950335668195635,0.9943194318309119,0.9935656854564202,0.9927723239592747,0.9919395326555788,0.9910677329740363,0.9901576284833115,0.989210244722151,0.9882269558443576,0.9872094891640363,0.9861598968166755,0.9850804821641953,0.983973667562794,0.9828417900439624,0.981686812752267,0.9805099430978735,0.9793111539841473,0.9780886125843001,0.9768380322833046,0.9755519776844116,0.9742191697930708,0.9728238579456698,0.9713453453959023,0.9697577745146744,0.9680302921129121,0.9661277212577374,0.9640118581027081,0.9616434854255569,0.9589851442748848,0.956004629162318,0.9526790724460418,0.9489993674505196,0.9449745613652665,0.9406357474487249,0.936038923265352,0.931266276583316,0.9264254234372444,0.9216462507120912,0.917075191228045,0.9128669557265312,0.9091739360055144,0.9061336610278387,0.9038548395973781,0.9024026924379768,0.9017845176663818,0.9019368036679583,0.9027157269482236,0.9038934927812128,0.9051635001989059,0.906157379330223,0.9064760752471244,0.9057349161146979,0.9036189753564063,0.8999407355716659,0.8946886294964528,0.8880543322250793,0.8804298270812411,0.8723716356330699,0.8645367557345935,0.85759977294376,0.8521614822045338,0.8486566601382285,0.8472649298446028,0.8478274882923926,0.8497770152921743,0.8520997672757219,0.853364925148144,0.8518663927703435,0.8459078237596467,0.8342062284799314,0.8163039934804053,0.792820001265766,0.7654077406510873,0.7364257559135139,0.708469074742832,0.6839515604545503,0.6648551790434722,0.6526491139459734,0.6483038794270347,0.652300906862292,0.6645465469535976,0.6841265752493733,0.7089020498644414,0.7351009438487887,0.7573186913469547,0.7695088947323064,0.7671292183572684,0.7494325885202694,0.7201309910911242,0.6857840260543243,0.6532509596371096,0.6279379533172632,0.6133356823885759,0.6112680944832393,0.6220723111029222,0.6441419585850113,0.6725881429813975,0.6976181314647323,0.7051471309147084,0.6830589353794264,0.630660878334547,0.5605227535272008,0.4893152769429988,0.42868595967551665,0.3835420470950477,0.35472183324024803,0.34179940289113153,0.34473494818379574,0.3645772572542647,0.4033222245165702,0.4620560870045747,0.5350601737420445,0.599538498576124,0.6169899069519511,0.5697030546899127,0.4862611521519588,0.4057431926924534,0.3466383099029229,0.31168098298490504,0.2993129499793759,0.309337518586486,0.34464137793955585,0.40941529173504504,0.4957733919614807,0.5488350957700524,0.48971948740181775,0.35782938092258476,0.24489665304642425,0.17328100160517723,0.1318116490800693,0.10904381003403947,0.0984861080440029,0.09751736443566322,0.10667811754362018,0.13058969187975358,0.18171344193141478,0.28584288649696865,0.4365835831886855,0.41499483332416015,0.24470887935167177,0.1405478642845697,0.09246605157000413,0.07075921396860303,0.06290264639380198,0.06573894528888084,0.08396294028528525,0.14278325296551153,0.3344539738952027,0.2547958425744585,0.0658913942472746,0.023343983818355018,0.010772137735120896,0.005888168818461978,0.00362119866863572,0.0024341566545175984,0.001757373618683721,0.0013474827667763496,0.001089120894530541,9.232423718743186E-4,8.17997436788593E-4,7.558285049410264E-4
13500,0.7231315462767287,0.723092765905831,0.7229768328279522,0.7227849699558756,0.722519223216795,0.7221824726156034,0.7217784466138528,0.7213117387078329,0.7207878247619137,0.7202130793235594,0.7195947888110622,0.7189411591327527,0.7182613149673462,0.7175652876136263,0.7168639880158388,0.7161691612931832,0.7154933188595182,0.7148496440286379,0.7142518668695852,0.7137141040332127,0.713250659326333,0.712875780998431,0.7126033720545054,0.7124466504541537,0.7124177568497505,0.7125273085996536,0.7127839002351796,0.7131935524079158,0.7137591136657718,0.7144796222370137,0.7153496383649703,0.7163585616014969,0.7174899517531343,0.7187208767116037,0.7200213149388701,0.7213536445652541,0.722672254503986,0.7239233152597435,0.7250447478901414,0.7259664287234181,0.7266106651329115,0.7268929745039002,0.7267231954970305,0.726006959020468,0.7246475470082671,0.722548170374145,0.719614701969013,0.7157589022648881,0.7109021684048538,0.704979812669155,0.6979458255389673,0.6897779956660022,0.680483145842244,0.6701021137322997,0.6587139853964825,0.6464390161389529,0.633439687002921,0.6199194750213114,0.6061191637087641,0.5923108542512231,0.5787901910317423,0.5658676036896209,0.5538595156248507,0.5430804312729641,0.5338365912857082,0.5264215152421529,0.521113295779714,0.5181730237603186,0.5178432500428714,0.5203449440675029,0.5258710089813813,0.5345741099996129,0.5465465135382827,0.5617901256711519,0.5801764627595489,0.601399500206841,0.624929589230713,0.6499832233387806,0.6755286008157398,0.700345457686471,0.7231440231150859,0.7427218474120578,0.7581091295897724,0.7686423187286204,0.7739269826876618,0.7736998515264727,0.7676535731576613,0.7553207434984824,0.7361106996057246,0.7095444774985576,0.6756373957031735,0.6352628823243432,0.5902777398968077,0.5432837404112345,0.4971127606587785,0.4542853064169662,0.41667159064544435,0.3854280154678444,0.36113878363601143,0.3440455690800938,0.3342764962620817,0.3320329436482523,0.3377234935695133,0.3520388937434356,0.3759395270366056,0.41047565084169757,0.45628686531462587,0.5125955093032675,0.575739926609877,0.6381207412781825,0.6895050936454634,0.7217461718443045,0.7338060779915544,0.7319583016031307,0.7250596365952399,0.7193900069529882,0.7156413004503006,0.7077049332284537,0.6838252574030018,0.632974975055975,0.5551836457722248,0.4644419982152506,0.3784262976368282,0.3078413277442764,0.255174586951915,0.21858122952430836,0.1952303073274665,0.1828840365921237,0.18043796947915244,0.18814421966767442,0.20789806429145694,0.2436900066930673,0.30176764867931094,0.38804733882507786,0.495816772311408,0.5834318602544764,0.5939343149047912,0.5348371382361555,0.46336351077550203,0.4149198708698913,0.39879911959548653,0.41675622958535435,0.4682246699091676,0.533539192076378,0.5389532833324361,0.4267703690116462,0.2821238310136034,0.18092498789808098,0.12256351387019117,0.09013893279420784,0.07237552421548955,0.06349937298289096,0.06101038690330042,0.06459154255623717,0.07627139184348918,0.10250078379395516,0.16093576207949722,0.29226910079023644,0.4543358343484528,0.33508368400258126,0.17836670534274046,0.10815082585371948,0.07949533677449272,0.07063202951934769,0.07704339344092052,0.10940897748793586,0.2264584172967948,0.38304562936972847,0.1051823932251796,0.030925160110641732,0.01269658910363846,0.006430973908078668,0.003748503645114811,0.0024217267514581994,0.0016964912065709295,0.00127111019238271,0.0010095408236187107,8.448170124004193E-4,7.419130891459471E-4,6.819860392716935E-4
13750,0.5526408698692922,0.5525544128701408,0.5522952802920941,0.551864192570919,0.5512623729406506,0.5504915808750603,0.5495541582376854,0.5484530874403637,0.5471920606672293,0.5457755589484498,0.5442089395662795,0.5424985299414499,0.5406517257891487,0.5386770909505952,0.5365844559122557,0.5343850116282315,0.5320913948761653,0.5297177610172144,0.5272798397081029,0.524794968842321,0.5222821017806255,0.5197617827762879,0.5172560853956151,0.5147885086718446,0.5123838256839219,0.5100678791951095,0.5078673188868945,0.5058092745497251,0.5039209593276548,0.5022291967534215,0.5007598648969817,0.4995372505631817,0.4985833062715832,0.4979168029705431,0.49755237241944006,0.497499435366408,0.4977610156072042,0.4983324463746233,0.4991999849384099,0.5003393644044402,0.5017143288900926,0.5032752195485598,0.5049577037436005,0.5066817666520395,0.5083511113446835,0.5098531366204139,0.5110596773796309,0.5118286955227916,0.5120070957475232,0.5114348062912454,0.5099502065288948,0.5073968988991604,0.5036317095913098,0.4985336587931281,0.49201346738144613,0.48402297014373785,0.4745636078083492,0.4636930142211008,0.4515286646224562,0.43824767704111167,0.42408221068599455,0.4093104752493293,0.3942440650265363,0.3792130016202808,0.36455032466702625,0.3505781739658516,0.33759702575681705,0.3258791661695247,0.31566677134277776,0.30717429253626255,0.30059433856140627,0.29610594354730124,0.2938839582152916,0.2941082018034763,0.2969708260799801,0.30267993830886947,0.31145680173336754,0.32352286153481136,0.3390716219956357,0.3582196530048005,0.38093209402335076,0.4069231758347536,0.43554384169173715,0.4656863629823507,0.49575276006414004,0.5237334944899475,0.5474087661792827,0.5646233417038122,0.5735416429213472,0.5728150667234305,0.5616827274929942,0.540094747352474,0.5089012269966665,0.4700006808915153,0.42623768159965486,0.3809407936072953,0.33725385753067455,0.2975787253940607,0.2633517743294205,0.23514652507715195,0.21294862876011944,0.19645065978114756,0.18528744276877787,0.17919893862069688,0.1781408262252464,0.18237029187883652,0.1925285632476182,0.20972652582131482,0.23560704754138512,0.27228380583917666,0.3219101988851048,0.38544953017934386,0.4603589365045067,0.5382540873525224,0.6060412543083732,0.6527160461380559,0.6758670019297331,0.6796348867404866,0.6666995736811142,0.633321473642532,0.5729975802436599,0.4872737858180468,0.39106836866075745,0.30289338706946645,0.2329945190654544,0.18233616735645142,0.14752958834290578,0.1246186024876474,0.11053713044619089,0.10335967939954976,0.10221986409807163,0.10728241300961718,0.11993976252976524,0.14337738769499297,0.1836325100429385,0.2506491367303606,0.3550561589654909,0.4863142549010755,0.5787112272380315,0.5753174154366604,0.5221435494559332,0.48267517789924813,0.4805494283607662,0.5149823902339271,0.5518068022961693,0.5023865186365416,0.351875562127636,0.2135570626760719,0.1307285997635129,0.08624059575290569,0.06230593866075593,0.04933476729446578,0.04275765493488996,0.04060192808472689,0.04246523389866204,0.049479280412694435,0.06555204769034097,0.10204744572287264,0.19326534264146608,0.3924958265629123,0.3946925022766994,0.20366013392219096,0.1166283823998722,0.0846757125010987,0.07766055461324352,0.09232391221343166,0.1561824192885241,0.37299611279978134,0.18585085183171612,0.04446994353536876,0.0158182184042648,0.007331949785045719,0.004025262959834548,0.0024910468145388546,0.0016900978310122106,0.001236114123126764,9.641142377882214E-4,7.962016039715575E-4,6.929335009070764E-4,6.336201835488875E-4
14000,0.6300710988295785,0.6298950615553792,0.6293670447917047,0.6284873415643223,0.6272564675196008,0.6256752021476508,0.6237446470776854,0.621466301935201,0.6188421582578962,0.6158748118768236,0.6125675939586607,0.6089247205607468,0.6049514600547061,0.6006543171246984,0.5960412312381242,0.5911217865379259,0.5859074290354699,0.5804116858360824,0.5746503799615895,0.5686418332142589,0.5624070485460128,0.5559698626446058,0.5493570590210025,0.5425984318651366,0.5357267913896193,0.5287779023327033,0.5217903487172308,0.5148053197832986,0.5078663140826685,0.501018760841932,0.4943095596118774,0.48778654064421095,0.4814978490887952,0.47549125573944384,0.4698133954986748,0.4645089319232462,0.45961964224674057,0.4551834124403742,0.4512331266895865,0.4477954309235711,0.4448893468441347,0.44252471271235627,0.44070043178639895,0.4394025209152664,0.43860197275225965,0.438252477672651,0.4382880975464759,0.43862104353674025,0.43913978232556233,0.4397077745190873,0.4401632260396115,0.440320293936438,0.4399722138825155,0.43889678680149863,0.4368645559198886,0.4336498057937446,0.4290442110393258,0.4228725552024842,0.41500944865844114,0.40539544956592,0.3940505327569572,0.38108261275822697,0.3666889964575737,0.35114936789772916,0.33481019743060786,0.3180620948200659,0.30131314962061434,0.28496221777762537,0.2693760857872627,0.2548734821136748,0.24171736269574984,0.23011529243916062,0.2202265254700852,0.2121737702889731,0.20605757685018494,0.20197159942887322,0.2000174153508912,0.2003178797673203,0.20302797733999653,0.20834162382554886,0.2164917076352771,0.2277387077693497,0.24234053779616405,0.2604935205222191,0.28223366093531366,0.3072929519544276,0.33492333567214155,0.36373405170379647,0.3916253564319396,0.4159100025896926,0.4336579103781858,0.4421946193812795,0.439616647228103,0.4252175771675756,0.3997709527395382,0.3655738712092046,0.3260949409858392,0.28520868794588433,0.24630620724234964,0.21169977350634267,0.18251627066445048,0.1589576090999664,0.14068305643177645,0.1271392884849181,0.11778108185195547,0.11219821307734706,0.11018692231340375,0.11180189612137907,0.11741611647759018,0.12780784453925714,0.14428296519601272,0.16881076932597214,0.20406214531411443,0.2530221600583742,0.3175060838513552,0.39498717283898377,0.47526225197033095,0.542251251513515,0.5828588057753694,0.5925833419687732,0.5707394644116769,0.5161068846717898,0.4331464502719396,0.3385527676165714,0.2526049486682632,0.18609218403327002,0.13928296299107454,0.10791358124264032,0.08747746161528432,0.07462763330525207,0.06723844563709815,0.064157831512474,0.06502287249317384,0.07024965702040581,0.08127791542892616,0.10123640268094214,0.1363324004380338,0.19800926961518928,0.3022582930083985,0.4471275408461125,0.5615313040708735,0.5745917395024173,0.5402156075223948,0.5262024018750446,0.5448425494248174,0.5473582893785119,0.44280056249780564,0.27566496068888063,0.15673978056970775,0.09333425433788026,0.060892837362136396,0.04380860439912378,0.03465666487459392,0.03006801797063974,0.028624287644811917,0.030053554223575734,0.03520431985866345,0.04699574457653189,0.07415204515592998,0.14571851704062183,0.34001853611231375,0.41307795753851356,0.20654798635759103,0.115992285594027,0.08659837340191401,0.08562551327628709,0.11792586656709993,0.2564553630354729,0.32884556509671936,0.07080312383392336,0.02103058568583147,0.008763537097064537,0.004492786642234707,0.002651237668539716,0.0017376694403480341,0.0012387228194729286,9.479401824830704E-4,7.721402572054953E-4,6.657426462776104E-4,6.054637400667909E-4
14250,0.9783403950079547,0.9781900190585928,0.9777366821333815,0.9769737771952041,0.9758903525202832,0.9744712031637504,0.972697001985145,0.9705444733837235,0.9679866140258849,0.9649929661184024,0.9615299501770075,0.9575612657120978,0.9530483697022645,0.947951044006146,0.942228063744017,0.9358379788739252,0.9287400203230906,0.9208951396900931,0.9122671872635113,0.9028242264944918,0.8925399738169594,0.8813953407566342,0.8693800408678092,0.8564942079087899,0.8427499550719707,0.8281727898375745,0.8128027874135659,0.7966954202748452,0.7799219444401416,0.762569256601238,0.7447391607407102,0.7265470175426229,0.7081197920634872,0.6895935604599239,0.6711105795751656,0.6528160580241029,0.6348547889363331,0.6173678091773458,0.6004892364751873,0.5843434057755327,0.5690423829574307,0.5546838829904142,0.541349566632729,0.5291036406525831,0.5179916463691191,0.5080392941816767,0.49925119105298765,0.49160931669717306,0.4850711357596095,0.47956729135259935,0.474998913984518,0.47123470245038224,0.4681080899311061,0.4654149935375398,0.46291284315762143,0.4603217670927655,0.4573289349531248,0.4535970681663778,0.44877796450735635,0.4425314857466807,0.4345497774153704,0.42458550251487487,0.412481611660609,0.39819879898004135,0.38183566496117144,0.36363629798931146,0.343981120884107,0.32335972121771633,0.3023285265035676,0.2814602690135339,0.2612945378054195,0.24229825691084267,0.2248418616139343,0.20919264049960473,0.1955228760385398,0.18392819525856569,0.17445114075932008,0.16710587599869448,0.16190138487468358,0.15886187767161047,0.1580439956721562,0.15955063864905109,0.16354071303249812,0.17023264792996246,0.17989688653394745,0.1928285090795827,0.20928604863556857,0.22937867509959037,0.2528874306766088,0.2790281934940403,0.30621454851352836,0.331946776720346,0.35298423471740414,0.3658798485722126,0.3677769556894557,0.3572242099621912,0.3347429769211948,0.3029054474336127,0.2657489852075628,0.227645573516876,0.1921540030313857,0.16141436084261593,0.13620687387687674,0.11638773570223017,0.1013631961232922,0.09043088222244627,0.08297136455907674,0.07853746744176571,0.07689386346601372,0.07804576437683695,0.08228324002845784,0.09026142833615919,0.10313288672411189,0.12273297503382963,0.15175376648275746,0.19363456941620025,0.2514353792321249,0.3245755625139751,0.40399662377961953,0.4716651133509555,0.5096671665505305,0.5088319867564155,0.46750032824156823,0.392046259185684,0.3013848014535855,0.21843511435614363,0.15531811345055446,0.11207806581506245,0.08386917032804285,0.0658503215895764,0.0545710783222706,0.047885506179121594,0.04459474261775124,0.044185132582271004,0.046731336049527464,0.05299510990146679,0.06482116293411072,0.0861003500750413,0.12482808759532428,0.19632607821344417,0.3203020207787931,0.47855707064273356,0.5692246218115752,0.5659392237428994,0.5518872086775828,0.5573746356075973,0.5193068416862705,0.3680691082724927,0.20673340823267264,0.11269768172635046,0.06643372092209913,0.04343681547364458,0.031472156813514854,0.025139028394843638,0.022066734175483438,0.02129986516405061,0.022736897756913444,0.027182595654180974,0.03725988242091753,0.06104168453412778,0.12763785569067487,0.3311955160848577,0.3982492170193539,0.18742340119806566,0.10844808153760979,0.08734055629843142,0.09831546868988371,0.17060706763824607,0.4043303546216971,0.1275021323727062,0.030285244923656682,0.011056971188569019,0.005230306532806114,0.0029249826663562987,0.0018455601184251503,0.0012796940214095873,9.596357947165305E-4,7.703851374638374E-4,6.577482767724937E-4,5.948116634505471E-4
14500,0.49485229786755847,0.4952300032572665,0.49636419475268223,0.4982581001416092,0.5009170954579525,0.5043486985470307,0.5085625578562984,0.5135704338829891,0.5193861694192032,0.5260256429675942,0.5335066972817195,0.5418490317167343,0.5510740426848899,0.561204590711654,0.5722646650280869,0.5842789069339104,0.597271940963881,0.6112674478604668,0.6262868953849967,0.6423478222878748,0.6594615481993827,0.6776301597333994,0.6968426044206338,0.7170697154691116,0.7382580017520789,0.7603220835878517,0.7831357562022992,0.8065218449477755,0.8302413075477312,0.853982461978413,0.877351777511618,0.8998683214273056,0.9209645923736686,0.9399968808751021,0.956268163819347,0.9690655027405997,0.9777117119049309,0.9816277469310852,0.9803984292415348,0.9738309380391875,0.9619944224800194,0.9452311910249505,0.9241352044684095,0.8995006226342365,0.8722496022949491,0.8433522431021423,0.8137515436438499,0.784303002714124,0.7557336680408377,0.7286207428557014,0.7033865007060861,0.6803046234168202,0.6595129316053716,0.6410282981228276,0.6247607987728535,0.6105254882162996,0.5980513934505644,0.5869883234333689,0.5769128968620381,0.5673357975485357,0.5577126650813228,0.5474611732204132,0.5359866587230254,0.5227180022222713,0.5071541038750924,0.4889189318034636,0.46781954456877173,0.44389706618315944,0.41745685647031144,0.3890638254419194,0.35949464743977977,0.3296505644596845,0.30044818724681793,0.27271414865404764,0.24710767708897308,0.22408419765936072,0.20389915281253812,0.186641014047018,0.1722789461576918,0.16071268995671412,0.1518169252759336,0.14547699152193946,0.141616014037185,0.14021495540568704,0.141327122183392,0.1450874281234529,0.15171416022274709,0.1614966763601346,0.1747558860973038,0.19175605291690545,0.212540591489727,0.2366731870326402,0.26290986998067045,0.28892168295814946,0.31129287687166385,0.3260156218902061,0.3294880763177168,0.31970593951123716,0.29715543660006066,0.26493075553937223,0.2278296358565003,0.19075727444906754,0.157325912288168,0.129346604182553,0.10714971561603574,0.09021876187253425,0.07773041165245326,0.06887626621042087,0.06300881082501843,0.05969053053327726,0.05870714143054835,0.060082457224871946,0.0641188471519727,0.07148347736974708,0.08336080687343765,0.10168055416086202,0.12935877372621973,0.1702266944643676,0.22767796181032932,0.30049478805991836,0.3768449389137439,0.43485674450735146,0.45477327224111913,0.42857843330296275,0.36175100508047753,0.27505172976244896,0.19454379432447616,0.1341301067661613,0.09379311556188331,0.06817827888657423,0.05217591206534705,0.042288601678320104,0.03640380152035698,0.033347548286789645,0.03257546170550933,0.03403586898526415,0.03820454761557049,0.046353783993998976,0.06126992290638304,0.08895109631631222,0.14216039121543803,0.24380608062685669,0.40429317047262603,0.541204919456761,0.5706837499102814,0.5624378415687658,0.5539925571725198,0.4682771606730681,0.28869511607036874,0.14994812454126022,0.0801959649143436,0.047514162884730426,0.031479550927274544,0.023184994115461637,0.01886257381883302,0.016899599951637947,0.016696543486229155,0.01831753864585223,0.022647773414474506,0.032436230128517055,0.05655970183113245,0.13026681031721496,0.36856814377179553,0.3455390621916147,0.1561987659178003,0.09862502482332401,0.09020576584906241,0.12394671403938962,0.29220240290303806,0.2529985892150585,0.048346513713166374,0.014884921818213107,0.006385789193130207,0.0033556548418118906,0.00202882039748374,0.0013645917464710268,0.0010010777310740392,7.912304851402342E-4,6.685332310467698E-4,6.009439404599754E-4
14750,0.11243803243394958,0.11252909167046345,0.11280264438908234,0.11325981913815447,0.11390250512690057,0.11473336506380524,0.11575585393851835,0.11697424460875676,0.11839366137595744,0.1200201231142642,0.12186059797207754,0.12392307220695732,0.12621663636016017,0.12875159273855877,0.1315395890676988,0.13459378421783616,0.13792905310261488,0.14156223921186542,0.1455124647740457,0.14980151025454014,0.15445427677829676,0.15949934711385508,0.1649696630494027,0.17090333929400825,0.17734463637128733,0.18434511720079802,0.19196501392120688,0.20027483252938777,0.20935722225938844,0.219309132875688,0.23024427380975784,0.2422958703832314,0.2556196779045429,0.27039715424326105,0.286838590322009,0.30518583317355497,0.3257139755746201,0.34873098698487587,0.37457367208173176,0.4035975206530751,0.4361569520628758,0.4725712738408425,0.5130707459597188,0.5577173364312535,0.6062976636825427,0.658193563579585,0.7122508798347256,0.7666889533898749,0.8191143233063484,0.8667045541132494,0.9065895097790736,0.9363718967067013,0.9546321644553748,0.9612259448958762,0.9572537790199315,0.9447290401835453,0.9260926411127044,0.9037492769383915,0.879739009001588,0.855571905333684,0.8321938103137432,0.8100314288903044,0.7890720790637176,0.7689504071545937,0.7490302536454264,0.7284810734415039,0.7063552190281791,0.6816761963903755,0.6535485999528352,0.6212954363723638,0.5846144360118667,0.5437216324338133,0.49942777282636325,0.45309142505656663,0.406428759204931,0.3612239476661601,0.3190353416237909,0.28099237882929284,0.2477280369366565,0.21943035456397228,0.1959613665538363,0.17699101905267148,0.1621125475612909,0.1509267993232692,0.14309694504765375,0.1383809973097674,0.1366500818254602,0.1378980645795813,0.1422442041815941,0.14992490208825118,0.16126237612785943,0.17658638076767147,0.19607229798968612,0.2194570318959179,0.24563229944800652,0.27222955545862765,0.2954840573959276,0.31073773470470945,0.31369338043512524,0.3020293042871884,0.2766103504744623,0.2415212602813238,0.20262204645984225,0.16534848636194313,0.1331506642477827,0.10728434624555708,0.0875083204998375,0.0729105773884792,0.062464114683832755,0.055291325967346934,0.050749526549606704,0.048439780732419835,0.048200165680978256,0.050116114082084454,0.05456920517484386,0.062346376340792285,0.07483550979220105,0.09431718083225178,0.12424454818663724,0.16896142749929818,0.2313032551742267,0.3062933983946273,0.37505129168184137,0.41150648676136514,0.3992191701860636,0.34022479917530657,0.2564498581272935,0.17738223555500926,0.11889445004516483,0.08084644398243114,0.05732762553053581,0.042965740753518375,0.034233905936738925,0.029069428728098742,0.026346154594951883,0.025532118788408314,0.02653292034065827,0.029698082302831396,0.03603259668328731,0.04779906793179057,0.07002415451828739,0.11403360461517821,0.20307587393166418,0.35987933885563567,0.5185251300688015,0.5678679920123155,0.5638281924498679,0.5346035984960573,0.39764839894942744,0.2149786908488536,0.10647112300458413,0.05702740434345858,0.03438481424562533,0.023292874234825033,0.017573308968825214,0.014669360474313923,0.013516818444027783,0.013784620428836832,0.015698871385735204,0.020333528462882767,0.03098552479267501,0.05916445614954182,0.15650560746246492,0.4346580438367784,0.26188571869841126,0.12502388871373668,0.09096010079835573,0.09989008697030882,0.1836915980231464,0.40748473244882155,0.08850385948659847,0.02174730560797908,0.008246567538939242,0.004023074684834182,0.0023158496820591067,0.0015053929829667997,0.0010779706847968687,8.376697921922275E-4,6.998352236765828E-4,6.250307290934679E-4
15000,0.03396362747605926,0.03398901775917439,0.03406528435067481,0.03419271491523622,0.03437178878939456,0.03460317682081838,0.034887741138145835,0.03522653485633307,0.035620801738989925,0.03607197586837223,0.036581681419602344,0.037151732703379896,0.03778413473648851,0.038481084728547915,0.03924497504384846,0.04007839841656171,0.04098415647425883,0.0419652729660618,0.04302501350488119,0.044166914122939695,0.045394821509701574,0.0467129484506438,0.04812594871221634,0.049639016417345576,0.05125801582178695,0.05298964833350336,0.054841664620234536,0.05682313074984806,0.058944758551204186,0.061219311858531106,0.06366210214484355,0.06629158945729961,0.06913010780491903,0.07220473855639611,0.07554836138967463,0.07920092036006775,0.0832109532048975,0.08763744553511216,0.09255208839159804,0.098042037741781,0.10421329714310587,0.11119486790924363,0.11914383001092359,0.12825152220571717,0.13875096362641356,0.15092556867652235,0.16511899544579212,0.1817455389242229,0.2012996812994056,0.22436201931532299,0.25159652370125435,0.2837307154721991,0.32150599657909107,0.3655812480101756,0.4163723995265963,0.4738210081591352,0.5371155925327524,0.6044451348652196,0.6729268237284695,0.7388638774267025,0.7983844015823774,0.8482924467894531,0.8867745921560414,0.9136387000432347,0.9300229347386456,0.9377862967344188,0.9388749891741511,0.9348565558093797,0.9266636148885136,0.9144972554282288,0.8978268717462016,0.8754626907926553,0.8457374541441101,0.8068783154760856,0.7576240227052135,0.6979909362666313,0.6298530138974714,0.5568972846942007,0.4837950964687215,0.4149657570403148,0.3535870157893395,0.30125094015949555,0.25819449416169865,0.22378640987207332,0.19699622186315893,0.17672501200216412,0.16199287604673288,0.15202427929782525,0.14627514801547117,0.1444325287450505,0.14640287761805282,0.1522917807669243,0.1623643093820987,0.17695817991247215,0.1963014772029253,0.22017550442204323,0.24740109444743616,0.2752759630579315,0.2993490182790516,0.31405571167793855,0.3143936058539285,0.29806294323723176,0.2669359271714822,0.22672935198425895,0.18465322275844243,0.14650314359703767,0.1151986631965694,0.09116686076591161,0.07349577949510042,0.060887967515654534,0.052157102953120205,0.04639790180280306,0.04300339905713476,0.04163847147626953,0.04222225371742361,0.04494546909907924,0.05034364392122689,0.0594541385209377,0.07409040045328015,0.09722310711291032,0.13319296416070023,0.18658591714733905,0.25718046402972794,0.3309420232739247,0.3795731006922934,0.3788279178261921,0.32593368827479374,0.24352141545534894,0.1647675763245349,0.10751631411509502,0.07127889076936578,0.0494763552850372,0.036460090838314314,0.028680895487439042,0.024131731741076926,0.021741774000444938,0.021008808165863348,0.021833521716138338,0.024515641096246342,0.029944798702661136,0.04016582929684781,0.05985082173067857,0.09999459229613757,0.18490160933435945,0.3433654657932752,0.511126798659713,0.5650608469546509,0.5592904723111811,0.4962531847786462,0.3158017947746135,0.15385527336654467,0.07494466651834855,0.04088161472680395,0.02533451946852659,0.0176765895586107,0.01374980021584331,0.011852621176869459,0.011310536596356247,0.012002702579344266,0.014334649229095902,0.019722850795657224,0.03267003960957235,0.07085543367459594,0.22425469620619867,0.4309496817920329,0.18141947759647375,0.10121255248349863,0.08880337059931358,0.12530420418420388,0.32625398850228876,0.19014991689274863,0.035460764357211495,0.011415870483394494,0.005078761892413444,0.0027585279475077214,0.0017242501739779727,0.0012015322407987923,9.16271374475028E-4,7.560708914955995E-4,6.705027793796009E-4
15250,0.013082045685397241,0.013091273629854176,0.013118996249215477,0.013165330119828147,0.013230469439009192,0.013314685852515855,0.013418328156968452,0.01354182182137718,0.013685668256516877,0.013850443746293887,0.014036797942351067,0.014245451812990369,0.0144771949317307,0.014732881991686419,0.015013428442442007,0.015319805169926416,0.015653032181626263,0.01601417132504186,0.016404318162741665,0.01682459325985384,0.01727613331632748,0.01776008280335808,0.018277587045649732,0.018829788030913563,0.019417824622588387,0.02004283929275912,0.020705993964262752,0.021408498030693827,0.022151652080438573,0.022936911252296015,0.02376597246343841,0.024640889953541526,0.02556422368173187,0.026539225128795346,0.027570065078135395,0.028662108113274184,0.029822239080256954,0.031059247883432266,0.03238428102891085,0.03381137165639894,0.03535806478365575,0.0370461615184351,0.03890261547043369,0.040960626942071005,0.04326099614641821,0.045853816176840596,0.04880061018049505,0.05217704536799309,0.05607638859615609,0.060613902037856174,0.06593240700608234,0.07220925628553829,0.07966492403319424,0.08857329774544849,0.09927345045980349,0.11218203577634088,0.1278042591291709,0.1467393444856039,0.16967327846105829,0.19734746944622222,0.2304879734152055,0.26967949899374605,0.31517801866075673,0.36668335112072703,0.4231395230093236,0.4826756198853687,0.5427961179077101,0.600836217374308,0.6545442225812268,0.7025540620252565,0.7445611016627849,0.7811710718994628,0.8135172728978527,0.842751288787778,0.8694395962626994,0.8928352774719416,0.9100448221566114,0.9153964021629277,0.9008804334418616,0.858872532838774,0.7870342448169786,0.6919715152893262,0.5872875084536675,0.48699887914108386,0.4001823653533398,0.3300760256190149,0.27602100924140593,0.23568305831166184,0.20646319964737592,0.18613224862365982,0.17301723183601692,0.16599414131809662,0.16441973862592077,0.16805234691232,0.17696275753020188,0.19140113510287005,0.21155220444008566,0.23709034639564047,0.26649605480162825,0.29631481388964753,0.3209216848977139,0.3335151449672163,0.3284676337123575,0.3040869533259292,0.264169090920266,0.21682150143633253,0.1707127537851943,0.1315344741655686,0.10115475338452963,0.07890952361816533,0.06318018016452193,0.052339097890605174,0.04510327231607671,0.040585062653885146,0.038244269965098374,0.03783729090888044,0.03940169553868332,0.04329727670227742,0.050329595818325676,0.06199646210470216,0.08089202255574401,0.1111515926870559,0.15811075109589118,0.22454899527585795,0.30083149999464015,0.35849667339057123,0.36678215117111107,0.3177982920359101,0.23489438159123285,0.15531901588614794,0.098740668856802,0.06396379615990405,0.04359797519172106,0.031703828929215236,0.0247168244699773,0.020688892144371605,0.018606996776385686,0.018006555506864586,0.018803641529685552,0.021292337323582086,0.02633928929203854,0.0359697487192505,0.054946381962647665,0.09493466602196489,0.18292726538252127,0.3507250758296235,0.5185837221672512,0.5640798426168915,0.547930031916365,0.43556925690527126,0.23514328807860335,0.10755530393981105,0.05291735885630615,0.029776272764090627,0.019110545717774544,0.013816112510302257,0.011142734542742876,0.009977821145047883,0.009927501524477262,0.01105420147261069,0.014000124544931842,0.02080659827743529,0.03853437836616164,0.09990551889764579,0.36369034329280836,0.2993832120071577,0.12561585430822814,0.08665281324068089,0.09568985853907565,0.18957849196096838,0.38735016609409034,0.06760831042152456,0.017315139034451157,0.006831262100767908,0.003454717243731775,0.0020616003374746635,0.0013921911038433138,0.001039220036647175,8.456704865845017E-4,7.440775543790647E-4
15500,0.005893624131105505,0.00589753249651179,0.005909276768245322,0.005928914669349815,0.005956542579325897,0.005992295782394996,0.0060363487873936195,0.006088915690492766,0.006150250542078992,0.006220647668128754,0.006300441884053944,0.006390008525219808,0.006489763203096163,0.006600161179522396,0.006721696234312012,0.006854898884140117,0.007000333794698989,0.007158596215385961,0.007330307259108032,0.007516107852847523,0.007716651202523282,0.007932593654412373,0.008164583902774516,0.008413250597539163,0.008679188556395002,0.008962943990794107,0.009264999422110481,0.009585759295227432,0.009925537688303392,0.010284549956048205,0.010662910603842684,0.01106064013176186,0.011477683957870053,0.011913946765908841,0.012369345659669281,0.012843885292885758,0.013337757658068942,0.013851468488763634,0.014385991354030039,0.014942949674510101,0.015524826313076804,0.016135200388591533,0.016779011845234382,0.017462856373795223,0.018195316754804552,0.018987341725919673,0.019852690149344453,0.020808466627488618,0.021875784888685055,0.02308060745547263,0.024454824684377027,0.02603765371457493,0.027877458611782122,0.03003411699816614,0.032582084352184466,0.035614330662490964,0.03924733513708874,0.0436273022932133,0.048937667062551635,0.055407716493205125,0.06332165433111901,0.07302650030377975,0.08493564247734617,0.09952251779885611,0.11729602463823764,0.1387470733270563,0.1642570821825121,0.19396900071302822,0.2276437351064021,0.2645562774935864,0.3035074931587402,0.34300926416324923,0.3816295725565329,0.41839596926087913,0.4531188574121836,0.4865422614723978,0.5203167483032253,0.5568425477167522,0.5990035237645179,0.6496839230433199,0.7107014148587436,0.7804255061035195,0.84941043851733,0.895953773023262,0.890559873492533,0.8180509232502474,0.6972205980084095,0.5658857163617259,0.4516436115455897,0.36362940928146986,0.30012355812989305,0.2561773597393385,0.22711735234755565,0.2094980711467275,0.2010974610068908,0.20067525485134072,0.20770894983908167,0.22210718030102336,0.24380295894610815,0.2720919395247627,0.30467215354391297,0.33670482181332567,0.3607620903768984,0.36854420020422446,0.35415762252879546,0.31747770242461837,0.26545532966501617,0.2093277491026012,0.15893263763439192,0.11902811842188289,0.08983707851734346,0.06943387490482276,0.05554580911260875,0.0463103881843869,0.04042003111969772,0.03705020980175698,0.035760780510327606,0.03643760058854998,0.03929847539600283,0.0449861316617938,0.054789404088784854,0.07104984809991115,0.09773060471087766,0.1405650329493347,0.20430168251995853,0.282709367850807,0.34759835888949736,0.36260798688661333,0.3150838388872112,0.2296362495412499,0.1481416793476398,0.091795640723749,0.05822957078595855,0.039092465490021884,0.02814849934439688,0.02182748968385492,0.018243267245017385,0.01644131138116772,0.015999043085929775,0.016861567667006323,0.01934950106594437,0.024378575144491318,0.03412280766219414,0.05386050744506279,0.0970452567292198,0.19551031434015123,0.37955393097486023,0.5355317376681401,0.5637077928230966,0.5242420734677714,0.35511474868054316,0.1665782322888845,0.07469465497847623,0.0378703435623499,0.02218495586233001,0.014832808058972765,0.01116691449148254,0.009385381428008481,0.008780251315748035,0.009172366982996609,0.010816248929336489,0.01472365087081143,0.02416034221077985,0.05211564603547812,0.17259313133877657,0.4504480881247277,0.17665121377277768,0.09281235400198107,0.08105919199311076,0.11868792042946728,0.3411037472605952,0.16013591187440865,0.02989334533140318,0.009979466517835255,0.0046024260825999076,0.002594340162059561,0.0016875947371403745,0.0012286958978851854,9.839549703252232E-4,8.579913329682437E-4
15750,0.002950541668721138,0.002952354035499305,0.00295780097754352,0.0029669121779423505,0.002979737333881007,0.0029963464909175896,0.0030168305028946104,0.003041301608728942,0.0030698941138465404,0.0031027651597363695,0.0031400955598105476,0.0031820906731869513,0.00322898127992032,0.0032810244112454604,0.0033385040763427233,0.0034017318126224657,0.003471046969414679,0.0035468166150899503,0.003629434935180394,0.003719321964451896,0.0038169214701325367,0.003922697778278632,0.004037131313400061,0.004160712606992468,0.004293934529402461,0.004437282519206223,0.004591222635038086,0.004756187348598261,0.004932559147954771,0.0051206522410931115,0.005320692952661392,0.0055327997983201545,0.005756964696948913,0.005993037321362342,0.006240715151778992,0.006499542316276434,0.006768920686959,0.007048136839608664,0.007336408267066722,0.0076329515771584025,0.007937074279789295,0.008248290246021616,0.008566457196122387,0.008891932956776647,0.009225746121489931,0.009569776575578096,0.009926942464180905,0.010301392793684453,0.010698708970583719,0.011126124017613627,0.01159277467766341,0.012110008852004939,0.01269177870476195,0.0133551584381057,0.0141210356192776,0.015015036636358699,0.016068760964717283,0.017321415571124012,0.018821958844515534,0.02063187909538706,0.022828736771603356,0.0255105731045074,0.028801194687554592,0.032856119343290205,0.03786850964099424,0.044073579761717434,0.051748582861038964,0.06120353484806487,0.07275571476120615,0.08668011540040463,0.10313135941140505,0.12204411006913585,0.14304018668438387,0.1653937171276591,0.1881101097898421,0.21013916892532633,0.23067406333806642,0.2494330301537191,0.2668294694261582,0.2840072049364625,0.30279881731744696,0.32570603529280595,0.35598968226148203,0.39789445587356104,0.45686310003895003,0.539056846130085,0.647959669976247,0.7732967420584552,0.8724825316462262,0.8794729309170491,0.7781981572702327,0.6302800451474377,0.4969107900805592,0.3984789470240298,0.3323137621868189,0.29074856595994236,0.2674422538719209,0.2583231706806506,0.26113046289800496,0.2747201775885863,0.2982448029062464,0.33004410959174557,0.36624859209284216,0.39972295551877474,0.4206174214555106,0.4192127520705694,0.39010545760554366,0.336041756626929,0.2686119183841105,0.2026869224524335,0.14837600625798764,0.10836067706825452,0.08070246882539461,0.06220079131799807,0.05006417460173779,0.04231135659917874,0.03768120921769375,0.03545719267120173,0.035341840830794446,0.03741490435125083,0.04219283094344395,0.05082779593620991,0.06551596855076142,0.09015221588319981,0.13081428878494136,0.19371304424104865,0.2750714332429949,0.34640256462492447,0.36603796738044664,0.31730624573213845,0.22710576083917838,0.1426543822125237,0.08620572196612304,0.05366940053754736,0.0355983559046347,0.025466581467378638,0.019710066608588865,0.016507036490347484,0.01496150610053899,0.014696300526062484,0.01569767611278557,0.018343254133750573,0.0236712718146908,0.03419263102737689,0.05623017619178006,0.10654872066087606,0.22435313150282385,0.42708046757521334,0.5544463498581652,0.5613575001722323,0.47917585700814624,0.26753832413015965,0.11482835313719467,0.052315342093445655,0.027708562680043156,0.01700770637634044,0.011899999822034598,0.009370009751213602,0.008246548496485383,0.008107672718934096,0.008961902374753864,0.011316196845125023,0.01684899495486972,0.03150671776448623,0.0843637368867111,0.3513355930682339,0.2812223671850189,0.1097984460381799,0.07538728210294662,0.08469070717027101,0.17594929063604506,0.3898843605091447,0.06303894959499443,0.016369973580340216,0.0066472354144309406,0.003480414225685352,0.0021610786107805692,0.0015266233199839488,0.0011994237949017527,0.0010348369389902622
16000,0.0015910404012224784,0.001591939763297997,0.0015946427456958365,0.0015991641508708203,0.0016055288303507473,0.0016137719558290385,0.0016239393983272683,0.0016360882148229103,0.0016502872412015041,0.0016666177895560252,0.001685174446616026,0.001706065968321891,0.0017294162630949101,0.0017553654530131039,0.0017840709976234854,0.0018157088592182567,0.0018504746807086756,0.0018885849373262904,0.0019302780107772132,0.0019758151186588203,0.0020254810123606958,0.002079584332847557,0.002138457485316116,0.002202455860714163,0.002271956195035729,0.002347353817561303,0.002429058499522831,0.0025174885796366217,0.002613063019717502,0.002716191042538865,0.0028272590394587123,0.0029466145253641933,0.0030745470850558824,0.0032112665219030277,0.0033568788081685267,0.0035113609603167587,0.003674536618156118,0.003846054861498635,0.0040253755795072454,0.004211765394891881,0.004404308569092001,0.004601937277109108,0.004803484952488976,0.005007764944844577,0.00521367452739443,0.005420321567895523,0.00562716838641494,0.005834185098684727,0.006042003766898571,0.006252065503816214,0.006466755546962854,0.006689526075889868,0.006925012649704763,0.007179156852606208,0.007459354361945966,0.007774653807565426,0.008136037540226031,0.008556821303318654,0.009053216667050737,0.009645108867103099,0.010357114000473526,0.011219993061950326,0.012272513788378034,0.013563858566155617,0.015156664202985259,0.017130720154557195,0.01958719593181498,0.022652931261054193,0.02648367750981183,0.031264077650564034,0.037200547370565946,0.04450136535617101,0.05333738235580569,0.06377947514128586,0.07571895433249569,0.08879612051843977,0.10238252874447785,0.11566385371415004,0.12783244301910224,0.13833221933159212,0.14705465418687638,0.1544096036793033,0.16127453576319323,0.16889757317797321,0.1788510353977746,0.19311454196566305,0.21434971843953124,0.24643609012224263,0.2953373166666502,0.3701347348878523,0.4826288573118802,0.6384209237638331,0.8047009385508633,0.8823868196094076,0.8093657073737315,0.6622720658787908,0.5299476489365873,0.4383062234564242,0.382871649712949,0.35486293338883396,0.34792150434422414,0.35816367150102485,0.3827108538658194,0.41774171337237365,0.4565139535705319,0.48858348515571803,0.5015872035095166,0.4850510964473644,0.43483615553011307,0.3578741690125005,0.2721201753678131,0.1961676153891268,0.1388116331356112,0.0994073592033944,0.07356997170211681,0.05697562176003341,0.046496641038645245,0.040147173452765694,0.036777484221681665,0.03583043760358021,0.03722178747558189,0.041353385848104,0.04928930978415101,0.06317125619362622,0.08695403583407194,0.12715502241068785,0.1912685840625557,0.277154918078842,0.35480191675176265,0.37701124196407776,0.32417117908274373,0.22687664551766892,0.13849973953787423,0.08169110938869625,0.050040298611257396,0.03289609327448257,0.02345884320082345,0.01818230850052416,0.015310361944625248,0.014005203057425183,0.013938941976565436,0.01515292907994944,0.018118104050586763,0.024088424975076413,0.03617066621933097,0.06252221288577015,0.12554969939959917,0.2736542657481546,0.48594283078861733,0.5689954718339091,0.5521976209090819,0.40682744508631347,0.18920515420737619,0.07883662477465295,0.03740716216233548,0.02087559486262114,0.013485028922191385,0.0099101157774865,0.008193891606956933,0.007588650017875089,0.007891566807723545,0.009314768978716678,0.012774386253422596,0.021325323986360438,0.047762805723283674,0.17400490346874534,0.4381243473050253,0.1452421846459572,0.07658677605908223,0.06775659026726048,0.09987803060526756,0.3030279639068611,0.18102889755918744,0.03214289113055668,0.010759772701405745,0.005083731161234883,0.0029690710986669797,0.002018387756202412,0.0015485731281988187,0.0013187758468276493
16250,9.050574129430782E-4,9.055363002149414E-4,9.069752281844272E-4,9.093810722751314E-4,9.12765411410938E-4,9.171447088225154E-4,9.225405670196453E-4,9.289800586919693E-4,9.364961356868208E-4,9.451281185011075E-4,9.549222688932311E-4,9.659324482251717E-4,9.782208639437355E-4,9.91858906138968E-4,0.0010069280752911163,0.0010235210010211345,0.0010417425497390392,0.0010617110163277908,0.0010835593911303273,0.0011074366881597753,0.001133509313159226,0.001161962440308365,0.0011930013532883315,0.0012268526892164804,0.0012637655016745216,0.0013040120306386973,0.001347888031577875,0.0013957124725477086,0.0014478263565422336,0.0015045903674700924,0.001566380974399641,0.0016335845653904794,0.0017065891284141002,0.0017857729671199162,0.0018714899548962771,0.0019640509211189166,0.0020637009656684357,0.002170592853859867,0.0022847571945686165,0.00240607087659994,0.0025342262270278693,0.0026687044984568965,0.0028087584466179264,0.0029534096848377626,0.003101466869009255,0.003251570209595178,0.003402266024683175,0.003552111948485104,0.003699809257063698,0.003844354266392125,0.003985196966364587,0.0041223931733339395,0.0042567374549127585,0.0043898682162466455,0.004524343126342172,0.004663691289532628,0.004812456719323315,0.004976254486617284,0.005161865821092391,0.005377401737101236,0.005632567457024402,0.005939063420513932,0.006311164357930487,0.006766526649029707,0.007327285852836356,0.008021518850531586,0.008885152789073338,0.00996439310905296,0.011318689105890716,0.013024107804744316,0.015176658623110031,0.01789447028820228,0.021316614847388837,0.025594753469087406,0.030872048433316722,0.03724344300256113,0.04469563387690021,0.05303773292577932,0.0618542971785437,0.07052807325873657,0.07836522900917715,0.08479894329126375,0.08958278709863599,0.09287796297619713,0.09520691904033175,0.09733064871890708,0.1001397525704447,0.1046255040694322,0.11196151874555986,0.12371857077952374,0.142268234835296,0.17150604066638733,0.2181192494288616,0.29350824941228587,0.4147237012311089,0.5939049727354615,0.7902422221908427,0.875311128568402,0.7994280465646167,0.6694698964569795,0.5662971635196135,0.5050093010876552,0.47928610080932643,0.4812451640394875,0.5040066961352583,0.5395811403763885,0.5767844663792774,0.60175729408573,0.6009791859982269,0.5638643339137716,0.4867502969494675,0.3816453975513361,0.2753245459409572,0.1898318689232301,0.13051751444227153,0.09233600056014313,0.06846660851713932,0.05372218008373085,0.04482299969219134,0.03987745471216095,0.037913106811785315,0.038612540710732925,0.04224819975556077,0.049826183665714716,0.06351499469308151,0.08747477739186106,0.12885140169483186,0.19644600540797552,0.2889675256668345,0.3730837385725805,0.3956404337679888,0.335551950038244,0.2287166708467818,0.13550272263903237,0.0781124679228707,0.04720751433351638,0.030856240496268734,0.022005968383073747,0.017136268853910595,0.014555719558040784,0.013484216561544736,0.01364883572810143,0.01516514387440899,0.018648103187882344,0.025704582305951316,0.040444758890319926,0.07417601038467887,0.15860194008992867,0.34771831006926424,0.5416314943481387,0.5770978302010525,0.526543021359487,0.31546740260433265,0.12947890936517542,0.05496046342890275,0.027564653287003776,0.016289555710662842,0.011107834819836291,0.008600923160461432,0.007496954358995679,0.007345210448613614,0.008140670698645217,0.010380271491520763,0.015768484534854098,0.03066527249863447,0.08949470133829737,0.41114269494065686,0.21736431505727632,0.08506479217843779,0.05970408198100101,0.06665490082250859,0.13128878155746393,0.4298237837055017,0.08648934165429646,0.02083231053582044,0.008397040205117097,0.004492854562310785,0.002898613010133285,0.0021551804220125872,0.0018045537639048263
16500,5.348763883777153E-4,5.351538344403458E-4,5.359871127608981E-4,5.373790929770718E-4,5.393346256741575E-4,5.418606453760835E-4,5.449663170744635E-4,5.486632285930628E-4,5.529656316755168E-4,5.578907352282678E-4,5.634590546364714E-4,5.696948214905869E-4,5.766264584041823E-4,5.842871238612222E-4,5.927153321920006E-4,6.019556538230128E-4,6.120595008554954E-4,6.230860027582689E-4,6.351029764509812E-4,6.481879942079687E-4,6.624295514785482E-4,6.779283346787841E-4,6.947985859471867E-4,7.131695573272557E-4,7.331870402415399E-4,7.550149466522897E-4,7.788369049189642E-4,8.04857814755755E-4,8.333052802677002E-4,8.644308059465156E-4,8.985105957211123E-4,9.358457377070929E-4,9.767614856763373E-4,0.0010216052621123044,0.0010707429089646839,0.001124552606767166,0.0011834157828529846,0.0012477042565200178,0.0013177628573383228,0.001393886852024493,0.001476293791292614,0.001565089918624154,0.0016602321446039928,0.0017614878325606233,0.0018683962436943004,0.0019802373091266762,0.002096015112795532,0.0022144645659926097,0.002334089569329464,0.0024532388475630696,0.0025702212628809307,0.0026834560463537063,0.0027916461673139128,0.0028939568864427734,0.002990178580931464,0.003080854813361528,0.0031673636276642555,0.0032519508294256076,0.0033377259411036613,0.0034286417894258225,0.0035294853495050306,0.0036459101728230493,0.0037845406372874232,0.003953177492080828,0.004161134994586386,0.004419744117308339,0.004743064681533196,0.00514886137467732,0.0056599118068965905,0.006305722303767694,0.007124713897305313,0.008166875530447235,0.009496703082303866,0.011195845026490327,0.013364099921473582,0.016116096558172345,0.019569185873776998,0.0238165958968845,0.028881192797818932,0.03465358962529456,0.04083690766474013,0.04694192272026016,0.05237563690450528,0.05661850477107832,0.05941131820995432,0.06084601991967257,0.06131827551582268,0.0613953812302084,0.06169181364635134,0.06281339750187452,0.06538335107725313,0.07014348992599749,0.07813835060542643,0.09103217334968818,0.11168362731663048,0.14522900102074465,0.20105443958517724,0.29552282538001645,0.45036801176038244,0.6630727630850222,0.8381743708417958,0.8592359678571586,0.7777035376727192,0.6953740427556647,0.6490977304617477,0.639008692966202,0.6554451883544475,0.6851153502870607,0.7126520085867826,0.7239947837174797,0.7075722959370339,0.650597160207009,0.5445574454196798,0.40709472657040174,0.27859625781409497,0.18440659522876032,0.12408344610109132,0.08747572445078686,0.06556699824437352,0.052588098967595386,0.04526200227911947,0.041880623327644244,0.041743535542809046,0.04493835775267219,0.052423352422615935,0.06647138216224845,0.0916173168942513,0.13590605389577695,0.2095885701393917,0.3112556912391476,0.40185036936605484,0.4221555733347765,0.3515157458367532,0.2326143383302097,0.13365948082742868,0.07544142941458615,0.04511397390138161,0.029411599573342617,0.02104308105923681,0.01651448761257443,0.014195109672791474,0.013362342429484362,0.013807465371562086,0.015749248492533934,0.020024827195375974,0.028815943244820803,0.04793526635740727,0.09416997754245227,0.2136245908386754,0.44330533553679813,0.5790917159546611,0.5794939854994278,0.4716317733048471,0.22626208697936767,0.08849313505098301,0.03946292638234291,0.021082026474566036,0.013228756487231836,0.009543776148696122,0.007809046960404491,0.00720575643397608,0.007514576898551717,0.008960213243716663,0.012538939556036,0.021735081376529772,0.0525576295576141,0.22497232693684727,0.35491478442383445,0.10402507545180203,0.05731009011899412,0.050601446468750706,0.06940545273022114,0.1799218236648713,0.35053065909935405,0.056011818044902247,0.016947511896282925,0.007868010010947404,0.004691221883656629,0.003333503765236887,0.0027254271091390983
16750,3.2439793230379436E-4,3.2457373575947904E-4,3.251014945267866E-4,3.2598228330586813E-4,3.2721792270475476E-4,3.2881102453365384E-4,3.307650574407532E-4,3.330844350985599E-4,3.357746297561909E-4,3.3884231455765825E-4,3.422955385807964E-4,3.4614393906563144E-4,3.5039899576640355E-4,3.5507433276703684E-4,3.6018607344036465E-4,3.657532544996293E-4,3.717983052910769E-4,3.7834759860682114E-4,3.854320793745366E-4,3.9308797760838603E-4,4.013576119960427E-4,4.1029029044745136E-4,4.199433138111491E-4,4.303830887130106E-4,4.4168635495288994E-4,4.539415318821987E-4,4.6725018631707836E-4,4.817286212704652E-4,4.97509579322435E-4,5.147440456900504E-4,5.336031225113141E-4,5.542799255549173E-4,5.769914249931196E-4,6.019801099318833E-4,6.295152984459735E-4,6.5989383697439E-4,6.934398313680973E-4,7.305029242047641E-4,7.7145447989923E-4,8.166808675384552E-4,8.665728589144518E-4,9.215100205348987E-4,9.81838932473367E-4,0.0010478442040242647,0.0011197117000980767,0.0011974842914120036,0.0012810119375907115,0.001369900077031913,0.0014634630316277797,0.0015606920444542797,0.0016602498696558776,0.0017605043728027834,0.001859611107553271,0.001955648462235742,0.002046799003207017,0.002131559039963311,0.0022089487145068826,0.0022786910570627575,0.0023413331076460597,0.0023982951165526924,0.0024518515189727815,0.0025050645091721085,0.0025617028679601173,0.0026261830737629396,0.0027035676828752997,0.0027996507733875626,0.0029211557895885004,0.0030760704999881153,0.003274148660890194,0.0035276185088720735,0.0038521529074349785,0.004268170774923358,0.004802544807224909,0.005490765225500014,0.00637950851031559,0.007529296744277464,0.009016357702722199,0.010931704683830527,0.013373722711206988,0.016428582721703156,0.02013252615309359,0.024415872854150898,0.02904558125396786,0.03360783652932879,0.03757970219499267,0.04049503155181174,0.04212667671445296,0.04257002487559742,0.04218247320765071,0.041441592020862505,0.04082090400631076,0.0407373844305053,0.04156945766582183,0.04372449827205716,0.047747146218461475,0.05448782440271654,0.06539254827055181,0.08304727647455729,0.11224185076197274,0.1619816592752517,0.24847104511522838,0.39449959883356095,0.6032705182206666,0.7956123096304372,0.8648660533656262,0.8397034894809811,0.8027986068451527,0.7885377981062027,0.7955027187217559,0.8099644806216456,0.819125281055292,0.81701502250288,0.7968198135453163,0.7358531563613119,0.6075935513972204,0.43536960168995853,0.2832831286067615,0.18106153842950734,0.12026097126085586,0.08527757676975847,0.06522191098317645,0.05397790086621997,0.04839721733841734,0.047070536457881736,0.04976494481876508,0.057367828827115,0.07233239183056721,0.09977412029082904,0.14899605695640025,0.23187910412093174,0.34542005746995263,0.44180648799391065,0.45683007890926147,0.3724135010179699,0.238852764288688,0.13314844732243314,0.07374841780769799,0.043765609108011756,0.02854366418634782,0.020547450832369828,0.016298831279132193,0.014220084314698246,0.013647027736458747,0.014450754045173432,0.016999860040535025,0.02248236970437199,0.03403921056865276,0.06046247881552968,0.128232189341474,0.30118063418090196,0.5380410300209024,0.5956181356170026,0.5731750161546914,0.3855002603971567,0.15587109652972106,0.06190382794375115,0.02947275218860949,0.016825814712215028,0.011225828815766123,0.008584146637723847,0.007444634375843695,0.0073069055341925685,0.008172353092467607,0.010617260925229072,0.01669066791609501,0.03469126213743447,0.11741085849432416,0.4819270054206256,0.14187422078164316,0.0596590488164861,0.0425062239824027,0.04459592329766496,0.07145611197664702,0.22142556761220952,0.2808938745248936,0.05074566081713479,0.017799625428534974,0.009228891631067512,0.006084238760962335,0.004789159186602402
17000,1.997277818218068E-4,1.9984745721441142E-4,2.0020663002156473E-4,2.0080575659923655E-4,2.0164560278127032E-4,2.027272525411795E-4,2.0405212170920132E-4,2.056219783658269E-4,2.0743897203574587E-4,2.0950567433189717E-4,2.1182513424517694E-4,2.1440095183565772E-4,2.1723737464384463E-4,2.2033942169072857E-4,2.2371304045461349E-4,2.2736530267860258E-4,2.313046452544056E-4,2.3554116272652895E-4,2.400869581535601E-4,2.449565591473358E-4,2.50167405898975E-4,2.557404179195564E-4,2.6170064612160735E-4,2.6807801680320785E-4,2.749081741408746E-4,2.822334280134999E-4,2.901038144053215E-4,2.985782762579313E-4,3.077259733522669E-4,3.1762773035842013E-4,3.283776321501367E-4,3.4008477412749967E-4,3.528751715443322E-4,3.6689382413492277E-4,3.8230691849116454E-4,3.99304127680528E-4,4.1810093156047484E-4,4.389408270422055E-4,4.620972188862448E-4,4.878746711567869E-4,5.166090496079515E-4,5.486658898064743E-4,5.844360832477151E-4,6.243276932708232E-4,6.687524234595249E-4,7.181050261601896E-4,7.727338705707261E-4,8.329011666537898E-4,8.987322095694874E-4,9.701547563630669E-4,0.0010468325121865986,0.001128100708224618,0.0012129164463496023,0.0012998406848500747,0.0013870704598662911,0.0014725367754347542,0.0015540737768885023,0.0016296487256567127,0.0016976236439928901,0.0017570050308348187,0.0018076349340324725,0.001850288561689528,0.0018866678395224711,0.0019193084690417202,0.0019514401766145273,0.0019868495658818745,0.002029792090906321,0.0020849891219656045,0.0021577347145852175,0.0022541300841255416,0.0023814647978388863,0.0025487726693034936,0.0027676058453659684,0.003053089457576791,0.003425334764561984,0.003911285484875777,0.004547014832617473,0.00538030491854558,0.006472883177454065,0.007900735232159242,0.009749226749564304,0.0120975056385667,0.014985426851641533,0.018360621489667845,0.022020003697188144,0.02558787022299518,0.028585076690492178,0.030596932494827606,0.031452018765137514,0.031286215579990485,0.030456197059743114,0.02938690155046558,0.028457729197056605,0.027967281925415324,0.028159028851465276,0.02927901155149845,0.03165344817079188,0.03579737140493777,0.042592381812389,0.053614933635043625,0.07178087120779364,0.10261963193715642,0.15657712423631767,0.25160890386402823,0.40794836969344067,0.6122666230087084,0.780059618824084,0.8496640949954629,0.8587201713237291,0.8547327104251802,0.849964352340811,0.8411468831815206,0.8306554603235577,0.8280793768513549,0.8321672973976254,0.8034084935035796,0.6749675482560133,0.46886432131428657,0.2914250005327444,0.18119423697363415,0.11992103858706775,0.08638280703943264,0.06808857425375013,0.05874976699270441,0.055489608854144064,0.05743359725383304,0.0653019822540037,0.08179524828381163,0.11286535634417867,0.16953024044047926,0.26537074816156053,0.3932783316066998,0.49333501827679055,0.4998817821556481,0.3990498305941303,0.24813924406374818,0.13436538493927966,0.07320672451363223,0.043229382846627175,0.028279362382074714,0.02053515302410215,0.016507786162464396,0.014660488974582664,0.014391055327488736,0.015677247103597292,0.019115780436344276,0.026469078759063038,0.04254159334534954,0.08155202956931967,0.18684968713707753,0.4246053140962654,0.5977799040036216,0.6014860760717547,0.546059640558483,0.28827915653048514,0.1074855024650055,0.04504912544219984,0.023048702978322278,0.01407126076344516,0.009987968651304888,0.00810934590652279,0.0074793915566259955,0.007854013143882115,0.00951564287842408,0.01371900112304056,0.025163926359014,0.06876839758519357,0.35817635915537754,0.2183580061013917,0.06743473839811265,0.03885022181833851,0.03288573823174144,0.03840428967912106,0.06547875988798013,0.2013018632222283,0.3425407106196499,0.07162024564997319,0.02683417405460686,0.01512214667726639,0.01105053103678217
17250,1.2351690760916382E-4,1.236013838364112E-4,1.2385493245062936E-4,1.2427792227290686E-4,1.2487096235030086E-4,1.2563489380448516E-4,1.2657077908661364E-4,1.2767988936057475E-4,1.2896369102143376E-4,1.3042383269566156E-4,1.3206213447450953E-4,1.3388058160634656E-4,1.358813254199786E-4,1.3806669486440438E-4,1.404392227210658E-4,1.4300169125204432E-4,1.4575720276654823E-4,1.4870928127961135E-4,1.5186201206097437E-4,1.552202263790593E-4,1.5878973909031662E-4,1.6257764686938476E-4,1.6659269479934959E-4,1.7084571874934537E-4,1.7535017049968287E-4,1.8012273201527818E-4,1.8518402474419776E-4,1.9055941949331384E-4,1.9627995249722535E-4,2.0238335393298802E-4,2.0891519648655508E-4,2.1593017369933663E-4,2.234935206174824E-4,2.3168259241272153E-4,2.4058861951637412E-4,2.503186593694748E-4,2.6099776356027236E-4,2.727713725775355E-4,2.858079353605745E-4,3.003017226599751E-4,3.164757556029871E-4,3.3458469528303006E-4,3.5491742466675234E-4,3.7779888722506766E-4,4.035905127014525E-4,4.326882463658487E-4,4.6551679954248384E-4,5.025182729500515E-4,5.441328295952376E-4,5.907687429134733E-4,6.427591612673165E-4,7.00303694428891E-4,7.633949521595779E-4,8.317339770998704E-4,9.046443747229405E-4,9.810023555471858E-4,0.0010592070289863387,0.0011372186445920687,0.001212687597951537,0.0012831805960049581,0.0013464835077935645,0.0014009309619117747,0.0014456938210631804,0.0014809592246940273,0.001507966517746684,0.0015289057330457238,0.0015467252358668001,0.001564916409838242,0.0015873416353752523,0.0016181543137966854,0.001661838392980401,0.0017233799294686907,0.001808579592105191,0.0019245228540700331,0.0020802415600873502,0.0022876231044076795,0.0025626461221078273,0.0029270322852238484,0.003410373013650197,0.004052649531790742,0.004906672870863745,0.006039075177440179,0.007526764223723558,0.009443194018164333,0.011826899785026105,0.01462859764500162,0.017651244745260444,0.02052979748871792,0.02281121083310564,0.024135722483972246,0.02440862684458485,0.023828214670149034,0.02276264106012843,0.021591818121452187,0.020615785199945356,0.020044564709578317,0.020035345418839053,0.02074624213430944,0.022397772674945762,0.025353109509329685,0.030247283394774938,0.0382260010868027,0.05141605976480088,0.07386318717169625,0.11328624504307258,0.18348600188252973,0.3031481589116058,0.47564414190476184,0.6513128231959139,0.7613603520058168,0.8008806677681486,0.7994152544068595,0.7750672706451861,0.7421717312548666,0.7214254129605747,0.733302033344746,0.7840547443611389,0.8295049830701715,0.7426523350587814,0.5103253552760767,0.30533105772557034,0.1863227812589059,0.12415007780847281,0.09181978600460516,0.0754173403877965,0.06865464453431833,0.06921496856085849,0.07736929319456942,0.09608885387495249,0.13247297090016302,0.19979290345623815,0.31296336772558664,0.4564440741323093,0.5557389822908945,0.5512921104761305,0.43293683713829223,0.26181671039104193,0.13799730307726907,0.07411832376954718,0.04364490267196292,0.028697386174143764,0.021065536356313107,0.017201055126716883,0.01559107330579251,0.015704231692513424,0.017671916008763434,0.02245564418766391,0.03279987418662241,0.05653274345204137,0.11810966986626384,0.2862068648930618,0.5535456282097383,0.6130383661431724,0.6065434132602208,0.48480827360809076,0.20526827993228147,0.07650225592496843,0.03444615948956172,0.018959316507116443,0.012369135316495389,0.009343468190557504,0.008069917100835397,0.007948220068895959,0.008998138564359364,0.011979902726299278,0.019735698240269484,0.04526812993323068,0.19283938356863303,0.3653990271804148,0.08335394355364621,0.038291009847398236,0.02685643354797289,0.025072394008043408,0.03015765913478114,0.048251862653420574,0.11475368168803027,0.389076834631464,0.2285503607677132,0.08352694064128244,0.0493239099575447
17500,7.583562585570447E-5,7.589526284653844E-5,7.607431516188134E-5,7.637321243277147E-5,7.679266399830195E-5,7.733364879206281E-5,7.799740109612127E-5,7.878539211601345E-5,7.96993073767635E-5,8.074102003415067E-5,8.191256035096357E-5,8.32160818197335E-5,8.465382473528797E-5,8.622807844804494E-5,8.794114407336332E-5,8.979530010218478E-5,9.179277415410928E-5,9.393572502679786E-5,9.622624020292074E-5,9.866635503724486E-5,1.0125810090596982E-4,1.0400359057963763E-4,1.0690514989056965E-4,1.099655053047688E-4,1.1318803718325578E-4,1.1657710825544593E-4,1.201384760977117E-4,1.238797972501359E-4,1.2781122913316657E-4,1.3194613436194082E-4,1.3630189070880998E-4,1.4090080921935286E-4,1.4577116325633114E-4,1.5094833291400797E-4,1.5647607258328735E-4,1.624079145339039E-4,1.6880872800459243E-4,1.757564608713331E-4,1.8334409843980934E-4,1.9168187961974916E-4,2.0089981223093856E-4,2.1115052290409834E-4,2.226124578422388E-4,2.3549341119764812E-4,2.500342874145666E-4,2.6651288776349694E-4,2.852473294727975E-4,3.065984331324553E-4,3.309700221168747E-4,3.588055422692934E-4,3.9057872659193255E-4,4.267752447495287E-4,4.678615404170011E-4,5.142366975381662E-4,5.661637724201769E-4,6.236794509128188E-4,6.864861550545491E-4,7.538395170052386E-4,8.244558641365174E-4,8.964758913958295E-4,9.675256686361774E-4,0.001034906320642159,0.0010959138011094763,0.001148244570075183,0.0011903993938051842,0.0012219806979265682,0.001243804810932667,0.0012578117330506995,0.0012668228819584589,0.001274239946345635,0.0012837814490417264,0.0012993267623269524,0.0013249011805568,0.001364808734616632,0.0014239100937293865,0.0015080505270991796,0.0016246628228226631,0.0017835972588290023,0.0019982598960028566,0.0022871614967574848,0.0026759658123672423,0.003200011162692829,0.0039069129591928166,0.004857947417246205,0.0061250521303282185,0.007777311758800886,0.009848338313091369,0.012280257807021239,0.01486198679830058,0.017218219593088797,0.018915146555038388,0.019662721342516922,0.019465702778781915,0.018594305251939256,0.017421586942438866,0.016274536133037254,0.015377363954079036,0.014868741994178982,0.014847824808213781,0.015423551268949839,0.016765324550520738,0.01916872580270781,0.02316428153102599,0.02972278669295262,0.04066376546119223,0.059470371274750834,0.09279585746936553,0.15244210970235705,0.2540463385719443,0.40025261703577364,0.5512459210442388,0.6485589468038856,0.6770207630752488,0.6549572268483947,0.6075880607082997,0.5626794889604468,0.5446640129191845,0.5725730745067232,0.6621663312797761,0.7941909989684719,0.7998001642790272,0.5610655996068892,0.32706964953663065,0.19810832529172484,0.1344967322532059,0.1033949433670952,0.08965366084775696,0.08734332826708704,0.09548988827914244,0.11720158481056406,0.16105983949359717,0.24310395844666094,0.3780620974116247,0.5349335966702471,0.6260016630661637,0.6103364803809801,0.4765817754982409,0.2822199706228813,0.14517295681143141,0.07697577846439128,0.04525488662011644,0.029946328798167197,0.022254733406028158,0.01849256303773377,0.01714761569219079,0.01777842215627432,0.02075374979386859,0.027648193972707912,0.04296907144029507,0.08031970009943815,0.18347477664776968,0.4359752408098622,0.6244937767298656,0.6064836934392862,0.6094963486713499,0.39603428458231554,0.1463608927887987,0.05725004031974533,0.027835840996554787,0.016452081779596516,0.011454074916532836,0.009209822440475033,0.008481712198765179,0.008969506656314918,0.011067526894874846,0.01656092599892737,0.03284419086054855,0.10849843905295495,0.5068193262431753,0.11418728767687232,0.04056762246146588,0.023800233029802595,0.018623225839665462,0.017947076394859218,0.020661200156563034,0.02818396141309171,0.04561009289434321,0.08659980858433017,0.17623276905738752,0.2967447273493306
17750,4.555305981982799E-5,4.559406067188827E-5,4.5717213798920506E-5,4.592297522747604E-5,4.6212101850147827E-5,4.6585646511123454E-5,4.704495074378569E-5,4.759163478685593E-5,4.822758441341304E-5,4.895493402978406E-5,4.977604544714815E-5,5.069348170800822E-5,5.170997537709273E-5,5.282839079946248E-5,5.405168000953926E-5,5.5382832268901385E-5,5.6824817645853466E-5,5.8380525654913796E-5,6.005270077511264E-5,6.184387768225653E-5,6.375632026692389E-5,6.579196995300465E-5,6.7952410436533E-5,7.02388576516115E-5,7.26521854170694E-5,7.51929986609436E-5,7.786176716282759E-5,8.065903318631436E-5,8.358570600283575E-5,8.664345500430976E-5,8.983521084951397E-5,9.316578103550311E-5,9.664258277950624E-5,1.0027649269288802E-4,1.0408281015612584E-4,1.0808233038350441E-4,1.1230252468920815E-4,1.1677883004556312E-4,1.2155605794311862E-4,1.2668994365391362E-4,1.3224887055999764E-4,1.3831581894587617E-4,1.4499060262434556E-4,1.5239246723949717E-4,1.6066312722914995E-4,1.6997030866863823E-4,1.805118342270039E-4,1.925202215920368E-4,2.0626764888436713E-4,2.2207094186885902E-4,2.402959194163561E-4,2.613599462800598E-4,2.8573083216768273E-4,3.1391924517655594E-4,3.464605984409444E-4,3.8388109048872717E-4,4.2664168606122976E-4,4.750542259439643E-4,5.291670325897761E-4,5.886251988912063E-4,6.525245818290508E-4,7.192973299042765E-4,7.86684509415235E-4,8.518557830327069E-4,9.117124680928968E-4,9.63352812218171E-4,0.0010046033189813862,0.0010344670704620913,0.0010533496045464932,0.0010630017819613035,0.001066227422336189,0.0010664821707236359,0.001067504590821444,0.0010730803930212515,0.0010869821764914695,0.0011130829883305871,0.0011556260418106677,0.0012196422259227327,0.001311532489518972,0.0014398659009495745,0.0016164804823709377,0.0018580039666140616,0.0021879099870659373,0.0026391212725700077,0.0032567941309747986,0.004099916004060636,0.005238178344857131,0.006737008354051287,0.008620745629204596,0.010810221328717819,0.013060619411820032,0.014972078722630358,0.01613843417218565,0.016368191449047245,0.015786062677339934,0.0147265309427633,0.01354498019327382,0.012501451037462256,0.011747359248107913,0.011365303624601917,0.011417510134006765,0.01198868558464575,0.013229083544689347,0.015414274942613049,0.01905035765970991,0.025079006305920346,0.03529049887366203,0.0531415347423528,0.08518791642839937,0.14250888067580217,0.23728994847422832,0.36393387274632333,0.47920874081351467,0.5358749364161011,0.5276344960273078,0.4790981798686756,0.4228338378464465,0.3837368002770034,0.3760567454959364,0.41260942514647775,0.5160550821658699,0.7052421497477855,0.8308968723212575,0.618501043575661,0.3577882482927497,0.2184583428293307,0.15341387456688485,0.12446477977921051,0.11577667760748266,0.12282594072676194,0.14821660307746515,0.2022237068990624,0.30379687251871795,0.46336021742909983,0.6245851087826094,0.6969686662646758,0.6742864409666481,0.533556671320042,0.31330488129723466,0.1577728881502587,0.08259122437802946,0.04846686779600704,0.03228077457820137,0.024302197254981794,0.02057541597786168,0.019557017816369097,0.020933657551641092,0.025464762318788286,0.03580841870450344,0.05980585709811619,0.12255668110693795,0.2997628504145618,0.5919055313626611,0.6185321042446544,0.6018833870891842,0.598375902143389,0.3066648835294995,0.1085244047835307,0.045492652001564556,0.02384597790051731,0.015084477186234343,0.011187605821550059,0.009579190060088593,0.00943726396573178,0.010800451063082856,0.014776318362148001,0.02585203154341496,0.06863219810644476,0.3869246962413896,0.1764244231611411,0.04628114485226,0.02263129912689395,0.015201176137174761,0.012465353744658205,0.011808702867491853,0.012494830382258078,0.014350201873935499,0.0173037820235759,0.020959779584728024,0.02415635416910026
18000,2.621106663627225E-5,2.6238071343376016E-5,2.6319219197107178E-5,2.6454915019710695E-5,2.6645834084006774E-5,2.6892922822001035E-5,2.7197399514007784E-5,2.756075464479241E-5,2.7984750509198288E-5,2.847141953675269E-5,2.9023060681964668E-5,2.9642233096738104E-5,3.033174616663633E-5,3.109464486071394E-5,3.193418922623878E-5,3.28538267708195E-5,3.385715643845967E-5,3.4947882933034935E-5,3.612976031226913E-5,3.740652411529717E-5,3.878181185286994E-5,4.0259072541350614E-5,4.184146715733817E-5,4.3531763475708734E-5,4.53322307501001E-5,4.7244542078285034E-5,4.92696949779718E-5,5.14079635106105E-5,5.3658897964872E-5,5.602139028566199E-5,5.849382467715791E-5,6.107433267111219E-5,6.376117005974927E-5,6.65532292581971E-5,6.945069500765132E-5,7.245584439370434E-5,7.557398492176675E-5,7.88145182477233E-5,8.219211371254848E-5,8.572797663401486E-5,8.945120255180743E-5,9.340022082357861E-5,9.76243487890551E-5,1.0218549992587119E-4,1.0716011399148232E-4,1.1264140141923884E-4,1.1874201495090748E-4,1.255972745065017E-4,1.3336907079263913E-4,1.4225055005787345E-4,1.5247162184843334E-4,1.6430520926411388E-4,1.7807393849856218E-4,1.9415658341630443E-4,2.1299296098744629E-4,2.3508501589449717E-4,2.609904456565691E-4,2.9130338435946003E-4,3.266145880026246E-4,3.6744193098556694E-4,4.1412234645387286E-4,4.666612368190906E-4,5.245482202994026E-4,5.86571150500173E-4,6.506907333166399E-4,7.140624888376094E-4,7.732869050666788E-4,8.249092157967044E-4,8.66081556197651E-4,8.951936584699546E-4,9.12251203024782E-4,9.188729774256885E-4,9.179426113564692E-4,9.130857392803317E-4,9.081767572573906E-4,9.070190358968964E-4,9.132502264798807E-4,9.304567574912563E-4,9.624593244197999E-4,0.0010137457527976388,0.0010900622829519125,0.0011992170016274773,0.0013521937561261665,0.001564713765624003,0.0018593888333038083,0.002268502795811381,0.0028370253792089823,0.003624249030675524,0.004699721591525165,0.006124657523728086,0.007907024362392613,0.00992965669295273,0.011893795875712045,0.013372326172554643,0.014017177228717878,0.013775153778481932,0.012897001197382098,0.01175113751603651,0.010643106522391548,0.00975535720778881,0.009175086985397277,0.008945532900204577,0.009109984882843574,0.009747492972268559,0.011012055923463326,0.013194327059835908,0.016838186648873408,0.022975151603544595,0.03360021394378072,0.0525871597292135,0.08707566129912464,0.1476795464514919,0.24042275976764785,0.34502652385586985,0.4139096269020355,0.41937234228842335,0.37651068586311726,0.31922740091465274,0.2731840535447741,0.2492311503170163,0.252121747436924,0.291231724951127,0.39212654389179263,0.6009293836773737,0.8302612927253759,0.6747501481062838,0.3968808668595819,0.2496919574061348,0.18506302440446704,0.1615754255932692,0.16447468205254762,0.1936853171863545,0.2607945257078826,0.3865141897042916,0.5678468678262982,0.7134810180506317,0.7552439165919136,0.7353121547083414,0.6073688172510867,0.3617454806150973,0.1790820938400126,0.09236051977480442,0.05397283382446651,0.03612827201881511,0.027538382877183392,0.02376575724255331,0.02318983766781334,0.02570008461597736,0.03273585229057989,0.04897072468192391,0.0888853685941428,0.20050093082108839,0.4799962689107549,0.6502014066967929,0.5769797710393157,0.6081448476900935,0.5642351090116294,0.23729909090078383,0.08550388102886167,0.03855797583081074,0.021677092266890408,0.014615816263059677,0.011526563207329312,0.010519788861323409,0.011143090057423288,0.013976808865681251,0.02184652737440375,0.048354732652538965,0.21505892323345063,0.3065202853513944,0.05725014345796398,0.0229650981911836,0.013376283820600531,0.009624059643415563,0.007958419244747742,0.007255632996221119,0.0070747675616415154,0.0071837593953311815,0.007405524838227523,0.0075738722746914134
18250,1.3947231656117744E-5,1.3964079819284856E-5,1.4014725195660808E-5,1.4099473249308412E-5,1.4218835483701286E-5,1.4373532988691837E-5,1.4564501299384346E-5,1.4792896448279066E-5,1.5060102041011566E-5,1.5367737121713064E-5,1.5717664512830963E-5,1.611199921286155E-5,1.6553116310280518E-5,1.7043657719958483E-5,1.758653686739135E-5,1.818494023578312E-5,1.8842324453485363E-5,1.9562407341913042E-5,2.0349151079559688E-5,2.1206735389359623E-5,2.213951845895681E-5,2.3151983207267486E-5,2.4248666585812863E-5,2.5434069939505163E-5,2.6712549160042646E-5,2.80881845706973E-5,2.9564632313050444E-5,3.114496157368685E-5,3.2831485350372696E-5,3.462559657539955E-5,3.65276261037128E-5,3.8536743953747936E-5,4.065092965100956E-5,4.2867040744741505E-5,4.518100958575445E-5,4.758819633747667E-5,5.008392028767888E-5,5.266418175793412E-5,5.532657404454605E-5,5.807137063680308E-5,6.090276011904085E-5,6.383019286574526E-5,6.686980295685945E-5,7.004587787614105E-5,7.339236820465599E-5,7.695445858814379E-5,8.079025701851821E-5,8.497269814280148E-5,8.95917937493091E-5,9.47573957151986E-5,1.006026593421872E-4,1.0728840262240286E-4,1.1500854013435564E-4,1.239967114530256E-4,1.3453409133672308E-4,1.4695810782813356E-4,1.6167131677799194E-4,1.791488565118066E-4,1.9994156209383011E-4,2.2466977487491457E-4,2.540000647764655E-4,2.8859378682239415E-4,3.29013790092555E-4,3.75576442528583E-4,4.281452758238472E-4,4.8588598324763243E-4,5.470428496157538E-4,6.088440349581862E-4,6.676661137044772E-4,7.195410153800071E-4,7.609489051912032E-4,7.89662019376742E-4,8.05314065073292E-4,8.094673437908307E-4,8.051917008117022E-4,7.963882667607917E-4,7.871504042357923E-4,7.813603113621507E-4,7.825776096115037E-4,7.941791773120708E-4,8.196842517867623E-4,8.632249561210126E-4,9.301710379723704E-4,0.0010279717959116173,0.0011673324388166513,0.0013638902628705272,0.0016405675975592893,0.00203064891403551,0.002581074435521861,0.00335382979069227,0.004419654188008823,0.005832515721689702,0.0075714109650042065,0.009458021700617285,0.011122573157498556,0.012131152203864801,0.012250754074745022,0.011601824786621225,0.010536225355405495,0.009405600081924727,0.008436429850417157,0.007734283481358037,0.007337754558935741,0.007268398708342239,0.0075663087824132755,0.008320575260588683,0.009709984641402096,0.012076383698012656,0.016071525620865303,0.022959177846746236,0.035223223378642324,0.05763988229222418,0.0982846030199184,0.16550408896085958,0.2524255108949387,0.3217629710973396,0.33615374380268004,0.3000575962620925,0.2461326785393091,0.20046539464319976,0.1722464894605356,0.16247555316898693,0.17287755316432332,0.21241522824243775,0.30795801792894933,0.5199798475113828,0.8148091464694598,0.7194329850073656,0.44174992853254774,0.295020745137398,0.23698627871238423,0.2281892558034773,0.2597068041083538,0.3422512037107734,0.4938432911998017,0.6814737060481448,0.779635874955566,0.7805681882476151,0.7752646049354558,0.6959330633876665,0.43844161393948494,0.215197979015005,0.10882020871874515,0.06298477611698042,0.04221301443317943,0.03250846280862352,0.028577468800940628,0.028649730078778367,0.03296257002749011,0.044200617891308,0.07098488767297868,0.14155653667388074,0.3429380946235182,0.6486714053271885,0.5955471036758461,0.5338441145366628,0.6228448483328974,0.5162224806946678,0.19191141149888546,0.07229705155925838,0.03488521536315955,0.020887240508695153,0.01494215424799549,0.012510035854203449,0.012197283954053647,0.014013584653938514,0.019703511828147623,0.03732155042562194,0.12495075515322718,0.509275470125743,0.07781502449072089,0.02484213302045448,0.012554254528629495,0.008050242783812217,0.0059846875728425284,0.004919556466626775,0.0043384141240236885,0.004014353595196571,0.0038301705086111726,0.0037185492292024238
18500,6.402591890974913E-6,6.412360210700302E-6,6.441732409235387E-6,6.490912000259625E-6,6.560240561512814E-6,6.650201335849915E-6,6.7614243039942845E-6,6.894692754634362E-6,7.0509513762960725E-6,7.231315887019918E-6,7.437084199749176E-6,7.669749090403116E-6,7.931012288010025E-6,8.222799837445038E-6,8.547278489671377E-6,8.90687274544331E-6,9.30428200894626E-6,9.742497089915794E-6,1.0224815018704693E-5,1.0754850801958203E-5,1.1336544343510853E-5,1.1974160288073409E-5,1.2672278026394855E-5,1.3435768557431085E-5,1.4269754385707307E-5,1.5179548221955006E-5,1.6170566073920824E-5,1.7248210531433654E-5,1.8417720886486254E-5,1.9683988450071587E-5,2.105133831862253E-5,2.25232831618632E-5,2.410226050075364E-5,2.5789372349037498E-5,2.758415458110397E-5,2.9484412060769943E-5,3.1486162976308044E-5,3.358374006094033E-5,3.577009532214739E-5,3.803734676044924E-5,4.037758955121715E-5,4.278397125426111E-5,4.5252003968345976E-5,4.778106121007873E-5,5.0375990127180296E-5,5.304876657189342E-5,5.5820135545419904E-5,5.8721213053438155E-5,6.17950741026667E-5,6.509840907321185E-5,6.870338953429726E-5,7.269993805866201E-5,7.719864003290488E-5,8.233456574927252E-5,8.827228434351383E-5,9.521233828266449E-5,1.0339938660115613E-4,1.1313207259068197E-4,1.2477434504567535E-4,1.3876732188089356E-4,1.5563961355136155E-4,1.7601202113652094E-4,2.0058936277139115E-4,2.301277202156339E-4,2.653602146937754E-4,3.068608580022468E-4,3.5482960678878705E-4,4.0880181785723526E-4,4.673315972469392E-4,5.277691063672634E-4,5.863134344641267E-4,6.385036942839167E-4,6.801465121123821E-4,7.084077223230862E-4,7.226095154575615E-4,7.243700241163129E-4,7.170733423524362E-4,7.049958718432113E-4,6.925019751001101E-4,6.835689655125943E-4,6.816882912181814E-4,6.900608589066637E-4,7.11985471126637E-4,7.513864018478427E-4,8.134937801682866E-4,9.057581511909118E-4,0.001039145830403223,0.0012300199182554991,0.0015028230361185109,0.0018935933452192992,0.0024535473852394137,0.0032496167072866566,0.004353590660678906,0.005804228817631908,0.007529497105501051,0.009260375520896789,0.010555046528104465,0.011032689262015179,0.010648700746371321,0.009698190460567638,0.008570175125074853,0.007544934579143205,0.006757682938776127,0.006251558386298043,0.006036507754638381,0.006129156091760773,0.006580430430581979,0.007505445524787025,0.009133707484870003,0.011908972324527062,0.016696912761902688,0.025215370086262835,0.04085606598439409,0.0697815129871147,0.12005090198800894,0.19127938975883738,0.256055216511516,0.2748760973268717,0.2441870248014221,0.19456836448966403,0.15195328047949377,0.12437117573265438,0.11109597363070176,0.11096191809115345,0.12626926751911705,0.16706768321215404,0.26261072931497664,0.4834963646759395,0.8129401302641867,0.745851128023613,0.48995545092133674,0.3603262107813311,0.32398179221598444,0.35276735564668055,0.45044581628696123,0.6211928881374926,0.7797803827069372,0.7953495578694143,0.7513339493721236,0.7638528572853409,0.7751984110895574,0.5576644242642872,0.2780593235058282,0.13687954535790622,0.07771520133889617,0.05178683096922421,0.040117475183942715,0.03584610891545372,0.03692234952158703,0.0442152474368092,0.06280225651293919,0.10941788257761358,0.24051595198940903,0.5578264682533689,0.6562180655094497,0.5018227029183199,0.495989758460166,0.639476855888714,0.47559863270881436,0.166539040002772,0.06576433680875353,0.033607322639712084,0.02125527947641898,0.016057286203265707,0.014262602564664493,0.014934231724510662,0.01892260946078302,0.031179442360579724,0.08168900128846596,0.49681822854125407,0.11870568422656348,0.028730001105038865,0.01249930559207001,0.007191939624964569,0.004881921889691339,0.0037014923424746053,0.0030374469890157947,0.002642795179713499,0.0024036455035414176,0.0022632190798086943
18750,2.1242709993063334E-6,2.1291782171342987E-6,2.143942553003606E-6,2.1686929018867987E-6,2.203645577675371E-6,2.249106584650581E-6,2.3054748715743834E-6,2.3732466420854207E-6,2.453020815358541E-6,2.545505750197992E-6,2.651527363132861E-6,2.7720387854731224E-6,2.908131713994645E-6,3.0610496127053997E-6,3.2322029158343976E-6,3.4231863606198174E-6,3.6357985371957744E-6,3.872063674730036E-6,4.134255578869782E-6,4.424923484085443E-6,4.746919371683176E-6,5.103426013508701E-6,5.497984613911333E-6,5.934520418684552E-6,6.4173640211197285E-6,6.951265309733108E-6,7.541396070463981E-6,8.193336203324264E-6,8.91303740446212E-6,9.706757124886186E-6,1.0580954856436812E-5,1.1542142633171786E-5,1.2596682516108359E-5,1.3750526315304863E-5,1.5008897532339314E-5,1.6375923073602464E-5,1.7854233043209932E-5,1.9444560689095737E-5,2.1145390276559142E-5,2.2952716038678843E-5,2.4859986868389695E-5,2.685831462390909E-5,2.893701443721772E-5,3.108452051788058E-5,3.328968139520387E-5,3.55433899422382E-5,3.784045627511905E-5,4.018159889400546E-5,4.257542338972216E-5,4.504028556436375E-5,4.760599562679484E-5,5.03154028361403E-5,5.322599126872252E-5,5.641170300741316E-5,5.9965275202611065E-5,6.400142865317642E-5,6.866127890493231E-5,7.411835681901628E-5,8.058661554696446E-5,8.833073526506945E-5,9.767884766676119E-5,1.0903735598749573E-4,1.2290658828719713E-4,1.3989421411223112E-4,1.6072014576556153E-4,1.8620146697732605E-4,2.1719864954127102E-4,2.5449643650699634E-4,2.9858969627167577E-4,3.4935823993308867E-4,4.05662713303289E-4,4.6498660117115287E-4,5.233582409736119E-4,5.758130542629063E-4,6.174727838515807E-4,6.449302961127061E-4,6.57306268036497E-4,6.564388061849246E-4,6.461792250968455E-4,6.312657323104866E-4,6.163457648594193E-4,6.054619177381007E-4,6.020098033770758E-4,6.090233692143168E-4,6.296481017380247E-4,6.677419229640505E-4,7.286339537339348E-4,8.201533579509891E-4,9.541182810420788E-4,0.0011485444388525418,0.0014308325682693176,0.0018418888116388513,0.002439854429961532,0.003298415665996503,0.004486873843715209,0.006011193808423326,0.0077124946546818784,0.009204128932754465,0.010014031834499582,0.009920006452627712,0.009115758006573582,0.008008999183004519,0.006940337632060275,0.006085271662335325,0.005498783506949286,0.005185127117770549,0.005145470160500062,0.00540623370407832,0.006043364706865456,0.007219199510879665,0.009255169501976782,0.012784725736448366,0.019077435747526333,0.03069088354816641,0.05249916234988971,0.09176588448499773,0.15111209457176103,0.2102100085029497,0.23043720048763994,0.20325460638576978,0.1575260268528873,0.11858736135572732,0.09329500559944016,0.07993258997962858,0.07623782320999112,0.0821474718410718,0.10152755573171966,0.1467831000014705,0.25318508160434333,0.5037347374146534,0.8401760610279367,0.7547402307788798,0.5451429570116082,0.45923715500458506,0.4757191208238162,0.5827151972954839,0.749830416502362,0.8267758526073928,0.7423941304117846,0.6598703897590632,0.6765275465381916,0.7801466050647545,0.7163744848459291,0.39090471896907647,0.18665752128827812,0.10239342809765598,0.06706262566582152,0.051874590761597665,0.046924512515566466,0.04961376051984566,0.06200775074563376,0.09399695527654563,0.17952654791544034,0.42081761119618977,0.7073636292661507,0.5322462226781594,0.4111654354693729,0.4561776331911774,0.6517925814750972,0.4595718886049812,0.15672875968458425,0.06412996115389251,0.03425427602411163,0.02268690531863665,0.018028388252679845,0.017022622372534817,0.01937112387895708,0.028000172570588518,0.05962086653242513,0.29213526707852755,0.20840608287852452,0.03578734595271286,0.013179733187965274,0.006808277442683735,0.004253147753611412,0.003010827797340932,0.002332954770346779,0.0019378442899256865,0.0017027321000156355,0.001569373264550315
19000,2.2721600955552054E-7,2.2865840225558355E-7,2.3301464207613645E-7,2.4037214996621137E-7,2.508772581908497E-7,2.647361795673967E-7,2.822164113318223E-7,3.0364862321878853E-7,3.294290971325361E-7,3.6002280612086083E-7,3.9596724350719234E-7,4.3787713915834836E-7,4.864502288085985E-7,5.424742737960702E-7,6.0683556164654E-7,6.805291514242885E-7,7.646711597441716E-7,8.60513411040437E-7,9.694607952819012E-7,1.0930916824591173E-6,1.2331817285662876E-6,1.3917313624130082E-6,1.5709971530699275E-6,1.7735271059239266E-6,2.0021996976616383E-6,2.2602661065149573E-6,2.551394586109967E-6,2.8797152244838514E-6,3.249862375094252E-6,3.667010796319171E-6,4.136899956115214E-6,4.665839049677546E-6,5.260683108010758E-6,5.928768326683973E-6,6.67779277517737E-6,7.515627561324249E-6,8.45004422684501E-6,9.488347852595644E-6,1.0636913478063708E-5,1.1900637334533406E-5,1.3282334788447181E-5,1.47821431195658E-5,1.6397016337290464E-5,1.812042522537425E-5,1.9942389988305534E-5,2.1849965440965346E-5,2.382826213418142E-5,2.5862020427717136E-5,2.7937668085046852E-5,3.004570611589123E-5,3.2183209106700413E-5,3.435621886369123E-5,3.658186456539781E-5,3.8890151070433495E-5,4.132549591840608E-5,4.394823498425518E-5,4.6836432343769804E-5,5.0088410961439194E-5,5.382647094701381E-5,5.8202292789853177E-5,6.340454195988634E-5,6.96691878607393E-5,7.729297539940247E-5,8.665022411859988E-5,9.821244379330999E-5,1.1256872397062997E-4,1.3044178833102572E-4,1.5268904427100512E-4,1.8026900203095078E-4,2.1414145555999096E-4,2.550594097460689E-4,3.0321567177282814E-4,3.5775344796657165E-4,4.162652172321432E-4,4.745701483091464E-4,5.271497484209705E-4,5.684199489516449E-4,5.944711170051354E-4,6.044028837713861E-4,6.004987071016535E-4,5.872443854880384E-4,5.698919269685066E-4,5.533283192150693E-4,5.415843841264647E-4,5.379068744897571E-4,5.451672592861162E-4,5.664353136125979E-4,6.056671796336289E-4,6.685709022381546E-4,7.638086321914708E-4,9.047879277650393E-4,0.0011123761457496602,0.0014188322256777238,0.0018726795137190043,0.0025419922456704895,0.0035073270591242534,0.004824065415936335,0.006430461267018488,0.00803233672790467,0.009131277682608106,0.009340948384478753,0.008712404232609078,0.0076437023014984,0.0065382252424139925,0.005622430268550882,0.004970030575923317,0.004583574347642988,0.004453133463340223,0.004587992823730065,0.005038283438751622,0.0059237402473274105,0.007489775834698837,0.010227014175251683,0.01512988665218758,0.0242373367933188,0.04157695776048061,0.07368216124859513,0.12457471984678511,0.17850025183273258,0.19831775565011064,0.17289562846738965,0.13027213619056113,0.09488300348977884,0.07226018489742085,0.059978564751424907,0.0553534914917813,0.05746875121240115,0.06787983410341666,0.09260932528652711,0.1489152951733128,0.2855500031996779,0.5957015280654306,0.880158465791278,0.7579946408192342,0.6255110766350936,0.6207374487632897,0.7239751852320525,0.8447479400352017,0.7944361825957008,0.6290863430865007,0.5260336925473756,0.5295794754927464,0.6555865127035557,0.8156152903475528,0.5862083095546214,0.27978122435157804,0.14544136143549316,0.09200585931212613,0.07027144044094609,0.06395881816314015,0.0693061815483363,0.09072677073934485,0.1481911485137148,0.3107700916048258,0.6650590823821902,0.6225414701772182,0.3936731789130306,0.3297534873865062,0.40480538608221983,0.6508151876347774,0.47722553730281964,0.15964610436079935,0.06636640697543918,0.03652398329878963,0.025135977568771638,0.02098806964594391,0.021238705358863935,0.026962910313624727,0.04785589023296346,0.1676184000136749,0.41021882820284494,0.048666366266783466,0.01474223881208739,0.006803710623805473,0.0039229942127216215,0.0026096269253612016,0.0019246912038878808,0.0015387240146253853,0.0013153320999262502,0.0011922870064302803
19250,1.9751176527545964E-7,1.9628104710194655E-7,1.926107855704024E-7,1.8656682307225874E-7,1.7825928046332082E-7,1.6784312609780717E-7,1.5551896177359714E-7,1.415340178609072E-7,1.2618335200445748E-7,1.0981125133322256E-7,9.281284793475014E-8,7.563597239549981E-8,5.8783291334079503E-8,4.2814802888949735E-8,2.835079970281822E-8,1.6075452478629743E-8,6.7412187355634865E-9,1.1743405979671981E-9,2.8176141076937805E-10,5.059862167764351E-9,1.6605492885585235E-8,3.612984795206619E-8,6.497580370251184E-8,1.0463939493475028E-7,1.567961462294799E-7,2.2333298168034493E-7,3.063863955505614E-7,4.0838745144322813E-7,5.321139531336354E-7,6.807497463965646E-7,8.579505001530948E-7,1.0679143885266077E-6,1.315454743614261E-6,1.6060698481151053E-6,1.9460024668641756E-6,2.3422783970399146E-6,2.802709276487513E-6,3.3358403713653735E-6,3.950819678420421E-6,4.657161585764802E-6,5.464378424060975E-6,6.381459166613039E-6,7.416189487897659E-6,8.574334298020313E-6,9.858743911709526E-6,1.1268495443226976E-5,1.2798232984240692E-5,1.4437907781914157E-5,1.617312252985379E-5,1.7986233835435776E-5,1.9858258509665614E-5,2.177147941263392E-5,2.37124960052539E-5,2.567536701645059E-5,2.7664491942077804E-5,2.9696987493124016E-5,3.1804508328455164E-5,3.403468470133816E-5,3.645254721511009E-5,3.914244686055931E-5,4.221105490033143E-5,4.579206481978558E-5,5.005324707878642E-5,5.520654134256838E-5,6.152188608441435E-5,6.934538665742848E-5,7.912198804661482E-5,9.142160178951545E-5,1.0696482435869172E-4,1.2663865819711396E-4,1.514823018918359E-4,1.826071070819369E-4,2.209964099223999E-4,2.671250470665235E-4,3.2038044355528434E-4,3.7840599071715524E-4,4.367245732254928E-4,4.891722469927462E-4,5.294405442638514E-4,5.532525319989608E-4,5.599614609968721E-4,5.525785485147657E-4,5.363741039350784E-4,5.170970984410574E-4,4.997596632815765E-4,4.8826338532996093E-4,4.856475295565269E-4,4.946448188854326E-4,5.183625920535819E-4,5.610732793942591E-4,6.292302002400864E-4,7.329356951902543E-4,8.882031940670887E-4,0.001120444529740317,0.0014694608876341605,0.001995040890123791,0.0027779833497112317,0.003900515297663272,0.005375472319710341,0.007013329378026443,0.008347267542432259,0.008862639546936326,0.008437576491900045,0.0074241564782298155,0.006285794952450063,0.005310727026816534,0.004598624593987303,0.004153464643317369,0.003956666794393419,0.004004480693081934,0.004328895925481032,0.005021290235644382,0.006277860360099119,0.008498071349364481,0.012502026187174296,0.019999783663651745,0.03447072844073054,0.06191181510503777,0.10702840610641981,0.1567870454066934,0.17510241068174304,0.15000489759389588,0.1097260632278621,0.07754454648301197,0.05750647698928595,0.04661779338181358,0.042056946917811186,0.042622023863518474,0.04893851356823122,0.06442475667431673,0.09893288570495534,0.18056059263484034,0.3844270598695134,0.7594467231002601,0.8960937862496322,0.7874169929572895,0.765684549731163,0.8460674237552852,0.8675872660110818,0.6871370284902424,0.48846924278936515,0.3869526700908783,0.37547156595698095,0.46206374842739134,0.6913582387142821,0.8132910525879156,0.4575544095747305,0.22377138145083164,0.1336190642873234,0.09924547215295557,0.09018367787487735,0.10003511216749661,0.13799624587183792,0.24553107630515478,0.5396372066572467,0.7400131574474753,0.43649532119510237,0.2818773231551826,0.256274124747773,0.3390924823651705,0.6199756082649998,0.5316960068070417,0.17340181641379096,0.07156612599578194,0.040068031628231665,0.02854178382878928,0.025181456882549302,0.02789057066614755,0.04182045903953144,0.10874042214505376,0.6306526646551098,0.07390585686519531,0.017582220565029057,0.007172821089841545,0.003814047109686916,0.002390871257804763,0.0016856101562624283,0.0013028623702233527,0.0010876710941266075,9.721457091570289E-4
19500,1.7773893439750716E-6,1.7739990357736268E-6,1.7638423142366717E-6,1.7469625050665438E-6,1.7234325993260461E-6,1.6933564037130907E-6,1.6568701081993413E-6,1.6141442275359778E-6,1.5653858600312426E-6,1.5108411939815958E-6,1.4507981800251358E-6,1.385589277461392E-6,1.3155941758581116E-6,1.2412423918402093E-6,1.1630156471178954E-6,1.0814499499306679E-6,9.971373306772768E-7,9.107272258211601E-7,8.22927564089754E-7,7.345056866472167E-7,6.46289328513331E-7,5.591680011023996E-7,4.7409524325883807E-7,3.9209234733309587E-7,3.142543135074687E-7,2.41758934827596E-7,1.7588006171221552E-7,1.180062318389096E-7,6.9665971426818E-8,3.256116613874529E-8,8.609946968526203E-9,5.105576077997711E-13,9.257148578840646E-9,3.931942434270554E-8,9.363479556017468E-8,1.7626387889937797E-7,2.9199576342275277E-7,4.4646802490923675E-7,6.462820515668035E-7,8.990986690359835E-7,1.2136917153697602E-6,1.5999284358453554E-6,2.068636395521587E-6,2.6313093700205922E-6,3.299603450337043E-6,4.084585364683373E-6,4.995724912232808E-6,6.039678352532695E-6,7.218989939077319E-6,8.53093353906136E-6,9.966798856504638E-6,1.1511957094042395E-5,1.3146978538237887E-5,1.4849902296907144E-5,1.6599505363862914E-5,1.837916431749326E-5,2.0180751972164343E-5,2.2008039742789724E-5,2.3879289684840914E-5,2.5829046984937306E-5,2.7909475835156535E-5,3.019183090770983E-5,3.2768792854632705E-5,3.5758447612393404E-5,3.931071377555832E-5,4.3617070356107414E-5,4.8924518196137626E-5,5.555475509878896E-5,6.392935468927442E-5,7.460085662029339E-5,8.828718374815721E-5,1.059010330094234E-4,1.2855427388337671E-4,1.5749729001529237E-4,1.9392585067120992E-4,2.3856912140144627E-4,2.910084416482939E-4,3.488453685422343E-4,4.0716810115478443E-4,4.590418128585884E-4,4.974479487189636E-4,5.179853296433363E-4,5.206469503610859E-4,5.09479025960792E-4,4.906118407547941E-4,4.701666308427006E-4,4.530926775802798E-4,4.4302666611842573E-4,4.42765186873047E-4,4.5497221187101405E-4,4.8296851774404644E-4,5.316507720196344E-4,6.087325112479693E-4,7.266307173152198E-4,9.054674916787851E-4,0.0011777301026543686,0.0015946641088431996,0.0022318735669270623,0.0031830227274730165,0.004512385041958482,0.006129357268360913,0.007640573536356418,0.008452562341152582,0.008256401109116601,0.007316970972488618,0.006148798702071898,0.0051126674931262755,0.004342207211876676,0.00384566123769718,0.0035971615302117484,0.0035822007174332975,0.003819216065327596,0.004379950656954746,0.0054278706244967985,0.007303113316786446,0.01071405726041914,0.01716290379830055,0.029787098876288935,0.05425055974627591,0.0956360855498264,0.14227978987676831,0.15835606732838117,0.13243581589848263,0.09389180577516132,0.06455565486538442,0.04686391309051054,0.03735714760671936,0.033217075599810054,0.03318984359131636,0.03751499795990299,0.048443298406719494,0.07255059268267444,0.12843365543567342,0.2694966536511607,0.5933297717982166,0.9097335682255233,0.9036649997289669,0.8837343819210475,0.9173343707336874,0.8023936446677467,0.5413842180660569,0.3557836664332201,0.270965565324869,0.25332348547266875,0.29871652586828445,0.45337293630411174,0.7802017019564854,0.7379319547157838,0.3676909639749515,0.2032484970653167,0.14434813223994034,0.1300063405807234,0.14788510662092372,0.21735385307193889,0.4219241756396499,0.7848256943478331,0.5465107845673822,0.28473219765087077,0.19844511157806782,0.1925503622073462,0.26796453787215807,0.5495052390963099,0.6160257147974806,0.19474534139975366,0.07826950822956416,0.04432822859245635,0.03284686103793306,0.031196652499094136,0.03961738227025704,0.0799061468945498,0.45034293654572805,0.12998446572051406,0.0225725616559624,0.0079948519403273,0.0039032406198423945,0.00230602794720508,0.0015570203445624032,0.001166265193765804,9.528852068100944E-4,8.409846407867061E-4
19750,4.901409542100158E-6,4.896396246003596E-6,4.8813577508675886E-6,4.856300081715059E-6,4.8212345065582355E-6,4.776179378845928E-6,4.721162723062929E-6,4.656225563442451E-6,4.581425987153574E-6,4.496843918501022E-6,4.402586558952368E-6,4.298794418580736E-6,4.185647828091868E-6,4.063373777875628E-6,3.932252883526332E-6,3.792626229172403E-6,3.6449017951951855E-6,3.4895601412243944E-6,3.327158995464555E-6,3.1583364048703706E-6,2.9838121348534254E-6,2.804387078663742E-6,2.6209405500390835E-6,2.4344254900039004E-6,2.2458618180759515E-6,2.0563283938403567E-6,1.8669543173691643E-6,1.6789105740623278E-6,1.4934033077538384E-6,1.3116702730354762E-6,1.13498226449779E-6,9.646515423925752E-7,8.020494713919199E-7,6.486357644076837E-7,5.060018769464335E-7,3.759312167409636E-7,2.6047887872754896E-7,1.6207349839656376E-7,8.364337164236439E-8,2.8767938706140263E-8,1.8536460734301054E-9,8.329478080005847E-9,5.485131628445797E-8,1.4949489778950136E-7,3.0190386966406745E-7,5.233424169686072E-7,8.265830558231265E-7,1.2255443740595168E-6,1.7345900772979337E-6,2.3674235447566095E-6,3.135576971019016E-6,4.046611012002923E-6,5.102300938859062E-6,6.297248013859221E-6,7.618445790320654E-6,9.04626575895301E-6,1.055706144256924E-5,1.2127175156556071E-5,1.373772128134861E-5,1.537930639424413E-5,1.7055948978403277E-5,1.878784790195469E-5,2.0613157933070844E-5,2.2589374523816223E-5,2.4795200111667805E-5,2.733386738908457E-5,3.0338918595471315E-5,3.39834849613884E-5,3.8494234893452116E-5,4.417133474132455E-5,5.1415816266283686E-5,6.0765213935099465E-5,7.293621047210503E-5,8.886727879148792E-5,1.0974138765024248E-4,1.3694410742104516E-4,1.718745092991853E-4,2.1549127441480517E-4,2.675057999932537E-4,3.2534628872698634E-4,3.8347688190252263E-4,4.3405633117613485E-4,4.694593844115996E-4,4.855632731650497E-4,4.8348646797584236E-4,4.6856528392656666E-4,4.4771435690986206E-4,4.2717098026518363E-4,4.115843717122922E-4,4.0421276754374166E-4,4.076332237145662E-4,4.2458468818695836E-4,4.5887025465747333E-4,5.164595888735613E-4,6.070885609664222E-4,7.468211329431064E-4,9.622245054998559E-4,0.0012967699471357831,0.0018187232322919302,0.002623748103749917,0.003808237206775642,0.005365312586191636,0.006998670234520983,0.008089097513429481,0.008144140565597681,0.007299228657039148,0.006104370102773467,0.005003332939637171,0.0041727645277929645,0.0036280139566671555,0.0033366251095832515,0.0032745161285033238,0.0034493821340514713,0.003918935141906753,0.004824637268304732,0.0064681498710138655,0.009487643235293624,0.015260082833872242,0.02673226465767006,0.049425645586404374,0.08868956313423844,0.13316941490934475,0.1463964562805254,0.11873261929840867,0.08147498254048566,0.05465326351669889,0.039029260088208166,0.030776329898162404,0.027156614199852023,0.026967008735143155,0.030299180195577206,0.038853900731440745,0.05766120610970405,0.10089915401281405,0.21025270924349113,0.4829012563725854,0.8641691742672726,0.9660051519103331,0.9595228758189412,0.916349161880302,0.6704702130162566,0.3985872673696773,0.250206803283013,0.18662931062661967,0.17021699862220332,0.19290623513136598,0.27937550032840347,0.5227951750607583,0.8926119757859579,0.6044909881985348,0.31485881999131743,0.21155167558011476,0.18851992675839843,0.22197135952303185,0.3534296809313242,0.7018486659409301,0.7244346247166152,0.3349327267151353,0.18411496611270817,0.13875438076707614,0.1420282498308975,0.20564553434189012,0.46146824500086836,0.7068031290142566,0.215860568886278,0.08411598812314915,0.04862094086548346,0.0382428421079229,0.04074115477177756,0.06551454601009807,0.24681761115513748,0.27670870322865504,0.0317046662801912,0.009470834949446984,0.004210031449703996,0.002338929179533232,0.0015124935648572202,0.001098846061001112,8.795407624223897E-4,7.670672039520053E-4
20000,9.669071424626543E-6,9.663138555682726E-6,9.645325243280045E-6,9.615590853101173E-6,9.573868462907657E-6,9.520066125165473E-6,9.454068756448033E-6,9.375740769756902E-6,9.284929590514587E-6,9.181470214165726E-6,9.065190970489389E-6,8.93592065407133E-6,8.7934971578199E-6,8.637777704771505E-6,8.468650708216232E-6,8.286049200375724E-6,8.089965653643692E-6,7.88046787810015E-6,7.657715519289605E-6,7.421976509709202E-6,7.173642660090628E-6,6.913243429957827E-6,6.64145681318943E-6,6.359116237490158E-6,6.067212429698344E-6,5.766889361079628E-6,5.459433668571069E-6,5.146257347766083E-6,4.828874015291843E-6,4.508869610681592E-6,4.187869007848007E-6,3.8675005839421996E-6,3.549361301247056E-6,3.2349852600659435E-6,2.9258189626053782E-6,2.623206701827244E-6,2.3283895957557597E-6,2.0425218902111627E-6,1.7667083253364171E-6,1.5020666663053424E-6,1.2498199568558813E-6,1.011423598772451E-6,7.887327729561998E-7,5.842155401304514E-7,4.0121537969140606E-7,2.442626555072246E-7,1.194257004459835E-7,3.467661626145697E-8,2.2235165283768884E-10,2.87175386044448E-8,1.3523547275107973E-7,3.3683896164352754E-7,6.515863593401551E-7,1.0968634969652624E-6,1.6870826985670924E-6,2.431042806233839E-6,3.3295455295286654E-6,4.374081786158604E-6,5.54736591755423E-6,6.826103453321529E-6,8.185715696226772E-6,9.606101965028508E-6,1.1077238538450666E-5,1.2603654052092777E-5,1.4207456623355277E-5,1.5930307575115406E-5,1.7835266990374143E-5,2.000968986474636E-5,2.25704188826054E-5,2.5672564175708962E-5,2.9523312063525254E-5,3.440249352772976E-5,4.06919340162213E-5,4.891545257632785E-5,5.9789674546421534E-5,7.428012751846417E-5,9.364268208092166E-5,1.1940008198217811E-4,1.5315211958913147E-4,1.9606289403378786E-4,2.4789243853233056E-4,3.057206989665512E-4,3.631574171568915E-4,4.113600106807945E-4,4.423707440642396E-4,4.529407162893127E-4,4.4582275019952036E-4,4.277211340357856E-4,4.0604274764325976E-4,3.867739844180689E-4,3.740364056683785E-4,3.706696344776407E-4,3.791451253581286E-4,4.0251985436797014E-4,4.454806646271772E-4,5.157417082424448E-4,6.262405053404864E-4,7.988128886836799E-4,0.001070234807823039,0.0015010322193763814,0.0021836491297227874,0.0032323418722604766,0.004706017985297511,0.006413678001070246,0.007758845443214139,0.008084285813112888,0.007356104308272705,0.006137701055282662,0.004965999808413667,0.004071131874632507,0.0034785314688538546,0.003149336758805995,0.003050318342642811,0.003180130768075123,0.00358619672001735,0.004395330970193113,0.005885239813777568,0.008653418819331597,0.014012747262276398,0.02484065553975946,0.046701679762967255,0.08520678455903774,0.12837128129635034,0.13814060811490073,0.10796228188875151,0.07165058747947602,0.047032427717730786,0.03319189705632373,0.02602736200504572,0.022923136630349637,0.022771457458717108,0.025630478588836526,0.032954187363146384,0.04906248668139323,0.08618561927810063,0.18091424493490904,0.4269542786279946,0.8270598205820947,0.9970857248647397,0.9918649458365878,0.8408950441047597,0.5158821771327149,0.28265888536198014,0.17451474021410973,0.12979316717642084,0.11740388130935284,0.1302325864939749,0.18150742091195166,0.33080593639507705,0.7326887182973604,0.8690970422532353,0.47344014901353226,0.3036341757041762,0.27071596869448206,0.337185152839235,0.5858573144528758,0.8914360298565378,0.45185063666161696,0.20016316568300926,0.12091418368179527,0.09805109221604782,0.10587762764615255,0.16069502994801504,0.39367698267897283,0.7796603892602393,0.2242492397069077,0.086702051673144,0.052682130601736335,0.04585139995852466,0.05936821227094634,0.1524522862499689,0.6426535715097649,0.05009026605807522,0.012036557914630363,0.0048052831247043385,0.0024983039810145204,0.001544769311660277,0.0010881920106549684,8.534237128065619E-4,7.356424671916624E-4
20250,1.6348257005590038E-5,1.6342189978210806E-5,1.6323963488395945E-5,1.6293507124731166E-5,1.625070259288385E-5,1.6195382397042372E-5,1.6127328188533394E-5,1.6046268980360583E-5,1.595187948820436E-5,1.584377892265355E-5,1.5721530622519283E-5,1.558464298276773E-5,1.5432572188708246E-5,1.5264727314648274E-5,1.508047837247825E-5,1.4879167893277154E-5,1.4660126581182475E-5,1.4422693479853745E-5,1.4166240924850555E-5,1.3890204308081205E-5,1.3594116346562813E-5,1.3277645127733068E-5,1.294063471024721E-5,1.2583146520381443E-5,1.220549924542663E-5,1.18083044495705E-5,1.1392494801795254E-5,1.0959341691689968E-5,1.0510459193661122E-5,1.0047791875640805E-5,9.573584848469096E-6,9.0903356775012E-6,8.600729231483237E-6,8.107558077192383E-6,7.613632461886986E-6,7.121685079436377E-6,6.634276546623515E-6,6.153707751533531E-6,5.681944998835157E-6,5.220563291649136E-6,4.770712371493414E-6,4.333109564179964E-6,3.908063352295953E-6,3.495532195833537E-6,3.0952246586307705E-6,2.7067494284175673E-6,2.3298271303812754E-6,1.9645792392061885E-6,1.611911392792729E-6,1.274006229337399E-6,9.54929981527516E-7,6.613310777809016E-7,4.031608029945868E-7,1.942716437879318E-7,5.265540712166892E-8,6.358019177443157E-13,6.023960990563822E-8,2.569051302149254E-7,6.094886131770686E-7,1.1295370997147183E-6,1.8177227506919884E-6,2.6632146081110225E-6,3.646136006226182E-6,4.74283912771468E-6,5.932712185082819E-6,7.2048486001992045E-6,8.563349107997548E-6,1.003098311073684E-5,1.1651883102222971E-5,1.3494546687126707E-5,1.5656665999942218E-5,1.827340122527174E-5,2.153089547163986E-5,2.568721886856424E-5,3.1103467039107824E-5,3.828800917201785E-5,4.795569109160664E-5,6.109823350440698E-5,7.904591195122318E-5,1.0346323211095923E-4,1.3615275035606044E-4,1.784597675125311E-4,2.3009281557374135E-4,2.875684998251299E-4,3.434025680653695E-4,3.8778064776267114E-4,4.129391896338544E-4,4.172491848827181E-4,4.054614056732058E-4,3.854139994498305E-4,3.644989500092691E-4,3.4805961884692147E-4,3.395533386092033E-4,3.41478743762745E-4,3.564274808179923E-4,3.881424294074578E-4,4.4278964683599E-4,5.308652524741454E-4,6.70412045323014E-4,8.925609880314863E-4,0.0012504958678073495,0.001830902703532998,0.0027563349352955693,0.00413511421623354,0.005879975306101053,0.007456745135293837,0.008071462920883536,0.007483935640701201,0.006243411167392769,0.0049915257462843,0.004024791235904203,0.003381882922608711,0.003017043049971641,0.00288758199752324,0.0029839771361042243,0.003345871611400661,0.004090681404014497,0.005482858207606402,0.00810184330087918,0.013246267113391203,0.02383416581938806,0.04567825864381201,0.08474370842088663,0.12746671563795672,0.13312048777514202,0.09967061522882995,0.0639466188909259,0.04118939735796191,0.028839687196573722,0.022587172719112435,0.01995077230896645,0.019932440384942456,0.02261659248896662,0.029382952377570517,0.04432229088306621,0.0791587073338092,0.16973758973586026,0.41185259605673213,0.8254178292417695,1.0222273598915113,0.9843331861959257,0.711564384171011,0.37681617839500825,0.19867008380931653,0.12336856986130011,0.0928464575261309,0.08456583857339575,0.09361707924146313,0.12865478432673777,0.22927644141499204,0.5406735616270962,1.0074606938108808,0.6585003262018375,0.4169400702618747,0.3828819760697634,0.5215582368821979,0.9080544249979178,0.6736963233377334,0.2533025470910371,0.12349478170367735,0.08209601029419565,0.07162930733563101,0.08238979604114754,0.13403343972754694,0.3702934243399043,0.823550812199918,0.2113220556564405,0.08564785906153867,0.057528169355727125,0.059422657397114144,0.11015293232538426,0.7031544295201446,0.09362855842926475,0.016680170615393668,0.00584978125564617,0.0028229090370875632,0.0016631950599006223,0.0011342953994954727,8.71076819546872E-4,7.419768904919507E-4
20500,2.541014888630529E-5,2.540453591387907E-5,2.538767743171738E-5,2.535952426713382E-5,2.5319991075851567E-5,2.5268951310741424E-5,2.520623029441072E-5,2.513159652619515E-5,2.504475141156639E-5,2.49453176746907E-5,2.4832826805863146E-5,2.470670600748909E-5,2.4566265237035726E-5,2.441068510310997E-5,2.423900654964883E-5,2.4050123457424813E-5,2.384277949148117E-5,2.361557071093142E-5,2.3366955609451507E-5,2.3095274337190746E-5,2.27987788257196E-5,2.247567534670976E-5,2.2124180629129343E-5,2.1742591988742863E-5,2.1329370952579704E-5,2.0883238583706177E-5,2.0403279168159924E-5,1.9889047217712544E-5,1.934067104169413E-5,1.8758944689667834E-5,1.8145399153120234E-5,1.750234363337364E-5,1.6832868673956074E-5,1.6140805131660206E-5,1.5430636245108797E-5,1.4707364154129407E-5,1.397633662182302E-5,1.3243043774502515E-5,1.2512897751439565E-5,1.1791009726760632E-5,1.1081978568345413E-5,1.0389703503664455E-5,9.717229971667777E-6,9.066634016118436E-6,8.438946929458346E-6,7.834119229635962E-6,7.251022236921603E-6,6.687487222570775E-6,6.140386956290585E-6,5.605773013213846E-6,5.079094676514908E-6,4.555541191091882E-6,4.030566146614314E-6,3.5006648120094546E-6,2.9644698919374057E-6,2.4241876340652506E-6,1.8872874300318625E-6,1.3681637147629871E-6,8.892264866770549E-7,4.806460376981893E-7,1.7798394178031606E-7,1.7425665712601313E-8,2.9348349472704386E-8,2.321350991055576E-7,6.28706040101852E-7,1.2075331040421637E-6,1.948128565609362E-6,2.8292211397832226E-6,3.837174571661967E-6,4.972909715263081E-6,6.257003607260579E-6,7.733914728977458E-6,9.47702632183887E-6,1.15965293255714E-5,1.4252430237309907E-5,1.7675459636316793E-5,2.2199452661442562E-5,2.8309550714016554E-5,3.6710094291925267E-5,4.841089528084266E-5,6.481256189225629E-5,8.772522983071502E-5,1.1916285575909337E-4,1.606374363856453E-4,2.1170454283289355E-4,2.680913598459238E-4,3.210329051102031E-4,3.599863131730522E-4,3.78162247188622E-4,3.7626196184737727E-4,3.6102839626035363E-4,3.4084314689177236E-4,3.2248191684405375E-4,3.103625694560766E-4,3.073017934954401E-4,3.156690799297335E-4,3.3851907025241756E-4,3.80805689901459E-4,4.510684001390182E-4,5.642474248050042E-4,7.466922920544641E-4,0.001044886400406196,0.001538749991064479,0.0023533166615044765,0.0036340031264568418,0.005392921767172659,0.007190380423057227,0.00812461705512855,0.007706657290433171,0.00643834371105151,0.005085719114299863,0.004031071695959322,0.003329870509294374,0.0029275273963249183,0.0027702894338205862,0.002840290076680053,0.003170800023416857,0.0038734902658732586,0.005207625949239533,0.007752984196308793,0.012839031609523504,0.023541299645750816,0.04619977878250034,0.08743384254718697,0.13104255376761237,0.13188590279383472,0.0940635303654401,0.05826362605913538,0.03687322326425559,0.02567381589151026,0.020140100439576307,0.01789967368447034,0.018056374722095994,0.020753284120279072,0.027411479788211866,0.04223394962096906,0.0775223613536736,0.17204143764654678,0.43161742755754134,0.8692785100756532,1.0601251244776848,0.9429051941809344,0.5665367625615108,0.27096310129065226,0.14194339041473253,0.08993938491733174,0.06920475879638567,0.06421558202059675,0.07207609180600143,0.09987810430898968,0.17872939409201985,0.434935169407224,1.04494660466565,0.8405072721517102,0.5472818381675713,0.5410677686029333,0.8229535398027975,0.9971395079327166,0.37645649494244454,0.14698950816900516,0.08050472598176751,0.0586701169458276,0.05532309508510232,0.0688185356851525,0.12389521014716849,0.41114167176588295,0.7960962756282086,0.18314283022799524,0.08376859041113063,0.06648484492493845,0.0917635536739405,0.36178905542542894,0.22848364586355474,0.025983518735081257,0.0077111714192208405,0.003407523727147793,0.001901400824652037,0.0012516858722315932,9.398273979311103E-4,7.905461359954337E-4
20750,3.760203030840285E-5,3.759692060573016E-5,3.758160114287695E-5,3.755611681107268E-5,3.7520537389955E-5,3.7474949927190355E-5,3.741944795512568E-5,3.735411744448831E-5,3.7279019388201195E-5,3.71941689195649E-5,3.709951090354147E-5,3.699489200485063E-5,3.6880029339786906E-5,3.675447596943824E-5,3.661758370106166E-5,3.646846394262461E-5,3.630594771403316E-5,3.612854636594992E-5,3.593441509707346E-5,3.5721321987796274E-5,3.5486625961700454E-5,3.522726780425291E-5,3.4939779037937694E-5,3.462031396572369E-5,3.4264710399751865E-5,3.386858429916009E-5,3.3427462534499203E-5,3.2936956063156457E-5,3.239297278016274E-5,3.1791965160190316E-5,3.113120268661448E-5,3.040905339838572E-5,2.9625253407230863E-5,2.8781138950104533E-5,2.7879813588558952E-5,2.6926224596304875E-5,2.5927128033684404E-5,2.4890931434792312E-5,2.3827415481960845E-5,2.2747349711511466E-5,2.166202982953887E-5,2.0582773233885487E-5,1.952041302668359E-5,1.8484828403274158E-5,1.7484541310974923E-5,1.6526397275494468E-5,1.56153345475646E-5,1.4754232603463701E-5,1.394382059279686E-5,1.3182620103490873E-5,1.246689576198651E-5,1.1790592901657843E-5,1.114525565391023E-5,1.0519944385539188E-5,9.901212734764655E-6,9.273265857420687E-6,8.61850280912247E-6,7.918733363617517E-6,7.157409603654991E-6,6.323136012957526E-6,5.414387877025558E-6,4.444673407842015E-6,3.4464150962311463E-6,2.47110107268389E-6,1.5836419774749836E-6,8.509898869714733E-7,3.2829689823131656E-7,4.80812009313528E-8,1.6990543224319143E-8,2.210773412957717E-7,6.36681540256069E-7,1.242594958180757E-6,2.0304364273965446E-6,3.0125596585121108E-6,4.228806051573655E-6,5.7545123407315315E-6,7.71274751260115E-6,1.0294370867133356E-5,1.3790563405242875E-5,1.8643914123578493E-5,2.552481476090795E-5,3.543595932797386E-5,4.982871875555884E-5,7.065857516638395E-5,1.0018191407365074E-4,1.4012202144438548E-4,1.8986200859866275E-4,2.441942960216291E-4,2.929996563662682E-4,3.2542330168829216E-4,3.364489940873058E-4,3.2945610735009973E-4,3.1269341068758237E-4,2.9431522966154983E-4,2.8002016904397025E-4,2.732499313577012E-4,2.763778405896332E-4,2.919629741033739E-4,3.239681696705148E-4,3.792813424164921E-4,4.7017541190707337E-4,6.187821500669976E-4,8.653718563110503E-4,0.0012826898334853136,0.00199503026303706,0.0031781236455827957,0.004945855318842493,0.006991415018164682,0.008328828527091617,0.008136543586134108,0.006815028374450503,0.005305301162054531,0.004118746724209093,0.003333907581035361,0.0028815411822329657,0.0026917085498143517,0.0027356685164796417,0.003039887940156401,0.003711915284828204,0.005010960844290609,0.007531308074198613,0.01267631483383976,0.02382528734274388,0.04833440448056117,0.09446321799823734,0.14225776953981834,0.13773518192676595,0.09293294421401263,0.05525265471668816,0.03423148553229084,0.02365330838681767,0.018569311610693702,0.0166085410324792,0.016935099449055625,0.01976048458663477,0.02663280918233366,0.04215837793653092,0.08026855758211159,0.1869287821232841,0.490975241669809,0.9799768325711492,1.1412105967423647,0.89316350682015,0.44620287507344797,0.20052659888094038,0.10601342791061193,0.06889024788550341,0.054424230851589095,0.05177600718392098,0.059519726355793494,0.08449968384798044,0.1555188314715007,0.3981779457709146,1.1283494222608395,1.0360480000389367,0.7110141368177622,0.7945064397655853,1.2383715690510755,0.6769037604071487,0.2105198677889146,0.09280710077730947,0.05658518431586577,0.04501786661431922,0.04611248532781708,0.06303661736693762,0.1303676412910528,0.5695000876701821,0.6606463183521304,0.15688049312513602,0.0865979895484514,0.08836930657299942,0.20735395679852137,0.8145795110781487,0.04876435049246634,0.01139578471457923,0.004502282698784601,0.0023539685558041515,0.0014876093428930247,0.00108901359861118,9.034557793957563E-4
21000,5.4072135439176686E-5,5.406676705960539E-5,5.405072041655217E-5,5.402419867451244E-5,5.39875364845081E-5,5.394119383392635E-5,5.3885747011517066E-5,5.3821876271337973E-5,5.375034967324879E-5,5.367200248138211E-5,5.358771141916766E-5,5.349836301489302E-5,5.3404815229527865E-5,5.33078515497326E-5,5.320812676155421E-5,5.310610371390899E-5,5.3001980555529815E-5,5.289560821531315E-5,5.278639833235993E-5,5.2673222476176094E-5,5.255430438438053E-5,5.242710814439996E-5,5.228822681165866E-5,5.2133277923667353E-5,5.1956814730549344E-5,5.175226463535368E-5,5.1511909123873204E-5,5.122692200583122E-5,5.088748452988704E-5,5.048299610520272E-5,5.000239702099259E-5,4.9434613713779416E-5,4.8769126988296384E-5,4.7996648888310006E-5,4.71098753258945E-5,4.6104261119943794E-5,4.497874522191787E-5,4.373634120897531E-5,4.238450643118013E-5,4.093521616420942E-5,3.9404697648489526E-5,3.781282000858506E-5,3.618218282026684E-5,3.4536989027672487E-5,3.2901817464837354E-5,3.130041966895354E-5,2.9754653105879836E-5,2.828363174191141E-5,2.6903132361944372E-5,2.5625249820682434E-5,2.4458254002162692E-5,2.3406570250725413E-5,2.2470784796822872E-5,2.164756639620734E-5,2.0929394071611167E-5,2.0303990343485548E-5,1.9753388069928353E-5,1.9252626348551534E-5,1.876821078452185E-5,1.825673179221569E-5,1.766444797864681E-5,1.6929174307904953E-5,1.5986238225611894E-5,1.4780027985200653E-5,1.3280943891518453E-5,1.150394392317799E-5,9.5205907015005E-6,7.455196941887878E-6,5.461144422879522E-6,3.6845710029495463E-6,2.2313285793420354E-6,1.1514067184279642E-6,4.441855817506167E-7,7.729926576993293E-8,8.713153263743967E-9,2.0513599043359856E-7,6.55249442955037E-7,1.3800270574988824E-6,2.4441865761403333E-6,3.973700998077624E-6,6.185499617165619E-6,9.437667858913796E-6,1.4311136191499868E-5,2.173356219124418E-5,3.314087945635783E-5,5.061028019855964E-5,7.673345643139206E-5,1.1371886588793412E-4,1.6116096986066097E-4,2.1314978453026168E-4,2.5817610186869814E-4,2.85070021723115E-4,2.906622906184215E-4,2.8070218758566767E-4,2.642887652057731E-4,2.48889159226342E-4,2.3908756511055053E-4,2.3757373083536197E-4,2.465767263794107E-4,2.691751773126195E-4,3.1070509828579176E-4,3.8087231106375015E-4,4.976260080745374E-4,6.947408286033367E-4,0.0010365071560445892,0.0016431958991661656,0.002718353762268281,0.004500966075256128,0.0069160730659321625,0.008956139653462277,0.009217488938983756,0.0077888216836394025,0.0059378453739722635,0.004464040997568977,0.0034992490199145412,0.002942289637039382,0.002689103490823001,0.0026891061421875566,0.0029558617262483654,0.0035891788525174253,0.004845884706749195,0.007335580836786151,0.012558121279255936,0.024363613724935743,0.05210840311071383,0.1093711679563335,0.17357336077002317,0.16546653284235802,0.10473362127495917,0.05857853141791654,0.034855837450893365,0.02353833250697592,0.0182738206957877,0.01629475646225446,0.016670482706838345,0.01963314719822722,0.026890845256912224,0.04366471774634071,0.08654465296885964,0.21487227863471564,0.6143972505310588,1.257851380803429,1.3983764155705978,0.942024186673887,0.39412399083731303,0.1671639699081152,0.08818898532961428,0.058064192634177954,0.04667564065571267,0.04527503176245733,0.053199739449318724,0.07756664997369209,0.14825518451524836,0.40905301376606995,1.4186105300928877,1.4080910407701315,1.0035492437492028,1.315919636929751,1.5571801731929906,0.42679900116181,0.13868677273310703,0.06778936893361676,0.04499018040323091,0.038615117280238795,0.04281880949448077,0.064691069693137,0.15807217872707777,1.0330059253764239,0.5533236861407009,0.1529214116770592,0.10573783303845799,0.15602848126664937,1.1126129853119775,0.13830694031214003,0.0211122023959823,0.007074251298247451,0.0033877057351737647,0.002031525210060223,0.0014412266757851317,0.0011761567023261
21250,7.65737261047527E-5,7.65663739786209E-5,7.65444140974936E-5,7.650818674954536E-5,7.645826165999297E-5,7.639544148745555E-5,7.632076598357818E-5,7.623551608408425E-5,7.614121699555046E-5,7.603963914190715E-5,7.59327956387869E-5,7.582293477224731E-5,7.571252577018932E-5,7.560423597028975E-5,7.550089730374877E-5,7.540545983051393E-5,7.532092987816721E-5,7.525029015799152E-5,7.51963990702324E-5,7.516186629066651E-5,7.514890169745105E-5,7.51591348241852E-5,7.51934024255816E-5,7.525150257987305E-5,7.53319152525006E-5,7.54314916969123E-5,7.554511881712803E-5,7.566537003284567E-5,7.578216159497122E-5,7.588244285619044E-5,7.594996049879849E-5,7.596514932966752E-5,7.590521420087898E-5,7.574447592431713E-5,7.545505444792607E-5,7.500794982020294E-5,7.43745504265031E-5,7.352854540595886E-5,7.244814533108006E-5,7.111843049474268E-5,6.953356616519781E-5,6.76985722029566E-5,6.563033466552895E-5,6.335761551140719E-5,6.091995192884017E-5,5.836551572533353E-5,5.57481839307212E-5,5.312420706100107E-5,5.054891541980585E-5,4.807386487964421E-5,4.574470777554384E-5,4.35999172020077E-5,4.16703341101518E-5,3.997937672354224E-5,3.854366420295938E-5,3.737375693617965E-5,3.647468790370119E-5,3.584593266227221E-5,3.5480423729923896E-5,3.536215891822938E-5,3.5461917923244316E-5,3.573069049096491E-5,3.6090849849283694E-5,3.642623687051585E-5,3.657455814172271E-5,3.632883435747526E-5,3.545759805591104E-5,3.375207348845683E-5,3.109715200025729E-5,2.7541346784348256E-5,2.332342796688565E-5,1.8824477625451533E-5,1.445871975436853E-5,1.055945569009764E-5,7.3156889782135655E-6,4.774329156973753E-6,2.8842224479917867E-6,1.5490045452856818E-6,6.686454784934969E-7,1.6551239904810578E-7,7.854748389121307E-12,1.8384934379205635E-7,7.99787897216502E-7,2.0382452851102567E-6,4.2656941074969386E-6,8.14623828668444E-6,1.4839820005255619E-5,2.626881674772505E-5,4.5296477863048625E-5,7.52615373775302E-5,1.1780866027624028E-4,1.687781035035832E-4,2.1609838350720978E-4,2.460189895194648E-4,2.537446131465673E-4,2.454169695209717E-4,2.30953113740776E-4,2.1803337128866162E-4,2.110668731616235E-4,2.1261590679854823E-4,2.2506511145330778E-4,2.5209593327831577E-4,3.0042251108590873E-4,3.827196102618775E-4,5.234866628111299E-4,7.714730650853835E-4,0.0012259442978352238,0.0020870159021327914,0.0037161222578141963,0.006524867550784026,0.010143666683236843,0.01235673609895803,0.011379699255389177,0.008671549588694046,0.006212536670986542,0.004572113565796321,0.0036124521994209706,0.0031214408811896612,0.0029716291735819426,0.003129260312715945,0.0036602330640932907,0.004785228626434194,0.00705772448824164,0.01189097305310158,0.02318111049609515,0.052233827217988804,0.1271146476612468,0.25941859095827313,0.3006958214607289,0.19137659846174715,0.09678258069426761,0.05173424075440536,0.032052130990211466,0.023288618448225298,0.01971863258254079,0.01934756639022742,0.022007169195120836,0.029273278552374656,0.046446356745354495,0.09105414467146607,0.23222750289987432,0.7759887422695481,2.164977016948191,2.71362588108587,1.9075840201117464,0.6617905196047611,0.23652695024096487,0.11275605451343869,0.06961648593580155,0.053447604024668076,0.04997108458615777,0.0568252398276871,0.08022636831808791,0.14844697654841632,0.4067780976672026,2.0132002560922184,3.722043410466481,2.0924093440127636,3.0803059840033242,3.525014444899787,0.5548309418727587,0.16568328481256525,0.07995593314773021,0.05323920373634897,0.04618754186431804,0.052084864945284366,0.08067877316903797,0.20698812990045162,2.0326679588835175,1.131315617136668,0.26746282583411773,0.20853607375907443,0.47026614287394825,3.3750365048147493,0.09139638673504752,0.020812985483136422,0.008366825919059009,0.0045537113532438545,0.003056992751032281,0.002428118949123538
21500,1.0779927765328584E-4,1.0778969776067066E-4,1.0776098410385582E-4,1.0771330054713757E-4,1.0764693332419246E-4,1.0756231042852627E-4,1.0746002815652272E-4,1.0734088416985297E-4,1.0720591622361752E-4,1.0705644546238838E-4,1.0689412291816162E-4,1.0672097755544708E-4,1.0653946390371068E-4,1.0635250700376138E-4,1.0616354207864072E-4,1.0597654602787763E-4,1.057960575392732E-4,1.0562718231228698E-4,1.0547557958334684E-4,1.0534742581873796E-4,1.0524935107020452E-4,1.05188343043767E-4,1.0517161338239025E-4,1.0520641999030757E-4,1.052998384362883E-4,1.0545847461886806E-4,1.0568811009024413E-4,1.0599327096675205E-4,1.06376711617737E-4,1.0683880595731152E-4,1.0737684306827155E-4,1.0798423126164632E-4,1.0864962696741188E-4,1.0935602360622929E-4,1.1007986207488744E-4,1.107902590270934E-4,1.1144849011277272E-4,1.1200790782217307E-4,1.1241450794116784E-4,1.1260836980664206E-4,1.1252616406271166E-4,1.121048276317803E-4,1.112863370448347E-4,1.1002327500817908E-4,1.0828461745797782E-4,1.0606093788322857E-4,1.0336812043674362E-4,1.0024877047906742E-4,9.677083734697625E-5,9.302346639002543E-5,8.911064649182942E-5,8.514365293273794E-5,8.123347351338998E-5,7.748430469358502E-5,7.398886951925466E-5,7.08258615591212E-5,6.805938892413513E-5,6.573996881525488E-5,6.39064324413639E-5,6.258801333905854E-5,6.180584724162024E-5,6.157304021426199E-5,6.189231314217987E-5,6.275000271088406E-5,6.410499487131807E-5,6.587130129488438E-5,6.789414244142217E-5,6.992269562014067E-5,7.158925279270678E-5,7.241388012018063E-5,7.186019043758112E-5,6.945868119483026E-5,6.497678351059638E-5,5.856032529160705E-5,5.074931332456999E-5,4.2330062241695064E-5,3.4095130689383657E-5,2.6640347237292673E-5,2.0282413544695927E-5,1.5090185575335219E-5,1.0970769281760389E-5,7.756187871271645E-6,5.265452632860806E-6,3.340755037999362E-6,1.867340566689513E-6,7.891800942317283E-7,1.3319605970795898E-7,5.754200976409999E-8,9.452783450042355E-7,3.568365564037724E-6,9.323288999960844E-6,2.0418995136664933E-5,3.9583512351500124E-5,6.852324665907868E-5,1.051193267719552E-4,1.421304540620402E-4,1.7097050956185882E-4,1.8779303384030706E-4,1.9499632347865588E-4,1.9794763190188942E-4,2.0182423356415017E-4,2.1074769230352352E-4,2.2843043422548348E-4,2.594047021277228E-4,3.106996541641597E-4,3.945148761191499E-4,5.331697619446823E-4,7.688619069300955E-4,0.0011828018432787993,0.0019290665119439305,0.003273548664701867,0.005544524926852947,0.00871314425057893,0.011607880031974672,0.012433175963129784,0.01104963199549114,0.008901132561980519,0.007072197331531733,0.005850242729360749,0.005183285810871661,0.004986313750533005,0.005244811341236672,0.006060571384133031,0.007729795627761776,0.010941279173670212,0.017285192197651057,0.030550699321985952,0.059688784787640954,0.12197267005530027,0.22523642414566555,0.3017982269420651,0.26620511775021705,0.17829361848968936,0.11202498442724507,0.07498815882553866,0.056115891447855455,0.04754232406889198,0.04568323958752842,0.04982977417167131,0.0619241050025317,0.08836271509909928,0.14646786743137438,0.28459685507201815,0.633737329837484,1.399639690339628,2.265001125549016,2.363712338672247,1.6486227746370195,0.8826314954484699,0.4726044456289537,0.2896471857845284,0.20870215200718586,0.17611097568938605,0.17295583815629773,0.19738704827273898,0.2629648482974937,0.41264281842447476,0.7654606180143961,1.604427491425654,3.089000812936908,4.1294814922263585,4.291973022240265,4.156820383835643,3.613642336012423,2.8164448280361483,2.2183003703319555,1.9508489689052446,2.0004317622858854,2.415496212219725,2.817016994431737,1.1544457020326,0.1720000346756813,0.010121224768902202,0.03961323055370039,0.15061220679099496,0.29594909109842954,0.37625462246505254,0.3332188342138226,0.2349084663206772,0.1492986618452501
21750,1.519407038414003E-4,1.5193357002328797E-4,1.519120891550369E-4,1.5187613246320851E-4,1.5182550075190413E-4,1.5175994758561296E-4,1.5167921180949773E-4,1.5158305940822088E-4,1.5147133461780243E-4,1.5134402005607465E-4,1.512013054183291E-4,1.5104366398940926E-4,1.5087193585136058E-4,1.5068741622021334E-4,1.5049194683567794E-4,1.5028800776839869E-4,1.5007880642039693E-4,1.4986835989725094E-4,1.4966156634818755E-4,1.4946426032325853E-4,1.4928324669503528E-4,1.4912630723870122E-4,1.4900217354318177E-4,1.4892045950660074E-4,1.4889154620512015E-4,1.4892641136127584E-4,1.4903639492639238E-4,1.4923289140777218E-4,1.4952695855105047E-4,1.4992883096774616E-4,1.5044732657405386E-4,1.51089133803259E-4,1.5185796929520644E-4,1.5275360035327945E-4,1.5377073549791397E-4,1.5489780191080285E-4,1.561156525932223E-4,1.5739628048855523E-4,1.5870166232426276E-4,1.5998290970484954E-4,1.611799629993602E-4,1.622221127235421E-4,1.6302965422085457E-4,1.6351694930811985E-4,1.6359705697653273E-4,1.6318788704172915E-4,1.6221953171565806E-4,1.6064208290433678E-4,1.5843293101669564E-4,1.5560237435843332E-4,1.5219644755145323E-4,1.4829624566033064E-4,1.4401362489620522E-4,1.3948385166239965E-4,1.3485635098130978E-4,1.3028500297877375E-4,1.2591937854816606E-4,1.2189793800151757E-4,1.1834367156237047E-4,1.1536209202004027E-4,1.1304101269144965E-4,1.114512030721439E-4,1.106467903889489E-4,1.1066411379473952E-4,1.1151759561893157E-4,1.1319109224032327E-4,1.1562328225017436E-4,1.1868631913347627E-4,1.2215887594380098E-4,1.2569864915945833E-4,1.2882569973731158E-4,1.3093509304999912E-4,1.3135979530476004E-4,1.2949386814244438E-4,1.249560411658181E-4,1.177349761908536E-4,1.082406883899885E-4,9.722009887726314E-5,8.556664844159132E-5,7.411017124089166E-5,6.347032542361903E-5,5.4006435483841524E-5,4.584495024327342E-5,3.8943904882164834E-5,3.315984134819198E-5,2.8299254737916536E-5,2.415069781557489E-5,2.050148475657865E-5,1.7146396168196496E-5,1.3898132413290046E-5,1.0612731737257405E-5,7.246995103456279E-6,3.9611901772029615E-6,1.2493751713230218E-6,3.6623283550760683E-9,1.343547774519691E-6,6.1339373558861065E-6,1.4466729101853167E-5,2.5611208346062502E-5,3.855957605032154E-5,5.271066039748695E-5,6.824213587421737E-5,8.61707444345725E-5,1.0836235515276045E-4,1.3772208603083405E-4,1.787092082037278E-4,2.3831502849621508E-4,3.276872793233682E-4,4.645436453395224E-4,6.760263882717815E-4,9.998621025267475E-4,0.0014775318060502034,0.0021287374163125633,0.0029057046066648033,0.0036669896237857477,0.004238293067377629,0.004535806239262333,0.004615676596428054,0.004609264780102689,0.004644814754130167,0.0048226546602254255,0.005231178699358131,0.005977201918708972,0.007222082277589227,0.009226506555876129,0.012403700598543756,0.01735208007875337,0.0247562469608629,0.03492224755039735,0.04683922088850042,0.05761421795915347,0.06394713463883563,0.0648832602144076,0.062313506633949814,0.058970032344810665,0.0568559042717397,0.057120596420235925,0.060545890808141975,0.06798654591418854,0.08058345927776508,0.09960844570125925,0.12556716310170096,0.15620690691549016,0.18452076266876266,0.2004829565603136,0.19809874771110858,0.18052376629944125,0.15651294358835433,0.13354204450677837,0.11492354979658378,0.10053937061455229,0.08778461590143373,0.07084637217528916,0.04013541750495495,0.05796173566441071,0.36293895175838775,0.6847879129116087,0.532819804684289,0.3037188283365274,0.12618502430976758,0.044474692744268046,0.02251462194960945,0.025992825508911625,0.04030643755663924,0.06060666598053508,0.08566896545227255,0.11728833877812886,0.16102514755485522,0.22362525612858533,0.2965312429520905,0.33317514552371136,0.33217269672260435,0.44167112697091304,0.2844913822903622,0.03174303141185978,0.012161044801980483,0.008465940054972228,0.007112073533992292,0.00647116242369603,0.006190113468665774
22000,2.156606633582082E-4,2.156595184885515E-4,2.1565590339204567E-4,2.1564942057549034E-4,2.1563942322926863E-4,2.1562503918433142E-4,2.1560520529256025E-4,2.1557871299309413E-4,2.1554426593191713E-4,2.1550055052103965E-4,2.1544632023531596E-4,2.1538049423295243E-4,2.1530227053127225E-4,2.1521125346342664E-4,2.1510759447729101E-4,2.1499214452112844E-4,2.1486661530513142E-4,2.1473374566202403E-4,2.1459746809148763E-4,2.144630694107715E-4,2.1433733829997166E-4,2.1422869147622462E-4,2.1414726929576527E-4,2.1410499078453084E-4,2.1411555742431482E-4,2.1419439442056084E-4,2.1435851756042718E-4,2.1462631301129935E-4,2.150172163768723E-4,2.1555127590439338E-4,2.1624858288792146E-4,2.1712855015250574E-4,2.1820901740423495E-4,2.1950516093947268E-4,2.210281860011203E-4,2.2278378489784824E-4,2.247703556004549E-4,2.2697699741050005E-4,2.293813365042434E-4,2.3194728856606913E-4,2.3462294067268642E-4,2.3733882858505422E-4,2.400069901727132E-4,2.4252127181668187E-4,2.4475942022429047E-4,2.4658746300089857E-4,2.47866719229619E-4,2.484634508762003E-4,2.482606701333888E-4,2.4717102386608036E-4,2.4514912516692783E-4,2.4220138561398548E-4,2.3839149940789334E-4,2.338403218011791E-4,2.287198814066307E-4,2.232424133899188E-4,2.1764625915148328E-4,2.121809613537056E-4,2.0709377261686444E-4,2.0261917419261033E-4,1.9897208881901083E-4,1.9634451778032715E-4,1.949045109491293E-4,1.9479574877937379E-4,1.9613553849533034E-4,1.9900863442768243E-4,2.0345398328403707E-4,2.094414614445481E-4,2.168364512215658E-4,2.253527012736614E-4,2.3449968276385144E-4,2.4354045942974744E-4,2.514882846582391E-4,2.571776643329873E-4,2.5943542816420106E-4,2.573380891484244E-4,2.5048144210999053E-4,2.3914606160019085E-4,2.2426602901205427E-4,2.0720157308163243E-4,1.8941659922012074E-4,1.7219457490881166E-4,1.5647806378120082E-4,1.4283967353974865E-4,1.315402632104555E-4,1.2261968080170518E-4,1.1598013555485057E-4,1.1144171409790156E-4,1.0876251994713282E-4,1.0762135449062883E-4,1.0756326098695371E-4,1.0791555762240796E-4,1.077050234549699E-4,1.0565295804752239E-4,1.0037273627663415E-4,9.085863323414838E-5,7.71264320822534E-5,6.054380566009544E-5,4.341930202228621E-5,2.803178996338444E-5,1.5823412637554965E-5,7.242692594152849E-6,2.101362875650627E-6,5.5474102192005565E-8,9.873614935317972E-7,5.290890337883656E-6,1.4171834209678378E-5,3.0097928717936193E-5,5.751266063040843E-5,1.0381038849340297E-4,1.8015269570979104E-4,3.006952144330808E-4,4.775358675616163E-4,7.099755757525367E-4,9.74709929493569E-4,0.0012319199663494709,0.0014499973850314598,0.0016262494001929434,0.0017856230950807751,0.0019675776484011213,0.0022183044177600474,0.0025936287575418697,0.0031706741093334313,0.004066858841644294,0.005465403220933,0.007639051646147712,0.010936013683518899,0.01563714483338891,0.02158271592472785,0.027746886140101644,0.03247877614985856,0.03470648316608615,0.034785237084520915,0.03397313625212016,0.033506969422603165,0.03427292529456898,0.03697076989544527,0.04239708083921297,0.05166174967685396,0.06615041377768537,0.08665914137038551,0.11060828207670975,0.12779146392091983,0.12323650281185457,0.21741300495625995,0.08063262265415415,0.5764094522469707,0.44769005809269846,0.35687506626058857,0.32800586444049373,0.3051816709476961,0.2334195142571495,0.16458452532621612,0.14375769732364616,0.14764573257718483,0.21038102483827012,0.345539319787389,0.493055564094305,0.5773823646108848,0.5333167548432222,0.4132028697528121,0.30790437537689,0.2420023410399971,0.2080428562496485,0.1975775836136322,0.2070365609144597,0.23530019502718136,0.2706822097374014,0.26331338969383433,0.18259795388732783,0.10133170760052507,0.05718689029589507,0.043554163974262046,0.08175167875276357,0.19906687892405375,0.06432910743287833,0.029509119453547842,0.018495713472771316,0.013801547654832064,0.011644825657840942
22250,3.0984421649521426E-4,3.0985644967528405E-4,3.098928280080625E-4,3.099525888839751E-4,3.1003447138315814E-4,3.1013673245079893E-4,3.102571715602535E-4,3.103931658239509E-4,3.1054171797882934E-4,3.106995200595348E-4,3.108630358440507E-4,3.110286052796691E-4,3.111925740245602E-4,3.1135145093360943E-4,3.1150209572671894E-4,3.116419381700487E-4,3.117692288477155E-4,3.1188331999521045E-4,3.119849729293194E-4,3.1207668638600955E-4,3.121630376583094E-4,3.1225102592010866E-4,3.123504046718446E-4,3.1247398799405567E-4,3.126379133752704E-4,3.1286184238010187E-4,3.1316907935018037E-4,3.135865875963794E-4,3.1414488193170256E-4,3.1487777558199774E-4,3.1582195806920306E-4,3.170163781338447E-4,3.1850140176040143E-4,3.2031770972140575E-4,3.2250489201933046E-4,3.250996891361034E-4,3.281338240925961E-4,3.3163136841477306E-4,3.3560559449267503E-4,3.400552939586476E-4,3.449605961584017E-4,3.5027841335306595E-4,3.5593777974294005E-4,3.618355440020044E-4,3.678331113000621E-4,3.737551800894216E-4,3.793916190404811E-4,3.845036832376822E-4,3.888355552736818E-4,3.9213160705636437E-4,3.941587757889167E-4,3.947321413356216E-4,3.937404790046098E-4,3.911676905853599E-4,3.8710604182264714E-4,3.817582945331676E-4,3.754279513339035E-4,3.6849934535338906E-4,3.614114094419086E-4,3.546299836618499E-4,3.486232151718467E-4,3.438431959883522E-4,3.4071499744158174E-4,3.396322394266897E-4,3.409566141083654E-4,3.4501742277994363E-4,3.5210603378186503E-4,3.624590640093791E-4,3.762231093465728E-4,3.933936867006023E-4,4.1372342050107505E-4,4.366024139743115E-4,4.609307648638653E-4,4.850303065108326E-4,5.066717018197855E-4,5.233000006068123E-4,5.324923638846103E-4,5.325630298366408E-4,5.230960135498008E-4,5.051496389645157E-4,4.810129276820286E-4,4.5362806240506503E-4,4.259486113250901E-4,4.004768759759359E-4,3.790753979059858E-4,3.6300713997669033E-4,3.5309837103660664E-4,3.499266918308733E-4,3.5396940193379217E-4,3.656707662799759E-4,3.853884696480507E-4,4.131641589681866E-4,4.48252984842318E-4,4.883972133212715E-4,5.290312864051488E-4,5.630045735508973E-4,5.81736823045415E-4,5.782290120186828E-4,5.506239938119312E-4,5.035849717053679E-4,4.460887397646892E-4,3.874046339495461E-4,3.3416796851158E-4,2.896919546055006E-4,2.547533693752178E-4,2.2870668240861265E-4,2.1030489041834195E-4,1.980991188800028E-4,1.9048668022708887E-4,1.85497392624921E-4,1.8041911120352398E-4,1.7151142038081033E-4,1.544158253581993E-4,1.2610009587003004E-4,8.810947488430991E-5,4.8155728630110954E-5,1.6734926393633655E-5,1.198477358556571E-6,3.5296017471226814E-6,2.307173012019026E-5,6.0585644039204824E-5,1.2147026848285911E-4,2.1898081894788208E-4,3.7954596563632764E-4,6.526056105403478E-4,0.0011268698001949762,0.0019496836229799459,0.0033262685427652284,0.0054377453498511445,0.008231422219294833,0.011260010281302028,0.01394953120949842,0.01617048454035944,0.01849864188872542,0.02234908645669602,0.03192058103264339,0.08074294761798086,0.08336097991993094,0.02044648993552432,0.020426846670363395,0.036624118704808535,0.0718045347105716,0.08886216623333242,0.15583868363413014,0.20466493681981177,0.12296715506243784,0.06591415916947761,0.03717005350030753,0.023906855432411254,0.018399953487672073,0.017229737982745828,0.019379766335146324,0.025505800194944948,0.038469001404994124,0.06606799095905462,0.12914445449525977,0.2721557874759261,0.4822703105121996,0.501717549207265,0.26086889754756576,0.09878191900353772,0.04262757604763324,0.022740888563874132,0.014529949202642915,0.01077923305181179,0.009184092468543244,0.009147151475281582,0.011410535451527825,0.02114434625568447,0.08096270420930579,0.37986662976543634,0.18065227684331117,0.15054833622618574,0.2059099045633225,0.2484772679748426,0.13570287786296195,0.06227092323621462,0.0342515061491733,0.022601956873174206,0.017333006942549616
22500,4.5289973346938195E-4,4.5293914448774417E-4,4.5305692389819777E-4,4.532520008134235E-4,4.535225822915134E-4,4.5386614272763557E-4,4.5427941214164463E-4,4.547583665427853E-4,4.552982245054949E-4,4.558934550551269E-4,4.5653780290961447E-4,4.5722433801139806E-4,4.579455370568201E-4,4.5869340529865914E-4,4.594596471658228E-4,4.6023589409283956E-4,4.6101399725003496E-4,4.617863914888205E-4,4.6254653464986213E-4,4.632894233528682E-4,4.6401218247431287E-4,4.6471472079014336E-4,4.6540043987278634E-4,4.660769775526198E-4,4.6675696145130694E-4,4.674587426893577E-4,4.6820707531031153E-4,4.690337036194798E-4,4.6997781771071094E-4,4.710863369048927E-4,4.7241398125351933E-4,4.740230918877824E-4,4.759831606798233E-4,4.783700269982078E-4,4.812646927877382E-4,4.847516954860755E-4,4.889169607356716E-4,4.938450339837784E-4,4.996155643242585E-4,5.062988906753874E-4,5.139505690175958E-4,5.226046947249676E-4,5.322659371786684E-4,5.4290034231922E-4,5.544252036555783E-4,5.666986806238884E-4,5.795103632840342E-4,5.925746096075416E-4,6.055291087687206E-4,6.179415459576449E-4,6.293271614499994E-4,6.391790762694095E-4,6.470112766398106E-4,6.524112047022791E-4,6.550955841374348E-4,6.549604963611593E-4,6.52116064401027E-4,6.46898217404787E-4,6.398547073426502E-4,6.317084752668712E-4,6.233066001048748E-4,6.155656633061405E-4,6.094237527191202E-4,6.058060769766554E-4,6.056065877290297E-4,6.096834166140927E-4,6.188620436393607E-4,6.339369095783636E-4,6.556591760008382E-4,6.846950741745484E-4,7.215361097455911E-4,7.663414872650085E-4,8.186997919710517E-4,8.773202140635282E-4,9.397131632377466E-4,0.0010019953926939348,0.001059024443148079,0.0011050558712097074,0.0011349393783112946,0.0011455400098802752,0.0011367930419559865,0.0011118624573115366,0.001076325730855157,0.0010368269027041083,9.998283152915493E-4,9.708813484763645E-4,9.544834863497184E-4,9.543517728838494E-4,9.738849348543711E-4,0.0010166282319579757,0.0010865964563542628,0.00118829084452812,0.0013261477975868496,0.0015030219061714916,0.0017173061507883781,0.00195883641278517,0.0022052994941328162,0.002423024730736562,0.0025759837432486974,0.002641147377244995,0.0026203155588781896,0.0025389959256967146,0.0024341723924079703,0.0023413968575072062,0.0022887184543543245,0.0022975680223774725,0.002387253193389944,0.002580402816633003,0.0029082682937137407,0.003415282332271142,0.004161032029047286,0.005214440137761421,0.006630442206388793,0.008400991913906959,0.0103965317304611,0.012362550280255985,0.014038009209738333,0.015339591499096264,0.016449100829122543,0.017758720188710185,0.01980778214105361,0.023354100945451844,0.029682792780973535,0.04139282326455269,0.06449395009260157,0.11480776888518443,0.24032837935074935,0.5897243533195858,1.098984304060515,0.6532123319656737,0.3661491263124674,5.536075569785835E-4,0.2094591295997162,0.11734912459592774,0.059127034517215335,0.12284006636594813,0.26606271008338045,0.4284889844694531,0.42812484310823873,0.37986293656349573,0.3607443673129941,0.3644242370048521,0.3629843178421312,0.322060517696775,0.24309727453720018,0.19341427084659904,0.1995122845832692,0.21256041588556499,0.2114207063980543,0.20445261858906477,0.20231815189483557,0.21232535437961492,0.2405486743037521,0.29306344422257186,0.37025173717817395,0.4510620481380511,0.5006638412481716,0.525286245473037,0.5465137722405171,0.4512675111632985,0.2217496234691508,0.10262598706752445,0.06706744626248662,0.06534685861104585,0.08972683457745514,0.15234760843194445,0.16071193881400875,0.07135014615578851,0.031794381955516406,0.018905095354275623,0.016259179765284376,0.021448180089081195,0.04224655384809474,0.11076418984907899,0.21786655820746315,0.15146338880837226,0.08621336414815227,0.05757853412849127,0.04421282411627777,0.03759883295998072
22750,6.772932530372695E-4,6.773823670552253E-4,6.77649243821785E-4,6.78092920418725E-4,6.787117507433508E-4,6.795033452164375E-4,6.804644894842065E-4,6.815910454448055E-4,6.828778391828875E-4,6.843185418584132E-4,6.859055512858043E-4,6.876298838544566E-4,6.894810885676201E-4,6.914471972262621E-4,6.935147270787582E-4,6.956687544031546E-4,6.978930792851475E-4,7.001705029987539E-4,7.024832395500964E-4,7.048134817257279E-4,7.071441390026775E-4,7.094597595804859E-4,7.117476413520857E-4,7.139991267709399E-4,7.162110645137417E-4,7.183874070871603E-4,7.205408989634541E-4,7.226947956214943E-4,7.248845413960697E-4,7.271593246737257E-4,7.295834238125006E-4,7.322372567194247E-4,7.352180508933329E-4,7.386400574015991E-4,7.42634238978556E-4,7.473473653761719E-4,7.529404437202163E-4,7.595863932620828E-4,7.674668386524634E-4,7.767678416628175E-4,7.876743195036036E-4,8.003628153202972E-4,8.149922080699358E-4,8.316919015958743E-4,8.50547059092549E-4,8.715806114694845E-4,8.94732147744375E-4,9.198344836063365E-4,9.465897747897736E-4,9.745484992847678E-4,0.0010030963302503418,0.0010314554691134644,0.0010587077158106292,0.0010838455052522402,0.001105853497674302,0.0011238168644725137,0.0011370441886439243,0.001145185407762677,0.0011483218346870889,0.00114700866308194,0.0011422606760310733,0.001135486059817104,0.0011283861204695103,0.001122845608950327,0.0011208373503710084,0.00112435732563977,0.001135395608981845,0.0011559378119015537,0.0011879824681089502,0.001233551738214636,0.0012946643972731875,0.001373230111599327,0.0014708138725564599,0.0015882162734707416,0.0017248358778208276,0.001877851511471269,0.002041410522636331,0.0022062189509061765,0.0023600855529916746,0.0024898450935369743,0.0025844958736891974,0.002638522795655328,0.002653908869743375,0.002639864142641209,0.002610570244027402,0.0025822491536385004,0.002570910923001294,0.002591445780043251,0.002657993242480104,0.002785158865945745,0.002989615867574125,0.0032916744067567464,0.003716292741833207,0.004292592174079996,0.005050217261111832,0.006010274386878857,0.007169483066850155,0.008481000591414106,0.009844697934396168,0.011125613609256922,0.012206265376014555,0.013046909624369331,0.013712976585325023,0.014357472823543119,0.015186327343150913,0.016442540749990554,0.01842696484992969,0.021561162448138545,0.02650424467067584,0.034358045922442924,0.04703313516316194,0.0679113566921283,0.10305120449898227,0.1633882898973126,0.26869081121719873,0.4530154660240537,0.7545807613690273,1.0869496697841081,1.0637613988004897,0.7084042065561255,0.41833431812146954,0.25574401964626076,0.16739776124478742,0.11511597805546084,0.0786751263916905,0.11612673835348107,0.5461236798036602,0.34274757783483695,0.2996094928491858,0.17243187163709442,0.22228675102149728,0.49817759830731057,0.4532412117780721,0.3441696096105977,0.28079162720766915,0.25274550137039864,0.24414853533078892,0.23622804043870715,0.21539299454048047,0.18724387727963415,0.1624440075565428,0.16531944964283027,0.2255772118804259,0.3337913339477588,0.417666564095145,0.4212590525466609,0.36131305522654383,0.2878846995964838,0.23171269050449123,0.19829549169677624,0.18449328642655416,0.1877892905595177,0.2084658516152616,0.24818507762704145,0.3006429176852684,0.3288934614994562,0.28883714890428447,0.2220368416404407,0.19669472864831888,0.24369146452338564,0.2904431393324915,0.2181830203537531,0.150188377241033,0.11733043711964418,0.1062787984711356,0.11151993526518197,0.13610998813522315,0.18816828170067623,0.2332903625037433,0.16263248631821867,0.0794461929610377,0.042802405836122624,0.03045099948802885,0.034468632633171084,0.08344556306467187,0.1769546641841096,0.05336289020726457,0.0246070582543356,0.01627248431478123,0.013171577745886953
23000,0.0010432353924483245,0.0010434105453893349,0.0010439358228195178,0.0010448113556766753,0.0010460372791973745,0.0010476136088050764,0.001049540067037776,0.0010518158625900857,0.0010544394234127156,0.0010574080871128895,0.0010607177537414018,0.0010643625085173416,0.0010683342252471425,0.001072622165180022,0.001077212590850219,0.001082088420045047,0.001087228951276625,0.0010926096987731884,0.0010982023816207866,0.0011039751176892781,0.0011098928775273179,0.0011159182555407134,0.001122012614255044,0.0011281376511322139,0.001134257425098724,0.001140340860858515,0.0011463647229850368,0.0011523170193431021,0.0011582007563056829,0.0011640379293814474,0.001169873596163615,0.0011757798484437977,0.0011818594813056513,0.0011882491522264829,0.00119512183375767,0.0012026883870690562,0.0012111981146836822,0.0012209381794649659,0.0012322317907397088,0.0012454350431096316,0.0012609322351933103,0.0012791293833274795,0.0013004454741865385,0.0013253007754324875,0.0013541012657649813,0.0013872180003349905,0.0014249600756947262,0.0014675399316777245,0.0015150302185748712,0.0015673126176437423,0.0016240211015618054,0.001684485343585287,0.0017476842318321585,0.0018122240562465084,0.0018763594161134711,0.0019380748974336284,0.0019952394540110703,0.0020458316404088936,0.002088213808038077,0.0021214127408789064,0.002145351877050113,0.002160984408965618,0.0021702992855923376,0.0021762065840984046,0.002182341563077362,0.0021928452184118677,0.0022121778250887895,0.0022450041468073285,0.002296163210216042,0.002370709541402524,0.0024739896807044297,0.002611695642969446,0.0027898110448358895,0.003014332840152904,0.0032906176456414,0.0036221915966252504,0.004008933151309901,0.004444775587020118,0.004915544101320591,0.005398143939202095,0.00586262432526214,0.006277984259975983,0.006620690830937354,0.006882737389715292,0.007075624439495466,0.007228814939718831,0.007384442523622876,0.007591793248379451,0.007904477467376244,0.00838147641461179,0.009091913277205826,0.010122961489938933,0.011590335274489836,0.013650544512135872,0.0165127393537753,0.020444871188432658,0.02576445832453301,0.03280242361705927,0.04183956877638666,0.053050854262313284,0.06654228982324703,0.08257734097433843,0.10202752214972098,0.12703206639459258,0.16198576654554922,0.21535915621339635,0.3033387866434016,0.4554180168079404,0.7088780969844158,1.0212409611378654,1.1277004550889123,0.9317896351870819,0.6840712620510306,0.5012290443359672,0.3757131557458494,0.2850254614524427,0.21535559684354755,0.16016433779280448,0.11596162590660174,0.0800634335882965,0.11316959389677167,0.5054308505700926,0.3718938972067022,0.3968416546372292,0.14584156836608123,0.2072099181467808,0.1293690469770987,0.11887801580346696,0.14137024537236856,0.1735502009367078,0.19570150540005077,0.1772932687221009,0.119378251882938,0.07262489283975511,0.04323554213429703,0.02731772989757283,0.01995759173271042,0.017286151222734452,0.01779294178067792,0.02176588444500469,0.031655169975250703,0.0542385063787769,0.10436308168023696,0.19611635750245354,0.28677914336248034,0.28707357634841857,0.2148782217211384,0.14350741147467133,0.09733432367310682,0.07110669208530647,0.057159287708327795,0.05113814912517264,0.05174594509318911,0.061096299270670514,0.08885121192252361,0.16557844964919413,0.30403926605261977,0.331346245153222,0.3305319243451895,0.38723365527252407,0.4184022993106491,0.33341226725263695,0.23041083282121236,0.1695344640152137,0.14239200952540293,0.13864631694289203,0.1572373895899547,0.20284417442901698,0.24617003768123696,0.1801865198789068,0.08630077086164387,0.04173274017729663,0.023926974252544968,0.01763219560375036,0.019257698816008573,0.03754770242440669,0.11486578424817903,0.09584890055811235,0.04481867290327077,0.029754983366231613
23250,0.001669330987961786,0.0016696548788106287,0.001670627198355898,0.0016722509972142922,0.0016745312456490568,0.0016774746600365436,0.0016810894548735386,0.0016853850157102334,0.001690371487702448,0.0016960592743292468,0.0017024584413625353,0.0017095780226512184,0.0017174252268885425,0.0017260045485944118,0.0017353167923153353,0.0017453580268750695,0.0017561184966444722,0.001767581529478681,0.001779722496234381,0.0017925078944835422,0.0018058946486394273,0.001819829739201768,0.0018342502936008033,0.0018490842878231507,0.001864252018576846,0.0018796685065101183,0.001895246977882511,0.0019109035412921366,0.0019265631246808306,0.0019421666650017025,0.001957679450630917,0.001973100410723493,0.0019884720361470916,0.0020038905167963994,0.002019515605189615,0.002035579680394304,0.002052395498921358,0.0020703621812025383,0.0020899690831946783,0.002111797319629054,0.002136518804248137,0.0021648927112373315,0.0021977591968797804,0.0022360300113848713,0.0022806752492134288,0.0023327049227040825,0.00239314331973871,0.0024629932918356036,0.0025431868628493655,0.0026345181194106166,0.002737554681721467,0.0028525258018274116,0.0029791891139468556,0.003116685072307476,0.003263398495111526,0.003416859484131361,0.0035737282050505564,0.003729913726257731,0.0038808685534315454,0.004022071319231634,0.004149660941224214,0.004261129020161047,0.004355936964831647,0.004435924900222748,0.004505430573335019,0.004571122773321271,0.0046416401289446,0.004727177376232782,0.004839161435033234,0.004990117265123334,0.005193760204013217,0.0054652860452175656,0.00582176766639634,0.006282498380119001,0.006869031093140105,0.007604539782159736,0.008511998913714408,0.009610632685077376,0.010910338536391827,0.01240463730195832,0.014064306982734844,0.015835729059559222,0.017648542174066303,0.019434497870994782,0.02115350882495432,0.02281773193282005,0.024505375064366515,0.026363337989264646,0.028606311111055858,0.03152405080828311,0.03550827132021677,0.04111029351488238,0.049144604046760326,0.06086444798740512,0.0782556902522085,0.10452719344034511,0.14491945115786686,0.2079787012059129,0.3072548170520293,0.4619638589808569,0.6885103785019538,0.9576340191550132,1.1209596898718708,1.0250220188617643,0.7729557754266327,0.5410906980492804,0.3813907632385407,0.2806621722773932,0.21837277652996367,0.1800162563680498,0.15668222408569654,0.14292453326736176,0.1352155372186913,0.1313311044308555,0.13258420606165086,0.20896676473011636,0.0075732824696807454,0.39577162456900006,0.3186543569635287,0.15458646194198344,0.09768283708186008,0.03941913824173985,0.0261114907792803,0.024794009203620616,0.03081762656981003,0.047336119588691127,0.0782829435000981,0.13093402277044727,0.1586506882918112,0.15597279556400598,0.13519884206596705,0.10215165776161322,0.06842785971312242,0.04409468142279589,0.030698726884832914,0.025335646290103615,0.02529301831656242,0.029199940053574996,0.03675601956786875,0.04854423732267156,0.06639529746436058,0.09437839780690128,0.13973453872016364,0.2084295796578617,0.27924277473815595,0.27960002924301325,0.18807706769780272,0.09710757526970934,0.04997660237668188,0.02986833992163028,0.021495342569438334,0.018503596159680766,0.01891066155640586,0.023156928310765736,0.03516966550367617,0.07037687861571668,0.18963698635847878,0.4547576793405918,0.5239288576020192,0.5088485203352643,0.44263411576188166,0.29211448568058995,0.1814920215218637,0.12699446830507238,0.10431866496649972,0.1012111021910249,0.11726748123913636,0.16264498575571534,0.2187782904784871,0.13613949930344021,0.04918479523283398,0.019785163399540544,0.01049621897650711,0.008229223592800405,0.009855720698962202,0.015841313941145792,0.029028849672244488,0.05155503074146748,0.07371166614492013,0.08158920001124347
23500,0.002807034754483038,0.0028076304518764297,0.0028094199269857803,0.0028124122651323894,0.0028166225162592155,0.002822071549706984,0.0028287858364732534,0.0028367971447734583,0.0028461421309721848,0.0028568618046249917,0.002869000843523032,0.0028826067325167398,0.0028977286988822915,0.002914416417467069,0.0029327184613246156,0.0029526804787921262,0.0029743430867226386,0.0029977394828894213,0.0030228927995695153,0.003049813246031585,0.003078495121316706,0.0031089138209529875,0.0031410230123636073,0.0031747522128571636,0.003210005068897303,0.0032466587014825733,0.0032845645430216435,0.0033235511363707225,0.003363429384422439,0.0034040007148254106,0.003445068545224829,0.003486453289070308,0.003528010926560281,0.003569654886512871,0.0036113806637958277,0.0036532922693056076,0.0036956293236645827,0.003738793415039969,0.003783372292583744,0.003830160586053635,0.0038801760217146556,0.0039346704953656265,0.0039951357740129565,0.0040633039043969825,0.004141142468718292,0.004230844508245897,0.004334812119263948,0.004455631338592605,0.004596033965035532,0.004758839493919988,0.004946867626397124,0.00516280939009935,0.00540904376589652,0.005687388495414157,0.005998780819810041,0.006342899125512252,0.0067177621909412025,0.007119378674571353,0.007541559648475333,0.007976036725394183,0.008413024862035861,0.008842309159544339,0.00925481197197627,0.009644437509670601,0.010009860345928398,0.010355897799411843,0.0106942236573352,0.011043409056092142,0.011428520522340588,0.0118806643601736,0.012436892408439837,0.01314079671817234,0.014043976676064721,0.01520840719109503,0.01670957411616552,0.018640030661360007,0.021112699091141173,0.02426275385265868,0.028246361932644633,0.03323431505025383,0.039399547566092936,0.04690095550061356,0.05587250531397626,0.06643455905345748,0.07874837357858078,0.09312972376858869,0.1102269522223649,0.13126820999935443,0.1584100083268188,0.19527751105278748,0.2478505441460072,0.3257989803960719,0.4436518078763039,0.6176945892636542,0.8446666764268822,1.051384992527162,1.1049196040711344,0.9814010976263283,0.7902353571268275,0.6147612855346601,0.47600739182292173,0.36991830320408425,0.2889211752072057,0.227236945117007,0.1808800380953158,0.14688259312396187,0.1228816301179361,0.10710513486420832,0.09867942070555002,0.09883517483494274,0.119136427705051,0.48993272573128177,0.013487646174995519,0.12066608141663593,0.1761480830281332,0.04970727223279351,0.13637260577732496,0.07913921364240292,0.057131113471412795,0.05185081568399995,0.07455887190326134,0.13399593360941248,0.1836765182566435,0.18122506361560978,0.16266220960601258,0.15540933663748266,0.16221562794336802,0.18158097678625384,0.20929877163309588,0.2336073516690711,0.23629123816875405,0.21448682064972996,0.1929799077647974,0.1835469062126204,0.17233087252566373,0.15385189758858786,0.1344343064603223,0.11997197098736398,0.11294361936759144,0.11447320951518383,0.12636464415860443,0.15241654957797446,0.19853237605322036,0.2670018248589371,0.33592462693494246,0.3470369712714014,0.2644919613629127,0.1483822994047432,0.07669301405758897,0.0459305285205889,0.03368080832444793,0.029325384827195596,0.029369309333232955,0.03349467986500294,0.04404613140516323,0.0691380176510167,0.13585367351387134,0.3169971751149947,0.5198324502516894,0.5193545436555553,0.46283753761154184,0.24484984538537952,0.11104454282633244,0.06293155535050832,0.045286460488662236,0.04028947992199779,0.04464420239978619,0.06602235321053954,0.14744296825393027,0.16188470195987806,0.03963250483754562,0.016161904146275424,0.011299424145191542,0.011262104739058563,0.013658861452200395,0.01823798119739089,0.02509936486310491,0.03356901782804639,0.04139323607984503,0.04589709693412714
23750,0.005040935702794591,0.005042088377553733,0.005045552028945959,0.005051347163384468,0.005059508034279489,0.005070082743853881,0.005083133359011739,0.005098736014367035,0.0051169809672198105,0.005137972560882615,0.005161829043883724,0.005188682183901472,0.005218676606311687,0.0052519687788764,0.005288725556734107,0.005329122195897416,0.005373339740595025,0.005421561690922715,0.005473969864775552,0.005530739384287502,0.00559203274545279,0.005657992974080686,0.005728735936324593,0.005804341962575779,0.005884847063939847,0.0059702341739013304,0.0060604250345845856,0.0061552735626287085,0.006254561762705389,0.006357999486138947,0.0064652295258283326,0.006575839653513966,0.006689383189528505,0.0068054094949612474,0.0069235053479537925,0.007043347490943599,0.007164765737809975,0.0072878149884778665,0.007412853452284117,0.007540623515354669,0.007672331199826483,0.007809720216112122,0.007955137273154162,0.00811158651627504,0.008282772479533473,0.008473132398929932,0.0086878596712236,0.008932920173449136,0.009215061633747194,0.00954181290794531,0.009921464638124997,0.010363015306973585,0.010876057449190277,0.011470568687776158,0.01215656349311012,0.012943558286231146,0.01383981168653631,0.014851333207095828,0.015980718461453377,0.01722597344543999,0.01857962656705836,0.020028559744763915,0.021555051616874793,0.02313943333037251,0.024764459889073224,0.026421045585082372,0.028114578882112037,0.029870869047062633,0.03174105602080033,0.03380549891765786,0.036177505722105,0.039008493046019936,0.04249663290742571,0.04690133445522369,0.05256624680357978,0.05995408898802198,0.06969766336811353,0.0826729233436788,0.10010186853608623,0.12369511129083033,0.15584549269520281,0.19988201381779563,0.26037368338565103,0.3433807872421579,0.4562030067743419,0.6050953222006243,0.7870939289812366,0.9717003787816453,1.0869988535650552,1.0632301671024724,0.9172530148072092,0.7327384907567196,0.5710949986711855,0.4495589707105692,0.36360596966028486,0.30394803019489514,0.2624075377208039,0.23284939154349538,0.2107936844551047,0.19295325254655663,0.17701323714176698,0.1616444394544555,0.1465888107233016,0.1326458993273036,0.12165603747733972,0.11743834658435102,0.13423663260203408,0.4100606616380089,0.0017735809583556798,0.04270193432037862,0.09343415179275204,0.1615575861588703,0.23951854262422806,0.19398210711547956,0.20414935340079574,0.2463448458961153,0.25777521752344723,0.25424609743530063,0.2698444480539116,0.2250018384080265,0.18465236294043533,0.16017528839636744,0.14835475237004944,0.146265754956329,0.1506555840977641,0.1556984085590652,0.15326653881739608,0.1402641629215891,0.125424824626443,0.1243660387387419,0.1474742022235046,0.1867742035868058,0.21445824350048295,0.21112723848004675,0.18517337573089448,0.15498959816762553,0.1312067932353271,0.11645568972262986,0.11039653515083236,0.11274223272431241,0.1245201479088021,0.1488107946881603,0.19086207332751293,0.25319719295737614,0.31563791805409686,0.33579938478151344,0.32161881867560094,0.287118435931698,0.22011654548968088,0.15464910487718705,0.11263533459237077,0.08982990296609468,0.07967239405152722,0.07921480041882523,0.08937629884106672,0.11669024456257408,0.17965356560836784,0.3131188745673535,0.47012490496849346,0.4792240807161759,0.47250352833309867,0.3574666175090344,0.1298894809649228,0.052134006952457554,0.02950020480340681,0.02226691798129568,0.02168222912907516,0.02828108151078773,0.058592660555755294,0.23988236962322718,0.0870052679620286,0.02699652511442728,0.01638452766922176,0.014110656613054556,0.014624103471969914,0.01665958111532604,0.019691738332913964,0.02312209586411592,0.026077692507019908,0.027661116705582522
24000,0.009903219555170848,0.009905724041046822,0.009913249196046059,0.009925837523077125,0.009943560476823468,0.009966519373351837,0.009994846628930234,0.010028707291657602,0.010068300816558256,0.010113863020117702,0.010165668133441262,0.010224030854148544,0.010289308275573502,0.010361901547844075,0.010442257098968134,0.010530867215560373,0.010628269752780457,0.010735046712461834,0.010851821399017258,0.01097925383680974,0.01111803411462578,0.011268873317853664,0.011432491725446668,0.011609603997563816,0.011800901175636784,0.012007029477382379,0.012228566116593448,0.012465992734132953,0.012719667513772697,0.012989797688982938,0.013276414923866017,0.013579356947726223,0.013898259775779862,0.01423256574838634,0.014581553306124154,0.014944394681217554,0.015320247300566112,0.015708383464327604,0.016108360687250255,0.016520232045723813,0.016944792282053835,0.017383851857900565,0.01784052839752474,0.018319543837439976,0.018827516737931895,0.01937324282522933,0.01996796253709682,0.020625621125213864,0.02136313320920992,0.022200667803723265,0.023161969978352424,0.024274729870440895,0.025570997413962328,0.027087620819149703,0.028866657994805346,0.030955673497799062,0.03340779304521369,0.036281353155416904,0.03963897562453816,0.043545950298148305,0.04806797405834908,0.053268620564049074,0.05920742736931262,0.06594013150534729,0.07352318973206584,0.08202501278995465,0.09154608521728289,0.10224936732428884,0.11440158410879087,0.1284260884745852,0.14496979352598097,0.1649904257414608,0.18987516838287186,0.22160491428131876,0.2629726638210549,0.3178302611982494,0.3912217953894584,0.48894432834591667,0.6153861577165906,0.767659421860864,0.9254915755934675,1.0457105075200592,1.0812721910289613,1.0200068791120283,0.8937188310562065,0.7463331150914282,0.6072901175584733,0.4888989284090332,0.3933692283011921,0.318662826925303,0.2614728711601874,0.21845397793435595,0.18666732467537267,0.16370373339761693,0.1476698324614917,0.13711179536011808,0.13091173605850595,0.12818023186850452,0.12817799939803312,0.13034430957060314,0.1346376277477592,0.14287683540623763,0.16507143822113832,0.29018731634555944,0.07374985922046934,0.062427399470470886,0.10374162732580812,0.11134462231694021,0.3027925924843521,0.22329971109191799,0.2391436811890934,0.30257761587321663,0.2790681612151253,0.17554794118219705,0.10194806896795837,0.09088998061945537,0.10344392444408287,0.12093500927213015,0.1344264547686261,0.13872105573163718,0.13027847212265214,0.10716249785879889,0.0757929398938041,0.049409967307100434,0.033474704577065265,0.025716678344732954,0.023455337655954967,0.02584874811430106,0.03409093837017808,0.051634034620152536,0.08295053381982154,0.1257871046105118,0.16050941382393802,0.16518083737560374,0.14371860427264085,0.1148432711125007,0.09018279687229903,0.07244117682083193,0.060823612549575426,0.0541600441069157,0.051946716361974045,0.05491532022140182,0.06634942585696443,0.09588943210346157,0.1655225176431037,0.28431233323001576,0.3754203248924964,0.38226190343842664,0.31909050584888055,0.23280011692533953,0.16673426596902846,0.12754056256574095,0.10800612341731715,0.10271022999665702,0.11087017536765825,0.13772621092598628,0.19865467107772722,0.3152358820196728,0.4207096301624139,0.3787560077187679,0.336400533211588,0.36812298843915453,0.2390337048103868,0.08930848369411272,0.04268377519046698,0.02797660913709356,0.02382701824156544,0.02636989911174304,0.04189052954287521,0.13042772215095674,0.1877578288085101,0.03565072080358403,0.015893684959147985,0.011468816077252262,0.010598952620699226,0.011066054310672922,0.012155402275328497,0.013441787147237089,0.014537361471593598,0.015100490068699806
24250,0.022119838805732088,0.022126430435369725,0.022146230628076222,0.022179332419952846,0.022225893005287673,0.022286136943858295,0.02236036065187619,0.022448938172154095,0.022552328210515962,0.02267108241169281,0.022805854827611924,0.022957412503483748,0.023126647071261937,0.02331458719526619,0.023522411660245608,0.0237514628272506,0.02400326010681017,0.024279513011486304,0.024582133250461942,0.024913245217262105,0.025275194098601864,0.025670550699460056,0.02610211194128014,0.026572895854891507,0.02708612977209738,0.027645230344372794,0.028253774020528418,0.02891545675254696,0.02963404204568028,0.03041329712347312,0.031256918060957914,0.03216844638461523,0.033151181973019014,0.03420810021222515,0.03534178527274536,0.03655439594625729,0.03784768536549217,0.0392231005289949,0.040681991006422745,0.0422259574828475,0.04385736892948476,0.04558007155994755,0.04740030353969818,0.04932781802516249,0.05137720620923357,0.05356940542119983,0.05593337914144862,0.05850796955160864,0.061343950704946616,0.06450635087318984,0.06807716295166658,0.07215861709808122,0.07687724452143907,0.08238901026789984,0.08888583113750384,0.0966038173315234,0.10583357615101908,0.11693288311498506,0.13034194706723037,0.14660135542585592,0.16637256281365453,0.190460434070564,0.2198367192342869,0.25566194307557755,0.2992997076493967,0.3523086552862746,0.41637678124913713,0.4931194481547953,0.5835849402115846,0.6872123443190465,0.7999819602895752,0.9119534307448445,1.0058448759892438,1.0602223091536704,1.0593820772767963,1.0039064851432362,0.9108560391626768,0.802951693296911,0.6978817259306159,0.6048702411493505,0.5265194685756379,0.4618008197638122,0.40824370641892255,0.36313955662327896,0.32411355376152684,0.28937452090060234,0.2577993807882695,0.22889923060931508,0.20267864945558103,0.17942196254080178,0.15947528862320076,0.14309608404109456,0.13040461311744053,0.12142621357706165,0.11619441526436604,0.11490639760839064,0.11820010915891102,0.12788736507981854,0.14985049047098933,0.21353965888782594,0.8519343446723231,4.6748587147487497E-4,0.15490608601138312,0.13950692320062888,0.32608149784046536,0.2256041075019423,0.21284939516820495,0.2523089984860063,0.23548440507936116,0.10484532516763526,0.04382536003444796,0.030486133785973195,0.030873936937223945,0.03807591323471432,0.05222866241513741,0.07452312412028333,0.09932378081335357,0.10817593189329086,0.09600071735838869,0.07504261745085102,0.05420196133864634,0.03861191005755409,0.02871396324253005,0.02310757257938231,0.02053031054241708,0.020330983036663156,0.022498855193227314,0.027746525583357495,0.03780866029190181,0.05587864578696453,0.08604893395990627,0.12727421195141447,0.15943725932736016,0.1526855672280134,0.11382750121195447,0.07456455265554011,0.04849860209877785,0.03367037073629199,0.025777854844822208,0.02209627873131373,0.0214816458371562,0.024144489415076832,0.0322834117031297,0.05289932296403958,0.10542380675378837,0.22209576964729905,0.3616355467840681,0.39337313348026576,0.3224384828209723,0.22792145950875886,0.15822083790157979,0.11749911010525824,0.09670083683508555,0.08933331567376407,0.09356512070754242,0.11291902887966752,0.16029975526176876,0.26035010669716796,0.35306983231149514,0.2703188564593169,0.19685995988333185,0.2092768197631626,0.2708681365801773,0.19884418636166404,0.10128029123685911,0.06042830196386599,0.04532306788994515,0.04280922961646773,0.05377845732925047,0.10809539169102543,0.27383481841043883,0.051201057467467906,0.013917099616333925,0.00710191784926597,0.00539730048439698,0.005105401375770061,0.005325830931072555,0.005722343611136836,0.006102013711393212,0.006326629492439855
24500,0.06004137506790948,0.0600643612347768,0.06013339559754812,0.060248753445156754,0.060410900197587845,0.06062050147277213,0.0608784374619712,0.0611858218865474,0.061544025873801,0.061954707144388825,0.06241984494566233,0.0629417811916303,0.06352326827915104,0.06416752403706849,0.06487829423102809,0.06565992298671318,0.06651743140908015,0.06745660456227555,0.06848408683338075,0.06960748553120263,0.07083548236619902,0.07217795221509518,0.07364608828784,0.07525253247787833,0.07701150928185868,0.07893896121821609,0.08105268316191931,0.08337245247038301,0.08592015126724742,0.08871987689388748,0.09179803653752569,0.095183422730905,0.09890726825187811,0.10300328260711394,0.10750767859306039,0.11245920737886383,0.11789923519384925,0.12387191489340948,0.13042453183142044,0.1376081351112779,0.1454786006491976,0.15409830817459436,0.1635386453511003,0.17388357260292472,0.18523448600045603,0.19771659807205247,0.21148701511661824,0.2267446226493962,0.24374179158986484,0.2627977643721259,0.2843133148313688,0.30878577655250067,0.33682257381591524,0.36914958157999533,0.40660739087366726,0.4501230633909059,0.5006364452631189,0.5589486728790383,0.6254493901114053,0.6996794299625625,0.7797222975932884,0.8615292292617995,0.938489996900727,1.0017809371593527,1.0419744936514956,1.051760311347039,1.028601921517596,0.9757355921508851,0.9008775201750385,0.8135563050193001,0.7226072867221675,0.634752097171771,0.5542785828039567,0.48338232123965585,0.42273905070176226,0.3720551060218062,0.33049711800182385,0.2969870243017705,0.2703823744041692,0.2495701612219692,0.23350076433912906,0.2211848609779065,0.21167386303628494,0.20404447805583698,0.19740852281534915,0.19096508748692856,0.18409728291822783,0.17648947274306753,0.1682164478375483,0.15975808564755528,0.1519358757931265,0.14583519806409614,0.14284500083767432,0.1450650015178001,0.156879957626936,0.19218327181161904,0.3388169124589449,0.3101255435293296,0.34752839531999813,0.4323354902238146,0.09677286289221704,0.1644086390704546,0.13471181181854994,0.17741445993335503,0.2319541157394061,0.1151943267334877,0.059015599694419045,0.040861619471032375,0.03413820804258312,0.033332568121685266,0.03775753254335497,0.04962939672903557,0.0695845126776455,0.09154768819122851,0.11082004645639623,0.12359580012519977,0.13184742019358145,0.13589708644542747,0.13152041009051285,0.11620506352119098,0.09439430907188884,0.07426138700792657,0.060848249490017915,0.05459968658704728,0.05382945523973389,0.05670840472892835,0.06213254578167079,0.07011460729982866,0.0819279582091283,0.10011594050362466,0.12804223975207607,0.1667354772658926,0.2047093470340559,0.21077613225558026,0.16807808457223963,0.1086396681620092,0.0657764326818974,0.04237074818657523,0.030802650524245866,0.025635450521354373,0.02442980928257553,0.02673281571162732,0.03400503301098388,0.0513885145925105,0.09370733983977192,0.19466591948878967,0.3545288083851756,0.41809874523775115,0.3326502554557076,0.21176106972021896,0.12989230209455827,0.08641768229694168,0.06480534422636292,0.055174622171359565,0.05363993504703072,0.060651144446300286,0.0831505672802873,0.14681208326815892,0.2935151981572843,0.28881051087392756,0.197247421668743,0.19108173305978174,0.2403845677850522,0.26049286996792603,0.18366997640915628,0.11447724305698231,0.08088372416720718,0.06948181327987839,0.07656379286170573,0.12261619977393644,0.2702868340257871,0.07753848961088344,0.015866126690489202,0.0055127751330795996,0.002937741243755369,0.00218808266319037,0.0019998135032698173,0.0020038037961958707,0.0020601636033307745,0.00210285964443143
24750,0.22026319970107805,0.22037756300359235,0.22072106457646623,0.22129511724083922,0.22210209669324602,0.22314537383935748,0.2244293615829631,0.22595957760415405,0.22774272511397226,0.2297867940296412,0.23210118547324776,0.2346968629461394,0.23758653396013216,0.24078486629568624,0.2443087433861028,0.24817756356186327,0.25241358799949626,0.25704234215386634,0.26209307516000563,0.26759928109263836,0.2735992849782584,0.2801368949312447,0.2872621195579055,0.29503194658716225,0.3035111741940122,0.31277328018981543,0.32290130548746676,0.33398871608589287,0.3461401910479965,0.35947226099328333,0.37411369053643123,0.3902054565413134,0.4079001193957386,0.4273603141003294,0.4487559996136108,0.4722599978786427,0.49804123056770383,0.5262549300624535,0.5570289795374324,0.5904454601931794,0.6265165116015887,0.6651538407654877,0.7061317910607808,0.7490449982326688,0.7932635394196095,0.8378912949097648,0.8817369384447021,0.923310975233653,0.9608650951393616,0.9924892673738738,1.0162743621818975,1.030531679198038,1.0340375852783783,1.0262496349598187,1.007432683909497,0.9786495998033748,0.9416095548165172,0.8984115995089086,0.8512508143718669,0.8021561455851076,0.752806689744149,0.7044416425705795,0.6578532856814495,0.6134393474455909,0.5712897222647383,0.5312876152642191,0.49321143130654277,0.45682798420044013,0.42196916521058103,0.3885843544656356,0.35676191221445697,0.32671706931250744,0.2987506132716373,0.27319049630161935,0.2503329485395233,0.23039813953950122,0.2135085126011649,0.19968916730832542,0.18888299404269265,0.18097060101687057,0.1757860239527166,0.17312236086894295,0.1727259262060194,0.1742835262643523,0.17741587235133818,0.1817006934910327,0.18675851712029615,0.19243788953178698,0.19914263545526067,0.2084090483768431,0.2241948112426276,0.2571024487047273,0.3458247372308096,0.7585191490665666,0.08021401182992009,0.4159420099612703,0.5453369296823913,0.10247548998680354,0.0640312716038754,0.0732572355902068,0.12948448564854692,0.1577479324481885,0.11535762312082173,0.11723794496164498,0.10553437010455381,0.10051312227986128,0.1020559573270478,0.11546364711503956,0.1411147927607658,0.16028412824342622,0.16460029734652115,0.1559494529930932,0.14791345410879897,0.148228301694993,0.158283374898505,0.17779308377341088,0.2045262387933769,0.23153362421350812,0.2466357317383199,0.2417737909774556,0.22436830836270483,0.206272898570168,0.1882044567807106,0.16780561093112475,0.14759949407476483,0.1315146859358529,0.12180984529536089,0.11948202394407618,0.12556049848495068,0.14206296645978855,0.17226932262514344,0.21868882278180404,0.2742923347699974,0.30981091675549444,0.2904215708889312,0.22221709134800632,0.1488287206406321,0.09898343728894436,0.07150300229243352,0.05765739593119473,0.05189449000100474,0.05205860123122126,0.05858010567332952,0.07514913279784413,0.11233627866007534,0.1957444668989591,0.35197759640691073,0.4762005207646041,0.42013478063326914,0.2574324797722011,0.13247820594223983,0.07309559612757309,0.04726890167856264,0.03603089249614999,0.03224410172845073,0.03429483263577025,0.0452337902169795,0.08046473003521414,0.20525165340571166,0.3995058999555022,0.2926404614711015,0.23893332720721264,0.2555493363854751,0.27405874980556927,0.22197504873200705,0.1481366725372821,0.10336949421059519,0.08466170664004587,0.08708134304675742,0.12610732331314556,0.25897353623653274,0.09032509797980548,0.016611973981321235,0.0049223394873193285,0.0021629252870477844,0.0013421615630602487,0.001074705585079532,9.904138342611928E-4,9.681656719119624E-4,9.619395982926753E-4
25000,0.8730683970247894,0.8733390964321757,0.874150162367678,0.8754991662679789,0.877381966831746,0.8797925697067656,0.8827229312034918,0.8861627063561426,0.8900989419833609,0.8945157159114249,0.8993937242476528,0.9047098195659281,0.9104365041261795,0.916541383808287,0.9229865903418317,0.9297281816465054,0.9367155326946777,0.9438907322439065,0.9511880040655082,0.9585331748724335,0.9658432149634814,0.9730258815651405,0.9799794987914472,0.9865929118286793,0.9927456560202317,0.9983083834929125,1.0031435901867587,1.007106683855605,1.0100474279690042,1.0118117867029,1.0122441818921097,1.0111901540187176,1.008499396973143,1.0040291124838026,0.997647607907956,0.9892380444772542,0.9787022361061154,0.9659644043694483,0.9509748133352267,0.9337132347169423,0.9141922199876092,0.892460168383264,0.8686041622051887,0.8427524805142219,0.8150765949786282,0.785792308729913,0.755159551987416,0.7234802470300933,0.6910936588604676,0.658368805884097,0.6256938328963125,0.593462709274663,0.5620601141330756,0.5318457757445613,0.5031397175387478,0.476209752604691,0.4512621735470407,0.4284360021756706,0.40780054698932977,0.3893555268231057,0.3730327835089081,0.3586986971682598,0.34615685127924034,0.33515123566145866,0.32537122554572956,0.31646053430299537,0.30803295533760927,0.29969747560170285,0.29109371726208305,0.2819354059732968,0.2720552217103886,0.26144061313839756,0.25024934147958655,0.23879747422134348,0.227520797739592,0.21691980342944958,0.20750393718993604,0.19974995008072033,0.19408299218426103,0.19088143115027736,0.19050124927443216,0.19331557804451055,0.1997707111490996,0.21047498378261853,0.22637227284485079,0.24914202613631356,0.2822291288523385,0.33381536051077204,0.42702466682707046,0.6436754600922978,1.063528343098242,0.08302211535452927,0.20579516496548236,0.5535477672111339,0.06584692823273326,0.050829636975575174,0.06800325393300857,0.14465754975172734,0.1277319989028972,0.18765246806812624,0.19203972932365726,0.2079565225773324,0.2459749593119692,0.2938548282094241,0.306711251211673,0.26734894963755634,0.24097921956371346,0.21779369565984777,0.19565629126820602,0.1807088320446217,0.1728312773997766,0.17121937542425877,0.17478864549632803,0.18116979639571407,0.18593286228769068,0.18391559903815907,0.17390722172977452,0.16244425962942183,0.1604359634865519,0.17369832844894126,0.19522618084078502,0.2093410250776856,0.2066299050144635,0.1906117055784313,0.1704375030610486,0.15306427502936865,0.1416795053799588,0.13734729596361983,0.14070090567087265,0.15296450755683075,0.17643679779219545,0.21389670683715,0.26415584042202556,0.3117020542235705,0.33116336626884746,0.3187213496359476,0.2825768900384449,0.23008578459311818,0.17863996504958599,0.14067276721365365,0.11746516777668244,0.10661460567479321,0.10690810873479316,0.12031869382414602,0.15454949880899685,0.2277600886185921,0.3618029887663725,0.499340637508516,0.5097541319653118,0.4061512315260822,0.23374389127357875,0.1149443857619243,0.06340166502316189,0.04236354065207395,0.034227387546711056,0.03344993982568483,0.040639292240386815,0.06562539368958357,0.15424135957158433,0.40838082553239546,0.3761689036798909,0.26554402855308723,0.25261843883245655,0.2684073910562027,0.2349976859479933,0.1616228377945959,0.10912104665808,0.08436802516129631,0.08116501069327284,0.10974896267401879,0.2372298980142597,0.09362287893690248,0.014840545982178268,0.004108198942750335,0.0017718255959635772,0.0010964955115075083,8.657505403787413E-4,7.772946987642398E-4,7.394117122677375E-4,7.202414972643264E-4
25250,0.7487409158064416,0.748569536596158,0.7480549139613427,0.747196213808212,0.7459920750854239,0.7444406539587091,0.7425396869869793,0.7402865745293071,0.7376784858171807,0.7347124872078503,0.7313856950572771,0.7276954543747688,0.7236395439059558,0.7192164074805891,0.7144254103414066,0.7092671176813439,0.7037435907742472,0.6978586938753326,0.6916184025622416,0.6850311014470558,0.6781078563719953,0.6708626434720765,0.6633125150928196,0.6554776807541997,0.6473814804439597,0.6390502277914969,0.6305129023762531,0.6218006737469828,0.6129462447869967,0.6039830088715081,0.5949440237612247,0.5858608152456802,0.5767620350714945,0.5676720105945902,0.5586092379038332,0.5495848859847801,0.5406013969493788,0.5316512864010169,0.5227162681082831,0.5137668468854767,0.5047625400605759,0.4956528963755981,0.48637947466204784,0.47687891426133067,0.4670871653016018,0.4569448413847707,0.4464035073730792,0.43543252811710415,0.4240259024496219,0.4122083297527858,0.40003965655462187,0.38761688249942555,0.3750731057224553,0.362573154567313,0.3503061289108076,0.33847555316921846,0.3272881951964384,0.31694272377772437,0.3076192196024676,0.2994701616996857,0.2926129964775225,0.2871239101098861,0.2830321172110349,0.2803139762908055,0.2788866409127981,0.27860180863261497,0.27924140797820046,0.2805185613475781,0.28208837862580965,0.2835732369897757,0.2846052308562101,0.2848839597950829,0.2842416046414719,0.282701914785763,0.28051885863465253,0.2781867062679938,0.2764253697269957,0.2761587639656561,0.278515420950343,0.2848898640607562,0.29711962323832924,0.31788068050247237,0.3515442736243854,0.40614341571564005,0.4982684250431972,0.6649697198152558,0.9577247861110345,0.8803535400892712,0.1300269796174011,9.869859668233184E-4,0.44838606755245414,0.04471305238593297,0.07802751823226911,0.12414508697662778,0.2580598537103423,0.16227027252615445,0.24204417907277806,0.2359204792674383,0.2594304911710622,0.31281364025559244,0.36095815132955755,0.32832942506965895,0.23368699240035984,0.15987237267679116,0.13858692986443272,0.14889281633529777,0.16938532619865238,0.18834186783672432,0.199557535723067,0.19970829964999584,0.18653481832917507,0.16000706023251968,0.12587887570707176,0.09432663358388982,0.07250622500614377,0.061690910731755894,0.061042568124708645,0.07095623368223475,0.09347614980483462,0.1294957664088948,0.17251257794675104,0.2062691974829817,0.21656803446748835,0.20406000113561928,0.17980134442780482,0.15413492729538178,0.1323980105644847,0.11624777342073774,0.10587951207669628,0.10148196988873423,0.10421097749907987,0.11737010710942271,0.14805035837628489,0.20552946453659962,0.2829072229387757,0.33948877204691724,0.3464047925867268,0.3115248684881618,0.2577122273921014,0.20731176775311677,0.1710447064525059,0.1501801369615621,0.14360541659250417,0.15212458373868581,0.18126522363708147,0.24454476622273466,0.3576001324633856,0.47231159940775436,0.4703545399526058,0.416479913841689,0.35792737081648546,0.24118090464412212,0.13534027018255562,0.08167025123940731,0.05830875346307054,0.05000819111225322,0.05239603020605219,0.0703976302721928,0.13292241680570563,0.3460306600894934,0.42342961412480545,0.2560838523080074,0.21463235491047591,0.23323320394092656,0.23534158792084856,0.16976000426746693,0.10639255574608932,0.07413355902663293,0.06433774635573306,0.07914279539495966,0.18468229125994626,0.10572963275986778,0.013473160136916993,0.0037604757961535165,0.0017797994500139342,0.0011823622286080135,9.475865208174933E-4,8.348299956410724E-4,7.72488553979051E-4,7.356248282721634E-4
25500,0.4743249313931611,0.47427320759324954,0.474117707074294,0.47385784053339336,0.4734926270126532,0.47302069656953655,0.4724402958390023,0.47174929829853296,0.4709452215424223,0.47002525433224795,0.46898629660224467,0.4678250159244386,0.466537924145966,0.46512147795173137,0.4635722069209119,0.4618868721806898,0.46006265794828877,0.4580973970325763,0.4559898296958952,0.4537398931203217,0.45134903609086835,0.4488205504379044,0.4461599073771159,0.4433750832941438,0.4404768559614926,0.43747904890736283,0.4343986989745208,0.4312561203294671,0.4280748375547719,0.4248813612377335,0.42170478173550774,0.4185761606022093,0.41552770443591497,0.41259171255131316,0.40979929789718866,0.4071788901869792,0.40475454179308173,0.4025440714946826,0.400557099998337,0.3987930558758752,0.39723926264620824,0.39586925778113524,0.3946415411831607,0.39349899976906133,0.392369297400702,0.39116654159333075,0.3897945215526102,0.38815173543662795,0.3861382706479353,0.38366436316914804,0.3806601545750488,0.37708583069729856,0.37294103531384454,0.36827229560072416,0.36317725783068877,0.35780485657028416,0.3523511009865398,0.3470508451838326,0.34216653884846504,0.33797534389628325,0.3347560269073569,0.33277668318589887,0.33228372642883536,0.333491889520683,0.3365744701996395,0.34165296696319936,0.3487858144616778,0.35795732284564685,0.3690701876003839,0.3819477714240489,0.3963549366516386,0.41204716914876277,0.4288557817653919,0.44681214437774736,0.46630890885495546,0.48829686502569225,0.5145295511133979,0.5478990840639787,0.5929498539104978,0.6566462981434892,0.7489783891540329,0.8793993778076695,1.0251643743932932,1.0056459883308182,0.5771589496212439,0.15575189547076101,0.010656103119191808,0.17460352256272296,0.07186383664312136,0.1449471895526364,0.2688042923719181,0.405045851887966,0.18196332981339694,0.26186856574108514,0.25497199586514047,0.2887646330788342,0.34421437310567393,0.36782489715119426,0.289338508036477,0.1635676674124044,0.09289995997609828,0.07630881128056598,0.08490529940824507,0.10931687226847321,0.14659451469204463,0.1908391031380669,0.22644419323001203,0.2308460213225579,0.19699291304368682,0.1474528038598455,0.10676073525556855,0.08052635925129414,0.0653216677857601,0.05773111168653699,0.055936777862178516,0.059538534612401744,0.06946118443521299,0.08803806626933183,0.11869380101064335,0.16336560050162235,0.21523197292056623,0.25268950701583065,0.2535317708204209,0.21973019829025983,0.17267288414181448,0.13032722133599325,0.09913682583007681,0.07865149226646248,0.06667742648874415,0.06165318381416221,0.06356747135133979,0.07491120282194313,0.10260978805302542,0.15968541384471258,0.2539888991037318,0.3499576673369426,0.38671982031996655,0.36063062076295904,0.3042603966378752,0.24580412858847184,0.19990759013096765,0.17004981810888223,0.15524135679570736,0.15500403511527747,0.17230258027196446,0.21657573690130424,0.3031723312355853,0.40597236486495,0.3952927440021807,0.3192297406463,0.289594946717569,0.2874335634584426,0.24931254775475933,0.17870158286672197,0.12487661742790498,0.09659274176102604,0.08748306340978092,0.09712692097827093,0.14226368752308235,0.2932211806468109,0.4485169932839496,0.23775262597026392,0.15620918640665338,0.15879548741011174,0.2019261510349344,0.1951874239613055,0.1165849524532713,0.06794282884762202,0.04980038021554574,0.05256931565073118,0.11271477996431,0.16458827552017058,0.01586811903425561,0.004451861807451508,0.0021971274863506114,0.0014558167512670318,0.0011270432194236985,9.517574930281921E-4,8.486571032681638E-4,7.870076149496998E-4
25750,0.46271830146357407,0.4627256029977957,0.4627472660836231,0.4627829596912245,0.46283211632287957,0.46289390890626,0.4629672196409214,0.46305060207823373,0.46314223819476086,0.46323989277748356,0.4633408680786802,0.46344196242100066,0.4635394372229629,0.46362899774969785,0.46370579372955584,0.4637644467549571,0.4637991120247019,0.4638035823819322,0.4637714426314077,0.46369628164728616,0.4635719686493358,0.46339299809537127,0.4631549047798646,0.462854746860311,0.4624916496451876,0.4620673971445188,0.46158705180302073,0.4610595758341384,0.4604984205905609,0.45992204399917763,0.4593543108445038,0.45882472718546014,0.458368458907552,0.4580260856251737,0.4578430449381488,0.4578687282391774,0.4581551976173666,0.45875550375793006,0.4597215972986572,0.46110184185091463,0.4629381577808993,0.46526285494992503,0.46809525386644196,0.47143825203737977,0.47527506813998494,0.47956648951137265,0.4842490502660969,0.48923466074099975,0.4944122662938272,0.49965209901706886,0.504812962808671,0.5097527342786404,0.514341868264819,0.5184792040356486,0.5221088551184241,0.5252365435054505,0.5279435289763484,0.530396384129864,0.5328513126281162,0.5356524483874321,0.5392244516130743,0.5440605000591326,0.5507072120543076,0.559747956377494,0.5717853801217173,0.587422981804474,0.6072444904143899,0.6317890547882291,0.6615200301458815,0.6967851322139648,0.7377641380533184,0.7843923250171323,0.8362230571623852,0.8921321698693068,0.9496410814205686,1.0034263058343873,1.0424179700491,1.0456012111419102,0.9808645860806453,0.8203707820159395,0.5790797293147396,0.3285220407762517,0.13957448853906038,0.03336343520533675,0.1280863620875196,0.17348825151435057,0.17290947787706012,0.3639875677769471,0.5476318844882212,0.22878348677207247,0.22629083475381864,0.21270314651851696,0.2791440331964001,0.373426041809377,0.41267071692025586,0.3031666411066809,0.15612587325178418,0.09675438434413944,0.08562535099296971,0.09236884395973513,0.11110967743492672,0.14170865648110478,0.18275420055098224,0.22332188041180434,0.2450178063889714,0.24711027892415213,0.24461143226612456,0.23949580318284766,0.22663749507597555,0.2061515294767895,0.18267941758120132,0.16136090658289104,0.1454827412576392,0.13633026148623134,0.13406952769125982,0.13862606796240076,0.15029188093419446,0.17015463438348968,0.2001944552917362,0.2420100918525907,0.29198410772472283,0.33347623856036707,0.34042112122071344,0.30340394527888803,0.24171246218967973,0.18126948693994138,0.13541053883885684,0.10539589225448055,0.08803272680619545,0.08043076835041676,0.08163358228995136,0.0934569160112828,0.1220796533870026,0.18015888515344133,0.2802995412118655,0.39587502872513153,0.44863998016373313,0.41860318426503856,0.34831578035996374,0.27346350001228936,0.21218444878428475,0.16941101199069356,0.14342416341429842,0.13170080043279606,0.13416230397000775,0.15601193360755009,0.2127088263081401,0.3210782763152832,0.38698059958290354,0.3219662512921274,0.27019710874712144,0.26214615480173836,0.2671871713289152,0.249633632882653,0.20612973170001864,0.16421213393315973,0.14014278055902335,0.13837476000572896,0.17007383183848437,0.2793366569285049,0.44144710979412355,0.23799262932992737,0.11635359439844287,0.09106362275546538,0.11049015527178382,0.17379547405000056,0.17268186146695697,0.08753042728317895,0.04998954074058533,0.042748025972988254,0.07315892315765539,0.29166071112398523,0.02335326648619715,0.005731529161231175,0.002641191715829877,0.0016461675576248962,0.0012079470723904892,9.7749559245517E-4,8.448401703383198E-4,7.676929006165552E-4
26000,0.6731142304005716,0.6731744896315447,0.6733551941720535,0.6736567133300925,0.6740796409977895,0.674624763033515,0.6752930112311382,0.6760854036329204,0.6770029710402489,0.678046669810392,0.6792172814149595,0.6805152998166119,0.6819408085054866,0.6834933500585266,0.6851717923402711,0.6869741969538377,0.6888976972482244,0.6909383950473664,0.6930912871912195,0.6953502348743639,0.6977079904486713,0.7001562976367638,0.7026860817341706,0.7052877460813005,0.7079515895737709,0.7106683569503163,0.7134299287894527,0.7162301513535597,0.7190657975279597,0.7219376391422744,0.7248515981125117,0.7278199295040768,0.7308623743857766,0.7340072050695406,0.7372920710578972,0.7407645420021735,0.7444822355955816,0.7485124150513126,0.7529309441682471,0.757820499544449,0.7632679610356712,0.7693609352617392,0.7761834157341198,0.7838106506912088,0.792303380070617,0.8017017192806112,0.8120191086285582,0.823236904104414,0.8353003345683083,0.8481166514356483,0.861556292222258,0.8754577054277121,0.8896360940455684,0.9038957285549921,0.9180447304677195,0.9319104823386619,0.9453532639743396,0.9582754925674677,0.9706240811842787,0.9823837921588172,0.9935598029153576,1.0041477838804134,1.0140895352396144,1.023211853832065,1.031146387082294,1.0372297984812182,1.0403881533434474,1.0390190747584513,1.03090199191977,1.0131910923383167,0.9825721669475059,0.9356766123387817,0.8698115480445241,0.7839481770754348,0.6797100437502922,0.5619097192624526,0.4381846043937857,0.31762649850432945,0.20886807336509142,0.11849115747839846,0.05061030333240504,0.009104380947362182,0.2836186988713973,0.015373849488407289,0.31746013932635714,0.6249608429857718,0.33906023478887504,0.2062412594853338,0.1455457859186154,0.21819770227176274,0.3603583803609346,0.45544715436556304,0.3429053367288151,0.19896149865484225,0.17601066481460687,0.1937838572545016,0.22370611635669024,0.25971161897968753,0.29156459866634316,0.3018885248474518,0.2869711411474888,0.2722156538591154,0.279490272348845,0.3070093372537512,0.3464651125658864,0.3924833078544237,0.4370890571529501,0.4673160914686042,0.47085844964142415,0.445900540597535,0.4036991924325282,0.35965913357630186,0.3236012085137036,0.29807572278529576,0.2821570212184437,0.27489132200438293,0.2765288702961182,0.2885844275096203,0.3135729094221921,0.3540735015598163,0.4094509341031003,0.4684713443345297,0.5048724456376609,0.495897497871434,0.44761418843943773,0.38179787501213136,0.31460395525362667,0.256004272739851,0.21175590153166493,0.18334527569292705,0.1702133699308143,0.1727842666679169,0.1950369432628732,0.24691115557662296,0.3418145763326083,0.46493429415110366,0.5292866417857257,0.49074134276979514,0.4068386557348883,0.31798745076698814,0.23975116673286054,0.18048127154929264,0.14120935845282723,0.11885690021087154,0.11109339812202033,0.11984006825077222,0.15661935275601213,0.2515412266673649,0.39741386739054785,0.3995242322478125,0.31738396484166914,0.2762206657537145,0.2681001186970042,0.26677462117135975,0.2496841715485184,0.21629136046397573,0.18539048978201844,0.17250936095972047,0.19048055169326156,0.2709060908486316,0.4156512509241613,0.24218712841087445,0.09677042896012705,0.05852767019810116,0.05562864081408341,0.08041960575346198,0.15698616093022597,0.15990622603100374,0.07390830259602668,0.04731230726728911,0.06024267462517478,0.296079692424416,0.035214423607981576,0.006759265776527329,0.0027800166128459725,0.0016175888124313638,0.001134823396695983,8.915664916007738E-4,7.562865762635997E-4,6.800545591250775E-4
26250,0.9996214749059074,0.999621742080083,0.999622048941289,0.9996218176824399,0.9996200764555595,0.9996154461259205,0.9996061218703693,0.9995898498220614,0.999563899108777,0.9995250298458357,0.9994694579310718,0.9993928178766471,0.9992901254050511,0.9991557421087871,0.9989833451851889,0.9987659059964896,0.9984956820053897,0.9981642273809793,0.9977624281655021,0.997280568208256,0.9967084319088452,0.9960354489712624,0.995250884613835,0.9943440757739351,0.9933047096449876,0.9921231352259456,0.9907906916287892,0.9893000288466369,0.9876453881636206,0.9858228011659952,0.9838301594828571,0.9816671031989798,0.9793346755726415,0.9768346963733207,0.9741688164598336,0.9713372322331559,0.9683370596453449,0.9651603921790409,0.9617920937922082,0.9582074043683613,0.9543694603410681,0.9502268567269055,0.9457114003914002,0.9407362316018736,0.9351945268285023,0.9289590450826832,0.9218828438799286,0.9138015614973707,0.9045377173311087,0.8939074807243998,0.881730241901036,0.8678410223900762,0.8521052436039219,0.8344346487038498,0.8148023614085859,0.7932543940183656,0.7699146814993404,0.7449811734271797,0.7187117320292532,0.6914003518325678,0.6633460700332336,0.6348183330915675,0.6060231466951328,0.5770740292300447,0.5479709296936494,0.518589364616478,0.4886815338275959,0.45789130264727174,0.42578552855598123,0.3919046729526709,0.35583494313836317,0.31730102551741196,0.2762717210909071,0.23306095084447384,0.1883976300129065,0.14343872291229667,0.09972385839014858,0.05914093093901904,0.024245135717379473,0.0016728707274402557,0.07633855550812656,0.21115312164764122,0.5301485271738564,0.48232421906961576,0.22730057525104513,0.12517310679186358,0.18829215453880196,0.3620749835624228,0.4413717899624564,0.30440727808970336,0.22613787549096237,0.30027993670694053,0.4091320924104626,0.49769273286210014,0.514874819042264,0.4478983281008903,0.35556407181862604,0.29901715331817597,0.2934946626836373,0.32184446747648815,0.3614790322353753,0.4035964705761007,0.4457704632569599,0.4844360842919138,0.513887634715275,0.526972458369348,0.5173410652250211,0.4839095130480008,0.4355620671086407,0.3896873531672717,0.36116638386587496,0.35251572119484,0.35648742834906516,0.36488650617788276,0.37333644594830184,0.3812179192185204,0.3901273806659739,0.4026188167671732,0.42136525721491486,0.4481727837166752,0.4816919034681941,0.5125962497490736,0.5201367942920887,0.48660325353068373,0.4252903857836551,0.36838752143180964,0.33191188123129994,0.31319861227880064,0.3037920217624869,0.29744144314449883,0.2930186560865925,0.2942175689619949,0.30806509156555645,0.34448545657637025,0.4151185402596611,0.5159492331444,0.5783002576393054,0.5304358232371701,0.4410042537319716,0.3722643610096592,0.3186315785302151,0.26397275630593553,0.2098664380435981,0.1675280470115595,0.14315289619664576,0.13929743263221245,0.1638978235683397,0.2422143307022895,0.3998527121599413,0.46742781827342716,0.3618266437154126,0.28307908981970614,0.2545379830795455,0.2526722679326689,0.2546902205837991,0.24116921467365743,0.21333500813635445,0.19102643506436617,0.19367439617759505,0.24847478518336136,0.3815994475760555,0.24968737169081082,0.0866560363862192,0.044084037989882106,0.03503012578238829,0.04128243790143993,0.07190386643166627,0.16228587997889865,0.13902530077977437,0.06731110140440284,0.06039545673311772,0.20148130263264716,0.053062267812597486,0.007261893156459534,0.0025919603685135013,0.0014075702336910421,9.536288623450449E-4,7.362336290032682E-4,6.196026635311572E-4,5.559266526034181E-4
26500,0.4495734417864805,0.4495328893704345,0.4494110250515263,0.4492076421570436,0.4489223764644116,0.4485546767692246,0.4481037642921487,0.4475685816391219,0.44694773238062274,0.44623941277077306,0.44544133770290456,0.444550663702453,0.44356391259666544,0.44247690046032107,0.4412846774916741,0.4399814855804497,0.438560741418389,0.4370150539732122,0.4353362858757564,0.43351566858332535,0.4315439809031959,0.4294117993615093,0.42710982677780795,0.4246293020428469,0.42196248936233444,0.41910323905490515,0.41604760447939076,0.4127944910789816,0.40934630436958686,0.40570955467778486,0.4018953684815245,0.3979198503487014,0.3938042367493076,0.3895747842836201,0.3852623406358322,0.3809015568508447,0.37652971381446965,0.3721851531427531,0.36790532188790015,0.3637244606243656,0.3596709853774269,0.3557646364471593,0.3520134938199892,0.34841099309768103,0.3449331216378973,0.3415360345881364,0.3381544036497098,0.33470088980593493,0.33106719680274144,0.32712718466304663,0.32274246087854946,0.3177706763783123,0.312076400585433,0.3055439354426335,0.29809081141592325,0.28968012168238577,0.2803294881293591,0.2701145185723739,0.259165235040581,0.2476550835117887,0.23578351970264902,0.22375439516003665,0.2117530432443667,0.1999248817660821,0.18835760633073798,0.17706800675753454,0.16599356459036785,0.1549886747880259,0.1438257759423229,0.13220281871646797,0.1197600137825064,0.10611000715399622,0.09088559726144826,0.07380733412193133,0.05477289543317829,0.03399603485938401,0.012595987888281165,0.09971262467933494,0.029651828270784063,0.26956177855818997,0.6219894800910221,0.28175808470933245,0.13117620716995007,0.19666973776203686,0.4167438435955041,0.3543929161661418,0.210081003059043,0.1875303020556454,0.312385711498614,0.4751043913573436,0.5840687885368471,0.5810426256709079,0.49406143082259957,0.39420844165046814,0.3304005464539174,0.31782209479937623,0.34338812629466237,0.39020118911119334,0.4452253861959225,0.4933847414400293,0.5236810481233293,0.5325926514970608,0.5222653664157061,0.4971769366062767,0.4619762981436926,0.42148049233669244,0.3824400969952608,0.35481352864152793,0.34875297678761774,0.3671159476299096,0.4007429053904456,0.43408172391389016,0.45638210450808653,0.46591930484522387,0.4661653556177134,0.46131428154779985,0.45445826809713813,0.4475741218556507,0.44205833007221257,0.439112646765709,0.439484582413888,0.4418555671022887,0.4395560832933332,0.4204905547028103,0.3812388493144466,0.3381881559833663,0.3082113293559026,0.29509204143417,0.2958893446513461,0.3068121844142664,0.32458103584374315,0.3468195536607105,0.3733365109037985,0.4078759630684243,0.45746966048321536,0.5211928701270512,0.5548498705066739,0.48513480986910684,0.36316944545844587,0.2803870538991145,0.24709908461728353,0.2474792232159711,0.26364794778514716,0.2708355376989904,0.25376273860888765,0.2306161796553281,0.23082870462060115,0.28228583569100146,0.41537994105543863,0.5096391320436895,0.3809439350866195,0.2636184866246249,0.2154983208102574,0.20772023634575612,0.22114239843368594,0.23470581034413673,0.2251466095054853,0.19837026887831982,0.184149001515471,0.21249893082704194,0.3312539867898807,0.28045779714600705,0.08862628806484565,0.040113327548342514,0.028657401483596752,0.02947385552716059,0.042473474974697965,0.08862113280194674,0.18326662630755755,0.11094161693318715,0.07218675880416961,0.14619610715407247,0.08669874971475165,0.00766012823454777,0.0022485305221403213,0.0011164303841643746,7.282353997283226E-4,5.544600150310684E-4,4.652565824023681E-4,4.183339199168416E-4
26750,0.14329437157057445,0.1432897447216947,0.14327585957811323,0.14325283830311208,0.14322087781017248,0.14318023949051045,0.14313123440257902,0.14307420353253508,0.14300949267649857,0.14293742148308436,0.1428582462371771,0.14277211608158474,0.14267902257312948,0.14257874277351132,0.14247077649782972,0.1423542788985548,0.1422279902615489,0.14209016573554828,0.14193850870040564,0.14177011257164493,0.1415814169952567,0.14136818551659733,0.1411255127967603,0.14084787012690925,0.14052919815406703,0.1401630551312735,0.1397428273914744,0.13926200587666654,0.13871452827276112,0.13809518058088555,0.13740004497159292,0.13662697296134202,0.13577605503336881,0.1348500507617395,0.13385473838354714,0.1327991406488858,0.13169558542216636,0.130559565147515,0.1294093684803775,0.1282654689690332,0.12714966798625885,0.1260840003952453,0.12508942038217724,0.12418429128968973,0.12338270854573996,0.12269269223945706,0.12211430069370509,0.12163774479956226,0.12124163075007478,0.12089152885934974,0.12053915392270782,0.12012253144245182,0.11956758084423146,0.11879152167983054,0.11770834435345266,0.11623624155120757,0.11430638022672127,0.11187180305292194,0.10891477197613207,0.10545073760043255,0.10152750441154082,0.09721904542384253,0.09261454681126768,0.08780422661340548,0.08286390468066199,0.07784006538563829,0.07273640335241834,0.06750192293920944,0.06201993316818367,0.05609693899371353,0.049450362663174235,0.04169354638918198,0.03231401451927447,0.020644000088015577,0.00632945875071033,0.5902610037064275,0.03727738848612792,0.3648654711328381,0.37941129311484545,0.15412946177931097,0.15777196900674928,0.4380509004469785,0.30167251962638497,0.1627603515358142,0.1416038556917049,0.2490165445126737,0.4209550311106646,0.5434718258584186,0.5560269301030943,0.5017674694814097,0.43834333429990674,0.3876553009711069,0.3492306824429135,0.33167122713067804,0.3635159578402629,0.43711554070816455,0.5121374250563222,0.5541820018924443,0.5563123838711677,0.5308808936469612,0.4923968470803008,0.44955427718695606,0.406149583788632,0.36560420222119105,0.3339610378420721,0.3182025388066639,0.3234481108766676,0.3521926001499839,0.4024159463418802,0.46336903716974964,0.5150498654829773,0.5386918184341318,0.5308124393446613,0.5029221621955574,0.4693171944974758,0.43893268079075065,0.4148335532561833,0.3965136810727345,0.38212328336241846,0.37037874377353347,0.36230029385966933,0.36203433225739023,0.37482741146488147,0.39918398636472885,0.41682189992753704,0.406564122315707,0.3750276178010308,0.34361148091649696,0.3241675565842671,0.3192251487337889,0.3278802461582483,0.34800070821248474,0.3763736306421191,0.40949053516871764,0.4458384851690197,0.48358412038439097,0.498741484317805,0.43089995948500487,0.29891682182543844,0.19975729715195098,0.15204193316145437,0.13818897822672155,0.14834595168367834,0.18208680365423605,0.23929613122284704,0.2988985577946779,0.32821998661576557,0.3540435371398509,0.43799674785442877,0.5297341401662076,0.3863137746470814,0.22795386860775738,0.16207669905505256,0.14509841058181705,0.1568530974763733,0.18980515274151763,0.22069015801968883,0.2102269476028609,0.17974108945359282,0.18052208393710947,0.26719221534546544,0.34375898633822644,0.11156811279658531,0.04516629564551205,0.029368194095884377,0.027119555674048272,0.03393135076695118,0.05926982792343878,0.1406208685081091,0.16496240689269445,0.09416068509400159,0.1269420389198215,0.15351973844034483,0.008753271562164534,0.0019918471284255555,8.657719530060705E-4,5.318880099359128E-4,3.9573912898169825E-4,3.299359848932757E-4,2.969011730575801E-4
27000,0.058445863836677485,0.05844638436554597,0.05844795726343508,0.05845067423291518,0.05845468748258423,0.058460208622714935,0.05846750680568911,0.058476905801750224,0.058488779619444875,0.0585035462058221,0.05852165869835971,0.05854359365325606,0.05856983565009331,0.058600857678594666,0.05863709675987032,0.058678924353612195,0.05872661126857403,0.058780287041174904,0.058839894093813135,0.05890513744550067,0.058975431337444206,0.059049844862768486,0.0591270495497413,0.059205272820676585,0.059282262287941395,0.05935526687087737,0.05942104159684917,0.05947588350840141,0.05951570611295325,0.05953615902196544,0.059532797574770493,0.059501304117606305,0.059437758126597295,0.059338946636926945,0.05920269986146046,0.05902823013830669,0.05881644639622547,0.05857021225442191,0.05829451467279003,0.05799651236280237,0.05768543895086853,0.057372344382192735,0.05706966778958269,0.05679064416775118,0.05654855396503708,0.0563558281757051,0.05622302209506546,0.05615767078033221,0.056163042549161275,0.056236819288345646,0.056369760422298375,0.05654445648210817,0.05673434931647317,0.05690328080246515,0.05700590713004224,0.05698933938818407,0.05679628694338252,0.05636973626221549,0.0556587832267378,0.054624721990296644,0.05324604558511442,0.05152085180909787,0.04946542843525512,0.047108478272115575,0.044481261126422686,0.04160445467559356,0.038472377376844065,0.03503408943034418,0.031168357181554918,0.026643880063903693,0.02104106781362685,0.013570012572282701,0.0032758807554727656,0.24736231154322624,0.08437039927602892,0.5003227493422323,0.16018707567146398,0.08059217455112162,0.34282890476466904,0.3644134385796383,0.1875094664610556,0.1335949890474458,0.1856524389320009,0.3376362830595809,0.4803868359292958,0.5080895634697868,0.4581384910297498,0.4086548822889563,0.3767440490974262,0.3470221291451709,0.317403865717252,0.33196275261683494,0.3951673613616258,0.46493322992000524,0.5068334119210923,0.5160050121283547,0.5008173768523088,0.4701420137434728,0.4310733968090594,0.3898470067369544,0.3537178174713242,0.3299432276161706,0.32112771801018,0.3249153688852003,0.3386546718396872,0.36192978246397317,0.39519469647603,0.4370407596541599,0.48201066027551825,0.5197329475373447,0.536657532769144,0.5229806822475516,0.481919131179304,0.4288948168705664,0.37974636264898287,0.3430083088549457,0.3208501125493534,0.3124142579693863,0.3156977603998406,0.32798483482980123,0.34633040150957967,0.3697188892664684,0.40120202200960275,0.4425855050259705,0.47876242031855726,0.47691258790663216,0.42971609036675523,0.3690425042249813,0.32188152634769024,0.29567586991171024,0.2894221706146322,0.30074852523260753,0.32664315433905017,0.36160295682224897,0.3976195661241121,0.4287866777868794,0.446696283232548,0.41079803098903067,0.2952694508855636,0.18617658635303727,0.12797476214750586,0.10422405880047772,0.10056770784674311,0.11323531890977988,0.14646641996374685,0.20996873428658872,0.3021341600935825,0.3841052369538314,0.4505577175375289,0.5223660556513771,0.3971393309192829,0.19881796012877373,0.11577944772429655,0.08968558188403623,0.08995154141458897,0.1130185036213795,0.16658738528637104,0.22532374575849676,0.20814081427175912,0.17847229114672664,0.22528105281306526,0.3889120769267768,0.16208460632497493,0.057044261727209424,0.03292345173638411,0.027311920652114775,0.03053914843866867,0.046759610617868604,0.10264377430330249,0.19036690390009292,0.11864055114704875,0.12027139287343144,0.24906679362294193,0.010984531536650443,0.0019478505628078126,7.260093975942381E-4,4.1115568420256284E-4,2.9474455568533113E-4,2.420611211508563E-4,2.1685917231249212E-4
27250,0.029204453688833374,0.029205468276118043,0.029208517334227614,0.02921364685099729,0.0292209343134173,0.02923048989464148,0.029242457968552887,0.029257018800378468,0.029274390213711216,0.029294828982755757,0.02931863164488061,0.029346134373838956,0.029377711499008502,0.029413772205948017,0.029454754909803413,0.02950111876246252,0.02955333174344496,0.02961185480059453,0.029677121561286976,0.0297495132393273,0.02982932853239516,0.029916748556044547,0.030011797211291585,0.030114297851611235,0.030223827716769375,0.030339672342208142,0.030460783026092658,0.03058574140856113,0.0307127362203142,0.030839558173166987,0.03096361961859724,0.031082005759544642,0.031191563589324373,0.03128903306797134,0.03137122210497387,0.0314352226182873,0.03147865944442388,0.031499957663393745,0.03149860779292095,0.031475403369990704,0.031432622795919664,0.0313741278455991,0.031305355226471925,0.03123318450385424,0.031165674244457157,0.031111666466707842,0.031080265489850052,0.031080199749998785,0.031119074095619478,0.031202517240393617,0.031333228137129174,0.03150993152031741,0.031726273315357593,0.0319697270998843,0.032220645799806644,0.03245167205973058,0.03262779465975618,0.0327073649933768,0.032644307857979206,0.03239151836353718,0.03190501754736389,0.031147914199508634,0.030092751421039492,0.028720579698411897,0.027015113711427365,0.024950232713627958,0.022467784688994873,0.019437231630758438,0.01556919064334716,0.010184044374905976,0.0021766645668540507,0.1396301957810019,0.09166574832243565,0.2877385631134355,0.07083499720914621,0.08813424494630737,0.42871447648455274,0.2679880748396647,0.1709355201437051,0.16623630235237574,0.25831439294410197,0.39189012604566176,0.464865723712091,0.4114937787288846,0.35321696490058857,0.32188055091516626,0.30436366213902716,0.2840949153820783,0.28813834597833704,0.30705457935293856,0.3028824662893242,0.29077783473870217,0.2882557624466385,0.2973608443368691,0.31394625654812947,0.33094925637701617,0.34035025025655563,0.33818260485835494,0.3251004459476744,0.30093417451307897,0.2683373808253377,0.2355264740651824,0.21007688995149623,0.19553107134029385,0.19293987219640193,0.2029445668039371,0.2266087824971429,0.26475340834668215,0.3154130578427175,0.3698117494488797,0.4107126955053945,0.4194244380332219,0.3903951704019434,0.3378465087650963,0.28323014594319595,0.24012651631522133,0.21259337347644572,0.20052408551736536,0.20377094281188535,0.22385771874115712,0.2637833603248423,0.3246959775950004,0.39874207307999454,0.4667898961564363,0.506475434133178,0.4949275303925567,0.4288614927943553,0.34505945251347936,0.27889602016847637,0.23926662754651223,0.22300834891233817,0.2266459294968053,0.24874051748278106,0.28736972099475633,0.3345726449745777,0.37609643795235476,0.4051495563540281,0.41159828737635984,0.3450742837539208,0.22847016564824352,0.14843678337386687,0.11004412632151052,0.09563174039060376,0.0967187388227325,0.11306342463153947,0.1515607275954321,0.22482929057965706,0.330883019481322,0.42609379262638647,0.49100969495377367,0.4117504424019526,0.19187675010882832,0.09029363445250904,0.05773740373819323,0.04987629315644632,0.05652056372881318,0.0837845889099956,0.1572901866324147,0.25461536104746707,0.225266216741321,0.2250301522028903,0.382551200169972,0.23325875754769243,0.07103875212868939,0.035726958163223445,0.026665430693976488,0.027151173942805747,0.03774712094760473,0.07638258234260704,0.18193146770882654,0.13979723395358215,0.11368602528029725,0.32107270775971314,0.014290353982315486,0.0020733212403612495,6.851968577717631E-4,3.6153618754163644E-4,2.4963633259189084E-4,2.012202553326106E-4,1.7879852735191458E-4
27500,0.01678573311582356,0.016786674218579833,0.016789497534938757,0.016794221064209233,0.016800875742284633,0.016809506824858118,0.01682017577782443,0.01683296262359706,0.016847968670284895,0.01686531952401389,0.01688516825259523,0.016907698530896124,0.016933127555111765,0.016961708465159372,0.01699373196312573,0.01702952676289288,0.017069458454787082,0.01711392632270909,0.01716335761452427,0.01721819874575028,0.017278902918234574,0.017345913670673434,0.01741964395628245,0.01750045048092161,0.01758860324941098,0.017684250579200964,0.01778738027156213,0.01789777820084428,0.01801498630681264,0.01813826285005539,0.018266548787466065,0.018398445168061783,0.01853220740699991,0.018665762961618343,0.018796759031792225,0.018922646113658202,0.01904080123232191,0.019148691245872356,0.019244071745750112,0.01932521110879915,0.01939112291757267,0.019441784353846903,0.019478314550188756,0.019503086350371943,0.019519747995964155,0.01953313753374659,0.019549080848363837,0.01957407207264236,0.019614840505707113,0.019677809534710138,0.019768450271848533,0.019890527461492755,0.020045231562838724,0.02023019457472182,0.020438405131985703,0.0206570770361873,0.02086658662805631,0.021039669093780394,0.021141122517299955,0.02112825379356824,0.020952128298430347,0.020559262145720122,0.01989264031471295,0.018889739469327597,0.017473097346518505,0.015523685177118034,0.012809021304454105,0.00876019908649004,0.0021359757671641786,0.1066309977470152,0.06444587358796675,0.12355416956603654,0.04235902931969489,0.1500098510662002,0.37607631077905435,0.21802810906400732,0.1728094337087566,0.21047005195361487,0.28029371608376547,0.3778506173614721,0.3375607898355742,0.2775366458658866,0.2504830629355109,0.24413850360096023,0.2377710637581617,0.2339333927630733,0.22734460699663922,0.19260695677824677,0.16066770802603422,0.1440557171046345,0.14126424816704997,0.1509155238045046,0.1731100907257124,0.20756145448365768,0.25140008859016844,0.2951291398845264,0.3206086886842454,0.31540236896177987,0.28449609239374934,0.24241945663969042,0.2020872384173145,0.17055214030417393,0.1499431244901231,0.1399804845062802,0.13994549846082283,0.14966068921335593,0.16974979753594152,0.2012969655093495,0.24448419515248304,0.29543766580469477,0.3419802063413821,0.3639015637193957,0.3453950791625036,0.2922943790357289,0.2292048022402046,0.17696278018103065,0.1420258481944042,0.12267605995762293,0.11615014193252385,0.12161538650246682,0.14118673469524826,0.18043178907931742,0.24645841897581047,0.3364899862008233,0.41868347347825613,0.443086775174665,0.3908270973552245,0.30125765163912904,0.22495417467734502,0.17735073154405437,0.1538576371102251,0.14891575251064357,0.16109902422170222,0.19318017630108594,0.24879997928196604,0.3200873666944328,0.38054949980742275,0.417050683784757,0.4055253285381289,0.302890491386299,0.19230915943232899,0.12982243435370927,0.10145431339675899,0.09263056377823163,0.09847079080171092,0.12164099601719211,0.1725555553205697,0.26389720632762864,0.3745505948465545,0.4497899254681399,0.41762007255057165,0.20477816491010445,0.08249011361387383,0.04411022356991416,0.032639678576832316,0.03219640323070806,0.04195830831116892,0.07463748457548589,0.17821344903017924,0.298168857824321,0.2626429947196407,0.36286737684290427,0.310294615300868,0.08359798176340644,0.03615012691881819,0.02430395184727206,0.02277991746925242,0.02928997714398381,0.05520975170868101,0.1515509604640312,0.15809237219901834,0.10437031373180301,0.30942586167097197,0.019024864656467553,0.0023254930223576297,7.172185033385461E-4,3.64407229906439E-4,2.456819977741021E-4,1.9500767645615053E-4,1.7176186171194134E-4
27750,0.010665394060551848,0.01066623432820647,0.01066875247655648,0.010672952348869022,0.010678841019923883,0.010686429803879745,0.01069573567225415,0.010706783084566686,0.010719606229309646,0.01073425166343061,0.01075078132406718,0.010769275865748672,0.010789838249406328,0.010812597475972283,0.010837712317126349,0.010865374849362864,0.010895813546167558,0.010929295627991208,0.01096612831339397,0.01100665855980598,0.011051270832458326,0.011100382399757138,0.011154435627993137,0.011213886745141392,0.011279190571620412,0.011350780787591072,0.011429045437559189,0.011514297584412954,0.011606741341640898,0.011706433963311667,0.011813245283610144,0.011926816592108883,0.012046522005800118,0.012171436515181907,0.012300316038975405,0.01243159583762243,0.0125634142306923,0.012693668372157598,0.012820107453657404,0.012940465778913326,0.01305263353209371,0.013154856963261581,0.013245952837561782,0.013325515530591294,0.013394090576110776,0.013453287134468443,0.013505804445762068,0.01355535345263195,0.013606462778203592,0.013664165574689942,0.013733567719879146,0.013819296542100571,0.013924822459997495,0.014051635536503852,0.014198249062089621,0.01435899867256524,0.014522614078749446,0.014670563366741952,0.014775196355221416,0.014797701397219174,0.01468572765367264,0.014369946956061131,0.013757167708070353,0.012712805613851741,0.011009215617051983,0.008145359487392,0.0027860080560952274,0.09695318396067334,0.04691700686277834,0.07913163923079504,0.03562154458748779,0.1978099030103292,0.31053088926981903,0.17964846896702777,0.16394779183725167,0.21420140449148262,0.25950585614609045,0.24331279183377752,0.17645884670933715,0.1544603883106679,0.15845728473058276,0.17658721795399857,0.19741830701943622,0.21799449952331293,0.19641825206385938,0.1601390451302528,0.13452260454290466,0.12139172050452485,0.11991960069185989,0.1308707496441455,0.15527909436906678,0.1917323528500909,0.2346048072636449,0.27410467336118405,0.30262308948816335,0.3189061438097253,0.32343565918061246,0.3154676743285305,0.29507406959272336,0.2660039052017616,0.23540488108312202,0.2102756143453023,0.19431134776851794,0.18778356423231443,0.18937094029668966,0.1978099992814035,0.2125847160559653,0.23388397666204894,0.26195135518290524,0.2954619618483263,0.3286803359402281,0.34912525158813446,0.3411040895018212,0.2985826709977226,0.23580476049266433,0.17648875832141278,0.13380966098315134,0.10813843776339636,0.09561696677786263,0.09340605499972063,0.101077080194289,0.12104062665408771,0.15894073170411477,0.22160292350401045,0.3040010073523844,0.3661808787002978,0.35340726826826147,0.27267668130566325,0.1877169759187641,0.13200382906525449,0.10241974193553914,0.09016757035078767,0.09093271363696334,0.10571103656449517,0.1418758830959159,0.2134854853958434,0.3215575288929787,0.41466869068521195,0.4414999566280764,0.36412615244567964,0.2322532357966878,0.14467818276594396,0.10257563720765317,0.08561031701437216,0.08411993964914524,0.09723891976691061,0.1320323758548463,0.2040488727830534,0.3155364851288877,0.4082674174143354,0.4172300234755958,0.23470960547547798,0.08696808528756043,0.040364207956247136,0.02627572030195353,0.022991267922754445,0.026360947934635073,0.04046821791585116,0.08888303480412826,0.2491389478866,0.324072692154547,0.3520300624272079,0.38326167651353005,0.09562340695155176,0.03466534612788159,0.02081621851055411,0.017975008196733172,0.02148826337354011,0.03772710059286651,0.10994209009003983,0.1777171374907451,0.09425844639455715,0.22558888064383475,0.02718147602615534,0.0027777572838570187,8.263693602396417E-4,4.1336772392650266E-4,2.7441160809224026E-4,2.1476153498696423E-4,1.8729179946194098E-4
28000,0.007306899165965,0.007307666795953842,0.0073099663134000665,0.007313795925630347,0.007319152999915795,0.007326034611135351,0.007334438337357353,0.007344363330047807,0.007355811689561156,0.007368790178039175,0.007383312299626364,0.007399400771086786,0.007417090394029246,0.0074364313216472465,0.007457492687861381,0.00748036653434616,0.007505171931075942,0.007532059138914085,0.0075612136094977385,0.007592859559164324,0.007627262792587415,0.007664732389918414,0.007705620812325753,0.007750321928137381,0.007799266419674193,0.00785291400475572,0.007911741903532719,0.007976229010720495,0.00804683530909321,0.008123976202196402,0.008207991679480357,0.008299110589557434,0.008397410827395653,0.00850277697713163,0.00861485792001572,0.008733028108096058,0.00885635754813896,0.008983596871301082,0.009113184890541625,0.009243286350319515,0.009371866633420276,0.009496807506309424,0.009616063243847707,0.009727849784424293,0.009830851648226441,0.009924423577331264,0.010008758013921055,0.01008498727621721,0.010155191408137742,0.010222288459322337,0.01028979100105791,0.010361417348580341,0.010440544264791239,0.010529476563302742,0.010628485881738044,0.010734534389096216,0.010839545628910109,0.01092800085086139,0.010973481700396796,0.010933414372664303,0.010740270196153935,0.010284367958586822,0.009372149303438373,0.007592460624018911,0.0037766945166299855,0.11715550588217434,0.02630774454511414,0.07334222651433471,0.037829696553531196,0.21597821605002843,0.25553943380452043,0.14529034534723143,0.14240425601543683,0.18177755527578782,0.19621490277809872,0.1279396612832001,0.09294147643310668,0.08852502202703624,0.10322187544420008,0.13714451352340326,0.19037629627156866,0.22087394069519603,0.20647614679265827,0.18575996229725728,0.17183390856178976,0.16678808207701734,0.17292338667355328,0.191850060360153,0.2200284141074142,0.250616657943455,0.2762722240377552,0.2923418112043629,0.3024806446887725,0.3131184381305932,0.3276027474795306,0.3452453120725113,0.3618895991778755,0.37143931124126534,0.36946642867936635,0.3572272493058124,0.3409192792370941,0.3256281710536047,0.31179695723091033,0.2979976501460825,0.28449543834779206,0.27355146756055554,0.2679769075867298,0.27010762150569945,0.28144704303254603,0.3021464669352727,0.32945895997407937,0.3552824547758454,0.3656935941129015,0.34718790351435436,0.2984035798993266,0.235621776912578,0.1800959650106733,0.14152482720080367,0.11885618054126655,0.10843172710079138,0.10803238192713167,0.11777440160947296,0.14034905394934652,0.1807488265982266,0.2418242369136028,0.307887551386119,0.3301490477474955,0.27363235864346935,0.18275471856938225,0.1153976287827754,0.07884113687192569,0.061688914457758585,0.05615671143943382,0.05989850807827927,0.07564569304417003,0.11401729465357295,0.19782975703646724,0.33289872220516414,0.42809166165393464,0.3915972934381797,0.25627004775189316,0.14926219022981313,0.09653827930162702,0.07410807160210281,0.0678391337419203,0.07395188432742829,0.09639011628954867,0.14928017273660316,0.252023130234581,0.3669020675889021,0.4119367604969378,0.28585580950915424,0.10556378325361061,0.04374966248687303,0.025605519444513142,0.020279333050639604,0.020881425807040072,0.028085007471603068,0.05223897584647433,0.14376003230957232,0.3418010356227321,0.3569990433312181,0.4355228599631852,0.11255277243617032,0.03284197743134439,0.01721991957910958,0.013560994534842977,0.01499796696746921,0.024291299358060996,0.06894328093498762,0.20017038823469585,0.08778957621723728,0.14410455813389939,0.04503105838356938,0.0036277234034515493,0.0010373260557203802,5.085983688933536E-4,3.307514219796072E-4,2.541870930423059E-4,2.1885989750330463E-4
28250,0.00530970558824171,0.005310419164165122,0.0053125569642402245,0.005316116415032964,0.0053210933285143475,0.005327482069837123,0.005335275824058557,0.00534446699305432,0.005355047761793787,0.005367010879999819,0.005380350710474224,0.005395064598304431,0.005411154614901225,0.005428629726339996,0.005447508425687483,0.005467821852726895,0.0054896174007666235,0.005512962778153972,0.005537950451348014,0.005564702346941842,0.005593374632703185,0.00562416233381065,0.005657303472339491,0.005693082348206484,0.005731831511470668,0.0057739319125504895,0.005819810661862343,0.005869935787817482,0.005924807356604278,0.005984944316011859,0.006050866460084636,0.006123070999639419,0.006202003393752377,0.006288022388923317,0.006381359677555303,0.0064820752846597215,0.006590010775173961,0.0067047436689192325,0.00682554801560675,0.006951367763878561,0.007080811038624388,0.007212174209943966,0.007343504019683587,0.007472703306565995,0.00759768050775045,0.007716535091754609,0.007827761172737641,0.007930441414349664,0.00802439511431353,0.008110239907867245,0.008189326206302808,0.008263505138935012,0.008334689142879555,0.008404150973565573,0.008471469464826067,0.008532949100130962,0.008579175834082646,0.00859102625645541,0.008532642407518064,0.008337701324302551,0.007878119881609436,0.006873763275176999,0.004533445598176437,0.4050203480573353,0.017495755668518655,0.08589669148915484,0.04425221019609876,0.2059593169913899,0.2041880010203172,0.11252366556904184,0.11522701348900588,0.14341505955071543,0.14290541422440944,0.08598249190154449,0.06628590558461145,0.06748066728468827,0.08853994430738331,0.13814785825129772,0.20199839173964776,0.22382006710215416,0.2202919008731198,0.22216583826460903,0.23480545405244221,0.25672743705607265,0.2817703215373724,0.29956122507338095,0.3131486821235896,0.3298788583983649,0.34025193149059807,0.3405865292232766,0.3376856069718947,0.33771540211331336,0.3430032269515684,0.35281046590360654,0.3641070171231861,0.3727791640777941,0.37626148829666795,0.37622277220627875,0.3778915717888579,0.3853295576676078,0.39651231452060726,0.4033685932044982,0.3980342507590512,0.3793169527488139,0.35287033105235416,0.32647317861193687,0.30610333128759,0.29509240973186796,0.29494532834796955,0.30604230053978654,0.3272722498368659,0.35433604128552604,0.3781105656392635,0.38693176175052457,0.3727228004262299,0.334146131980735,0.2792072529306237,0.22422254617343226,0.18150771481396674,0.1539128113426819,0.13983168383886238,0.13778403575284828,0.14817903112569658,0.17371029781124883,0.21778827821702476,0.27599735459856883,0.3182510030372779,0.2958101211245277,0.21021766737096712,0.1270142247119146,0.07820892172482657,0.05460459256204031,0.04464686757249438,0.043025690974498,0.049204198854996196,0.06769791045908513,0.11279116076339317,0.21266060912632276,0.35163756363867427,0.3876313996003514,0.2725139328207427,0.14994912436395721,0.08760567728104221,0.061231229152173376,0.05183497038488075,0.052927781140066486,0.06553469303164153,0.0996702764515256,0.1813133394443358,0.3169685358897558,0.4001966714021437,0.35112610465101546,0.1463212241199688,0.05525561645375393,0.029159869187941733,0.021021045717750868,0.0196767896403971,0.02369570376311547,0.03818972046676834,0.0896605370453201,0.27011501980118197,0.37119363202532507,0.4463758276813993,0.14343042094021324,0.03261287461682319,0.014469624645180349,0.010211314787001125,0.010339297222296049,0.015262135412900602,0.03914604569594504,0.1958026032128483,0.09080735530693211,0.09673457763047062,0.09179080171296555,0.005152664477190149,0.0013642718506764186,6.426193480053264E-4,4.054033637132299E-4,3.0461574727908247E-4,2.584673054459423E-4
28500,0.004046509804936582,0.004047176076487193,0.004049172977505416,0.004052499626822248,0.004057154494273751,0.0040631353205348416,0.004070439028933477,0.004079061653930565,0.004088998318800704,0.00410024330324,0.004112790249979618,0.004126632567604354,0.004141764094106749,0.004158180091395643,0.004175878644008337,0.004194862534291643,0.004215141659886908,0.004236736045849471,0.004259679481638552,0.004284023781173638,0.0043098436213221195,0.004337241860327237,0.004366355173481234,0.004397359770435178,0.004430476879531667,0.004465977602796584,0.004504186664491598,0.004545484500125969,0.00459030706474768,0.004639142681767273,0.0046925252092370594,0.004751022772796314,0.004815221312182453,0.004885702225758094,0.004963013504591272,0.005047633969158722,0.005139930624241942,0.005240109814448064,0.00534816388316458,0.005463816477030939,0.005586471489467352,0.005715172750239918,0.0058485835666497645,0.005984996440173254,0.006122382769922166,0.006258489017591758,0.00639097872415496,0.0065176086263436985,0.006636412602703754,0.006745850926946976,0.006844866084523385,0.00693277019120054,0.0070088679426015465,0.0070716785505690076,0.00711752728381909,0.00713805716657978,0.0071156741352959,0.007014518729331374,0.006760222880055137,0.006185221184704313,0.004833652005541533,0.022986340258282927,0.01655319187498306,0.11808213573386248,0.05048941530966325,0.1775524656176141,0.15431967906460842,0.08105716196147068,0.086976418156531,0.11476970479421107,0.12542659638967524,0.08001190765041635,0.06619622040367167,0.07225296937120412,0.10539943136433828,0.17109435417345764,0.22494562223523537,0.2305858582875996,0.22962159135132082,0.24523393520175024,0.27895279473139123,0.3206990499016646,0.34350590789196617,0.33906291463504173,0.339009663912424,0.3513767997123347,0.36612532129322906,0.38007148104483235,0.3923541666689048,0.40129329246396,0.4044778963385901,0.3992592419923904,0.384456085222509,0.36271512815514495,0.3404788303556878,0.3246826326119006,0.32005928659946775,0.32923326877264175,0.3528489975731481,0.38767561404305045,0.42490554369503547,0.4523936480947949,0.4605903281584351,0.4471886569006375,0.41727616565124753,0.3799201049012562,0.3438775390440497,0.31509773118656836,0.2966931217704518,0.2901138047944601,0.29612262384479543,0.3147073256461238,0.34336329566921653,0.37460389648088116,0.3967040925859168,0.398023978021796,0.3701302458656506,0.31658577385861547,0.25655799330583984,0.20766807668851822,0.1756967338724116,0.15980486180626846,0.15864738614264143,0.17290254802572588,0.205354464240232,0.25668365440363944,0.31142125759639816,0.32593305742575684,0.2651551624934165,0.16823196495645515,0.09833131948662893,0.0625206004485808,0.0462295948650658,0.040256085552745326,0.041396522142893195,0.05076294218995953,0.07543356269292052,0.13489288716280318,0.2535401295769752,0.35536150802163563,0.2917471146895131,0.15676624593664307,0.0812464472053675,0.05042241188788222,0.038683642640237624,0.03637083883098892,0.041944942219613146,0.06056071062588341,0.11215462365191536,0.2408418124304319,0.38371752609660303,0.4016097028534446,0.21411856764929485,0.07642563483500167,0.03606868888664203,0.023566973750232752,0.020160717399047227,0.022106788014895982,0.03183622672593066,0.06481394171335551,0.19126009279304346,0.3715720788997777,0.4276008550438209,0.19709631807886593,0.03564508696475977,0.013090733100065862,0.008156910187147709,0.0074979011909485135,0.010025981170344474,0.022451720067796246,0.12929828310869076,0.11083796612725647,0.0744167474765198,0.21970094593113965,0.007681788339124458,0.0017950028507059028,7.978309914311552E-4,4.85511220216445E-4,3.563994483475169E-4,2.982148741554994E-4
28750,0.0032085384206932263,0.0032091580281891955,0.0032110161064825456,0.0032141143934874728,0.003218455651383139,0.0032240434713123826,0.003230882012222895,0.0032389756873026526,0.0032483288169492756,0.00325894527382546,0.003270828153418685,0.003283979512591944,0.003298400228832461,0.0033140900437755153,0.003331047865622555,0.0033492724152592,0.0033687633089610385,0.003389522674908453,0.0034115573993075995,0.0034348820885269494,0.00345952281399134,0.0034855216745244503,0.0035129421647848848,0.003541875277702143,0.003572446193874652,0.0036048213237295313,0.003639215372282901,0.0036758979961344783,0.0037151995230125454,0.0037575151103640876,0.0038033066344541145,0.0038531015264565496,0.00390748770618967,0.003967103706882509,0.0040326230373096145,0.004104731802199508,0.004184098625301662,0.004271336043957586,0.00436695285337339,0.004471297488480521,0.004584493575770697,0.004706370382716986,0.004836393064519275,0.004973600178439257,0.0051165583768414844,0.005263345478331218,0.005411571672074369,0.005558442396985385,0.0057008532621100946,0.005835485199506831,0.0059588346980947,0.006067064958398595,0.0061554855678378345,0.006217320661453836,0.006241093991724451,0.00620510402603298,0.006064943716681985,0.005721197808029073,0.004915584476489145,0.0036030318519109923,0.013089469983032532,0.20833985374611058,0.052971745223761836,0.14707654282524835,0.11763207405222854,0.05567396395336698,0.06193748420472575,0.09674726366478344,0.1293709129761973,0.09059349704287274,0.08184159315863822,0.09749679423994274,0.15110137951068875,0.22005205690350724,0.2515764890900813,0.2425188516200807,0.24270221222529098,0.26593073324951777,0.3071841682147371,0.3420891699468485,0.337421309697595,0.3117625382390474,0.29848085384967943,0.30379472743708785,0.3305446576002015,0.3761737139478127,0.43062030168017484,0.47788732665114725,0.5005626140318782,0.48970758558143196,0.45252985475057694,0.4067052039128438,0.3669550949974116,0.33915146239728544,0.3238959961235905,0.32116457557281686,0.3316546670349644,0.3562152484239652,0.39457801300628426,0.44316283025597564,0.49271944568001447,0.5293151393866065,0.5410947698417737,0.525025373689233,0.4864773540919259,0.43474763731580346,0.37979621767647415,0.3301325001708008,0.29140946312795357,0.26655638175672486,0.25718986331392113,0.26507277004948065,0.29225198798838825,0.3377998210750739,0.39050511193849036,0.42752224589937543,0.4287088854580914,0.3894653728198331,0.3244544381581353,0.25887086427247724,0.2091886015297438,0.178857779196979,0.16612211770253182,0.16991953882061334,0.19191382083117578,0.2353148894761151,0.29594414931833957,0.343975033787398,0.3307002632104421,0.2446794011049944,0.14824229916722212,0.08901363587974803,0.06014338326777721,0.047422632091259895,0.04387078325475172,0.04789523207155063,0.06259339827868111,0.09916142778257024,0.18173268319741168,0.3019334243378146,0.31182260847009247,0.17949952290386006,0.08303721775975574,0.04458866981351019,0.030272375696349413,0.025735881362570455,0.027170673824215803,0.03619523687948233,0.06351011274764873,0.1493473613905235,0.3379506404065236,0.42674094610368396,0.2944085402035826,0.10624224757893594,0.04475671254231075,0.02642005071882975,0.02074992514372451,0.020992831306050286,0.02767351062831394,0.0505209262058739,0.1376836433872166,0.3462944289827092,0.4029848596058785,0.2742077633961469,0.043191671796593355,0.01312150737973629,0.007202474024306329,0.006005885633514203,0.007288374204620422,0.014243871821130464,0.06840545008786245,0.15975213460288848,0.06527997639096433,0.3791226856458201,0.011752257562482195,0.0023107668746650805,9.579341252916481E-4,5.616468046100076E-4,4.0357323575050967E-4,3.337949860090405E-4
29000,0.002632086052928468,0.002632658425093663,0.0026343758554310264,0.002637242659341681,0.0026412658935453526,0.0026464551534359083,0.002652822290676618,0.002660381053478849,0.0026691466543526674,0.0026791352737209886,0.002690363512928934,0.0027028478171210626,0.0027166038974052284,0.002731646192793542,0.002747987425567537,0.0027656383186898392,0.0027846075601057484,0.002804902115247438,0.0028265280042850225,0.002849491672599994,0.002873802088966809,0.002899473702867403,0.002926530376833918,0.0029550103783144333,0.0029849724654820225,0.0030165030309702635,0.003049724176801556,0.0030848024850850253,0.0031219581270204243,0.003161473823891426,0.0032037030453976206,0.003249076709296004,0.0032981075353999195,0.0033513911054110384,0.003409602581439396,0.003473487930245323,0.0035438483781963623,0.0036215166825486434,0.0037073236687253683,0.003802053402986476,0.003906385444053153,0.00402082299101848,0.004145606590868831,0.004280614524224796,0.004425253018719616,0.004578341602455502,0.004737999981374995,0.004901540281348772,0.005065357799649081,0.005224786801852702,0.005373831540346944,0.005504568175392694,0.005605770955484998,0.005659745986726673,0.005634801871056494,0.00546571843627616,0.004994023121031263,0.0038080353807058757,0.017223679752090475,0.26088027134982716,0.05366658555220169,0.1103104715204685,0.10473485646423873,0.04058368142019089,0.04458373116188346,0.08548181006283152,0.14031209720741167,0.10564118568117901,0.10390409686681214,0.1361820700781985,0.21153218024476433,0.25648312100462667,0.2604499748072079,0.2462256153183872,0.2573619888296265,0.29633949272601307,0.34773172609130076,0.3662802876022268,0.32965716852922083,0.2902063018832915,0.27631628041123496,0.291122972213205,0.336424457153543,0.40609743331432724,0.4792770643817723,0.5235228542695399,0.5209119172519617,0.4856104657538408,0.4448278507545926,0.4157340427537462,0.4007373099135317,0.3941781990173651,0.39060470028692795,0.38814220552297735,0.38768243105216954,0.39120500866784447,0.4004986379580554,0.41640404494409144,0.43838085676980154,0.4640179866537688,0.48835668497673856,0.5041418944093325,0.505178386719663,0.49134753070869447,0.4684670605934575,0.4420990065269319,0.4133361342485714,0.38077112619037135,0.3453862428186566,0.3125742002073861,0.28954210992675283,0.282438376758462,0.29612424876781945,0.3340263252631517,0.3928673689102459,0.4524803592233416,0.4808856357895872,0.46069701356741005,0.3985894154737438,0.3188770661934584,0.24825976554583204,0.19911634058935598,0.17149016682248536,0.16255425883840924,0.17181611200699592,0.20253453774451058,0.25851279245915626,0.32791542762606,0.3666542378608241,0.33170561447080377,0.23330100328130565,0.14186654946358968,0.08940457410355877,0.06404258289652363,0.053429348766587566,0.05230644941284428,0.060761968521119154,0.08505929208817004,0.14231613561182746,0.24879554073211582,0.31911463581167476,0.2217413950959529,0.09832191021644564,0.04557209578304657,0.026950784815346508,0.020450553533240608,0.019564025550106466,0.02371435917338792,0.03786552640778225,0.08477754697486393,0.24158391470167626,0.42592738050728796,0.3628498198766562,0.1417855147080077,0.05365081002741893,0.02855858250570698,0.020660099403223497,0.019454913683396923,0.023836019106477247,0.03993833493677988,0.10051671127006345,0.30130668832808616,0.3818848665494801,0.35854609279100796,0.057238184991789745,0.014520495837905913,0.007075674069923695,0.00538491827808712,0.0059689829940764915,0.010300381980446383,0.03885056559678537,0.23955009709840255,0.0634253147624185,0.2594438740200676,0.01871015686518496,0.0029200944142167957,0.0011169215064405593,6.307295609518946E-4,4.446688111922749E-4,3.644664672388452E-4
29250,0.0022249911930420315,0.002225517609301793,0.002227097972633211,0.002229738597214812,0.002233449916412964,0.0022382463444991785,0.002244146076835295,0.002251170823074716,0.002259345467514652,0.0022686976512631407,0.0022792572726613373,0.0022910559057566946,0.0023041261419467843,0.0023185008675928433,0.0023342125008432037,0.002351292224425292,0.0023697692679769244,0.002389670313546444,0.0024110191207983842,0.0024338364932834384,0.0024581407322322468,0.0024839487472237765,0.0025112780103187294,0.00254014954744191,0.0025705921528540246,0.002602647984059266,0.0026363796405415524,0.0026718787467968938,0.002709275947243866,0.0027487520801771272,0.0027905501361696443,0.0028349874326431233,0.002882467261420983,0.002933489098851734,0.00298865631155717,0.003048680138055827,0.0031143785580148484,0.003186668444977864,0.0032665490958984364,0.003355074804079407,0.0034533135684312443,0.003562288315848202,0.003682896190442031,0.0038158005721607713,0.003961289471137661,0.004119092390446805,0.004288144299649498,0.004466276417493426,0.004649790389569854,0.004832814700200482,0.005006199704192473,0.005155346395033455,0.005255372708470407,0.00525889757300235,0.005059606943635539,0.00435894753048277,0.1297751263916383,0.0453910024749165,0.0599026594818737,0.0702347959475604,0.11364658683380303,0.03512787980968061,0.03553681049371685,0.07819439204655378,0.1529587485294189,0.11774546046714947,0.12007604778931254,0.16749209250634037,0.25310128024663725,0.26013676937408947,0.23609294125670305,0.22714404075368014,0.26151750833714194,0.33402381837314515,0.4110128975152448,0.4099104127985416,0.3498444524464634,0.32490573512163545,0.34594021407960335,0.3981279931416129,0.44818383060400613,0.4429922279499135,0.38229914902841217,0.31543069560111164,0.2703046317978342,0.25006077134649435,0.24966225548914228,0.2584922303035744,0.26058615556157944,0.24499719970058137,0.2147452957224999,0.18074285865841683,0.1516777334207242,0.13109735773312936,0.11939165965213151,0.11606498485089072,0.12093308254188721,0.134471544079379,0.15752184921958795,0.19016239353921063,0.2295756947530309,0.26808726985683323,0.29480492652025925,0.30282120026142667,0.2957089862699997,0.28466383841589804,0.2803658242512398,0.2889020985897749,0.3114508541783893,0.3431030887420197,0.3722392513375667,0.38903161363589517,0.3983888454922757,0.4162162883037866,0.4538879828719257,0.5054032608843783,0.5426783407523063,0.5378199192825449,0.4868927461417676,0.4017936276450597,0.3077866542976777,0.23135922687962646,0.1817537874744683,0.15600613484908313,0.15025844563426066,0.16490914089489428,0.20584648017141163,0.27794103239816387,0.35686146843513056,0.3824887858842149,0.3230223697782807,0.21621693810031659,0.13316490641848108,0.08816980436978858,0.06700763656332519,0.05957852492852157,0.06265741928810109,0.07908578690828781,0.12062537095062763,0.20806104730701377,0.31009563203181895,0.2751612875243455,0.13242900693001913,0.05495186713005243,0.028294999504126464,0.019056896898722916,0.016434324544498686,0.018019879124178233,0.02580790274948542,0.05154689223096236,0.1487108504081596,0.3792599848160636,0.40924395220449195,0.1829802381427746,0.06260196018704806,0.02981909436776191,0.019824757713711876,0.017417824605992498,0.01996371563637971,0.03104035771154247,0.07236091277482432,0.2432482110310763,0.36794980059864,0.41227155540341387,0.08280625365041615,0.017617493480026503,0.007672788360655946,0.005365628853107462,0.005470395456436047,0.008442568650070698,0.025650072438388398,0.2606862872363666,0.06728559745273957,0.13757900036278425,0.032726877553224516,0.0036922349831164333,0.0012809502760758732,6.946024863974056E-4,4.808288916426315E-4,3.911592717370237E-4
29500,0.0019327288110573752,0.0019332138943713509,0.001934670752446486,0.0019371069086533672,0.0019405348792736101,0.0019449721350350154,0.00195044103769313,0.001956968742397189,0.001964587054422167,0.0019733322271538525,0.001983244687200736,0.0019943686724454663,0.002006751770104393,0.002020444344875067,0.0020354988525553767,0.0020519690427194303,0.0020699090658182974,0.002089372516103465,0.0021104114626576,0.002133075546947707,0.0021574112566827043,0.002183461521704481,0.002211265816562925,0.002240860993457211,0.0022722831039631397,0.0023055704923224214,0.002340768449459018,0.002377935696686587,0.0024171529127624872,0.0024585334205862114,0.002502236007011322,0.0025484796626660563,0.0025975598061703424,0.0026498653116404187,0.0027058954045859744,0.0027662752393772766,0.002831768718089299,0.0029032868288976017,0.0029818894119442657,0.0030687776997968433,0.003165274076824613,0.0032727840444898505,0.003392733061156571,0.003526467256685678,0.0036751010986170694,0.0038392849888240683,0.004018847033417629,0.004212224822836961,0.004415516177001028,0.0046207618536933176,0.0048124789470161645,0.004959599001017587,0.004992879511436514,0.004722154696364451,0.0040567780070862635,0.016116930622279053,0.10050458908081944,0.046205403087353034,0.0939962062409424,0.03815336779946305,0.03299998669275098,0.07263282925721522,0.16634296705951054,0.12774344675427188,0.1268022615138987,0.1793397704878338,0.2668164406365429,0.243370390524206,0.20027168533986936,0.20040066156274236,0.2610957628695612,0.38039572601121907,0.4749740302992203,0.4201764125539883,0.35828881526514766,0.3792209771701364,0.4186852880753484,0.38169559248728835,0.27474305355554235,0.18233749739765187,0.12776356289574242,0.10041705278800117,0.09059975471774702,0.0934774570065193,0.10531231677344412,0.11903502306300431,0.12574041649333426,0.12152573099167227,0.1087786829693661,0.09211827971183813,0.07554417333759395,0.06161990449629891,0.051487101131788456,0.04529070597840855,0.04275838774767152,0.043654433290029646,0.04800760533990406,0.05614879585390844,0.06858328459093647,0.08561705907236415,0.10653024171699829,0.12826470114882774,0.14477858881967576,0.14969929193230466,0.14199847998694712,0.12773775359336892,0.11483926743099307,0.10841678240927126,0.11107972811956508,0.12530973620597352,0.1552698252107191,0.20673342191006436,0.2821024327724718,0.3703069684554237,0.45050192287008306,0.5133915606640966,0.5544419821339227,0.560902820784089,0.5335718859478152,0.48186728385310396,0.4019961625877624,0.30501498523967563,0.22295359695376082,0.1709744613485065,0.146064114373358,0.14384650586538822,0.1662429091404698,0.22270309255578208,0.3151659731155077,0.39343958596308626,0.38649564124300406,0.2936097361680343,0.18611796486346727,0.11706286096032985,0.08214577860735434,0.06708671112581649,0.06475953648517774,0.07494517741417896,0.10543960620459289,0.17586826115252718,0.28886654729748673,0.3236232634577636,0.19129338163955067,0.07661551612276055,0.03481636515032432,0.020817856194065003,0.016155795500368275,0.01598995185986936,0.020460335876561746,0.0357533452033932,0.09226712814535315,0.28987489816509343,0.43100702873064106,0.23456829633581952,0.0734642271826213,0.03075003912645145,0.01858526709762933,0.015164663443532844,0.016249001768593726,0.02349154100374099,0.05051785418807097,0.17824955593458933,0.36424827724350917,0.4078919325046711,0.13085212211930647,0.023400296364806478,0.00908352867714441,0.005847521183832759,0.005508211098499135,0.007688471335354289,0.01948442081896533,0.18112869506384963,0.07774303835505283,0.08259172319228161,0.0700248397947157,0.004828852978913596,0.0014740950280694028,7.610714486377002E-4,5.161215364022581E-4,4.1664901303026995E-4
29750,0.0017216702891013492,0.001722122364645529,0.0017234804065100096,0.001725752380830264,0.0017289516120200898,0.001733096849852232,0.0017382123541541377,0.0017443279878194009,0.0017514793060814469,0.0017597076272737326,0.001769060067670696,0.001779589520659922,0.0017913545586307233,0.0018044192349469237,0.0018188527636066572,0.00183472905628858,0.0018521261011535614,0.001871125175920438,0.0018918099004185814,0.0019142651522268612,0.001938575894353203,0.0019648259973275278,0.0019930971803170357,0.002023468246976919,0.002056014850527575,0.002090810086049437,0.0021279262708145735,0.0021674383274008016,0.002209429218142406,0.0022539978794763964,0.0023012700562556197,0.002351412325726836,0.0024046494197466827,0.002461284700444517,0.002521723326470661,0.0025864972784620296,0.0026562910067713013,0.0027319660185812934,0.002814582190914982,0.0029054128595989034,0.0030059495420722386,0.0031178900403669592,0.003243099798016167,0.0033835291695033048,0.0035410555096392436,0.0037171916521803556,0.003912544303423375,0.004125771161797342,0.0043514356622679,0.004575110061727629,0.004760272369722245,0.004803208044055181,0.004309371584925619,0.033328570963590216,0.1733479310296979,0.03567584024229294,0.08191538503328834,0.05303701902866852,0.035516835124883135,0.06777458326165811,0.17461001406201912,0.13872757398377003,0.12775450713290376,0.1785346461504552,0.2714602338392293,0.23220036861632093,0.18431670189490929,0.19849386548263503,0.295817161610639,0.4598057694768815,0.4462845689122547,0.31336191168935307,0.28410709988824806,0.32073223071267254,0.29648789575963264,0.205653575110071,0.12862845800990705,0.08327847687353533,0.05929540288549212,0.04812631705445018,0.04546981243593257,0.04901356199476699,0.05565329305670215,0.06079488858643741,0.061847096881246295,0.05973338414801724,0.05626520083216748,0.052354411313499126,0.048112143375182506,0.043487554571373446,0.03874354807113862,0.03451004274979466,0.03145175932459984,0.029922426528022867,0.02990243386245711,0.03116646384092381,0.03350190608981143,0.03686990626178216,0.04145760625943824,0.04759610642910299,0.05550183507159612,0.06473844947623719,0.07344969488598291,0.07825239038617603,0.07636209500651378,0.06874821522734094,0.05963964709669539,0.052838582444720145,0.05009706793824356,0.052146150282601056,0.06011189094813136,0.07661608693916916,0.10680161881478585,0.15850670598379585,0.23740715301854914,0.3331153091107142,0.41372051269427007,0.44960395457728736,0.44166918092892943,0.4221969038135901,0.4138205331406381,0.3969319135655172,0.3352335208618256,0.2510777621659492,0.18976359018310152,0.16118698275076576,0.16224892798250257,0.19670139292781638,0.27544488832283187,0.38092619919732434,0.427691346678608,0.3674067903282537,0.24829546591810397,0.15195408358825332,0.0990833456852548,0.07441464829267137,0.06606894632503053,0.07040133256324368,0.09164677898222866,0.14607546073640887,0.25534491168747075,0.3495339849679595,0.27347817439795363,0.11945235520985516,0.04933862486934614,0.026248087167508313,0.018311327407807193,0.016355197755963294,0.018722052722628474,0.02859911464144186,0.06323906644196599,0.20033365930109343,0.42145038675705576,0.30113279256758957,0.0904992083496022,0.03243091818565113,0.017473551441435992,0.013098061034927345,0.01304670635676043,0.017488387046404527,0.03442329530645387,0.1179448756539576,0.36477968035139463,0.374171844560136,0.21635098127440594,0.03371547448332315,0.011506407559071537,0.006788662141591748,0.005917604487669846,0.00754103081583983,0.01644347849603051,0.1144348583771286,0.09681062059440482,0.0575406293152124,0.2096102940013857,0.0068836767536001355,0.0017567926738725336,8.498812060809721E-4,5.610937215952221E-4,4.4836526492083293E-4
30000,0.001570354167964423,0.0015707849042239696,0.001572078915937916,0.0015742440224859602,0.0015772933628662184,0.0015812455531660496,0.001586124900941957,0.0015919616700649038,0.0015987923872535104,0.001606660178868519,0.0016156151235721217,0.001625714603202947,0.0016370236307792036,0.0016496151310842534,0.0016635701460754437,0.0016789779347732845,0.0016959359358623364,0.0017145495617085574,0.0017349317958210593,0.0017572025732192108,0.0017814879362793602,0.0018079189793194473,0.0018366306256434553,0.0018677603233241775,0.0019014468028491075,0.0019378291124184865,0.001977046235299574,0.002019237695914591,0.0020645456713869843,0.002113119232414445,0.002165121425389033,0.0022207399550614932,0.0022802022083808966,0.0023437952496007434,0.002411891192582497,0.0024849780048524744,0.0025636953138778837,0.002648874161549869,0.002741578848866222,0.002843147896373277,0.002955229369045324,0.0030798025739569496,0.0032191716632021875,0.0033759029991401596,0.0035526478851125747,0.0037517212201386195,0.0039741248426619965,0.004217178628854083,0.004468113867664804,0.004682946321939786,0.004686907319458803,0.006736860169845546,0.041965631827772285,0.03831100710279858,0.0452949735880878,0.09359566682626812,0.04231942802993429,0.06465078559096639,0.17855359442696264,0.1516920174062284,0.12420217503338664,0.17091141808709287,0.27919779958714497,0.24086135950793175,0.1978884257732037,0.24257257005108254,0.4068915738477515,0.4706484719176341,0.2674089394862643,0.1741503411988681,0.1796610161800625,0.2078468106653008,0.1769477645863683,0.12129392756710844,0.08070844749481394,0.05641061870091105,0.04279032998995481,0.03633766121605374,0.03527078742408178,0.03773588953660045,0.04023598744244028,0.03967917003662926,0.036488274647775404,0.032766984273626155,0.029822650191997504,0.02801052360235246,0.02724827690764184,0.0272976322983046,0.0278418561176436,0.02851616993861414,0.028981925088952722,0.029018928165042007,0.0285430393118769,0.027582067175405265,0.02630645676170312,0.02503229395572649,0.024124124239916517,0.02390139305555025,0.02462884368221697,0.02655640187108895,0.029930235700285704,0.034874250092161004,0.04100881080690456,0.04684954142344234,0.04983624614174598,0.048256058171813464,0.04337943713620718,0.03822725903309008,0.03493142577097635,0.034286288501257756,0.036684365474266,0.04294315214176192,0.05492915823329761,0.07624453405761591,0.11252224171067453,0.16837989962311775,0.2360123545412523,0.2859909183432174,0.29246267430342693,0.26948750502906643,0.2530207608503265,0.2653167520470376,0.30896355861094643,0.34714101530655517,0.3163695334947055,0.25130669201953104,0.21349907666567516,0.2170340871092254,0.2686403407020465,0.36992600091332384,0.4582711276343329,0.44179733725385245,0.3277595914355414,0.2007390402848945,0.12164427908770456,0.08312607316947268,0.0671763832404661,0.06538497080962079,0.07812411907599633,0.11683607117545089,0.20952127628064005,0.34170449513952195,0.3514770589824588,0.1941640302281843,0.07796048308362209,0.0371317261231228,0.0232361128389951,0.018731108541901947,0.019268841482355317,0.02596075010377584,0.04911317628270285,0.13906748580770764,0.3762835182875329,0.3738024353373939,0.12145010029108752,0.036545238347720894,0.01711764279621823,0.011612899782933221,0.0106657404508187,0.01320049595986433,0.023643196116689153,0.07376322125050958,0.3371828563988871,0.35437253573942934,0.32946898575725947,0.05141272508195734,0.015141726716176912,0.008122742772505862,0.0065515915864362735,0.0076807309651022145,0.014773512524703577,0.07816152576065548,0.12653476662980065,0.04522707487194579,0.3281462324671788,0.011577634050191939,0.002267770016668191,0.0010026066723814902,6.376278392894888E-4,5.01918042089587E-4
30250,0.001464736831484509,0.0014651605071654846,0.001466433199932246,0.001468562261546165,0.0014715600918129939,0.0014754443588246185,0.0014802383061653342,0.0014859711454447142,0.0014926785313546557,0.0015004031147769323,0.0015091951672255297,0.0015191132670429948,0.0015302250342719144,0.0015426078970255893,0.0015563498675915106,0.0015715503015941359,0.0015883206086222035,0.0016067848782156892,0.001627080381655222,0.0016493579084758143,0.001673781898290627,0.0017005303350375962,0.001729794384424226,0.0017617777790982835,0.0017966959936193785,0.0018347753070675902,0.0018762519299634732,0.0019213714787955395,0.0019703892193422804,0.002023571669747448,0.002081200351502041,0.0021435786890390976,0.002211043264573482,0.0022839808008666956,0.002362852326809364,0.0024482259269011514,0.0025408192278189475,0.0026415522647002263,0.0027516104892019704,0.0028725161974514904,0.0030062039827825618,0.003155090453665391,0.0033221165269259525,0.003510711768647456,0.0037245547919678864,0.003966785679929672,0.00423760005146481,0.004526156647722574,0.004775444543639477,0.00464503412910591,0.031524406413355036,0.15870323357948848,0.025798875330197358,0.07308433886508953,0.05522365787401149,0.06266008635237802,0.18183012600618043,0.1685518365443715,0.11573394610554462,0.15557079006961616,0.28464551022661655,0.26998790172793297,0.23492423650866365,0.3380094576502261,0.5152386510957613,0.3040517360370054,0.14073496295034157,0.09912694971845351,0.11354483451799768,0.13284952700468777,0.1099365425938719,0.07713861830440931,0.05499061208128354,0.042118525849197695,0.035178387029830054,0.03242312998402076,0.03287576458410823,0.03449803127840048,0.03388296851529746,0.030055409639340676,0.025121643143175096,0.020861235125743408,0.017791147133704315,0.015844245767324842,0.014838801410121604,0.014625041274152678,0.01509482595840364,0.016139387870419398,0.017587584375823823,0.01916201542078908,0.020489121125121943,0.021165819003848767,0.02090209816332111,0.01972251816111097,0.018009923548148066,0.016277737598069032,0.014920810268364023,0.014156048462417144,0.01409855521898391,0.014857037310034819,0.01659905473946515,0.01956719063799674,0.023984214574156237,0.029697110724452438,0.03551561765087433,0.03907938933553097,0.038703076412714504,0.035418833682468495,0.031703364686801024,0.02924024058845946,0.028691344673706196,0.03043477158137932,0.035163150792683076,0.044343635422798046,0.060684973867664846,0.08804318184781934,0.12799125744259104,0.1697932937604441,0.18820078146153263,0.17360556327117901,0.14838526785141765,0.13535490267308628,0.1441379504408284,0.18287378938521262,0.2590179493046912,0.3346882717085971,0.3331346995844612,0.3023967020758099,0.3123459661914394,0.3832611985889159,0.48472841929999533,0.5131638425339471,0.42894030157750473,0.2794769188999501,0.15986662195426368,0.09781965507424624,0.0705041456221981,0.061631044253571576,0.06656458748065058,0.09121557078945959,0.15961529532438604,0.3000825343021067,0.39189928494023685,0.291667779646404,0.12857595526461865,0.05618453048838631,0.031540571998706614,0.02296463439663984,0.02136199870978416,0.02572552754402038,0.042359375130699366,0.10353448917491989,0.3098254400538706,0.4263373601867612,0.17787784926239672,0.04574918472697229,0.01819579069611814,0.010996786697613052,0.009231360381253814,0.010506099570030448,0.017081246164599738,0.04698609612355076,0.2560339820200689,0.36406902690953874,0.404735032332871,0.08056990846287507,0.02016799373190074,0.00975071391636088,0.007270773110899617,0.007885641978454528,0.013622379431269574,0.05753460530050863,0.1682993157914604,0.03869278018914278,0.10860637273153845,0.02626278538203147,0.0033517627246664934,0.0013043403474508957,7.870058384191696E-4,6.059273797482598E-4
30500,0.0013955324314471357,0.0013959650789225884,0.0013972645333958492,0.001399437675500638,0.0014024961379927867,0.0014064565561573985,0.0014113409230282763,0.0014171770535952055,0.0014239991626800394,0.0014318485611555902,0.0014407744745396432,0.0014508349866299893,0.00146209810866072,0.0014746429714129774,0.001488561133779819,0.0015039579965307516,0.0015209543045510414,0.0015396877148896617,0.0015603144018781696,0.0015830106649301922,0.0016079745001686225,0.0016354270948964924,0.0016656142057629578,0.0016988073896467403,0.0017353050741611854,0.0017754334870204113,0.0018195475167606988,0.0018680316599693357,0.0019213013328015789,0.001979804999403251,0.0020440278096412814,0.0021144977542673867,0.0021917957430001877,0.002276571485654609,0.0023695675883929706,0.0024716548250396974,0.0025838820378013506,0.002707544452263088,0.002844274166376468,0.0029961557875931672,0.003165867620068356,0.0033568415403510015,0.003573413916727736,0.003820876477727682,0.004105120838247597,0.004430709735593003,0.004791737595121086,0.005115031052080716,0.008480881705494317,0.0727405476240882,0.024419394873249393,0.05109170457686423,0.09129978032926103,0.06147487104463866,0.14677758568149268,0.18759458384578276,0.10751128803843582,0.1339892042530267,0.2756192336495685,0.31282873605067213,0.2680689457467618,0.43363197411287213,0.46509402221439095,0.1952005764837798,0.09232741945238018,0.06848272449032504,0.08165932998710919,0.0951851633660915,0.07544997655585961,0.05173589979109322,0.03720992472156634,0.029518593843041993,0.026018107132529156,0.025340211236742013,0.02627215298465078,0.02645517663220466,0.023992643199810676,0.020050694024307127,0.01637567840368406,0.013506665196364096,0.01138744844250281,0.00987414026923097,0.008848520302132467,0.008214124395093976,0.007878688220019114,0.00774502300818256,0.007725326201854602,0.007782283100182991,0.007954435409639641,0.00831731982698655,0.008899470130348721,0.009603626292360582,0.01018568633575266,0.010367329837756196,0.010050784976967693,0.009403670670507132,0.008712297200950075,0.008209122871512731,0.008031112776650761,0.008266994956387906,0.009018746238310381,0.010452583598067215,0.012832910987164936,0.01648922329802532,0.02153917991208832,0.02715015077650225,0.031032904710364944,0.03119351414365197,0.028429038363736996,0.025118037004044417,0.02284972000208968,0.022212105943505495,0.0235163787777271,0.027350157974383255,0.03498644496565838,0.04874055448098612,0.07148662742020248,0.10224795886760346,0.12716834734231713,0.12694949035980685,0.10662343419978249,0.08746223343077009,0.0799704666763624,0.08681532397761119,0.11347262263682151,0.17386929928854433,0.2776613182745794,0.3684450942144802,0.39466842934655555,0.42885187152741955,0.5085419601071727,0.5620353435258134,0.5221188781758712,0.39945795994081873,0.23692059692666922,0.13052963584278657,0.08185392040033052,0.06271806558829124,0.06002359351174859,0.07359146056123253,0.1191146071547074,0.23840888205694136,0.3918140035989317,0.37524398298235234,0.20334265140846797,0.08627751558815062,0.043793438168470804,0.02886388081047084,0.02442886871553265,0.02663543768392425,0.038964457520767874,0.08283688797691029,0.24524827991037684,0.44316253062236055,0.26806071472977144,0.06470593946535591,0.021557136165690247,0.011448944998197168,0.008713464651635602,0.009081502979107007,0.013386638990483745,0.032174818459008644,0.16617356071725659,0.3982620225527707,0.4097811083146749,0.12717925598796773,0.026908605626643243,0.01160306269076638,0.007979393806522331,0.008029677418272027,0.012600938141520442,0.044147623388557815,0.2211483514742309,0.0350198250748318,0.04547575587333287,0.10778085613008115,0.006109161451739571,0.0019591310115505923,0.0010960115181221015,8.170248393061947E-4
30750,0.001356709330747182,0.0013571679358860991,0.0013585452056854566,0.001360847881128897,0.0013640873604101147,0.0013682799494248274,0.001373447222686358,0.0013796165046363951,0.0013868214837705983,0.001395102974120253,0.0014045098403048413,0.0014151001034890093,0.0014269422460200943,0.0014401167321788301,0.001454717761275154,0.0014708552672299733,0.001488657175848004,0.0015082719273532333,0.001529871267712465,0.0015536533082394534,0.0015798458496316368,0.00160870996485912,0.0016405438365464267,0.0016756868505646203,0.0017145239613099094,0.0017574903697581783,0.0018050765991810792,0.0018578341248018753,0.001916381826618296,0.001981413709167048,0.002053708596374831,0.002134142901996428,0.002223708146670977,0.002323535705075437,0.0024349324003377576,0.0025594321165457517,0.002698870701378741,0.002855494256587981,0.003032114726856432,0.003232331879196701,0.0034608477134309827,0.003723907534712043,0.004029904412130101,0.004390134517003447,0.004819275429429207,0.005331740142299523,0.005915434169215587,0.044635261110553014,0.1115819361917366,0.024442154770887795,0.11339791647991408,0.06623012692015025,0.10379307250722097,0.222345449708497,0.11183386279049021,0.11456935192379651,0.2519595503992129,0.3624788559768507,0.2597649840449553,0.446397606924005,0.3838509786767815,0.15448106097501121,0.07633543117606577,0.05697638760491346,0.06704667077566803,0.07716733662840335,0.057677571595361514,0.03736682334333703,0.025932600007626073,0.02013932351808053,0.017499841496346206,0.016692311544119057,0.016406843181921912,0.014977073410926661,0.012325609811252164,0.009879011551547951,0.008217231606439564,0.007166837397154072,0.006466656631329974,0.00594396619661661,0.005506543427933624,0.005107089330269503,0.004713108787634383,0.00429932361093675,0.0038671839872862802,0.0034603607654164676,0.0031424947672942525,0.0029624349096447175,0.0029462346798492336,0.003108550067408289,0.0034579813224557368,0.003981185645631128,0.004604262571311312,0.005164499192607277,0.005467506585520516,0.005431034467845418,0.005150936594075968,0.004805156327105565,0.004539035346073738,0.004439482123969109,0.004566827600817224,0.004996627454030794,0.005860050065771084,0.007384117154902663,0.009897031122587486,0.013629937515597396,0.01802582716309748,0.0211470784509621,0.021310547146537143,0.019308949201215366,0.01705859984472329,0.015687343816707854,0.01558674513925538,0.017034382826314948,0.02063018935513481,0.027673370268210144,0.04049946348744318,0.06159380097425217,0.08762894003206682,0.10184806387798355,0.09231207976283373,0.07324084505320437,0.06019969270922322,0.05677228035918665,0.06364221326859501,0.08526099000115568,0.13442251970493607,0.23142184163214327,0.3606224309139715,0.45043701816574144,0.5163065147841571,0.5674179779635049,0.5461110037088629,0.48777658429757453,0.3713318543393474,0.2107315699042657,0.11503647427217047,0.07496740092717719,0.06185189082852961,0.06615797221139431,0.09485311911611598,0.1824418382491441,0.35804146124147557,0.4267623550400135,0.29207000859523563,0.13027719984858604,0.06081511868686386,0.036354984386430055,0.028090059895253768,0.027965094842854962,0.03691024894006224,0.06937960598441145,0.19250300753772856,0.43031358310980106,0.3742831438178063,0.10247943506205374,0.028703407344177805,0.013253298172179283,0.009079979172435637,0.008630149593419428,0.01151540867799818,0.024175642164967804,0.10579558062795191,0.43250402341403105,0.3831369391228488,0.19926982936297785,0.036219647968828525,0.01371813010860486,0.008651737750409056,0.008075262558993455,0.011579101055563267,0.0344808723621605,0.27307139874070446,0.033088767288947066,0.025352488574987758,0.22401065256318986,0.015853801308430723,0.00360427728301688,0.0017921066509257479,0.001272180921129519
31000,0.0013446659054765246,0.0013451678278555738,0.0013466751952031322,0.0013491952653858766,0.0013527402839458007,0.0013573277155805629,0.001362980582775172,0.0013697279262982589,0.0013776054066488132,0.0013866560699920072,0.0013969313066132922,0.0014084920343663614,0.0014214101439324696,0.0014357702468323706,0.0014516717709676585,0.0014692314519829171,0.0014885862719819334,0.0015098969002977644,0.0015333516945128872,0.0015591713244186877,0.0015876140881834983,0.0016189820001580703,0.0016536277457052044,0.0016919626231777151,0.001734465630974168,0.001781693914525313,0.001834294873126729,0.001893020353366874,0.0019587435456810145,0.002032479486644571,0.0021154105048973213,0.0022089186173747527,0.0023146279199721775,0.0024344616420271946,0.002570721110093468,0.0027261980166718527,0.0029043382422120133,0.0031094872265607456,0.0033472681792329354,0.0036251861848302547,0.003953642477134718,0.004347772872149995,0.004831224950616492,0.0054458253656206644,0.0062914711768818745,0.009465251742569862,0.05244191833315656,0.02559704843952746,0.06934470689869235,0.10113778953864745,0.07936863669940379,0.22342889892610313,0.14054974203393078,0.10563088333426127,0.22536615796662648,0.4193412994942721,0.21778446207842284,0.3776088181413939,0.3331001351889219,0.1384222295583728,0.07045112386671044,0.052022207524011384,0.058399804425966,0.06569594614348091,0.046031057979344224,0.02803081063133874,0.018711984481304324,0.014084340030647884,0.011818288002709811,0.010739511229119309,0.009796929920650727,0.008106024795169116,0.006099433231753681,0.004611812160532889,0.003737363425060399,0.003277885873732079,0.0030711762587949188,0.003016116026191214,0.003039267161527903,0.003068129445001413,0.0030237539747382082,0.0028452949717195177,0.002535768931811131,0.0021685616681903033,0.001830209241521279,0.001570578669796703,0.001402595954997662,0.0013230525893522607,0.0013282768446526948,0.0014210551910054491,0.0016114936621203725,0.001911098716756693,0.002314418134584677,0.002765834437319646,0.003138951726928726,0.0032916805261909024,0.0031853362702973106,0.0029181032138482907,0.0026295331561802296,0.0024163625304735054,0.002327400085235221,0.002394850451623723,0.0026664328383960065,0.0032358290807140895,0.0042759770760123945,0.006046027043837527,0.008719604183342078,0.011795434262519932,0.01374998925666398,0.01359727670341959,0.01221154595682596,0.010895204704755124,0.010283847361783505,0.010611421166066759,0.01215471329271066,0.015561990902250739,0.022252765319941352,0.034839514108099115,0.05579368797910134,0.07922079712559747,0.0859411981175832,0.07223328878304126,0.05611620396990884,0.04724673538677111,0.046249531862666865,0.05365613532256166,0.07395345410943778,0.11960309680794362,0.21262292171313307,0.35023208201556627,0.4647631790131761,0.5238230227596959,0.502537432418632,0.4431917036055706,0.42190419918226285,0.352697206520939,0.20403415350527337,0.11339028178459185,0.07791617586229364,0.07038282848266722,0.08620212696134008,0.14706619113945196,0.306447800398378,0.45161303329914043,0.379291900045461,0.19231899946159445,0.08479067935826817,0.04591686827393799,0.032318004401124735,0.029434774518797512,0.035318289980193755,0.059369774547773854,0.15070285836720013,0.39606186744197514,0.4481272882187955,0.1750615389401342,0.042887407077194455,0.017053578010479742,0.010442276188583415,0.009012122524971914,0.010866475289614784,0.019969333599716945,0.07175102426934939,0.4199710282196279,0.3583414634494278,0.2977353264146734,0.05023509299190557,0.01631970769497623,0.009339195183215248,0.008052790810358326,0.010565214507528432,0.02712306935562289,0.28613156584532673,0.03267573589859542,0.016886712925323982,0.044943280192065456,0.0848825625037775,0.009119372947174598,0.0036568170138884665,0.0023915995586642294
31250,0.0013578371563456747,0.001358399976852523,0.001360090481622943,0.0013629173908777396,0.001366895374554394,0.0013720452657270403,0.0013783943763796807,0.0013859769332007297,0.0013948346570650519,0.001405017516547244,0.00141658469327302,0.0014296058052619073,0.0014441624437137029,0.0014603500890131443,0.0014782804831550336,0.0014980845484638258,0.0015199159566535588,0.001543955468417484,0.0015704161826825059,0.001599549857761779,0.0016316544960674104,0.0016670834230724419,0.0017062561447301736,0.0017496713426776193,0.0017979224735835825,0.0018517165930008882,0.0019118972473248681,0.0019794726037539014,0.002055650470293488,0.002141882580812477,0.00223992162489137,0.002351896229515399,0.002480411874025752,0.00262869031621047,0.0028007680029638166,0.0030017881025996393,0.003238447611787863,0.0035197153972023037,0.003858057891111985,0.004271711995538674,0.004789437925786866,0.005462501529843864,0.0064063412216918665,0.008099022285058896,0.0038650918860255743,0.02302584323724875,0.030430388290196664,0.1317822215647599,0.07402443777719431,0.1365372462706267,0.20440490038023862,0.11287333968036678,0.20367118215445346,0.4863520352982166,0.18734332670749884,0.2720410234707794,0.30191565041231233,0.13019018029332693,0.06530429067954338,0.04667217257475361,0.048841317083949974,0.05318858733599881,0.035018229860603316,0.020130183927451164,0.013153060522736277,0.00982319080992022,0.00816580676101342,0.007295912045770667,0.0064820616223823105,0.005178064332489931,0.0037403991961099557,0.0027016214875033567,0.002082380047360748,0.0017403960931841168,0.0015733021004183804,0.0015269862934398038,0.001572131143380094,0.0016810471194030217,0.001805644443882189,0.001873484755488352,0.0018273305487682065,0.001670845119249576,0.0014555319176605117,0.0012367654307506993,0.0010502816135960309,9.114670154273455E-4,8.23179882914381E-4,7.836445300255742E-4,7.91703241692768E-4,8.494935762887202E-4,9.631111423991747E-4,0.001140746215768142,0.001385701672891592,0.0016804096293004062,0.0019648877770652336,0.0021389137349362626,0.0021260140084967617,0.0019500250951770982,0.001712905926052593,0.001507729995482912,0.0013810317237334798,0.0013502833677481814,0.0014311008132373657,0.0016583819925960238,0.002107096148108032,0.002916020704631874,0.004280807741957238,0.0062688424000957935,0.008317879814847435,0.009249775967821358,0.008738896721251428,0.007683557487151216,0.00688910311560447,0.006657301026722779,0.007122017421940169,0.008547582466549944,0.011598516678198612,0.017797840016963967,0.030084824895088295,0.05085623514993627,0.07106176147004735,0.0712692083089677,0.05656209690171812,0.04397047620795489,0.03827597315778001,0.03908972623148509,0.047367755270231786,0.06819260895328877,0.1148693047003963,0.20956372681432592,0.344061507353503,0.44044923476285264,0.43908687980368,0.36045749760795565,0.3146681207169514,0.3385510332595096,0.3368858388542356,0.21421810180662765,0.12495278978149181,0.09207455232055085,0.09283855186980783,0.13286251998607826,0.25985588032058177,0.45364206900667897,0.45346026293108765,0.2773839450709915,0.12114237391576488,0.059205629506624065,0.037603468013213105,0.031168489247141617,0.03399880850551622,0.051316343393557354,0.11739252114864697,0.3433825645901325,0.4712503339989692,0.29232219931157793,0.07133208352499767,0.02426506745726241,0.013161995893866676,0.010264631272323896,0.011169683216588882,0.01803500843095372,0.053221478613254665,0.3423389269599561,0.34876361769602277,0.38167553620671935,0.0741160896355921,0.01995937666376427,0.010184586244737467,0.008047601957116426,0.00964018566326527,0.021505795754113727,0.23088427755516444,0.034102403517823066,0.012738408699052892,0.017639015754663593,0.10420969467498807,0.04321409667852169,0.010747620405728027,0.005972970689695755
31500,0.0013966056909218213,0.001397247771076206,0.001399176869451961,0.0014024043506621587,0.001406949299033959,0.0014128387430870836,0.0014201079875594722,0.001428801071971434,0.0014389713819279656,0.0014506824479501846,0.0014640089769493948,0.0014790381738975001,0.001495871426224391,0.001514626441466171,0.0015354399502637006,0.001558471112683158,0.0015839057969528978,0.0016119619374465005,0.0016428962250915346,0.001677012441429857,0.0017146718219547444,0.0017563059323404864,0.0018024326737952783,0.001853676217840538,0.0019107919321710777,0.001974697737417063,0.0020465138912420314,0.002127614028934989,0.0022196915573703606,0.0023248474686039587,0.002445708774286615,0.0025855919022371885,0.002748734132090396,0.002940631648392964,0.0031685517744364606,0.0034423447336352914,0.0037758050824802073,0.004189131557139003,0.0047138516587293434,0.005404269818536919,0.0063711161146569675,0.007932141729274367,0.012743283300042393,0.03057697289452193,0.04384947685704731,0.08525585120252789,0.11964410356209283,0.0880863580560198,0.28033304234145967,0.13830469696416056,0.18795176624120127,0.5430691700685277,0.19165186769776346,0.17185268790557348,0.27615631038827987,0.12966932319088634,0.060269819965373006,0.039875783621193664,0.03780945561844192,0.03985222614982224,0.02540987576427227,0.0136764549255728,0.008696291922111353,0.0065002046026509455,0.005489313725170795,0.005048748061603344,0.004695127323297358,0.003938903633968875,0.0029152419550165357,0.002092657092031905,0.0015644782682043385,0.0012477240678137266,0.001069598558950747,9.894215353322578E-4,9.859941340605901E-4,0.0010420389263747188,0.0011277585419172287,0.0011984194607644481,0.0012215842104366383,0.0011965542924428337,0.0011372410561356476,0.0010542810668927281,9.553936259354907E-4,8.510472850486744E-4,7.547202760152876E-4,6.784314011184688E-4,6.292556390477035E-4,6.094910134122595E-4,6.189156554340493E-4,6.570291734606216E-4,7.245474447727875E-4,8.24017495244216E-4,9.586664362760007E-4,0.0011271810681148682,0.001312057875697844,0.0014666767994219304,0.0015253748445469063,0.0014554866650679313,0.0012973779353613753,0.0011274596867241232,0.0010001761723463776,9.373340319354944E-4,9.47157397240753E-4,0.0010428939160225777,0.0012568980231067338,0.001656167880821747,0.0023575099749248334,0.0034980053628151367,0.005016647132997631,0.0062668203020879104,0.006429363641068967,0.0056973382737295405,0.004863217547858417,0.004361205605158701,0.004301616752307947,0.004766821167985499,0.006007103812244234,0.008685515030802933,0.014392877758057088,0.02622306339973244,0.045545301756830345,0.05964324044954488,0.05420968365253716,0.04140878711362584,0.032947134879581945,0.03015876457223994,0.03268131238027577,0.04221683191307138,0.06500548455760316,0.11640408644206043,0.21694487053544123,0.3368326467934893,0.3783279040050296,0.30991241636386996,0.2318369729611796,0.21409800513594848,0.26138143298773525,0.31509977760559993,0.23521940550231313,0.1495232951907245,0.12088449380614247,0.13913250203961386,0.2321474432013253,0.43527913942937224,0.5078313568972003,0.3809620965929531,0.18125645838668014,0.0803853325730955,0.045326461461274004,0.033762189515391984,0.033261169729159615,0.04498746518543257,0.09156270809986237,0.2771899804753296,0.47171966785248626,0.40598316470598633,0.12816202246734668,0.03778884807429819,0.017966716642617377,0.012586415346982833,0.012348998648316543,0.01761288659554372,0.043218412074694984,0.24823385210114612,0.3592213913095614,0.37859391496321,0.12034123572057026,0.025872961233715425,0.011465997379527275,0.008198402332318278,0.008920052162079566,0.017365346231528085,0.15148110367078435,0.03820833849603379,0.010583211185251582,0.010004555635723549,0.021901873786206155,0.0979062639014747,0.06326730940389967,0.025738450581338994
31750,0.0014634658169036742,0.0014642079385505497,0.0014664384061631641,0.0014701726058494765,0.001475436373468919,0.001482266293190024,0.0014907101339753305,0.001500827444234645,0.0015126903332403966,0.0015263844783585648,0.0015420104103826809,0.00155968514608563,0.001579544258501769,0.0016017445026592016,0.0016264671490323608,0.0016539222208808231,0.0016843538875040494,0.0017180473368778992,0.0017553375431854964,0.001796620464749237,0.001842367366699918,0.0018931431769479386,0.0019496300792430992,0.002012657963436276,0.0020832439542065526,0.0021626441281628705,0.0022524218738296763,0.002354539432157096,0.002471482464350275,0.002606432899005402,0.002763514428648889,0.002948151007816498,0.003167608043770352,0.003431842958947871,0.003754910502097447,0.004157438093973753,0.004671373615654176,0.005350240673600453,0.0062955525183036876,0.007747276529639722,0.010623051193421728,0.061587716002962166,0.16342210973251212,0.04130517928578859,0.21916641288776822,0.07628843015370097,0.15456924716076761,0.21280370415707134,0.1797378435468672,0.520437795137531,0.24428133127907992,0.11781553069626637,0.22865536230272918,0.1416810199550506,0.05819057250824972,0.034069112587190836,0.02850444932981527,0.02900822372836994,0.01939443373720703,0.009801744559002281,0.005880293985701863,0.004272285973294169,0.0036028575665223088,0.0034255773299909364,0.0034508987107261394,0.003209206532328951,0.002557957610690723,0.0019091537785295575,0.0014466239463927163,0.0011449180447030032,9.576283267487614E-4,8.557092209846047E-4,8.217432065803646E-4,8.366488310437393E-4,8.669323374727158E-4,8.74318434871658E-4,8.482372664535718E-4,8.072561198836746E-4,7.709766045316444E-4,7.468476707309972E-4,7.325841914466693E-4,7.210151221622571E-4,7.044021752163215E-4,6.787231193082767E-4,6.460930936856487E-4,6.128529726141395E-4,5.850101070231144E-4,5.656693137691748E-4,5.560486056558387E-4,5.577659826882304E-4,5.74115063385641E-4,6.100908199678891E-4,6.71737788414188E-4,7.644137091825315E-4,8.878913406982111E-4,0.001026140718311233,0.0011375708465981712,0.0011690536872320887,0.0011035091665386086,9.827522504962597E-4,8.660813107616304E-4,7.893331275695006E-4,7.654684305334195E-4,8.014609827828924E-4,9.117855164903949E-4,0.0011291163032138812,0.0015162966508718758,0.002170944087164884,0.0031641878198774374,0.004292558441545875,0.004887042527168607,0.004552277464312463,0.0037892742801036864,0.00316743566579467,0.0028682117158854944,0.002914853223968473,0.0033787362379316043,0.004516149630435518,0.007017118488009552,0.012559976740521865,0.024062566721886777,0.040178063243014296,0.04604035847174988,0.03769645847389623,0.02850959073595453,0.02379885906521974,0.02335464143290803,0.02736890452024774,0.038504845288421144,0.06490888201642932,0.12535526696216356,0.2331035205880884,0.3194483953283065,0.2891182179193351,0.1998931120405697,0.15119349423974304,0.15340674572672638,0.20829276727658128,0.2917547118387288,0.2600781996408492,0.18693289114003528,0.17092266632289607,0.22884169935322307,0.40654513670754866,0.5401336116080032,0.4692667426949086,0.2804995122422231,0.1195183231797723,0.058810431855954436,0.038578720261494906,0.03388444536238921,0.04079305892158975,0.07304045424110021,0.21085249283869376,0.46742610089715586,0.44785016089164975,0.22795822647303274,0.063230972783181,0.026145354406537966,0.016336959398054164,0.014434424776015208,0.018292704128095895,0.03795086646575847,0.17763464117295313,0.3889129134827706,0.31223684236513105,0.21313904287183089,0.03695748270652876,0.01369965729168151,0.008703686010981555,0.008528172399952015,0.014506741549408899,0.09399435343326436,0.0466615783330481,0.009492036717413525,0.006875082082413564,0.00935681932916158,0.018779295699628464,0.04415199139989893,0.07422691232930752
32000,0.0015634523618371372,0.0015643209183628418,0.0015669324266759381,0.0015713078828703234,0.0015774825880033939,0.001585506621667564,0.0015954455274298427,0.001607381234852778,0.0016214132533076632,0.0016376601862271958,0.0016562616319098496,0.0016773805598948406,0.0017012062821042775,0.0017279581778397509,0.0017578903845656922,0.0017912977366111795,0.0018285233275122058,0.0018699681971328587,0.0019161038139843102,0.0019674882538443525,0.002024787294062731,0.00208880208886806,0.00216050572723317,0.0022410919018155894,0.002332040299712727,0.0024352054396264322,0.0025529390019563636,0.0026882610747206086,0.002845104725895401,0.0030286738957224038,0.0032459827857446,0.0035066985119113847,0.0038245170722113245,0.004219538537516985,0.004722672272236553,0.005384633551679913,0.006296991213705302,0.007652627600797482,0.009991392462421507,0.01634194320520023,0.0018143365576732877,0.031140573859760226,0.08198516366287495,0.14740927318603453,0.08744555176289907,0.3522280005685609,0.163006011034346,0.39684002927572737,0.3755236124914433,0.11365372159214923,0.15058720343335222,0.1668394614970813,0.061251033421507325,0.030578284948698305,0.02223622384418667,0.021363070541507625,0.016463090610984714,0.008258973932126762,0.004598442111986123,0.003146660057531653,0.0025548296400510723,0.00242232823819661,0.002576662724937247,0.0026307709222308674,0.0022479913705561088,0.0017517236361852726,0.0013762171592549513,0.0011247972239709417,9.626787380013354E-4,8.675458766834161E-4,8.258628239823151E-4,8.172313679054879E-4,8.031563539424861E-4,7.509399653119393E-4,6.689883079186142E-4,5.872206279719464E-4,5.242113990171711E-4,4.8439692670968344E-4,4.6608812029878116E-4,4.660655534439531E-4,4.805381949295056E-4,5.044554581534565E-4,5.306510316032035E-4,5.502360515502168E-4,5.551554305882711E-4,5.418832799968953E-4,5.13432201314512E-4,4.7780012917801503E-4,4.441461807423566E-4,4.1979775920386044E-4,4.0967484035268366E-4,4.173915589902803E-4,4.466899441870219E-4,5.02269302437251E-4,5.88957867632816E-4,7.070593704062072E-4,8.416445489757446E-4,9.524743029850735E-4,9.901038096857893E-4,9.432806440858898E-4,8.529724048452886E-4,7.69146480512443E-4,7.196438703315373E-4,7.152924939561775E-4,7.644412772023053E-4,8.837873200011953E-4,0.0011075713412621072,0.0014964161809994238,0.0021283455093483224,0.0029986796682645645,0.00377116371469892,0.003867112513977803,0.0033018938420775047,0.0026425099344596042,0.002215082375601492,0.002064721108477316,0.002193976657855997,0.002689820973068947,0.0038420639180859885,0.00642311133963813,0.012234936148823648,0.02339534632049929,0.0343658178630429,0.03293184452899565,0.02487498359346215,0.01921813334538332,0.017155075531330534,0.01829723513206318,0.02352638073968173,0.036710664661035515,0.06908919610142841,0.14385271987934994,0.2521668355461576,0.27999430302953354,0.19986368326537657,0.13088828510896428,0.10797760142101087,0.1217039547310588,0.1804805476523001,0.2787442119814217,0.2863531732615923,0.23749257721863767,0.25316974350134447,0.384203751499489,0.550636725633413,0.5030130786171179,0.3967794701803963,0.19814506026016723,0.08630073858029172,0.048581418840201174,0.037270784989057296,0.03945470434115249,0.061489626650040985,0.15832041835627722,0.4459239032866791,0.44886035378532496,0.3437446973415157,0.11027289573650668,0.03996821479545322,0.02210465378720421,0.017540951763990606,0.01984109915416385,0.03536261667180951,0.1327326004135991,0.42675729616448926,0.251618427542723,0.33194998656503566,0.060763234350836776,0.017912238726472438,0.009854446167527446,0.008585340364882961,0.012731124565426131,0.06097673138675808,0.06294981173420092,0.009029927681654133,0.005275149517079794,0.005443580311482448,0.007328564940888065,0.010713888386281135,0.014553926189817955
32250,0.0017049212717741872,0.0017059536864906545,0.00170905910104785,0.001714266062853791,0.001721622667866062,0.0017311973545108953,0.001743080049674496,0.0017573837044868412,0.0017742462733082523,0.0017938332093550447,0.0018163405765129227,0.0018419989114707338,0.001871078016609479,0.0019038929266102997,0.0019408113768104327,0.001982263217870417,0.0020287523821509003,0.0020808722309713294,0.002139325426251312,0.0022049499164723124,0.0022787532694080585,0.002361958523249757,0.0024560661258320577,0.0025629386572056695,0.002684918341247599,0.0028249926509579548,0.0029870320602816847,0.0031761389520641526,0.0033991733050656686,0.003665570379003007,0.003988663228896866,0.00438792806779152,0.00489303832836785,0.005551795681572132,0.006447426647442183,0.007742641193456196,0.00982234154436004,0.014003560514740032,0.03380324997585001,0.02791430954372935,0.06632874843012644,0.28612302937507544,0.08558104700500627,0.16220343996753336,0.25571225975480005,0.2674507616660273,0.5727694737556983,0.1489106792743201,0.09793317920859186,0.17518624020974166,0.07214357462161372,0.029356111829151512,0.01834856917110893,0.016079673015283423,0.014721838947335458,0.008322698778573267,0.004373326975844576,0.0027917620410806594,0.002136591100742704,0.001948741586963619,0.0020898648522309194,0.0022578691113029356,0.0019964255229159215,0.0015555640692480354,0.0012234894587344902,0.001016060624469531,8.948814272247095E-4,8.324779604879432E-4,8.093774993527536E-4,7.978158573094381E-4,7.561464783788982E-4,6.655093384673646E-4,5.537996812809864E-4,4.5418159093810255E-4,3.7872811595030057E-4,3.2649929442580525E-4,2.932977747299825E-4,2.752702238545113E-4,2.6948155345743653E-4,2.735379117492221E-4,2.849985504403303E-4,3.009713098666723E-4,3.181371770298195E-4,3.329390572219378E-4,3.415572711505672E-4,3.404908021032141E-4,3.286496213734899E-4,3.0905406687255785E-4,2.875975887549006E-4,2.7014053092633126E-4,2.6089075458192847E-4,2.627121905732417E-4,2.7828698185634225E-4,3.112587263603387E-4,3.669289318124856E-4,4.5166144474065724E-4,5.68563312869331E-4,7.06091667262098E-4,8.255053537632124E-4,8.761864096516807E-4,8.456475277198118E-4,7.727155220998754E-4,7.038346450642954E-4,6.651200104839695E-4,6.681594275832883E-4,7.232928423108152E-4,8.498540875643872E-4,0.0010852516480928927,0.0014907366779439697,0.0021239953306583527,0.0028921396077913656,0.003351573963152248,0.0031158739453338645,0.0025034539992347593,0.001987373244207446,0.0017124848082935916,0.0016705884940478968,0.0018750957432511644,0.002444693116326007,0.0037344510072978214,0.006663639381314242,0.013087277350255463,0.023130254021384664,0.02757536627737004,0.022208470411069988,0.01617138816425772,0.013104967523083313,0.012659487250490313,0.014802425090681356,0.021125922466282917,0.037184838696625803,0.07921654224747338,0.17233632900366305,0.2580286469653137,0.2163473967583325,0.13286782352597215,0.09213906093138699,0.08540387778780226,0.10690209123775032,0.17196977526561036,0.2823684009329935,0.3170411541651993,0.30422812529870163,0.3799593421301806,0.5410351934624567,0.49798923516341065,0.42429178776915,0.3229054428397144,0.14831280250560247,0.0708967546761465,0.046162135034103234,0.04211538601208384,0.05636542215128295,0.12404588279667536,0.39267413543752755,0.4555592117170776,0.40024101481298335,0.18968376541695287,0.06363781007314546,0.030942200187153622,0.021930184384964746,0.02216561089140882,0.034339300689191964,0.10459042627008211,0.4472255546886973,0.21660706032108593,0.30558155843825247,0.11828677539696336,0.02645564983449148,0.012146750595305714,0.009235923625871733,0.011857361955759002,0.04282423639851585,0.0951616509498828,0.008984501379093936,0.004326651483854496,0.0036879488549576055,0.00400135270772588,0.004678222129448117,0.005324022815595701
32500,0.0019008833183682449,0.0019021368499926047,0.001905908762155571,0.0019122378136958848,0.0019211894620686175,0.001932857184948868,0.0019473643926550882,0.001964866998890341,0.001985556744786446,0.00200966540605768,0.002037470058364618,0.0020692996360915958,0.0021055431007915384,0.0021466596462839725,0.0021931915205173065,0.0022457802584468583,0.002305187423108947,0.0023723213857882028,0.002448272305331676,0.0025343583926120523,0.002632187931255209,0.002743743636225059,0.0028714992157826977,0.003018583236231947,0.003189013963049552,0.0033880433486234134,0.0036226737547254808,0.003902457486174148,0.0042407785491128565,0.004656998123325307,0.005180243694776156,0.00585657412146148,0.006763799579465805,0.00804613714158591,0.010011061262989448,0.013489009357271892,0.022144089356227293,0.18921408233452183,0.13299699749888605,0.07041787404852032,0.25145828609700144,0.08776889313792581,0.44047151958851205,0.1470516610873795,0.49895754422955363,0.2446918896643956,0.09082315545376947,0.12092068485220824,0.09692056450312558,0.03083813747431371,0.0160666737822508,0.012415006542611889,0.012433690726778551,0.009300283546193819,0.004901138486849162,0.0029425632004089165,0.0021219083502513367,0.00182999268619774,0.001903276384527055,0.002109443460343962,0.0018951205058646875,0.0014207022192722573,0.001063949487085056,8.521012762423068E-4,7.355857474877498E-4,6.791792426982671E-4,6.571595424431186E-4,6.368023285369043E-4,5.812017524355556E-4,4.888733730810027E-4,3.9362645092369005E-4,3.1686694301655597E-4,2.599626514737013E-4,2.1836055825099338E-4,1.880577368887417E-4,1.6631156088019435E-4,1.510885210451209E-4,1.406317777132037E-4,1.3337306094260938E-4,1.2820512170281552E-4,1.2488993394115823E-4,1.2408383745224943E-4,1.2674736272260876E-4,1.3329750613811476E-4,1.428662197482698E-4,1.529444936540075E-4,1.6008388057797243E-4,1.6192855795940024E-4,1.5895596919585485E-4,1.5401899063444653E-4,1.5050170796910163E-4,1.5116232527396267E-4,1.5821196929530725E-4,1.740271067959746E-4,2.020087281759105E-4,2.4736124044232483E-4,3.17122596043293E-4,4.169777300569543E-4,5.402741583267579E-4,6.530274279270215E-4,7.064748668344148E-4,6.878453524264159E-4,6.328410443270749E-4,5.827533823547728E-4,5.604307097236561E-4,5.771884957530828E-4,6.452768473149675E-4,7.879731878572993E-4,0.0010491141850673608,0.0014949540926867217,0.002158996761301265,0.002839057216695461,0.0030256018776825774,0.0025953491768168696,0.0020260764780439117,0.0016402465730716883,0.001477823617474913,0.001521888276732509,0.0018106954327431171,0.002511020104659816,0.004085241715350692,0.007650671773406913,0.014703037828357524,0.02186788795921855,0.020375596112942238,0.014520457514863345,0.010679966674163578,0.009258250102381281,0.009759339086477333,0.012610657735462523,0.020236636063437164,0.04086539980649378,0.09813177608679484,0.2031554022674311,0.2286329126723637,0.14731999247055774,0.08951679816574852,0.06969267147556332,0.07313796723593131,0.10202390526646708,0.17861439380905828,0.3033095769571286,0.35608978978095945,0.39295259333802035,0.5185956925756927,0.49081987914224073,0.36636531064173344,0.3556885351235275,0.2668857080024429,0.12410647829731175,0.06708607934011658,0.05120775509344033,0.05766564283538999,0.10551052006888204,0.32289341677060335,0.47796243477625244,0.39181199217486096,0.28896656569964796,0.10496744558418011,0.04495469497528825,0.02818085581490499,0.025353100970495805,0.0343370011073677,0.08621308900499149,0.4235657293457974,0.2039764139871948,0.20106055845665208,0.23798214368227807,0.045633003185902625,0.01659243567055982,0.010718568571543088,0.011769421859550216,0.03266535434243522,0.16317598051266083,0.009274126401137143,0.003705535277121227,0.002724375340049905,0.0025740751176670414,0.0026614097251516935,0.0027738337618813907
32750,0.002171289865878524,0.002172856041222014,0.002177570310089848,0.002185485788097765,0.002196692403149118,0.002211319058604653,0.0022295367797417922,0.0022515629716395335,0.002277666968917891,0.0023081771242334575,0.002343489769370071,0.0023840804990444076,0.0024305183859610986,0.002483483954964546,0.002543792052271664,0.002612421184996197,0.0026905515415340353,0.0027796148367730967,0.002881360520387021,0.002997945007625391,0.003132053884880765,0.0032870722711409767,0.0034673270340460694,0.00367843884238348,0.003927846796841389,0.004225612980138524,0.004585698274961059,0.005028067598438573,0.005582335446670596,0.006294468174774838,0.007240083839804516,0.008553644533420519,0.010502126942882103,0.013713629111206266,0.02017740892014684,0.04240065966056792,0.09389685104209615,0.08599976384033524,0.1354032176591547,0.11400378213130989,0.16457852440408363,0.3192888892446906,0.23725534363307685,0.4583977279637664,0.11599181058564469,0.07707904387389772,0.11783945696790485,0.038398775233477386,0.015427328457977717,0.010102592446630768,0.00962662294958543,0.009933670809548281,0.006017719116738599,0.003442026043719101,0.0023553631330396384,0.0019249582315466864,0.0019018882372129986,0.0021068675042425,0.0019318844299768744,0.0013798189358815891,9.595042411543724E-4,7.174559977080762E-4,5.830344897740077E-4,5.096764142189515E-4,4.6756203753389654E-4,4.2697248187386407E-4,3.632577122714971E-4,2.850196251588859E-4,2.1884327675310853E-4,1.7325334503886573E-4,1.4319662613764274E-4,1.224146314165972E-4,1.0680796338944329E-4,9.412476324418072E-5,8.318449868599973E-5,7.332286900789174E-5,6.418509195853468E-5,5.579404932839564E-5,4.856735721288093E-5,4.305317990674396E-5,3.9625739402064865E-5,3.843840738029749E-5,3.9556090336153196E-5,4.304030153761343E-5,4.884885223926527E-5,5.6513104882950455E-5,6.477014963399483E-5,7.170459443448844E-5,7.579365505786164E-5,7.701497026077859E-5,7.675319458156385E-5,7.683066800841641E-5,7.886588571825716E-5,8.432716356580757E-5,9.499190381828111E-5,1.1359656080505818E-4,1.4460262643910046E-4,1.9459122508517438E-4,2.699992197398597E-4,3.6731437413569734E-4,4.587903031094383E-4,5.044839051015017E-4,4.966418961745928E-4,4.6488898912574404E-4,4.4009669931905265E-4,4.3936532505461077E-4,4.7353645899927364E-4,5.576914840351087E-4,7.211069342352763E-4,0.0010181114201705949,0.0015245239953814746,0.0022394667187122575,0.0028257082401424425,0.0027775876376872426,0.00225573525317099,0.001762033878561488,0.0014804768111958918,0.0014043254682867324,0.0015292506514976143,0.0019289057853491764,0.0028433955298104085,0.004898938797212672,0.009369846895225279,0.016310013559532145,0.018782535295412666,0.01408542807864784,0.00955947927584798,0.007388074519094845,0.006957484130659912,0.008075257414564803,0.011661573415319848,0.021386487788893783,0.050073477454882394,0.12804663325635818,0.2116279586561805,0.16504740287926725,0.0936145015593946,0.0624777393389444,0.055850608208146045,0.06677910436732239,0.10499132977701327,0.20093975887612436,0.3400923555651924,0.40707792698969136,0.4934337158815803,0.4929355520159166,0.31707089578449466,0.2649096306176064,0.3039409641071915,0.23369242256958192,0.11712311647473117,0.07288591999071019,0.06709041842259315,0.09957273808963535,0.2627025028679047,0.5057503311524464,0.3664521702713339,0.34065323834964084,0.17446913707558662,0.06862915201266143,0.03756099964526809,0.029772445502761206,0.03521522290541481,0.07370895712549935,0.35705471804774536,0.2104132464548809,0.13656750563733439,0.2617612063715673,0.0936919240486941,0.025566001092196488,0.013498240890476892,0.012450829251467694,0.026873772696174778,0.30170560224980464,0.00991850033023184,0.0032768985662364213,0.002127884426317677,0.0018207731369181432,0.0017409157541444656,0.00172334892815812
33000,0.0025470483103854865,0.002549077529603693,0.00255518758769387,0.002565453120428544,0.0025800007979793955,0.0025990128544526704,0.0026227322555878764,0.0026514697518027703,0.0026856131669022844,0.0027256394057196365,0.002772129840463379,0.0028257899754667165,0.0028874746226815896,0.002958220289662922,0.003039287155381924,0.003132213992087007,0.0032388908506961224,0.0033616565341577824,0.003503431288588395,0.0036679005139672967,0.0038597739812758144,0.004085159477244483,0.004352114547729724,0.004671483988454409,0.005058212155281389,0.00553347732552194,0.006128320474344551,0.006890156307999373,0.00789526581009494,0.009274915489862019,0.011276584930155579,0.014432485745457635,0.020151556503452676,0.03391044420008297,0.11679321853902858,0.005612136311028866,0.060853213619051306,0.3948235902113606,0.0986405701589069,0.4811270229070944,0.1368394227588787,0.38833835469092687,0.2044201478182434,0.07197407486726372,0.07862098293926259,0.061300455164585474,0.017694074633845185,0.00923538503562455,0.0075059723468283625,0.008794417082214954,0.00753005693172269,0.004216787306641059,0.00270768153029151,0.002097467376460163,0.0019574665015223867,0.002116688649990166,0.0020038509303439314,0.0013815462879547499,8.90034329760202E-4,6.197241097296498E-4,4.7158180555573567E-4,3.861059871439493E-4,3.3117908858768815E-4,2.8196823905851453E-4,2.220632831288281E-4,1.599600764330263E-4,1.1289713889243237E-4,8.318458615012165E-5,6.523744801916354E-5,5.409612082889497E-5,4.6723162244164724E-5,4.132208038480288E-5,3.675238467646602E-5,3.2276297774439316E-5,2.7560781859260634E-5,2.2745628113725315E-5,1.8300848016873036E-5,1.4665854064831584E-5,1.2012799747958282E-5,1.028805349472842E-5,9.361972127720975E-6,9.135509977771079E-6,9.585281575170953E-6,1.0773117639342268E-5,1.282707895690084E-5,1.5865563111537493E-5,1.9820208471210536E-5,2.4204119473455344E-5,2.8113640304986092E-5,3.0746040147838504E-5,3.202705350159518E-5,3.261826901631358E-5,3.3445415525024195E-5,3.539529531474956E-5,3.9381999343749945E-5,4.665533552100885E-5,5.928680503917262E-5,8.08311038737443E-5,1.1676341964595226E-4,1.7258414803298356E-4,2.4518283731960415E-4,3.117403311433912E-4,3.4372108787823904E-4,3.405910180707027E-4,3.255688544453956E-4,3.192963693267143E-4,3.33759873608705E-4,3.7952909139994597E-4,4.7456890572178216E-4,6.550051550562109E-4,9.886183602202073E-4,0.001562909873089898,0.002322878891197078,0.002783604498091752,0.00254675297694183,0.002010979643161511,0.0016038939220464493,0.0014102150252569138,0.0014120989631834758,0.001630056048322393,0.0021891439840804284,0.003445167155364583,0.006249151033242569,0.011673396343191719,0.016708362519601776,0.014496817142174944,0.0095299196313918,0.0066026333600131305,0.005523173868527279,0.0057260440170153444,0.0074002505968778194,0.012122981129338307,0.02582003014527148,0.06883093891475518,0.15977601071928763,0.17371101155853297,0.10138938094551381,0.05945826086315632,0.0458067013882982,0.04747231366143954,0.0653802774171997,0.1177473731472333,0.24381172631560938,0.3888126776683703,0.4702818114563156,0.4982053217840299,0.30243150170608546,0.19586016732958356,0.20217064789941708,0.26911589408463976,0.21914082595733414,0.12261671895754708,0.09007221312084943,0.10555997236054393,0.22345683916543596,0.5183350728569438,0.3513093723940401,0.3092398691838163,0.25911476058834415,0.11120433555724639,0.05290726827030582,0.0363117716105433,0.03719793533197148,0.0652005718575366,0.27682682409161835,0.23707205410927484,0.10511149848979891,0.15490937771529298,0.19463139957292075,0.04524029377313479,0.018529381592543873,0.014006908129374072,0.02363466973042528,0.41862127407152927,0.011044173772330438,0.002982354975036604,0.0017322211056543927,0.0013720663668892873,0.0012417683662852156,0.001188461381991193
33250,0.003077335585799798,0.0030800814614225613,0.003088352333499473,0.003102257664518557,0.0031219836638633086,0.0031477991635608647,0.003180064284484741,0.0032192423783398063,0.003265915940546945,0.0033208074652995613,0.0033848065887735926,0.003459005387428109,0.0035447444378454668,0.00364367331453541,0.003757830779316872,0.0038897522853391297,0.004042616050660183,0.0042204446451854696,0.004428388160479505,0.004673130063124337,0.004963482336353335,0.00531128126760334,0.005732776844992643,0.006250864282323307,0.00689881850386126,0.00772685923377266,0.008814407730067812,0.01029476024248826,0.012409837919741576,0.015648721962038925,0.021170666603456685,0.0325415218797771,0.06822816710646243,0.6959846493648393,0.032086911450654856,0.08006801036300731,0.44519602252169954,0.13966106987166646,0.4432666713490795,0.1204590649057367,0.4238104422236321,0.0997394437702588,0.05423978903027588,0.07489614359316282,0.027286663541729636,0.01025171625311252,0.006669461152398974,0.006868017831794327,0.008606661567050011,0.00541897737932047,0.0031577971590500404,0.0022570263564361905,0.0019603601308055985,0.0020163558701844215,0.0019767652277533623,0.0013559680184782423,8.105908806226657E-4,5.28120768929297E-4,3.811704043659369E-4,2.9693111615729603E-4,2.4231081737493271E-4,1.967432142573446E-4,1.4746600349229517E-4,9.936999820632987E-5,6.406275622165139E-5,4.233439662653236E-5,2.9465123183659145E-5,2.161231677226563E-5,1.6566537326399917E-5,1.3114778558760483E-5,1.0551344590272484E-5,8.44016742570484E-6,6.543417291081367E-6,4.816449749787476E-6,3.347517260086527E-6,2.2247199315361334E-6,1.451312445959008E-6,9.616846819291173E-7,6.726178413251924E-7,5.159777119386967E-7,4.4815227438995564E-7,4.485605434954406E-7,5.169109727124691E-7,6.736678611411772E-7,9.646227022780994E-7,1.4663163379950722E-6,2.2797108607085278E-6,3.4857618145898334E-6,5.049045719576893E-6,6.749103819439425E-6,8.295101123642137E-6,9.571466372645462E-6,1.073274323371093E-5,1.2105412500226192E-5,1.4107643001879156E-5,1.7302602238450184E-5,2.259089177081371E-5,3.1567413512557506E-5,4.706367513573874E-5,7.349137039856209E-5,1.1496971335012477E-4,1.675989711018787E-4,2.1232448909353643E-4,2.3103756009293334E-4,2.2875456181679896E-4,2.22852605288936E-4,2.2637686408352687E-4,2.478192649773103E-4,2.975805222496021E-4,3.9597994336850617E-4,5.858147296693471E-4,9.490238949423608E-4,0.0015786768523841702,0.002331271869089168,0.0026109199855170627,0.002249638321226929,0.0017678155652782756,0.001461908873423542,0.001357019902426935,0.0014460483508501802,0.0017877094908878963,0.002587968992882168,0.004387643036286294,0.008259366022232092,0.013977011416243199,0.015109950436014917,0.010442790718564738,0.006654934137178084,0.004951662940948121,0.004572739809825423,0.005278741917071581,0.007694070456606586,0.014534100433890376,0.036111402015648913,0.09975287920221108,0.16190149966368966,0.11084483807841364,0.05933952906723897,0.03965547139867925,0.03587719246302962,0.04344467608067186,0.07006709115273932,0.1466852197843616,0.3116596107616893,0.44380349887382065,0.49765523159858227,0.31923240568052663,0.1665992981373264,0.1332615077999114,0.16802084027662778,0.2518758216659125,0.21779029698554003,0.1392597466592284,0.12655974342185586,0.20565190505468767,0.4988340085902901,0.35534937640520287,0.24982262501710217,0.2746516587233452,0.18299599466054442,0.08074164388524788,0.046967684232434304,0.04096982285856123,0.05996310597595575,0.20823604030144735,0.2890493164664868,0.09137554132380057,0.09312052631342355,0.20564284470932448,0.09127385087882076,0.02785063689849007,0.016694861350914796,0.022020152835989928,0.2907047156808484,0.012932995936225876,0.002799268829680715,0.0014622475556250335,0.0010856415935136799,9.423128929642874E-4,8.804343020910776E-4
33500,0.0038435554177513286,0.003847460037343005,0.00385922627898448,0.003879024577971923,0.0039071455401512595,0.0039440101960622545,0.0039901852443154605,0.004046404275288922,0.004113596414173751,0.004192924427541512,0.004285835180945533,0.004394126540198139,0.004520036569328101,0.004666363503457702,0.004836628972193854,0.005035303169567478,0.005268120575610704,0.005542531029409844,0.005868358185501221,0.006258784664630868,0.0067318683254749155,0.007312953817779416,0.008038658135208666,0.008963764357782312,0.010173818826136579,0.011809761311981299,0.014120382757187943,0.017587285085630212,0.023271961170103453,0.0340241377771743,0.06059321999706225,0.18959414001814598,0.31103192022153947,0.09116273110766886,0.09523553023973981,0.16133462335413148,0.3170778896582885,0.1780842160690555,0.18800302310379932,0.226879452867119,0.05859265175311696,0.047053428598959036,0.05245410066379812,0.014946937331715494,0.0073004452751981,0.005870033372069883,0.0077171274615197615,0.007357772544211467,0.003918266545930594,0.0024613882135372314,0.0019251192385134602,0.0018191434732462858,0.001808875858917852,0.0013013415745951988,7.247562014340233E-4,4.352555851822028E-4,2.969808088858771E-4,2.2200669656170763E-4,1.7540369238764318E-4,1.3954630126645375E-4,1.0332803820939742E-4,6.739806428277674E-5,4.014960259805123E-5,2.3326845085151566E-5,1.3602226530363208E-5,7.928126261566475E-6,4.516403340493698E-6,2.4060151633882752E-6,1.0892233153219084E-6,3.203264095399489E-7,9.933995831793893E-9,1.2241867226849577E-7,5.793243246004318E-7,1.239089192930656E-6,1.9422385813492028E-6,2.5517620377271343E-6,2.9773450645364114E-6,3.1919442198822686E-6,3.2274248912887023E-6,3.1454653411607386E-6,3.0038588508250535E-6,2.8375171911968015E-6,2.65610792425819E-6,2.4503927265593136E-6,2.200277130667091E-6,1.8819595063925026E-6,1.4766445486944971E-6,9.8904978503691E-7,4.816504893790731E-7,9.885611226259302E-8,1.3280891186040356E-8,3.0030156347330387E-7,9.023421420359679E-7,1.741610322064171E-6,2.833615265708963E-6,4.332171125692867E-6,6.573671210033778E-6,1.020098025759774E-5,1.6435028790977612E-5,2.751934861192893E-5,4.694639075222793E-5,7.751491777087903E-5,1.1453283992553993E-4,1.4263666070344312E-4,1.5212245579802566E-4,1.5041719034746868E-4,1.496050427142412E-4,1.5774759240981691E-4,1.8136379923263383E-4,2.3097066384625213E-4,3.290970582902628E-4,5.252207179451755E-4,9.134938652613245E-4,0.0015698563524625055,0.002218373796315711,0.0022770406562271956,0.001877157546426206,0.001501929636669815,0.001309389003404207,0.0013004989689053856,0.0014953626787003354,0.0020112528267666814,0.0031885159275070285,0.005851162489113712,0.010967437105533304,0.015121232830504573,0.01213684849258525,0.007481965577511328,0.005006082559683719,0.004119847995764879,0.004248649882139774,0.005515376861971195,0.009193474310948255,0.02029524644588506,0.056746734352695456,0.12911150475004166,0.11921091742682696,0.062177387816095685,0.03622238863911494,0.028604027802149552,0.030557013193375736,0.04374729289489549,0.0845404874245424,0.20446958794889825,0.3951248444368543,0.48738216018129243,0.36099215413592606,0.16398134968515932,0.10304467760739885,0.1037150866729615,0.1555605900127184,0.2534441254192615,0.22593747856874605,0.17030545472764172,0.20812484174659862,0.4536046115228418,0.38200020366494825,0.20408757795891483,0.20623705068211345,0.24044649682718863,0.1340573988044454,0.06636316428484292,0.048007281937751355,0.05798588024783134,0.15930471910142513,0.36887212360021265,0.08827934526012071,0.06530663585004433,0.11829232450023514,0.1725991255841355,0.045982215893532935,0.020991624713849338,0.021531958412286216,0.1579806879254176,0.01616133689437186,0.0027249152671998786,0.0012809418764565042,8.974911666472902E-4,7.527050169040104E-4,6.903291527400629E-4
33750,0.004987582896559697,0.004993453510173984,0.005011154216941454,0.005040970794445753,0.0050833917801602095,0.005139127756426416,0.005209140262672841,0.005294682504174333,0.005397355059640261,0.0055191812282588725,0.005662708724665858,0.005831147481925767,0.006028557933202968,0.006260111270364343,0.006532454460154384,0.006854231115725178,0.007236839894922521,0.007695564724467978,0.008251304934479231,0.008933307239019044,0.009783638718487756,0.010864829519096045,0.012273614651490778,0.014167223614878467,0.016817711483697366,0.020735907720282828,0.026993942938203477,0.038234814244959996,0.06286136489537153,0.14354387727185616,0.8181448803878496,0.0677912822404696,0.67262070300003,0.19946883630754123,0.08322167837461168,0.63330909570481,0.10740902528636262,0.27870744455656643,0.10625698786782012,0.03983646742697659,0.04464623764794564,0.030624432097572877,0.010211651327463472,0.006203532654731408,0.006296026333432329,0.008958789795651902,0.005491172433452981,0.002895365095833648,0.001961110764584759,0.001644901923251417,0.0015787415217833345,0.001257467652031675,6.839245928773897E-4,3.697501989376853E-4,2.3131347797853113E-4,1.6213944655534508E-4,1.2213984710113918E-4,9.461207701409841E-5,6.969311877517317E-5,4.4505972413973645E-5,2.418836047695585E-5,1.1594941168008623E-5,4.823558760396801E-6,1.5029286360271412E-6,1.7457459130660865E-7,8.509260398471487E-8,9.10545912161779E-7,2.5692324986234423E-6,5.007159218232545E-6,7.98771020032702E-6,1.114431306224321E-5,1.4246770274626478E-5,1.7261422194183036E-5,2.0183803553118565E-5,2.2890287917796188E-5,2.5111670694618252E-5,2.6534452500327356E-5,2.6978114397954656E-5,2.6513196589371797E-5,2.540951637999899E-5,2.397420199478348E-5,2.2434386705903592E-5,2.0925815757806622E-5,1.953131921790737E-5,1.8302474392488334E-5,1.724756157257715E-5,1.6299429574799293E-5,1.527875964158556E-5,1.3883076607031898E-5,1.1785462874120456E-5,8.92183267101952E-6,5.754272763890407E-6,3.0305348437189437E-6,1.2024489290741879E-6,2.584208944936933E-7,8.904193997758991E-10,3.0693523120037653E-7,1.2459285067978767E-6,3.1771805544572002E-6,6.955373683978364E-6,1.4295313570021593E-5,2.7923438221012212E-5,4.968338486103184E-5,7.487894478456992E-5,9.215269872666828E-5,9.742410417880795E-5,9.760560836899308E-5,1.0047008253449488E-4,1.1129114736170512E-4,1.3588461776278135E-4,1.855309940748916E-4,2.858054512781263E-4,4.941217501931083E-4,9.114773260806932E-4,0.0015526423906222747,0.0019961997852200684,0.00186094411624618,0.001501807525301516,0.0012506266047112545,0.0011674587395902227,0.0012573445636151173,0.001582305144356026,0.0023522341377572448,0.004136548681262734,0.008109765357743954,0.013879660198158006,0.014198655257457716,0.009164153546302118,0.005644641068625871,0.004154985473291269,0.0038324717183360504,0.004444045719752775,0.006556018912282565,0.012688338555830873,0.03263977172330308,0.08919108670210962,0.12132313338427493,0.06860047978939465,0.03527174217768782,0.024166324338126814,0.022728896843754336,0.02884613802966276,0.04984190487466591,0.11832039234926789,0.30422835462301523,0.46631997675699655,0.41475922637972495,0.1821705017084319,0.09257530355681597,0.07497566053659117,0.09291031112174161,0.16344429255842358,0.27346560903786743,0.24261486187978817,0.2314531167537617,0.4064290241344851,0.4303235809752396,0.17933056279180912,0.14072178854393272,0.1900692341790767,0.20806954707564798,0.10517644019873264,0.06147237512035077,0.059886481426079344,0.12798903115353888,0.4522776301814586,0.09342000165437082,0.05209992330487317,0.06997488164686234,0.17546563376732197,0.08234057491888927,0.027750927068738492,0.02189417132255722,0.09301459797175607,0.021993370034277537,0.002771565407849532,0.0011695031314928664,7.757434859385251E-4,6.311681665462606E-4,5.698961831357627E-4
34000,0.006773258025272285,0.006782667041940072,0.006811058297048614,0.0068589542211474576,0.006927250822374754,0.007017257792897924,0.007130759219001316,0.007270100161497939,0.0074383070363339306,0.007639253564888057,0.007877889786784796,0.008160560399876785,0.008495452488532063,0.00889323497342152,0.009367989077396686,0.009938592320353512,0.010630830379878959,0.011480716604484388,0.012539893155270905,0.013884782932882698,0.015632862484210332,0.017973327860101123,0.021229164026462695,0.025994616747975378,0.03347753787856684,0.04649923733766603,0.07317135344317305,0.1463490624007471,0.5066794399860199,0.47722723588189364,0.027385551365691006,0.12449330814694402,0.5690910862486747,0.08148405759227029,0.37299645329454545,0.09101488685505675,0.30341963050256004,0.05718363173095873,0.03063566366872958,0.04411914470808774,0.019432894770938645,0.008233833034163798,0.006113652723279837,0.007861477592890416,0.008396112625386245,0.0038884256440399187,0.002179013854118953,0.0015804341239091077,0.0013854353714949955,0.0012114170066523614,7.20417138303861E-4,3.555433242021251E-4,1.9809345477834719E-4,1.255896085317745E-4,8.656013637417325E-5,6.220747586603605E-5,4.328752236443064E-5,2.5488229501888614E-5,1.1178605152936078E-5,3.173094420808765E-6,2.2618730985617518E-7,3.921265833467494E-7,2.551379201313942E-6,6.24412271231301E-6,1.1414569849772656E-5,1.809416827548929E-5,2.5814746961000208E-5,3.331760318370502E-5,3.950011413253185E-5,4.4423169792104975E-5,4.892267888074857E-5,5.383655684354947E-5,5.970388430529986E-5,6.67164730213376E-5,7.465001344299564E-5,8.274628014553932E-5,8.969538140731269E-5,9.393650099528762E-5,9.430878270316646E-5,9.067491082592856E-5,8.400959177296693E-5,7.589006123347542E-5,6.782168843122982E-5,6.083159093321666E-5,5.541907869927484E-5,5.169514799653587E-5,4.9521528770064405E-5,4.854340043632133E-5,4.808375224304798E-5,4.697183522056731E-5,4.364451036580567E-5,3.706229034342313E-5,2.8022875465142062E-5,1.8882303164247327E-5,1.155599956882356E-5,6.492609429355595E-6,3.2556866354871125E-6,1.2854134926458624E-6,2.3016132297287255E-7,5.2497492539790554E-8,1.1721513550840994E-6,4.778343488020008E-6,1.3027815659186585E-5,2.7452354776584488E-5,4.438994012980131E-5,5.608602850157048E-5,6.094724375535195E-5,6.385398542620614E-5,6.972823537987773E-5,8.267897647998927E-5,1.0876227499183112E-4,1.6092816471030184E-4,2.695562623403386E-4,5.020184265150963E-4,9.524972554575106E-4,0.0015151370770454557,0.0017015181338158765,0.0014595500907628404,0.0011851098736928164,0.0010458993346340573,0.0010575840530512323,0.001248086835294077,0.0017404230545090338,0.0028997000108447065,0.005678346259312597,0.011318987671149878,0.015581278100672976,0.011755411482017574,0.006966262836379729,0.004624458333869304,0.0038212174984380573,0.003971425888145944,0.00521717610004341,0.00887311342376807,0.020190416594524654,0.05690975366625404,0.11150144677718393,0.07887176404999834,0.03712893912218552,0.021912723996551014,0.01802087001107475,0.020230701567922515,0.03095595790917206,0.0666867190979447,0.19319193753508868,0.42156268170416566,0.45894091985719193,0.22062042027934037,0.09357256022464296,0.06217097905412919,0.06370884331128879,0.0963770613958062,0.19689610060962365,0.3037871700598602,0.2760207505304037,0.3750235744416797,0.48820797080950956,0.17347243772735693,0.10222858806689647,0.11560664689380368,0.19450351387821072,0.17705512709525498,0.08850737457088144,0.0672226852299789,0.11005961866480019,0.4712142735757099,0.10711301148238872,0.04571576601126314,0.047549112950996945,0.10630046367029207,0.14452227956216254,0.0385493537975285,0.02297040417902938,0.061221224864251654,0.03364418473944278,0.0029695850147374112,0.0011193832550548117,7.036038639719339E-4,5.564080112450339E-4,4.95310002775436E-4
34250,0.009733220496473743,0.009749514467630088,0.00979873160905965,0.00988192901383095,0.010000927674335372,0.010158407090293729,0.010358050195840561,0.010604753337767791,0.01090492403164167,0.011266901232607358,0.01170155154808873,0.012223124805631954,0.012850501934089195,0.013609052524912632,0.01453346811813095,0.015672209056060753,0.017094721008707577,0.018903614504550723,0.021256196986709077,0.024404716731793754,0.028776858216804486,0.035150941532298884,0.04508079799363428,0.0620849636822953,0.09570650358513792,0.17998797570382832,0.49263776961878464,0.8675766832841136,0.1402123263178441,0.0147906538570939,0.05816100588607584,0.4320254870539081,0.146180807404528,0.18390358123569228,0.09764873660965737,0.18516732896692317,0.035805631535222454,0.026586802014347325,0.04164348151185306,0.014192726212409478,0.007446335744306292,0.006762940677090322,0.009862575457526676,0.00619745510568861,0.0027339394802881546,0.0016608691214815058,0.001280863092755326,0.0011304346130076345,8.141979660737798E-4,4.022517019236934E-4,1.9940142930984338E-4,1.1182235038403085E-4,6.804926901274634E-5,4.275770407903112E-5,2.55549953298424E-5,1.1792035013835171E-5,2.5869079201126724E-6,1.0324380351209594E-8,2.424099959883932E-6,8.054226172691095E-6,1.6359653602765677E-5,2.7542083970854723E-5,4.206979544337637E-5,5.980290825583276E-5,7.83898995330562E-5,9.331125969195943E-5,1.0194887705093602E-4,1.058840233784539E-4,1.0819648517833253E-4,1.111659399961005E-4,1.1610978165604231E-4,1.2379912774220783E-4,1.3467097047718137E-4,1.4875836557491987E-4,1.6540539401968714E-4,1.8292207303110465E-4,1.9849086316600282E-4,2.0866654607063607E-4,2.1051931931293484E-4,2.0300270865219536E-4,1.877086904988314E-4,1.6823312302564693E-4,1.4848484774909192E-4,1.31282640552276E-4,1.1801872741059392E-4,1.0905743811006262E-4,1.0424666374747275E-4,1.032050707027711E-4,1.0527893542390846E-4,1.091115884733194E-4,1.1191502679069293E-4,1.0931139352309009E-4,9.762062648900587E-5,7.799706799256216E-5,5.638612320096998E-5,3.8138709182847396E-5,2.491789585368515E-5,1.5956958040439665E-5,9.92334155326018E-6,5.731356095091356E-6,2.704918413178411E-6,6.385267470553288E-7,7.156237298798712E-8,2.7204637151822927E-6,1.0531290606358938E-5,2.1705745186885742E-5,3.100090376482865E-5,3.7002974158907535E-5,4.246169556510763E-5,5.074382256633364E-5,6.57409086609427E-5,9.441714389219711E-5,1.525319340499381E-4,2.777527173650141E-4,5.479528867396504E-4,0.0010191117162736392,0.0014225797180842463,0.0013807479980700395,0.0011258229882917332,9.444586484741993E-4,8.952209551407056E-4,9.886411441011706E-4,0.0012898754971980653,0.0020171644615360044,0.003808327227724421,0.008160566038938794,0.014842010386537886,0.014783842136391013,0.009124276149644634,0.005564796621617198,0.004130022653947951,0.003858820178584632,0.004545627187090633,0.0068552932543573305,0.013701034610495821,0.036222632919222536,0.090495217488179,0.09108649551043502,0.04258976083124417,0.02165338401083618,0.015429131032132328,0.015258203507460303,0.02062514234343,0.03917918430206164,0.10894466945485955,0.33009701329391605,0.4758836347470759,0.27860267775982933,0.10347648583709533,0.057037214061759656,0.049231462822028164,0.06301805402077729,0.11785589685736633,0.2646843331022922,0.32991866330388386,0.364606389862834,0.5292032962721445,0.185530566733988,0.08272715329688869,0.0732978732512702,0.11423361525483516,0.21702484594648108,0.14379895641671972,0.08346605573675989,0.10233651871337789,0.40299453918099215,0.13215733690545384,0.04309553249205211,0.03603559820753622,0.06343076743819287,0.18042674415719906,0.056389522475685766,0.024743554061673664,0.043977628636417736,0.061299928727001914,0.003381516975247233,0.0011298918143795903,6.725947429409623E-4,5.171782033257285E-4,4.5407978088298157E-4
34500,0.015064132861108227,0.015095353543238954,0.015189791343941526,0.015349876655833936,0.01557982208089179,0.015885884251112373,0.016276771348646676,0.01676424613091134,0.017364003749070277,0.018096950246119892,0.018991084140078048,0.02008431356746395,0.02142877040117419,0.023097601132578784,0.025196011564023707,0.02787993580116659,0.031389065242140364,0.036108554510091095,0.04269216415391785,0.05232882988361039,0.06738195202025042,0.09313908992436326,0.14350720552324608,0.26402181698766225,0.6281259434206876,0.918287466650916,0.260319188338874,0.065875101722867,0.009617688689435244,0.048301211189651645,0.16695035048360995,0.25333035260027525,0.11357906025599215,0.11777236482581488,0.09314674213150875,0.025688950546636464,0.02627644360204024,0.03417621357428402,0.011541071492990593,0.007264237317264183,0.008023515297897774,0.009994278272281864,0.004100615504783878,0.0019471234653465133,0.001280966435294663,0.0010418344693291577,8.772213248143358E-4,5.117894475584349E-4,2.3685609400899175E-4,1.1703982315516055E-4,6.17504472383795E-5,3.231310494452933E-5,1.4641767074613995E-5,3.5601550246302473E-6,6.479111025364587E-8,4.905075196895379E-6,1.4643511570508655E-5,2.758912341455951E-5,4.4352686111994894E-5,6.652425311897144E-5,9.581203195293395E-5,1.319327479736167E-4,1.6875069113528164E-4,1.9534627712648167E-4,2.0709397785695618E-4,2.0925242493761759E-4,2.0836875584038486E-4,2.0792886680227494E-4,2.0938950992431586E-4,2.1348225833799263E-4,2.2061400442154486E-4,2.3077075512708742E-4,2.4332805607831347E-4,2.571034911516198E-4,2.7087968463073326E-4,2.8410018114163264E-4,2.968500936022267E-4,3.0869863429084656E-4,3.173443592556213E-4,3.1872333853264135E-4,3.0936699023697433E-4,2.8936500880695937E-4,2.628427204447505E-4,2.3545320748947577E-4,2.1165843415198898E-4,1.938345475622697E-4,1.8280152290643556E-4,1.7864178020390395E-4,1.8117581167979686E-4,1.8985183640021178E-4,2.0279052265028343E-4,2.1488144825156644E-4,2.1665288832299992E-4,1.9890599488259217E-4,1.6290070954509475E-4,1.2118529278484269E-4,8.541363462716042E-5,5.937575667108926E-5,4.172558507718869E-5,2.9871362940273903E-5,2.1594345758794778E-5,1.5271349402482594E-5,9.750011806596035E-6,4.503208222727817E-6,5.543874450192275E-7,9.10885047673093E-7,6.5878362594456225E-6,1.405560307451337E-5,2.093519630538569E-5,2.818605122218521E-5,3.833306565263112E-5,5.551205043539091E-5,8.819529841807624E-5,1.5648109628832213E-4,3.0829030627114583E-4,6.26099437146706E-4,0.0010730389093131145,0.0012583801659187429,0.001082564660907979,8.738738980929006E-4,7.744323805326642E-4,7.964641969821347E-4,9.679781263147203E-4,0.0014104221236104339,0.0025056659681647084,0.005368788675089016,0.011781756721207402,0.01665821759416531,0.012088616383249201,0.007053098377058071,0.004732694659377627,0.003985978848158654,0.004237136605892248,0.0057271219294830365,0.010129588055759994,0.024130675484981472,0.06659841903238446,0.09965022458162401,0.052788748595579894,0.023578596043738218,0.014443461130233669,0.012514681193812162,0.014933477048202868,0.024862186572304497,0.061310128352319186,0.2125090428366869,0.45534758648913,0.34818465097001416,0.1226057625367472,0.056430244331565606,0.04148831884546855,0.04563557406954494,0.07390118237412936,0.17333181030991385,0.3477885965316711,0.373337189405963,0.5326071419428281,0.2178193611561756,0.07490501310783998,0.05249974823383852,0.0660880274926387,0.14162166731957432,0.2261390092255409,0.11615644148148943,0.10347452340375612,0.31218945385865654,0.1747672720805025,0.04306427982729175,0.029545617656600586,0.04189721359295337,0.13412006966438228,0.0867158859590791,0.02733225186997984,0.03370461521879311,0.14866475110091185,0.004138868605766035,0.0012094563680061763,6.802062731832055E-4,5.081895723491857E-4,4.399297268510332E-4
34750,0.025876630768368575,0.02594568503026613,0.02615498597853487,0.026511208831169603,0.027026027876638627,0.027717018130114558,0.02860909095233836,0.02973668290184827,0.031147062299437245,0.0329053630980792,0.035102387486614206,0.03786701118918983,0.04138654408232987,0.04594145170626433,0.05196732509948113,0.06017164560726877,0.07176858354015274,0.08898984099924263,0.1163079486992246,0.16372295763815475,0.2567481830029324,0.4672231780604235,0.8973910753891612,0.8000953888240263,0.3001483002678866,0.10951765335970214,0.04027852486791975,0.007301426581847887,0.057184962199934936,0.09189875382388757,0.4073386543771788,0.08287018180836479,0.1368778902902761,0.05355355792822561,0.020922273036314467,0.029848187742586515,0.026418078669098937,0.01007141281274038,0.007431828211634769,0.009538009429301287,0.007604539489716016,0.0027089818572721756,0.0014254551219935727,0.0010063550064876026,8.508988360512625E-4,6.427378920108181E-4,3.1781771802176154E-4,1.4044104887828677E-4,6.37288137486225E-5,2.6776938840177132E-5,7.717975523091815E-6,1.0003116724400506E-7,5.646260658399011E-6,2.2402530503472413E-5,4.199522236606877E-5,6.314903797449647E-5,8.863350481985676E-5,1.2175401635077978E-4,1.6552175949620962E-4,2.1947810228372755E-4,2.7313665871469433E-4,3.0836540771225307E-4,3.204211841181025E-4,3.22048133434218E-4,3.2447299339411476E-4,3.307317538761113E-4,3.3969435999254454E-4,3.4946315156114124E-4,3.5849934881984483E-4,3.655148451736223E-4,3.6911115636502925E-4,3.6805169647309647E-4,3.624434260232732E-4,3.547488959717603E-4,3.492034713474835E-4,3.500091593917256E-4,3.5982806663485467E-4,3.7895575968209457E-4,4.045292646886894E-4,4.2981435043220803E-4,4.4520096994856106E-4,4.425269425311876E-4,4.2046600086444066E-4,3.8541704110751137E-4,3.468645774991746E-4,3.124283039890508E-4,2.86300395017339E-4,2.7020085425349466E-4,2.6480464197677653E-4,2.705945459813803E-4,2.8772228347521397E-4,3.142328242818172E-4,3.420198883645116E-4,3.53609823430173E-4,3.307136830431354E-4,2.7477713383119545E-4,2.08264299971593E-4,1.5133745063581252E-4,1.1022154051657047E-4,8.271016954285184E-5,6.472281408565938E-5,5.278730871308925E-5,4.419898541321546E-5,3.64342995192753E-5,2.6776505875007912E-5,1.4113284179347563E-5,3.113383428558682E-6,7.979014858070286E-8,3.6448556248428444E-6,9.819688033794816E-6,1.770783527146129E-5,2.911418207913694E-5,4.8627078769288354E-5,8.695503971744698E-5,1.7068620718369552E-4,3.6056953366818146E-4,7.223543631657824E-4,0.0010696213531746046,0.0010490517951057805,8.417846711437158E-4,6.993439071732973E-4,6.665031929227465E-4,7.508378069503703E-4,0.0010138913099672071,0.0016712018844650173,0.003408156098418729,0.008053205325039482,0.015618934402189675,0.015200306607993893,0.009146590307309426,0.005637447045071933,0.0042929499015918965,0.004137804627838644,0.005059979225761045,0.008012514289491636,0.017051400012233913,0.046834670755498825,0.0981126893596311,0.06853557828662336,0.028350063149598145,0.014894637874596998,0.011245264121608565,0.0118368944017384,0.01730077851748946,0.0369678131709922,0.12223688909608971,0.38416600077464036,0.41048313167071865,0.15324851472304282,0.05938781997015388,0.0373117717312873,0.035712528299314886,0.05029204396844148,0.10697552851970776,0.2887441952002766,0.39356751138815604,0.5070270258947572,0.2756054552024329,0.07543665032360089,0.042491046828584844,0.04353810989309025,0.07791569915699047,0.21745680376415982,0.17857582706770217,0.11421505247737379,0.24300078560590155,0.24576991011174346,0.04539125097006304,0.025727938239152457,0.0303140972831923,0.08204906921666863,0.13557288434860193,0.031044784829037168,0.027151702768773565,0.45935687978701967,0.00554107781171441,0.001380982528456399,7.299772373743278E-4,5.28811256272088E-4,4.5091258321823665E-4
35000,0.05215993808294525,0.052350582194123536,0.052930226786239896,0.05392295986582332,0.055371491412863995,0.05734146559549629,0.05992856255952709,0.06326981581216116,0.0675616638169391,0.07308926297537015,0.08027546413643977,0.08976569861872984,0.10258173164948575,0.12041486455924601,0.14621883483234913,0.18548729035385333,0.24916815239159285,0.3603227122149685,0.5645292605377026,0.8833994200069212,0.9588497371637429,0.561095554886154,0.2632203802152045,0.12632557543440506,0.06247310033776297,0.0288555333259391,0.006424857210509703,0.05132572215522755,0.0666734986495836,0.4489801560341809,0.06739032244423006,0.147786348961358,0.03658389268550754,0.01922116624241874,0.03774190455611148,0.0208532874880333,0.009203245429641757,0.007819369794380103,0.010404244156160885,0.005019822203674537,0.0018890843035511572,0.001089349680912752,8.158563517808598E-4,6.964007082817659E-4,4.436460422583702E-4,1.875422970961963E-4,7.250134575320816E-5,2.362523408315947E-5,3.1791952765510515E-6,1.84457790815277E-6,2.357672651293911E-5,6.217316088422835E-5,9.573942922055396E-5,1.249802506415883E-4,1.584030966496661E-4,2.0151399672242137E-4,2.580395711796175E-4,3.2686599210376033E-4,3.9288316273254447E-4,4.292932389125584E-4,4.3066707462870933E-4,4.2095288087887585E-4,4.203521437570844E-4,4.34373731259432E-4,4.61069051478716E-4,4.958238379559379E-4,5.32503892721608E-4,5.636286580661616E-4,5.812112202588541E-4,5.79293838119107E-4,5.576224194355966E-4,5.230285641163683E-4,4.8601218805973735E-4,4.5571377344770574E-4,4.377047858638538E-4,4.346707075030497E-4,4.477451360502468E-4,4.7701784435855827E-4,5.207012738632665E-4,5.729887936669256E-4,6.218897431576841E-4,6.506086325430365E-4,6.455668707112014E-4,6.061911744573986E-4,5.455108001246087E-4,4.807239607978894E-4,4.2451668149526186E-4,3.831962484697946E-4,3.5899835716530766E-4,3.5276639786981735E-4,3.654594724692695E-4,3.979259604809177E-4,4.4765392599490733E-4,5.010584298386579E-4,5.275575009128164E-4,4.967017761376595E-4,4.14111908514776E-4,3.175428389889505E-4,2.3681846178985442E-4,1.7973429625717436E-4,1.4263037601886547E-4,1.1985577334216267E-4,1.0686305083638767E-4,9.999903688804847E-5,9.4700079450889E-5,8.307409314048445E-5,5.7338986678038344E-5,2.529292367917643E-5,5.309145082589925E-6,8.587402951560795E-9,2.5472269068922174E-6,9.286729173344508E-6,2.093778711783459E-5,4.261832638230515E-5,8.828978108149837E-5,1.940420118937347E-4,4.328749610278533E-4,8.078300305345447E-4,9.887197843998189E-4,8.447298953438487E-4,6.706852451683219E-4,5.920588941246793E-4,6.158259651969393E-4,7.678323199521544E-4,0.0011661413784307799,0.0022040396914145303,0.005135009606058606,0.012140025347640209,0.016999299673921466,0.011787959588150945,0.006889018249128233,0.004764183377036978,0.004174472135093195,0.004648389966422087,0.006658250147410781,0.012706859890337065,0.032806489349460004,0.08551291114614296,0.08842728618634875,0.03731739106267569,0.016947445877465748,0.011095741921198143,0.010290110065907476,0.013248893912225404,0.02451509894235632,0.0709432463245352,0.27363391489758787,0.44330244103142774,0.1989679477295764,0.06622484423623054,0.035444511036879504,0.029688000636990432,0.03675445660993451,0.06874454095343696,0.19645562105098466,0.40489258576917997,0.47714862199519675,0.3621519661113453,0.08391089471295052,0.03832877316212235,0.03270306981501631,0.047876252388444465,0.1292010985426231,0.2647931151309652,0.1379196340532778,0.1998233995782928,0.35528805280605974,0.05057336340930927,0.02358615715973189,0.023567950403657594,0.051767783913629795,0.1876540903567715,0.036498629447527374,0.022800428263345336,0.279743058000551,0.008369866486898005,0.0016954116993205804,8.339238097370789E-4,5.835130711523467E-4,4.892289987085578E-4
35250,0.13836696451389946,0.1391277800701368,0.14145296906879104,0.14547677566989803,0.15144210176794762,0.15973371373784304,0.1709351545158728,0.18592391933423194,0.2060313886452268,0.2333155380333531,0.2710313375641785,0.32443294659046973,0.4020216537766221,0.5167170978406128,0.6823882249513354,0.8851034179357217,1.002645391121997,0.8612813317307204,0.5717163999740404,0.3396358367564126,0.19917629091112182,0.11873777214520512,0.07161975095137328,0.042558028896189114,0.0229985704388826,0.006477483267999778,0.023900496226286705,0.058074481849723185,0.3293043894779373,0.05895270709812138,0.15043745303880876,0.028920136248427843,0.019744129944158684,0.04704516137932143,0.01715960602058927,0.00868384030142915,0.008351111033370698,0.009738808215611697,0.0033746962563978287,0.0014236301832417596,8.809471504255725E-4,6.904491860515917E-4,5.600261553079729E-4,2.755383667432398E-4,9.15713733209969E-5,2.2293677080810728E-5,6.710670860451074E-7,9.469973761181208E-6,5.658261911513169E-5,1.3559374506381697E-4,1.920448248433835E-4,2.2675828672712156E-4,2.661208758890813E-4,3.2019980165572554E-4,3.928974332573605E-4,4.8256919058730854E-4,5.698314842059835E-4,6.143519274718249E-4,6.012177890969692E-4,5.666984698768284E-4,5.459037701887813E-4,5.498163495349407E-4,5.782275347869911E-4,6.285150605870494E-4,6.966420493133898E-4,7.748188827911693E-4,8.489039441750849E-4,8.99716693248238E-4,9.116727291005697E-4,8.832254837969125E-4,8.273677420253891E-4,7.62138996521482E-4,7.021049242359734E-4,6.560153832449404E-4,6.28230163789334E-4,6.208167704148273E-4,6.349944903344735E-4,6.715880954754085E-4,7.302606345712503E-4,8.071290956789616E-4,8.908225866690435E-4,9.595244371895275E-4,9.855503079248434E-4,9.513784179551641E-4,8.647726464823298E-4,7.538633951926303E-4,6.475228096498136E-4,5.628564320384595E-4,5.058895987172942E-4,4.773483587572937E-4,4.772676698433489E-4,5.070137613295431E-4,5.682560587120221E-4,6.56427440241629E-4,7.463854627144622E-4,7.849010165763214E-4,7.283919989232499E-4,5.99053335068446E-4,4.593266101786651E-4,3.4855392998122894E-4,2.7340716972417165E-4,2.2726125809343788E-4,2.0260830459606897E-4,1.9427790514434614E-4,1.982508104274379E-4,2.0663382206766422E-4,1.988479974038198E-4,1.5015125429468303E-4,7.824554718641576E-5,2.74683688224899E-5,5.564853123133339E-6,2.9123807366576813E-8,2.8262309067962324E-6,1.283878378697555E-5,3.571837381940361E-5,9.015820093149619E-5,2.2565998834063068E-4,5.171324019320484E-4,8.433671430250893E-4,8.543706052455949E-4,6.823016693632631E-4,5.645556874496456E-4,5.422803756414042E-4,6.23334262006238E-4,8.70036858773234E-4,0.0015064103401677446,0.0032889261168282577,0.008346988703468512,0.016239014835134326,0.014654902823941834,0.008585202096715394,0.005432706773832928,0.004327110721225625,0.004399330378768591,0.005738923966358407,0.009883678639992708,0.023362069574710896,0.0671552956849876,0.10626012184433486,0.052689330948855355,0.021210237006084,0.01200100278386098,0.009786573516897242,0.0111343580669295,0.017950739865930886,0.044385489697020115,0.17208730200501704,0.43130647250882215,0.2620234123291708,0.07848067283506607,0.0355157657465792,0.026011593928007237,0.02851412343667877,0.046905237708331916,0.12432323851859663,0.37282775203817764,0.4606757101308962,0.4630313157769257,0.1024734881352871,0.038023823035373355,0.027436504448570254,0.03370606781767054,0.0747063326987402,0.27057001503293376,0.18118407021138141,0.1765177933311089,0.4753748270033787,0.06005853273513126,0.022724828146555173,0.019456646983552543,0.0352648840119343,0.18219657427439054,0.04487655525638817,0.019884803739054976,0.08726498907476848,0.015185896391520782,0.0022678567344181825,0.0010193575467932342,6.844508378585516E-4,5.626763907887741E-4
35500,0.5743153635229661,0.5786481070004277,0.5918473335289397,0.614507783989846,0.6475627129908154,0.6921068569680858,0.748908770222244,0.8172314266045976,0.8923621804820024,0.961545624235897,1.0004976210660865,0.9784939187992806,0.8796295988372763,0.7234849215904371,0.5531606885838,0.4033366607211454,0.2869457460103959,0.20218245692218179,0.14214813963458614,0.09990426857123198,0.06999494036719119,0.0484783701920465,0.03252281495801145,0.019819191060849117,0.00726531512863511,0.019900891779117958,0.056989875053869946,0.21901382040604714,0.05433604688914541,0.13685038864281182,0.02564058743183499,0.022344064903212005,0.051438727342907935,0.014686968651003964,0.008402063477371876,0.008975906265552462,0.007958251236601498,0.0024843386382851764,0.0011650351583616355,7.579435344097655E-4,6.065311627362723E-4,4.1264178942870323E-4,1.3579008149285107E-4,2.4461638961995617E-5,3.589896893239424E-10,2.204185475924251E-5,1.0029201147823791E-4,2.4295464730713018E-4,3.484439169633234E-4,3.822549454590516E-4,4.1898506805639513E-4,4.8413090865980624E-4,5.814661843924641E-4,7.096669922262009E-4,8.480131188511175E-4,9.372296451927783E-4,9.300935391832881E-4,8.676177279354118E-4,8.133355965808034E-4,7.918738084243929E-4,8.053940202436565E-4,8.520908632991562E-4,9.306955456315351E-4,0.0010382725978430544,0.001165147927697734,0.00129117333473879,0.0013904119194667367,0.0014442753436314975,0.0014494826988291458,0.0014139044606583274,0.0013497761788051842,0.001270784450416427,0.0011907152900880347,0.001121614362952866,0.0010723203523920815,0.00104831554567614,0.0010525713623506323,0.0010864908158636317,0.001150159170311282,0.0012411900439496656,0.0013513663067046492,0.00146112659627025,0.0015361071081620992,0.001536374353112923,0.0014430588055689903,0.0012788163969637688,0.0010929090100351383,9.279899022190724E-4,8.048594624083843E-4,7.280783874872684E-4,6.963751230063218E-4,7.093279740612737E-4,7.695436875331528E-4,8.795039425822555E-4,0.001027991733396246,0.0011640560754618984,0.0011949160339174546,0.0010700664488607003,8.546206594740351E-4,6.481688930077715E-4,4.96214540770351E-4,3.991662178984855E-4,3.4492806549978684E-4,3.237964256918399E-4,3.310834344270306E-4,3.6371929690409834E-4,4.0680620495108286E-4,4.0881855092046043E-4,3.1284144687937786E-4,1.7098287403411846E-4,7.198956450419189E-5,2.4259379158163128E-5,5.057178870176531E-6,5.6193128190568315E-12,5.244809895226104E-6,2.6929236386436835E-5,9.058319704080924E-5,2.630895690185594E-4,5.914385580365586E-4,8.05347316023925E-4,7.131161018605202E-4,5.732410903266522E-4,5.133324733256791E-4,5.454171965140555E-4,7.00424875702004E-4,0.0011078546258103854,0.0022135348082428646,0.00550520127220879,0.013305887255897472,0.016990904180519673,0.010883006648842323,0.006397664346507326,0.004620285937690925,0.004282759626774474,0.005101711758513277,0.007966132768186222,0.01704887232610999,0.04917927797922457,0.11218422772786696,0.07685722317575343,0.02899168896298639,0.01416768771070689,0.010129184254115148,0.010204069280006911,0.014438773350721098,0.030541688442992775,0.10578546978507072,0.37039823703296615,0.33666030282526743,0.09940441617408913,0.037728192332084576,0.024007976850877837,0.0233555723541367,0.03397478271390086,0.07963935554392716,0.2879836558971461,0.4625719974615492,0.5351033699407433,0.13648492058550338,0.04105475203263874,0.02522210843251981,0.02657843591552867,0.048634006696276,0.18148134007913988,0.25028890857532515,0.1681123420481377,0.4998986575483,0.07708722803791145,0.02309257829302122,0.016975560172141305,0.025903704035994353,0.12618608692458222,0.05847926569067678,0.01799462898374228,0.038602726355135356,0.038513917105183246,0.003390126971962981,0.001347262638263209,8.58633936365172E-4,6.890700511121957E-4
35750,0.7286586081299671,0.7239929773765499,0.7099841975217974,0.6866549035096194,0.6542098079523156,0.6132332016030417,0.5648616212948706,0.5108478038627926,0.453457931265549,0.3952078581865661,0.3385162157852312,0.2853883815234519,0.23722276569098047,0.1947691754805405,0.15820974293463677,0.1273045449434432,0.10154759418735894,0.08029870035582558,0.06287708685271173,0.04861540418310455,0.03687516893095265,0.027009659012429195,0.01816713443614193,0.00870814028297526,0.01888537680604582,0.05999153214341832,0.15439050085020065,0.0521627342255652,0.11644021395014739,0.024790610623648304,0.027244524317748823,0.048930306605409424,0.013011433211237133,0.008320321519221288,0.00965412396359061,0.0062330481557700485,0.0020234628602904337,0.0010258938040338102,6.86384925765049E-4,5.26984300629352E-4,2.384804480424169E-4,3.5569211755195875E-5,3.7105867955392483E-7,3.807618359513771E-5,1.4904069250493718E-4,3.6786254002734933E-4,5.867024237350021E-4,6.280212301913665E-4,6.370708844943048E-4,7.007142158090221E-4,8.252341384410937E-4,0.0010109009110675794,0.0012447304315441534,0.001456515047200812,0.0015337536684682945,0.0014780089767591931,0.0013939111622356868,0.001343622281891275,0.001340031723355692,0.0013825973100635772,0.0014709556873713269,0.0016040534478802854,0.0017729087182607023,0.0019537911529220785,0.002114381135033888,0.0022353369480707596,0.002321520075511921,0.0023874391499854072,0.0024386885413684063,0.002467881983670923,0.0024625699723198253,0.002416346257703698,0.0023353483049909376,0.002236257556389623,0.0021386967180207547,0.002058564739465493,0.002006039553276826,0.0019873318524456043,0.00200727241201584,0.002070229951022138,0.0021777032680514903,0.00232129485344877,0.0024713253779892028,0.002569077755063379,0.0025436567342909926,0.0023629389024563243,0.002070663035832751,0.0017542645181368042,0.0014835964690883064,0.0012884540400186282,0.0011724440016436892,0.0011316685281501306,0.0011651964009845735,0.0012773020269356242,0.0014693079739705234,0.0017108875349737093,0.0018947531107190755,0.0018637508994640787,0.0015875427148323376,0.0012210125126619158,9.119058075380728E-4,7.022183148513537E-4,5.779715652555399E-4,5.18345755969875E-4,5.116419636279738E-4,5.562273303848248E-4,6.51605584199161E-4,7.62391585201994E-4,7.639001261326727E-4,5.639646086407446E-4,3.101145296566298E-4,1.4447568718964194E-4,6.14666565625452E-5,2.2364888418655366E-5,4.521205838742925E-6,2.931575079580583E-7,1.596919601102612E-5,8.653575731414549E-5,2.9757079303947945E-4,6.202560326264155E-4,7.099158516689556E-4,5.991815347362473E-4,5.14193600625296E-4,5.104160981961572E-4,6.067568372240331E-4,8.797634419807228E-4,0.0015973691460956772,0.0036984346377531255,0.009782112242505362,0.017707817549897288,0.01392925836322051,0.007858959751588464,0.0051295780027763105,0.004311687674065858,0.004683721404481063,0.006643803047429398,0.012816358258923874,0.03484961122461841,0.10119281578101304,0.10889111565749962,0.04271392686725626,0.018149751696560627,0.011330881478160238,0.010113146863630273,0.012643262750075877,0.023093564214929075,0.06837588786450932,0.2793813819357152,0.4028014865736478,0.13483340255034365,0.04288788833332852,0.02345527763134229,0.020205298156785532,0.026099866687727687,0.053509170476998276,0.19307727931111696,0.47221056775719145,0.5496156192323679,0.19569417349367263,0.04789198564811477,0.025033753076859858,0.022935929067912773,0.03556506133819694,0.11132109039846491,0.32651156628666234,0.1724070121269315,0.4052021245405015,0.10895236733238961,0.024940980104247543,0.015659293548481237,0.020397992995241445,0.07967004454356556,0.08188365963999875,0.016903683310757603,0.021516721015750584,0.20856606260335395,0.005976435202318723,0.0019680696560662016,0.001167926039188357,9.083155820917549E-4
36000,0.21736604079416408,0.2161650898442457,0.21260230138077343,0.20679703917584974,0.19894154441426615,0.1892910646611811,0.17815051816306185,0.16585838790028856,0.1527689009294436,0.13923385344372144,0.1255855818062448,0.11212248196202639,0.0990981381201235,0.08671459948500493,0.07511974581242761,0.06440810784634471,0.054623994404682366,0.04576522006585837,0.03778467536868083,0.030583797196442296,0.023979391436362657,0.017557522944474917,0.010790744632602186,0.015169659443227533,0.06514860453957656,0.11877920782796923,0.05187614442347146,0.10098750425127648,0.025520951229985323,0.0347818563172742,0.04293412691840898,0.011914104273761853,0.00845383138788836,0.01035828641839933,0.0050842702631943605,0.001791099000689844,9.505050107828756E-4,6.303128590760896E-4,3.9625307846147717E-4,7.417398669920336E-5,6.261335385523781E-7,5.7796907380414173E-5,2.0593395234334312E-4,4.992805155889858E-4,9.149262684963856E-4,0.0010674450334377343,0.0010115058330341254,0.0010350497830595438,0.001172226317014161,0.0014207534199612095,0.001784425638307901,0.0022135434292916297,0.002528970351812722,0.002597549358550996,0.0025373765109333213,0.0024939109483061122,0.002515343273612828,0.0026057416990144418,0.0027634558949187864,0.0029852248311219086,0.0032522110430297153,0.003514005273434764,0.0037032470500541472,0.0037920878555906838,0.003821011718971086,0.0038576235016497635,0.003949708671418119,0.004113357354274449,0.004337599089742272,0.004588598797796737,0.004814316167004957,0.004956731946146476,0.0049727765330744795,0.00485322885121311,0.004625824810634107,0.004341529677310689,0.004055750495868552,0.00381529807770285,0.0036538704442837014,0.003593402894040505,0.003646700794822858,0.0038161642359055333,0.004083168486099434,0.0043859568481524926,0.004601642226401018,0.0045798179960598985,0.004252010665823597,0.00370888175684092,0.003125352979137807,0.0026332409049241107,0.0022833578765789077,0.002078262065306923,0.002008793123470016,0.0020723728380022278,0.0022748055034748924,0.002610051225846345,0.00299844907373439,0.00321282243365764,0.0030000828734728195,0.002421568704721,0.0017966054322464133,0.0013261294741213222,0.001030684511365295,8.703270565767556E-4,8.117007771951585E-4,8.429363383114203E-4,9.709112426307582E-4,0.001195775856080468,0.0014144861347707076,0.0013465307269750974,9.297073996099548E-4,5.086601920408058E-4,2.557823845330182E-4,1.269308237486066E-4,6.0796209026076564E-5,2.4157331257507223E-5,3.738128029365491E-6,4.355488315865309E-6,7.261684509634708E-5,3.0854688874411117E-4,5.784679700745496E-4,5.978357153276109E-4,5.24217869209628E-4,4.992043340064546E-4,5.573012987266005E-4,7.48309483803146E-4,0.001239909025196989,0.002615989067687422,0.006862945712033035,0.01618574996927243,0.017574305711952475,0.010172022345813594,0.006008411660235721,0.004540600514140019,0.004474998750836738,0.005761557105531213,0.009998391043630974,0.024714990598146757,0.07931940023344126,0.13842011622414166,0.06616026900587912,0.025052015708726033,0.013599422122441309,0.010741584709769224,0.011925821246463748,0.019017425173193936,0.04782788426029221,0.1934736808124824,0.4346715835309377,0.19344884985768876,0.052749203612273234,0.024455338480246357,0.018544590489597106,0.02130391222186299,0.038238041439098175,0.12361023633327493,0.4554288294343129,0.5325872505171231,0.2923731219231383,0.060109795716794805,0.02655037555242856,0.021284728285128073,0.028555215227043067,0.0734290434250684,0.3366177847058545,0.1896871096953022,0.29724766834308797,0.1725842733478887,0.028959227279307914,0.01533238877039159,0.01716671025296345,0.05267897017235689,0.12373257774237813,0.016493309679526266,0.013833076485010252,0.17079832330029907,0.014194000217912657,0.0033316086142558174,0.001773552605428598,0.0013190150937489405
36250,0.10149714985868645,0.10112024521485768,0.09999683818008462,0.09814923830572128,0.09561394252132692,0.0924406099706398,0.0886906410736954,0.08443538255557508,0.07975399475118121,0.0747310346812973,0.06945382521316984,0.06400969245044053,0.05848315377030393,0.0529531177980737,0.04749009762367125,0.04215330140036877,0.03698714966118409,0.03201597267623492,0.02723330304345673,0.022573866300675417,0.017820458973592447,0.013609711799794774,0.013598522010889416,0.07098036560161519,0.09968220598040801,0.05334638471480108,0.09270998809805232,0.027444722395312073,0.045100021428239725,0.036959051382825805,0.01131268842651442,0.008871174208848366,0.011096205250775948,0.004434808980855614,0.0016730414477206033,8.926081793727787E-4,5.393543787094007E-4,1.8483992396850415E-4,1.551732548379499E-8,8.296066119047281E-5,2.8176120761686733E-4,6.538714996559136E-4,0.001299463913805968,0.0018577667914939668,0.0017859227875581622,0.0016852676801522382,0.0017988933677975396,0.0021139224899054438,0.0026439847772200026,0.003390588817947163,0.004159694724400795,0.0045695006219259844,0.004621682881623718,0.0046349152475988215,0.004778529365337663,0.005080881778734165,0.005532152274687758,0.006108656062609502,0.006743978086151976,0.0072874542103161825,0.007546176949930082,0.007457281614940013,0.007165753497630424,0.006875716478967785,0.006716934249793354,0.006741557939652503,0.006962076143077289,0.007372068361827198,0.007945534765810114,0.008623410407601775,0.009299298204572847,0.009823623481524926,0.010045004562169554,0.009880362373547379,0.009364472041342576,0.008632853350977469,0.007853055718147567,0.007162058135128736,0.006644217773233093,0.006341634724383268,0.006274049839212877,0.006452449046265958,0.0068777634294688045,0.007516072459449012,0.008244867762305668,0.008802389869005854,0.008853046171382882,0.008238074410177043,0.007156019940721216,0.0059863826326728604,0.005004546501007142,0.004309678273835962,0.0039022911239306943,0.003761415508264134,0.003880223432622411,0.00426579748680565,0.004888321724942109,0.005542155654432172,0.005736362166356117,0.005084361890271139,0.003908537853523603,0.002820391951196407,0.0020729339268757757,0.0016342781831761306,0.001419603374796588,0.0013776307351966984,0.0015018272544513778,0.0018175972474548804,0.002301735533111414,0.002638238988632375,0.0022869004815614697,0.001460900162900291,7.98977839440827E-4,4.304119359554105E-4,2.4115578888836872E-4,1.391234003806769E-4,7.686344663617413E-5,3.165470872941222E-5,1.2423760145358214E-6,4.3085023283668015E-5,2.7020116992070264E-4,4.79298793682096E-4,5.000769165177522E-4,4.8661260175538525E-4,5.264185320856242E-4,6.679285314929538E-4,0.0010244025426186805,0.001968848902215071,0.004843520975122248,0.013107138074662546,0.020831108441991462,0.013884157190555056,0.007550484982389898,0.005081994424942456,0.004506702138829459,0.005248068787553334,0.008181225107440538,0.01805126151681843,0.05705309070042919,0.14818229653646744,0.10304002500420076,0.03693218804533316,0.017401510002078967,0.01212696559728948,0.01199431091379178,0.016864111163071568,0.03632297770372694,0.13191767394394582,0.4192798851039502,0.28211909739674457,0.07087223384755777,0.027475775762899994,0.018176523290683012,0.01854956283993614,0.029256441850151162,0.08139357955362185,0.37855353890325544,0.5219771210835689,0.42351858000973236,0.0810935606005443,0.029916687201436917,0.020994599867341465,0.02469425252454214,0.0531510416102502,0.26259285693276785,0.22235732735505437,0.22362399130410174,0.3006044545070082,0.0367270507044401,0.016036580527622055,0.015435522425240253,0.03780822837456189,0.1936406864821976,0.016720919260641266,0.009787007806427274,0.03171938694958894,0.0693322677184154,0.00732100480319417,0.0032046073829732225,0.0022160175446114625
36500,0.06392968474668638,0.06375785421442365,0.06324404253469851,0.06239368853897547,0.061215846991487056,0.05972316324516185,0.05793181922193329,0.055861433179609385,0.05353489195674418,0.050978091113245104,0.04821955494108629,0.04528990299387051,0.04222111863618286,0.03904554921869424,0.03579450592775795,0.032496182088807606,0.029172233144015614,0.025831379194527083,0.02245605505957647,0.01898492264545713,0.017465250663123405,0.04157562388178021,0.0764203480388127,0.09098433213848697,0.05669661656911088,0.09046782463895074,0.030409868456237943,0.05794007902540905,0.03259707294513281,0.011218913879194601,0.009708517625912466,0.011942162453031126,0.004090591598753262,0.001593292335989052,8.007209745465514E-4,3.525741094748764E-4,7.589490619173455E-6,1.1654810293414696E-4,3.930112829164433E-4,8.674131939395978E-4,0.0017361327579019621,0.0030184529768515155,0.0034785757104863575,0.00314007211686812,0.0031300502255037902,0.003530771672483251,0.0043344069801435955,0.005607625336894685,0.007223729288291359,0.008432634339176725,0.008703760617249413,0.008654292854932391,0.008873567001098762,0.00951818697630117,0.010592846878481799,0.012051086067731653,0.013721954645783005,0.01517973102788843,0.015839416885760526,0.015483033993368932,0.014520982740977038,0.013505960788756375,0.012734710163188782,0.01228655858829472,0.012157274744972461,0.012324104348559682,0.012757732235129614,0.013413223553916248,0.014218393912845167,0.015072634162800013,0.015861609017064637,0.016475444726529315,0.016811912150461416,0.016775715393379808,0.016309228249226513,0.015448950411725526,0.014344241177521637,0.013203849219581048,0.012217781073967204,0.011516250399664845,0.011175219827892937,0.011242029927972368,0.011755183552100012,0.012739874527289526,0.014157053470826794,0.015784831420265974,0.01708856251429971,0.017336495495751725,0.01615845565736984,0.013975364853925965,0.01160739026469815,0.009637180768527664,0.008264070510008454,0.007482556542969414,0.007248508312249549,0.0075515210834954305,0.008405796770232808,0.009715291889987224,0.010939345200474217,0.010970737854212752,0.0092718412088293,0.00684782451051788,0.004851390203132871,0.0035734836911498675,0.002865994494570774,0.0025608318011449012,0.002579606338295551,0.0029356400061990346,0.0036847833777926228,0.004658991164172147,0.004946446736274728,0.0038024738311545126,0.002265820630345604,0.0012529019107804836,7.213934058148481E-4,4.487097606129808E-4,2.999038768660399E-4,2.072169208016579E-4,1.307055143973458E-4,4.39240934524582E-5,6.457038158809629E-6,1.8035893635366367E-4,3.6094007426417323E-4,4.2688213143477567E-4,4.823475641171513E-4,6.024264047666192E-4,8.788067664166224E-4,0.00156345062126464,0.0035401187498407477,0.00983664531035011,0.02189666069012146,0.019544742239960455,0.01031639352118691,0.006153267044374209,0.004859377443760792,0.005087884609849709,0.007110819150629427,0.013894784308035587,0.04021450642346067,0.1322056576612738,0.15104933869306764,0.05745155199895197,0.023646235759016608,0.014471246244925665,0.012758981203534941,0.015936362606695516,0.029746718378543462,0.09317178821224163,0.36282181796100776,0.3904979504153981,0.10441696081565723,0.033590279902410376,0.019163881916151468,0.017310888377667852,0.024064519101776392,0.05716606829970797,0.26962106049852036,0.5328083823659884,0.5365347523101865,0.1177070994500137,0.03578599516776466,0.02187359211201266,0.022710263319101302,0.0417272085570379,0.18114070126304083,0.27366864957748666,0.18022932492142635,0.46751371009761555,0.05204664086991273,0.01807661368168749,0.014851904677215323,0.029538425565015822,0.26497873801108013,0.017612714872145413,0.007417194809907318,0.011974463878385222,0.12408106414922593,0.029488097396401697,0.008094920827779496,0.004832114518492113
36750,0.048312941019035716,0.04821515693744488,0.047922097879244466,0.047434986252946475,0.046755916654859946,0.04588793752583149,0.044835157847877914,0.043602870840934616,0.042197683724494596,0.040627639249231594,0.038902310747879316,0.03703284781447134,0.03503194482078312,0.03291370263864022,0.030693373314761567,0.028387115314908003,0.02601272739413713,0.023598355324792028,0.021273369360289066,0.023013194731272047,0.20279878878616536,0.08106079568476157,0.09022846629096368,0.06222954415901999,0.09330198126439358,0.03443175437538174,0.07284137675367065,0.0302495102872646,0.011725036434635482,0.011202845075528883,0.01301010680825739,0.0039016400264944,0.001487154237887343,6.157218299779226E-4,8.239896104740139E-5,1.5394298683488777E-4,5.816266561501577E-4,0.0011942428751600554,0.0023153460541930804,0.004384813620623431,0.0067198498829983844,0.006644309307513135,0.006204974950559369,0.0066946536080275554,0.008064248199392799,0.01043889857561818,0.013885348281321139,0.017197285422681625,0.018141505429737026,0.017469481080306232,0.01719745897342193,0.017958398742003168,0.01976356969183864,0.022513381045105404,0.0258834287106779,0.028983252567063477,0.030466144565389746,0.029768690595171864,0.02785810666435874,0.025986252341900724,0.024677370467085246,0.023924336681959948,0.023575565341955183,0.023493665194168147,0.023571937526887903,0.023711284250082447,0.023811820695361148,0.023803991778315214,0.02370440628006249,0.023638341179634717,0.023785138714444386,0.024275187962302044,0.025099087632936057,0.026062610827102095,0.026815193376924833,0.026986403533112026,0.02639042372536416,0.02514324426759472,0.023584528119282116,0.022094576036095825,0.020967992293466218,0.020395348973001937,0.020504985414548052,0.02140646972141776,0.023193724639389162,0.025858258291826055,0.029053178005331037,0.03178937998947212,0.03259083380108483,0.030615902139390385,0.026618853054700926,0.022210003017372013,0.018553544060563986,0.016059250168347357,0.014738860349856792,0.014539636802211717,0.015488294503754102,0.01765080249668607,0.020757301299885948,0.02334300871688737,0.022783975124217325,0.018502837678218982,0.01326424904628949,0.009299682408713376,0.006888798366509458,0.005618428982599302,0.005149381463777342,0.005359529039940793,0.006318157336039029,0.008089341015188415,0.009868495366014918,0.00933704622004707,0.006339597397342427,0.0035955754417255985,0.00203384217411372,0.001249712841622395,8.541254566084948E-4,6.484739916824905E-4,5.356456609912859E-4,4.4223415989396044E-4,2.591065374730831E-4,1.8917753751996906E-5,7.71626148210291E-5,2.522886915213521E-4,3.7690793435491836E-4,5.116871094481352E-4,7.492068698521843E-4,0.0012762399037332434,0.0026865913984149337,0.007191701040873024,0.01985327816049563,0.02678784415467487,0.015345762017569053,0.008189152789990776,0.005700041109883647,0.005323645143550233,0.006648925488061324,0.011471550274344133,0.029297658191160737,0.10315570068743546,0.1945049115387782,0.09244926372800877,0.034102264342354534,0.01822573590479146,0.014292635056933125,0.015928824376876632,0.026044185388970804,0.06971433302992436,0.28724540587507796,0.48236001113672755,0.16694553383102412,0.04510339688175623,0.021891388391591358,0.01739682179992129,0.021340218965191792,0.04342708638749933,0.18056500596800787,0.5545487726933023,0.5693501674150039,0.1831946504297001,0.04565889019101992,0.024047755625461215,0.022061433565437192,0.03508081578909657,0.12592086918895343,0.3416950334274451,0.15680201564629645,0.422515754986686,0.08519130586601961,0.022238101439707652,0.015342366668263479,0.025017006690479893,0.2513167520280059,0.019273203195293978,0.005921577402381083,0.006129837115604603,0.016680838601618224,0.11852355764516101,0.04787857347350143,0.019278004291696738
37000,0.04156318953467787,0.04149987955158821,0.04130981860496895,0.040992931134344074,0.04054914651474521,0.039978483046596444,0.039281168484109494,0.03845780107917675,0.037509558537284646,0.03643846948644446,0.03524777829308122,0.03394247299642182,0.032530146791059596,0.031022650583013026,0.02943993011510292,0.02782112183501287,0.02626714660207331,0.025201525704768045,0.03162673903098359,0.25204079483312364,0.08524995895283104,0.09733488804562261,0.07042888673099129,0.10106567017470995,0.039698374594098966,0.08979711512914493,0.0299747543765638,0.013022548110525457,0.013763228110572978,0.014356083818684723,0.003758750353632655,0.0012881609501579861,3.025755700927297E-4,8.540936995816489E-5,0.0010000636003677618,0.0017834514321429156,0.0032265351810371505,0.00612979877668246,0.011387378392056767,0.015080746664181844,0.013890878889326472,0.014131485663008495,0.01672539088516296,0.021773991660683,0.029758640083963468,0.0390448457029666,0.042865851158401566,0.03991231986366946,0.037042031463085025,0.0369796792654926,0.0395079292645755,0.04408649357763124,0.04988822524494079,0.0550814421611315,0.056969056067048496,0.05454602570736382,0.050183564842365594,0.04674596922096502,0.045234084836200276,0.04536836762388462,0.046513570673842174,0.048021556670548145,0.04929738426759259,0.0498255099158677,0.049246722685362586,0.047497597166314624,0.044911853133311294,0.04212678394676825,0.03981217473463016,0.03844593810167967,0.038270794882256896,0.03935214205102738,0.04160864965174527,0.044761730823225945,0.04823976588258378,0.051168324438769876,0.05261333151348836,0.05204756866786446,0.04967202632532167,0.046268656496807205,0.04275697041770909,0.03986235116306774,0.03805075429233516,0.03762315080486937,0.03882826316327802,0.04189876434901815,0.04690665252751235,0.053297775225690416,0.059224684576719505,0.06173379158218458,0.05894274216347619,0.05206854959565878,0.04414418459887088,0.03749149121979379,0.03303019895827974,0.03091324042716335,0.031178019280573874,0.03404650345069006,0.03979806537823967,0.04771070958936367,0.05377435119055248,0.05153058240555584,0.0407939908894871,0.02876601161822005,0.020097018650105353,0.014982502599178526,0.012389919067202576,0.011594394515264872,0.012399606695531347,0.01501232402083174,0.01923712451894346,0.021886892062738198,0.01807186592856588,0.011026998434806874,0.006091827806411948,0.0035529785786880953,0.002323259342607696,0.001731730877964073,0.001476562933870359,0.0014216845742523333,0.0014111621271913947,0.001004927473841834,2.0314204689061874E-4,9.272241000385889E-6,1.6252236612256753E-4,3.462487516361255E-4,5.836796733673053E-4,0.0010202938603237966,0.002071557982237277,0.005259651147612485,0.01588094255420542,0.032832622007964635,0.024293494639348,0.01210279198672835,0.007377904198656638,0.00609045985906543,0.00676539491759676,0.01029036773923971,0.022831934381474458,0.07618123762192487,0.21174090547341298,0.14855560416808627,0.05230547361372674,0.024313384342581342,0.01686627101271929,0.01678593913879471,0.02422356450848582,0.055589397531994024,0.21661476079835185,0.5271553038186491,0.27740362349563574,0.06708215016219975,0.02730165943469634,0.018917288049613627,0.020449993944237792,0.03583584807446789,0.12426534757932998,0.5495398497414792,0.5446339525660469,0.2967072529675198,0.0628133411985897,0.028022104188155494,0.022607278521853284,0.031333447432276874,0.09247174367837786,0.4032466520740326,0.14700200250617243,0.25659451354535623,0.16645535504668074,0.030445287508993085,0.01711155248512081,0.02286931820835308,0.17953415125034689,0.0219122500938318,0.004926924197136507,0.003684938328186001,0.005589387300284072,0.012947504216964442,0.03613272846828599,0.07268141292846578
37250,0.039789010385493685,0.039745838460988135,0.0396160963735344,0.03939943516398536,0.03909534113913133,0.03870324722831646,0.038222711011997056,0.03765368991728828,0.03699697001008586,0.03625485765368296,0.03543236014349214,0.03453936401141904,0.03359508062367772,0.03263837880895421,0.03175636724188306,0.031186386206317748,0.03188206318554992,0.0464291391407976,0.14823656308518474,0.08992154072738516,0.11462842953580696,0.08204747673832118,0.11441187120556785,0.04662467587151065,0.10994256430012539,0.03192530160587776,0.01546398143890701,0.01811837347341982,0.015914804778910052,0.0035615747203213343,9.269824280782592E-4,5.7937226959620956E-6,0.0015980367442480167,0.003262639300143999,0.004938823518043449,0.009000219915547976,0.01781481431567797,0.03217214851105094,0.03549222040957634,0.033013092558904125,0.037630870265912796,0.049457956903682626,0.06960670638615289,0.09584929036455975,0.11043543966075021,0.10075681714152748,0.08787033512515526,0.08420944605190948,0.08843381038914672,0.09779763315088785,0.1094697732631712,0.1188793150514328,0.12013284148405073,0.11160177531592065,0.09943542413039687,0.09064493650174674,0.08747036990761443,0.0891592909043475,0.09432804067968936,0.10154025012139353,0.10915560269738395,0.11523391292725758,0.1178830789366807,0.11608691096004053,0.11040145161799668,0.10267995980885408,0.09497415200933926,0.08868037882436736,0.08444711628454961,0.08248043477014559,0.08282095462447765,0.0854645258368758,0.09034451399587018,0.09719583089735487,0.10531653586110701,0.11332494077385641,0.11919310697085078,0.12089453490682514,0.11751565022234187,0.1099171078464606,0.10023889149723547,0.09076372196331127,0.08314570973618124,0.07832832832233734,0.07683910737672497,0.07909993717756413,0.08553909673993812,0.09629076370478279,0.11019791954373426,0.12341559469788058,0.12985039110924135,0.1255583514029947,0.1126910044285384,0.09714136487246655,0.08374358471389365,0.07471187321746221,0.07069968836769444,0.07210011765316203,0.07972281897856973,0.09445062531430524,0.11441909401615899,0.12935360033343482,0.12389449203222455,0.09847524049903165,0.06999965510046069,0.04930999416720783,0.0370626965057623,0.030968394292703885,0.02942647086093929,0.03212675662575625,0.039554455183714,0.049744977253748275,0.051586290379663356,0.03744745996812208,0.021180073867881188,0.011602720043766786,0.006983879965748181,0.004827679775745027,0.003891776543065331,0.0036886463592010477,0.004040684903358441,0.0044361988785476736,0.0030768558110382226,7.260251571660887E-4,1.3643219103170927E-5,8.943528639214854E-5,3.3133596791361247E-4,7.222413637208667E-4,0.0015422959727442026,0.00382313865254209,0.011706538918858847,0.03350638704209265,0.03848063680410457,0.01985665276913505,0.010661753424073623,0.007707742975629193,0.007567207776587926,0.010127770278917564,0.019417749519109576,0.05724729661542228,0.1967961439488758,0.22557168728497307,0.08539853993763784,0.03466603158911185,0.02108862204465874,0.018682886636161994,0.023882121303822425,0.04726371784468603,0.16283249826919005,0.5230639100734267,0.4342370445742017,0.11100081714329597,0.037515439440510515,0.02238465624436014,0.021232460054791923,0.03215477846129966,0.09183072480778152,0.481913441205965,0.5184526589860453,0.44896888367878107,0.0947257784746244,0.0349804018642042,0.02453466982107351,0.029654676444206017,0.07246776473991504,0.4099147230092709,0.1481774399137043,0.15610228724251168,0.3396344285905988,0.047888775148309116,0.02080464004928039,0.022507277767976442,0.12331997844038485,0.025898552589056524,0.004242223301890245,0.0024475734052454077,0.0026754212193809157,0.003873991444231815,0.0059324792230887845,0.008230698475435443
37500,0.04215688164841682,0.04212995861076481,0.04204912111880815,0.04191456293336512,0.041726762847235574,0.04148675481042841,0.04119659241439476,0.040860134581439125,0.04048440243401208,0.040082026699436855,0.03967594985973036,0.03930926507682543,0.039068317892030476,0.03914644953586439,0.040068485274041665,0.04390574629985301,0.07576291670850498,0.10399102127374976,0.09633942583590806,0.1478146922795195,0.0983075005734844,0.13464013331493782,0.055972804038795884,0.13599733305893283,0.036570499870243314,0.019696464928399302,0.0256186977134832,0.017496285667212605,0.003185400288268173,3.790442461332918E-4,7.680416283731731E-4,0.007820304900007726,0.009230132062361408,0.014616756082146347,0.029290460094844234,0.06258539549212738,0.09879657294630982,0.08865519465849798,0.09066793596829635,0.11886257436450974,0.17191611288354683,0.24102554463741027,0.2796873952671522,0.2514779868952721,0.20852386330691816,0.19490337830682974,0.20775675213515904,0.23566247627826367,0.2673646735033605,0.2888693124154586,0.28722464849569307,0.2626299996759289,0.23166250423575163,0.21127659221651468,0.2063855704637108,0.21409229758400417,0.23007348664216343,0.2502057324662674,0.27022497542045487,0.2857324337136375,0.29332114795140035,0.2922755432711736,0.2851219169680364,0.27598788020085346,0.26810861270239156,0.26264863279063894,0.259238982063143,0.25707560133334695,0.25563480920901793,0.2548565830750216,0.2550266168083195,0.2565840898514506,0.2599573208905706,0.26541861760370056,0.272889525974636,0.28163902688650727,0.2899524921734087,0.29512417902031907,0.294255320556659,0.2857568541577807,0.2704469620677956,0.25124154678885463,0.23181684957041443,0.21538912751264358,0.20424925472573954,0.19993447085048657,0.20359556482843957,0.21608693377161955,0.23724095638984563,0.26388362820251526,0.28775430507414357,0.2977199158312218,0.28786276632439145,0.2623538010682433,0.2309932483700264,0.2025060545790974,0.18196130997074833,0.17173079044626902,0.17340521871314588,0.18904479248929762,0.2202486523747465,0.2619380506523354,0.2928395748064473,0.28591969490741076,0.24060012085879484,0.18267050855792266,0.13483544436562972,0.10383554657852426,0.08772972062528366,0.08399756245780042,0.09248529952456694,0.11393686364287937,0.1382468228369336,0.13178138396523578,0.08828618095704709,0.04817417133922631,0.026387306705203926,0.016231864874509408,0.011685340593135746,0.0100381117660113,0.010401039913939264,0.012490298796712618,0.013660647846113023,0.00795722293064354,0.0018789259858264797,1.4990050410083064E-4,3.030380129994999E-5,3.2775124236287693E-4,9.79884419195434E-4,0.002631360149639001,0.008129745931530206,0.028021172845750668,0.05470494102013168,0.03539563067420727,0.017348994514198274,0.01091268642587623,0.009395324175454314,0.011028324576541704,0.01824217500759914,0.045960170866178346,0.16451340225957742,0.30472734058110773,0.14683314470718647,0.0535671893761316,0.028273488303019803,0.022126678801944265,0.025033117382736832,0.042906698047153045,0.12639793692717016,0.47839550583969315,0.5725772874007033,0.20126009488151347,0.057476009945420195,0.029058257883794642,0.023983249792425394,0.03139783631329433,0.07399963945359042,0.3752386513587207,0.5178279371019274,0.527733793521415,0.15886955766983776,0.047650016830272306,0.028477273888676463,0.02981689800097,0.060674409889506245,0.3483805383732042,0.1605129933030311,0.10603957292729987,0.3286333472183789,0.09073571640834956,0.02804186686282144,0.023851551713135733,0.09062766757956363,0.03186087678337427,0.0037623027469597514,0.0017423418193318674,0.0015326868996922607,0.001758237437618806,0.002135052769192856,0.0024739830018915385
37750,0.049895039469281574,0.04988985019965283,0.049874921720459424,0.04985277189387323,0.049828119658328916,0.04980881591681435,0.04980750731601145,0.04984459803854543,0.04995370350328091,0.05019229823085391,0.050664295788818,0.05157368777295776,0.05337418170786121,0.05730257009483307,0.06831323300037968,0.14800544399014062,0.1124664356595937,0.10617956413201972,0.20084806633112579,0.12124051865410235,0.16281950451522142,0.06909552240913472,0.17274918797065278,0.04489170117571004,0.02694263438563899,0.03886874868214217,0.018753848235944785,0.0024538475132736244,1.0995968129602762E-5,0.008327441601634573,0.027024426467880686,0.027562652728011817,0.052682931311401185,0.12543464144248292,0.2569126418148013,0.2626210324446129,0.21743544738662732,0.2691019365516435,0.38983580955635083,0.5116768207368081,0.5402922250197945,0.47792679735634924,0.3990594480148382,0.3726511045936852,0.409772522919342,0.4764656517599549,0.531480203571693,0.5476632450800901,0.5247694954872963,0.4810775219177721,0.440436903548957,0.42415041623038396,0.4385553224294275,0.4724808775468473,0.5083233620176514,0.5323118409817166,0.539087056682495,0.5308505303017464,0.5137524035344099,0.49478743449806106,0.48023340856148516,0.4746302513962602,0.4794905739144203,0.4925824596530551,0.5088690120356487,0.5227205506661522,0.5301187519514997,0.5297852883808829,0.5229347196983634,0.512166634948343,0.5003078418887092,0.4897101294569914,0.48204748847227835,0.4783942304918086,0.47931989214125786,0.48479430151572067,0.49382032494711636,0.5039890695204496,0.5116051730063208,0.5131020559641423,0.5072183293733467,0.4958739260592682,0.48276824184727357,0.4712924051544282,0.46350735277261346,0.46032561332539906,0.46220549019493984,0.4696939912102173,0.48319652914726846,0.5013812628856904,0.5186007603181482,0.5248218821658176,0.5125635843712939,0.4847056488162943,0.4510771506314368,0.4196122792386995,0.3937154358689101,0.3747976848002607,0.36503105408555864,0.36836659255767756,0.3894995648835626,0.42931961569860977,0.4748318092369026,0.49675906733682523,0.47889804517887385,0.4350212089337189,0.38184589891565046,0.3277535536889884,0.28075638780421414,0.24975595305945258,0.24183149612262397,0.2629049848366574,0.3130851080106671,0.35929261843086013,0.3343017327903975,0.23572120853067213,0.1358541607187384,0.07577917283096394,0.046754103352869614,0.03405175509833614,0.03027719437848564,0.033209573034479294,0.041221723674959646,0.04037250013209335,0.019014643388224946,0.0045274730207531064,6.132571500955253E-4,4.561198297679078E-8,3.2558961898209295E-4,0.0014715108506166926,0.0051435609307698684,0.019695426880226036,0.06144969617997839,0.06408371093041308,0.031828209916246956,0.01749682577094425,0.013094717703378994,0.013407374026604033,0.019106380741739457,0.040570640302059806,0.13324618563687105,0.35473575929925566,0.25457974191060406,0.0910723292032065,0.04142122973100855,0.028282348756986143,0.02815136442101115,0.041809673011316474,0.10376009930889599,0.40666353582195425,0.6363547989794117,0.3668860677959157,0.09943202525152263,0.04191270213658804,0.02969012335916652,0.033451253196299414,0.0653060510174841,0.2803926227677321,0.5468091445062976,0.4689517517108773,0.28565968938290676,0.07284753910284607,0.035968353184067554,0.032111996045808375,0.054367177139402985,0.2665637309541825,0.1869600344913874,0.08027376711561077,0.1578726459580068,0.20323586883667835,0.04313436060267516,0.02732935980688831,0.07258770240303125,0.04088250527364035,0.0034258450189147607,0.0013071049431599437,9.800643260907287E-4,9.761222078516225E-4,0.0010527240975758253,0.001124793331679469
38000,0.06788240636751289,0.0679270667111135,0.0680644244373201,0.06830587926048619,0.0686726117501528,0.0691995828982638,0.06994299144481873,0.07099434587131502,0.07250845489906611,0.07476391379433266,0.0783100228083355,0.08438853073956847,0.09649810569726205,0.12957047785945502,0.3955843927531568,9.866934615898183E-4,0.12356506723542594,0.19126446467779915,0.15415073965633966,0.19564893893011281,0.08841521422084649,0.22798575216915343,0.05864935925456953,0.039628192830048446,0.06308763383950515,0.019069741060704536,0.0011916517685869174,0.003004466890766295,0.05551270928326743,0.07950916277961573,0.09571061311527541,0.24721109700093133,0.5320270127861468,0.5320816683811753,0.3986672551561203,0.4043053539432523,0.5456470089708279,0.6227835903896148,0.591856800612767,0.5385024101376747,0.48993405842551885,0.46483856865893997,0.5013046649812367,0.5523829150438547,0.5583236186001191,0.528744939381215,0.49227310810613767,0.4618261699300562,0.44128947665144846,0.4368744609837526,0.44997561114788226,0.46443084893383885,0.46422668530541983,0.4498939137154461,0.4302837345660206,0.4125815387036935,0.4003567839329274,0.3948782686491639,0.39651740085335513,0.40529352908159316,0.420115209200532,0.4378020210656517,0.45374309170107757,0.4638079067821447,0.4657146218655007,0.459280499247709,0.4460673636435603,0.4288121485692677,0.4107282261741266,0.3948115473502912,0.3833778279941613,0.3779289920221858,0.3792311366248959,0.38739504371659095,0.4018074758277481,0.42088078042591937,0.44172747452464595,0.46003631790739186,0.47060160789129907,0.4689650159401023,0.45395048530504306,0.429280147698042,0.40217932200132384,0.3799554244025713,0.36769966229510676,0.36815222664727126,0.38236576813587003,0.4097223261339877,0.4468254911082246,0.4860986014818201,0.5161931714954988,0.5254853790295857,0.5079983475222313,0.46962164497262304,0.42652197781350354,0.3940869366736478,0.3802026115039407,0.3868477285059913,0.41257598626623265,0.45232407716825174,0.49725378686509886,0.538549637413695,0.5685965138728525,0.5722996706440058,0.5358275937975453,0.47653390964007175,0.4274062533953138,0.4043043806155191,0.40633235677676405,0.424178531683763,0.4461445858849438,0.47032460612060195,0.5090380629069041,0.5596357913042147,0.5710228187666181,0.518761959933108,0.4446669785588484,0.3530370574737285,0.24499103699630662,0.16092585178247065,0.11635418592540418,0.10250354527773928,0.11277104618110824,0.13462645140978216,0.11382577892513097,0.04724607585526462,0.011734568624000605,0.002123605598345157,1.0204576085319267E-4,2.9792638737423204E-4,0.0024538212119781275,0.011544808038342987,0.05027220737068062,0.10171937006699637,0.06428365935336988,0.032174849437563754,0.02080089080376585,0.018423053110937965,0.022534418461159708,0.04008770715621079,0.11208260478256864,0.3597827188694642,0.4063110680952641,0.17045651953500773,0.06804088491408557,0.03990385871935505,0.034527648689176085,0.044213597160093876,0.09170004850958441,0.33081112199520224,0.6565324897054371,0.5437592496755929,0.19286558626761727,0.06846907868120061,0.04081704400285083,0.03913605727024625,0.06325842217501466,0.21660871602727652,0.5937841418609374,0.37899884869823935,0.42457303216312664,0.1289705501016908,0.05082369267850101,0.03759745951652048,0.05240822890900313,0.20187274460299762,0.2338053889162018,0.06661426761107044,0.0803697752390674,0.2653402975565505,0.07899858092281559,0.03420007180155177,0.06307074048022338,0.054883793435161594,0.003195583308762292,0.0010231619015034108,6.764469401610934E-4,6.115140430413044E-4,6.133159232712952E-4,6.259454567164861E-4
38250,0.11327919962067305,0.11350197979309765,0.11418721508544802,0.11539015511411067,0.1172153116203883,0.11984029552100468,0.12356324885862711,0.12890070828861291,0.1368068426107668,0.14922907512082295,0.17079195842850967,0.2155132121030002,0.34989043892577393,1.0018601300691425,0.002820943633385927,0.1733452234976777,0.06394243955039053,0.2018858176072481,0.21492347439788986,0.11832084816762968,0.3131008040740178,0.08070481789981987,0.06289012783442094,0.1088997595036338,0.01735356067637117,1.111792282986275E-8,0.03606253305229373,0.27279721119973793,0.18832008426737942,0.33500722589701326,0.6603493758896144,0.574140284230467,0.4770303775325252,0.41772001058966085,0.48084901045753686,0.5309947776903852,0.49236170512348254,0.46051107346117914,0.4503053511556618,0.437610418204085,0.43880536714385343,0.4492121314941412,0.4258585492107118,0.3915454799936272,0.3683487374735012,0.357968487063747,0.35498429729026904,0.35587453688386717,0.36163909060062494,0.36557922442321283,0.35960556798575766,0.3467708132636052,0.33359973973619905,0.3238325218876073,0.31859983337052966,0.3176030089876215,0.32001332332225196,0.3252249118286157,0.33277516090361275,0.34165953788396874,0.35064227178872337,0.35909826920000126,0.36691171537013983,0.3737606563639205,0.3787318565086535,0.38052100234273967,0.37800912946945836,0.37088190522576137,0.35995386497745135,0.3470112085357483,0.33428618848520913,0.32389683244640516,0.31752506942934605,0.3163538238160952,0.3210859853028385,0.3318326355872675,0.34773394633393784,0.3663490068907426,0.38320254154029515,0.3923161467279276,0.3884477088551132,0.3703498989693769,0.3423730794825155,0.31229724782989615,0.2873270013918471,0.2719734149786133,0.268504348280255,0.2781680238480247,0.3016314608694059,0.33774579495060764,0.38036523985500165,0.41568539002291954,0.4265500972452811,0.40525671417686693,0.36214093306843137,0.3172472725658984,0.28551622971808643,0.27322911110213366,0.28290813904658385,0.31716299080062493,0.3774712656485988,0.4557568272385111,0.525616832072421,0.554467877924646,0.5266760326050076,0.4558772737135677,0.3806245312857734,0.3304104352473638,0.31351653881990904,0.33062787805909577,0.3820678575875777,0.46078440614862387,0.541482220856741,0.5966791453410779,0.6025579060386461,0.5313874390113135,0.43313796129749965,0.3772711953692194,0.3755994037702268,0.40384477127991003,0.39986060661548734,0.34380882904809634,0.3056218778748747,0.3206541399195202,0.3491577603112033,0.28267382240255434,0.13017162670763247,0.035857355794815714,0.007662439753394197,8.823347170768478E-4,1.8435118902539307E-4,0.004471960957605778,0.02871050421613334,0.11392249264434075,0.12915950626370407,0.06798700459687221,0.03844930520655351,0.029164494556695626,0.030367378155770616,0.04499805440030051,0.10294706591458702,0.3326448696297621,0.5477475426390002,0.3284563656272193,0.12838061243518267,0.06419441095358322,0.047402259116689154,0.05168696872733952,0.0887785081624466,0.2707956867000182,0.6666961422535501,0.5782149817431231,0.3684143990762864,0.128945258177099,0.06369547547823315,0.050935700864209114,0.06757024189963869,0.1801708802620424,0.6274618451327931,0.32056312466553866,0.359692048229402,0.2515178628559938,0.08359780628943923,0.04901315463081305,0.05489529983151026,0.16033030181873378,0.3103330265233439,0.05977712989244063,0.04832197186097699,0.12139908630923332,0.16746078867028408,0.047623935218956054,0.05904719769339177,0.07738246561694169,0.003048439727201519,8.304689604395933E-4,4.948702042289889E-4,4.1626840628778485E-4,3.9724113589235065E-4,3.935582390587816E-4
38500,0.26847953494123283,0.26972188414310844,0.2735702920077645,0.2804223199213286,0.2910561463753806,0.3068656456357952,0.33036732499124183,0.3663567942735475,0.4248028767550478,0.528779478483965,0.7330899958980485,1.0016691154936044,0.35657927911377457,0.009212284775606854,0.2378290741396216,0.07479174754696616,0.2693379464262836,0.19887356673208084,0.1665881644254647,0.4361370529936582,0.11496485852718646,0.10836480136159066,0.19582050795545847,0.011997434135304352,0.007631942037514653,0.31533680888695864,0.5117955865873945,0.30187730595829465,0.5582393820465684,0.5372111811951923,0.47485917130268246,0.46403452566703235,0.42258350428188685,0.4676082172018639,0.4488301042800075,0.4183411204583241,0.4169036609445649,0.4200084395789222,0.401014495011557,0.3869834942533421,0.3622131982287862,0.33178308040034415,0.31546755279979627,0.3139838941566948,0.32028396385919977,0.32561795713146785,0.3291757465137011,0.3333705597270201,0.3337740916900849,0.3307516692181697,0.3285219655094785,0.32917352723499366,0.3323107548805355,0.33600267828633656,0.3379328352383551,0.3371373020111748,0.33446858865307566,0.3309883003842408,0.3274311937470551,0.3250174320566698,0.32532463748561025,0.32948819663476364,0.33773239743081607,0.3492589399332909,0.36228008391807076,0.3742291419164317,0.38228754495527806,0.38418491710498326,0.3789476211561667,0.36723484470339124,0.3511471437179155,0.333633900898824,0.3177581744739004,0.3061210127543827,0.3006141160418198,0.30241472376804623,0.3119630550755208,0.32865174662911556,0.35012068071493446,0.3715131309324958,0.3857693303445709,0.38609834471585486,0.36996531019782253,0.3413823056744671,0.3087805615688645,0.28034520626387005,0.2612513160504748,0.2540048168428428,0.2599147412897046,0.2798436207203228,0.3131580536842758,0.35420256784003773,0.3885096811563348,0.39700097300174125,0.3715144555323559,0.3245124187221127,0.2775807828013581,0.24499825604167436,0.23175975579808797,0.2398310884667114,0.2726248351024855,0.33439536769760336,0.4198878408665647,0.49683966453226147,0.5196084592655017,0.4760799920659642,0.3970988062379881,0.32504096177553393,0.281664979097909,0.2707884301405087,0.29400495468642157,0.3565851900717411,0.45672925838087475,0.5579358327117678,0.6048668409589414,0.5698413278361081,0.46114989488241465,0.3535799304365385,0.2977751304730503,0.2979236574864316,0.35649092998080734,0.4670802523753828,0.5451924274820755,0.539425912974579,0.5370579038679025,0.5187207722814405,0.4361114882888724,0.3036041825117357,0.12456126160050705,0.030942318958353907,0.005176429710817993,1.0372680426713447E-6,0.008326847538837941,0.07098636902532125,0.19944366174772957,0.1544211300168323,0.08399829048004791,0.054691231552350755,0.047861931338447954,0.058415904915988595,0.10676197265372878,0.3004010291777664,0.6292085647246051,0.528460243739894,0.2681791013379996,0.12198073147882822,0.0756357522277443,0.06871795573260299,0.09616225732764849,0.23472152101738034,0.661327454417407,0.5300778303234384,0.46795610499332085,0.26221153967353084,0.11568588758641768,0.0753964773894922,0.08041827348744857,0.16440515889399496,0.6124178043581818,0.2973691927497686,0.22637076261285713,0.325792289103521,0.16296161406250137,0.07372895881049422,0.06350679825334056,0.13728423071598259,0.42040817122394025,0.05747609524838309,0.0330691040956371,0.05401837848542826,0.21008780528853763,0.07584728200657581,0.059344167259497205,0.11493126982083429,0.002970466015069028,6.960301425386647E-4,3.7960778934451706E-4,3.0169684202232844E-4,2.774961112477387E-4,2.6918156538538034E-4
38750,0.92822002105562,0.9319111742505954,0.9427473005800848,0.9597661562408252,0.9803150641094921,0.9978181358859555,0.9974391542135236,0.9504587644337652,0.8175259856462078,0.5852953305806728,0.31808361154438625,0.11511058674631583,0.01355010710082317,0.008758382805064567,0.14743462195597545,0.35349827983313453,0.18072509320420424,0.24508998823477937,0.562267601754375,0.16418901541391118,0.20290240943469512,0.3403796608901488,0.0030551867275487097,0.10846232988364397,0.7035405667230438,0.5309285708266521,0.34877575916898645,0.5314418069193771,0.5066283511545251,0.5332389117333118,0.5025794890255777,0.4377924256613087,0.46517419348050576,0.4430746104523519,0.4401570281557861,0.454427398309915,0.43847390345841125,0.3972607152821043,0.37380427035769004,0.35078806814011215,0.339120012806169,0.3436232056276388,0.3566436123690367,0.36405571751948945,0.3599759431370015,0.35711327781011765,0.3591050807058896,0.3624402443659568,0.36900364310586403,0.3801660559226941,0.3939813822734499,0.4058482507076657,0.41072985785550303,0.40711973400430496,0.3981101368324325,0.38705818857308305,0.3752729605590312,0.36388301931900996,0.35462056399616304,0.3490026313722166,0.34780820467184076,0.3510838482025771,0.3582862628044059,0.3684226752624433,0.380193086390859,0.3920820869964231,0.40232844953826213,0.4088981503832867,0.40978378790997977,0.4037388956808802,0.39104525070655266,0.37371866110670204,0.35495171143016985,0.3381693371201134,0.3262735348483368,0.32135963911630516,0.32476477205202636,0.33709406386164303,0.3578750417210983,0.3846788283431703,0.4121191694437814,0.4320929653888222,0.43662297183979426,0.4222593225378121,0.3925879479161715,0.35646088961131484,0.3233487717952107,0.29987834852327167,0.28958120336646875,0.2943381482273468,0.3152993365746557,0.35171790374886475,0.3968056290078497,0.4336658630090927,0.44118999006463483,0.4112921400260698,0.3578412356359638,0.3043623352691041,0.2667372989569615,0.2506336220645979,0.2582510578384604,0.29337428954587097,0.3602811847888611,0.45012790669857045,0.5214211120188911,0.5277967808942362,0.4713956575709886,0.39073288510660753,0.32323801682981335,0.28557314221798197,0.28118056660770363,0.31393403012429955,0.39165043153542095,0.5066613036954273,0.5991071872893052,0.6134906719181099,0.555093638091601,0.4471442977107598,0.3482215623742582,0.2967161578543022,0.29842650411004396,0.36194473927457466,0.49630666001572565,0.6168717102308331,0.6131727278383026,0.5721959320125926,0.505615888861846,0.41990012184970243,0.37093601045787244,0.30084745860739537,0.12196813177801559,0.0258651392554573,0.0011427484861161175,0.013184589005759063,0.14697614081157354,0.28389048289434315,0.2008009507324268,0.12304192578453221,0.09083140150752807,0.08985776650752678,0.12821424253561267,0.28465308500503117,0.6543772332947347,0.6103853999515158,0.45454102267126023,0.26075128097060424,0.14524395102382073,0.10797968204291174,0.11982120567473523,0.22446617467304475,0.6266992050501573,0.5030242437978731,0.36586594366869174,0.3659829031091486,0.23053064163897102,0.12986719978831412,0.1085356204052004,0.1664576324562654,0.5518370355551803,0.3044190542926403,0.14942543621262458,0.18965890496058654,0.2722665881398889,0.1322988586258441,0.08316239547001891,0.12863967710826127,0.532628665311941,0.05889196239269849,0.024904632683021323,0.029110749405619155,0.09646639793847629,0.1382500573824269,0.0640843923969918,0.17910182408163605,0.0029542527549856175,6.005383154043106E-4,3.0319196545585894E-4,2.299863448394172E-4,2.0551006360756266E-4,1.9617581009944912E-4
39000,0.37382066673680575,0.3699598669983768,0.35839266951948157,0.33919013086225497,0.31253821206958177,0.2788385943898466,0.2388443841841004,0.19381554794959593,0.14566512547076305,0.09706081216112951,0.05148818402903769,0.013650055116712424,0.04547275484876179,0.2426979289643932,0.425738463087439,0.1814683073267581,0.3618131616392508,0.5727984994902591,0.22235501156128215,0.39475583545671683,0.4857241023242345,0.002210091881080709,0.49817975634209916,0.7153038493887887,0.4788593750504779,0.35159360256770106,0.5522346485888152,0.6216073918411658,0.6496294686390472,0.49487997016186747,0.45301115596326447,0.503690646827595,0.5197198231616764,0.5478966359842383,0.5434766550501177,0.4737528096613954,0.4279066746263686,0.4274752863421019,0.43707272733709557,0.45876061357842624,0.48302914944893854,0.48622217811296203,0.45844645198281514,0.4314478200034496,0.4277927576005516,0.4362773057675403,0.44946065303121846,0.4665821911238391,0.48425776548101906,0.49590740331504235,0.4959492826909445,0.4855690881263572,0.4723053996024932,0.46177708503757586,0.4538354291927986,0.44669101417944546,0.4398162464951759,0.4333464295430425,0.4272909918591303,0.42150070820773033,0.4159183339661432,0.41084613373459616,0.4071005835914098,0.40588092767987405,0.408297806369589,0.4147822342045092,0.4246766864952491,0.4361333939683505,0.4463531809511544,0.4522571905958251,0.45153076920147367,0.44357787078446553,0.4298138812794833,0.41316200285050575,0.3971368398246546,0.3850320132767569,0.37949527377648234,0.38242991523944037,0.39491367689390466,0.41674630067375457,0.4454097676731571,0.4749778513556451,0.49675870136467254,0.5029852432430187,0.4910841627152909,0.46463968098957953,0.4312375101950178,0.3994533999378556,0.3764344788105579,0.3670699909201666,0.3745191842846175,0.4005089176645603,0.443422451200922,0.49351963356300715,0.5310662291204875,0.5371976640869673,0.5080603627088572,0.45534712805542354,0.3986303875022646,0.35521012157497167,0.3346952879007237,0.34205168470665076,0.38187415256244844,0.4551637747758233,0.5407663082618611,0.5864656864450206,0.565164331844024,0.5016871000861096,0.4284966490080628,0.36940141716177,0.33805436074065354,0.3413298830056904,0.3867463907357027,0.4794893858860458,0.5856696417195063,0.6198947918455853,0.5811568184244922,0.5233439882162898,0.4554067582393975,0.39039283366735666,0.3546502491827537,0.3669058770360074,0.4445937728284545,0.5789624260024215,0.6292145032690719,0.5509464658221602,0.48675021945214586,0.4407555985914703,0.39052651422905743,0.36657694855307815,0.38154900000272907,0.29165555760810385,0.08884361976724181,0.01036348193829434,0.011866387151330978,0.21985088806075623,0.35479276016822786,0.2763544554120942,0.19983208456225562,0.1652725363075715,0.18142476704966543,0.2984374423503792,0.6410308003563399,0.6089490685579727,0.42985659744588617,0.3781531108287968,0.29126003068143097,0.20243996525898963,0.17685209549046932,0.24456376471957722,0.5764625628025823,0.5204557907352814,0.2648305313647574,0.24807487986665086,0.29797127595523026,0.23952586361044761,0.16838206243068216,0.18911669143335683,0.4841504064689232,0.34103486643713454,0.11175215461188392,0.09735843858917453,0.17489655691807116,0.24093157866117665,0.1269472932550957,0.13358247548301802,0.570403300923656,0.06414733477705785,0.020195745850145712,0.018139633847443708,0.042007043658254785,0.21560647083157247,0.07481626861957416,0.28423672547872086,0.0029977068240440745,5.321525159176922E-4,2.508741226649486E-4,1.8291362373051487E-4,1.5961129924640783E-4,1.5040945387868646E-4
39250,0.09703602122070105,0.09621172663110383,0.09373253516025568,0.08958146883728785,0.08373179730575604,0.07614970665548439,0.06679886102421888,0.05564831232630978,0.04268769148542108,0.027963786515626705,0.011726037860668358,0.8638188068279221,0.4136698491697953,0.4311803228638167,0.17304520612503022,0.4866825180565411,0.44166312587206696,0.2665268624953995,0.6633496908123265,0.44806501310509184,0.02663245861830849,0.6225105848262612,0.6435636983860389,0.3229984106480895,0.3204266514357758,0.6104451501313077,0.7023585254813544,0.5556537015421638,0.394362796994199,0.44941703040351133,0.572287712973155,0.6424328113046152,0.6381768549283504,0.5394549971074155,0.4487794961787556,0.46264433191009835,0.5333413810296115,0.5982468162900882,0.6280300276536975,0.598047087897969,0.5261352053814617,0.47010797598054443,0.46553304786946215,0.49491899039665166,0.5286592874251627,0.5551102176985422,0.5688550146850841,0.5657891486335835,0.5475467490393395,0.5236931965885273,0.5065187278193387,0.5022588700603898,0.5082742740504002,0.5185538103976378,0.5285961717654006,0.5353857502739527,0.536560881933625,0.5307667160918931,0.5183492779776927,0.5015322896626566,0.48379988327818557,0.46874252573333597,0.4589886479373496,0.4557670429999338,0.45913753948516584,0.4684333340688934,0.4824328614911556,0.49917641238358895,0.5157473251317034,0.5285017115384966,0.5340438505675721,0.5306082100867026,0.5188817238323421,0.5016146503111388,0.48245679684558074,0.4649404176462917,0.45202851516841297,0.44606171540590905,0.44877542716810914,0.4610902894716187,0.48238897347395765,0.5092059735436167,0.5342935468245108,0.5485530763018086,0.5465796075374056,0.5304142104545958,0.5068309796010193,0.48255656625966253,0.46254645803689076,0.4505751991167461,0.4498990080834623,0.4631325467293504,0.4908153369375599,0.5277920694028085,0.5594582356208018,0.5681101478253178,0.5508552952227255,0.5210616799583024,0.4910374351276964,0.4658645258496143,0.44884524944375515,0.4453548021281948,0.46241015248057304,0.5051979066828278,0.565955982972773,0.6064518412015726,0.5863747732874014,0.527853903546421,0.47316802810520947,0.435156424335847,0.41291944094806315,0.4086016645753894,0.430197736937729,0.48718454258655375,0.5684779219943171,0.5979804145686363,0.5255044341809036,0.43885080509257796,0.3929289115781636,0.3808326076054312,0.3868079470780278,0.40660471306691326,0.45293749650851933,0.5398291052700745,0.5990413369646008,0.4955922483517829,0.3658361129372743,0.3122950797030796,0.31304728317715985,0.3377577138610099,0.37088501681422725,0.4188043827821088,0.3864872506786387,0.14965075474104558,0.02712921316343359,0.0026096981270920393,0.21467433067335737,0.37531334664232974,0.33798738205259615,0.30595002016310374,0.29045502246507726,0.3532044474406468,0.613762423665995,0.6313729001989749,0.33185673812941463,0.2573376799633497,0.2863077393406759,0.32356790343695846,0.2952320135631251,0.3085567216614128,0.5427504992850509,0.577889299345738,0.21374159355934197,0.1441841994890576,0.17175944806634036,0.26522720008978007,0.2737639011442098,0.24258159637765142,0.43964054901800903,0.41018648185154116,0.09424460032563635,0.05803609354309918,0.07813074390495735,0.1970274997359342,0.21948278442546199,0.15600855175469108,0.51697384955345,0.07427811433026779,0.017398490348522484,0.012523758440853357,0.021877200746822954,0.14495352243563064,0.09551965889248784,0.41822591790559105,0.0031037085845034163,4.8336207901839256E-4,2.1420508708387318E-4,1.5087281603323776E-4,1.2901366076443807E-4,1.2026845781411352E-4
39500,0.03900079126338237,0.03871507749959902,0.03784936352588598,0.0363777702848225,0.034254169601388794,0.03140670350256972,0.027727506645949744,0.02305279476865393,0.01712043819521719,0.009464111397884873,3.407220318516192E-4,0.8486627413175494,0.3549297521448661,0.149941808071078,0.530374409417943,0.2999197397016369,0.27492112589271195,0.7712799538910746,0.08038294388788043,0.04889538761582358,0.5382032619213895,0.3448017110717086,0.1766129021473323,0.2553526156325657,0.5405108370185727,0.46582320705853647,0.3135231446454051,0.26952684544159156,0.40144955033734725,0.5588253162360759,0.549008653664027,0.4342071947593289,0.34035949658914183,0.3267640107438167,0.41349912955574,0.5087287232976715,0.5199897055933143,0.46211176124279063,0.39233040887411663,0.34991986109254275,0.35470980623468,0.40345310828060615,0.4613719531392381,0.4965969463906752,0.5012438298662693,0.4831223527629804,0.4563463510564991,0.43461228053301226,0.42783298780710705,0.4399307524079256,0.4668505838433417,0.49859854462854825,0.5249982111446709,0.5392023055137306,0.5385581750687441,0.5245810314761388,0.501968376019441,0.47685885993688526,0.455048997801726,0.44068365167174706,0.4356064117540806,0.4393948586566805,0.4500048480740524,0.4647274321195515,0.480991172035458,0.49671524468272993,0.5102574326570396,0.5201741373557875,0.5250217067150805,0.5234169690375604,0.5145172348793715,0.49880361765570047,0.4785796954166618,0.45752588818213635,0.4394473856055156,0.42715076076255154,0.42210136940649845,0.42469541153215323,0.4346480144551672,0.45114674993724796,0.4725860516651101,0.4957737476952135,0.5148878395118378,0.5217636031588826,0.5100303265397644,0.4813550551775204,0.4456589508375974,0.4139261623919284,0.3926921659075011,0.38406426602659416,0.38778341913882525,0.4025104548313292,0.42571483543794064,0.4519485336280982,0.46991267577032353,0.46387231657188865,0.4282666251388225,0.3793060108588194,0.33885309971775335,0.3175967905589536,0.31723835354616275,0.33674805725802065,0.3742721706821798,0.42560264511825424,0.47987081997514347,0.5108308985620396,0.4827628269234546,0.4058105236543272,0.33491518197466746,0.29761995921462014,0.2937077846904817,0.31841988419896855,0.36762800865739126,0.4351112399383511,0.5070521443484012,0.5367183455375021,0.456353656373508,0.32921492387857654,0.24816211600421406,0.21822817589292637,0.22626313243412285,0.2682097874425238,0.3431265047409594,0.43908209493988326,0.5088628828392653,0.4343432184724289,0.27075596822966885,0.17863949376455074,0.15109542449415025,0.16459427830893697,0.2182868346677751,0.3140614275851088,0.4133135196989953,0.3546341547371909,0.125392237823642,0.028302525624216666,1.441271342283391E-4,0.11701333509021118,0.3561645515414308,0.34915961747815905,0.39783685736537777,0.4456983056619788,0.6010542597516547,0.6929298618403095,0.2947658278623371,0.16216551767431356,0.1506330586979399,0.21225360575352642,0.34710941441697907,0.41856980281734724,0.5483285526158985,0.6567204569266398,0.19672011508195156,0.09509633222787416,0.08769244333372478,0.13687665529946658,0.28162053546778176,0.33418217156220315,0.43038880248729044,0.5110932427478045,0.08838301805722808,0.040053983161321416,0.040530247389424574,0.08539475017121395,0.27894666293604437,0.20752646502904748,0.44122369577128445,0.09161439055440969,0.015794045664418697,0.009331326170095668,0.013116320395266933,0.06473126732203699,0.13499434130467217,0.4899756005521701,0.0032805122684486905,4.493035644645976E-4,1.8809942345238682E-4,1.2844724678610448E-4,1.078973931243436E-4,9.964316551616919E-5
39750,0.019934826383976225,0.01979720627133036,0.019377319007681415,0.018653310985535732,0.017584447512425466,0.016102587742322042,0.01409417297178152,0.011358438290924058,0.007488754925988392,0.0014907376283116536,0.3337417498192477,0.10344036840508358,0.1270829070019698,0.44105660268943225,0.20675684990549548,0.25780799669302973,0.7250233053238185,1.007082449282055E-5,0.04862607635431151,0.3468737064090807,0.15674979334809122,0.09731877913492006,0.18283622681148054,0.3455075546332629,0.23003152551258993,0.1638203524619024,0.1742046880417691,0.3043774670421442,0.3636421359760376,0.2728442759569173,0.20059464119638443,0.17394913075045138,0.20198664663567312,0.27827358314847217,0.30292255852025385,0.26680299085460185,0.2265182972128606,0.20431979767877712,0.20789869403488634,0.24285369053729658,0.29430161310616265,0.3244207618132722,0.31976788215118723,0.29656266677189896,0.27256883177506763,0.25734955798055703,0.2553985016961005,0.2684363833005881,0.29361711169071336,0.32134307387389166,0.33982682936539943,0.34345699204198754,0.3346209342294718,0.3190923210505995,0.3019798412363674,0.28668654657002224,0.27530663951870427,0.2689783369926545,0.26779126133188413,0.27056636537178774,0.2751102881346908,0.2791612150346112,0.2814374649489362,0.2820064756308908,0.2818675342025881,0.282235767099561,0.2839685405562417,0.28724880333179986,0.29146448310651335,0.2952591258532321,0.2968350213674007,0.29459288054839866,0.2879644792183497,0.27794592712429655,0.26684592521692463,0.25739440386045526,0.2519203258920056,0.25205827394960006,0.25882921126558783,0.27268116214882787,0.29315257203684847,0.318007354899266,0.34211733635220776,0.35729401649145526,0.3551157055229755,0.33303956353319114,0.2982290940668654,0.26279543013532203,0.23579694616434194,0.2209249796235454,0.21878886390018917,0.22908492613486708,0.25086746522740166,0.2807664055714711,0.3096773940441956,0.3214984310401632,0.3022831027405306,0.25791603008751307,0.21100569841311426,0.17759072948015533,0.16125777681472603,0.16121730266071166,0.17765119083436243,0.2121802617658813,0.2630619317567912,0.3129569393599313,0.3232343343518081,0.27448822801211686,0.20703658748582068,0.1608572941349952,0.14148951907159116,0.14513586803684014,0.1728679538437415,0.23123237193746157,0.3195892918231947,0.39607400499825846,0.37489357786171607,0.26084778950060344,0.16674551262335127,0.12184295751227152,0.10926061528191185,0.12065926560318532,0.16078832501220305,0.2417834141115834,0.34575330551461325,0.3573663231942774,0.2244980673904032,0.12016285150830507,0.0794092194652538,0.0707138429776454,0.08435228045381785,0.13167297448779514,0.23991671932861508,0.3513219834053028,0.22533991314676266,0.06701973888442335,0.018390387385513417,0.0016935999960978492,0.03311097129720704,0.3497209502205753,0.3678682758901333,0.4897331862667122,0.6115990480069339,0.7537978981198317,0.32146495452910784,0.1255026335958178,0.08742365542796539,0.10168222207737981,0.18799058567032842,0.41676294459248747,0.5882009151343441,0.7234770581718041,0.2044521414175215,0.0723124891481533,0.051752619051458004,0.06573642289311268,0.14556694610193177,0.37327387229779435,0.45998323766598875,0.6238401503579161,0.09120935636696031,0.03106093366030779,0.024784708685650417,0.040308771305535875,0.15300039314628983,0.3036703463919028,0.3906429065989453,0.12074699278561561,0.015037455805061833,0.0073850271323494905,0.008697131671094304,0.03169872534571497,0.2070271484936337,0.44018015614084766,0.003543015872765444,4.2681677178720977E-4,1.6938257644789502E-4,1.1242303628021164E-4,9.292603722568255E-5,8.5098606740108E-5
40000,0.011746727380796296,0.011665281127773573,0.011414933386400705,0.010976511226828849,0.01031263129826326,0.009355967517558081,0.00798072211415191,0.005919382839884907,0.002406669657865763,0.004699638126813357,0.02706380046578108,0.11692234339080361,0.2610157529637864,0.15418433602129436,0.23060266106190347,0.7129792832927349,0.005918655069807938,0.038489813232146,0.2024124806174135,0.08135015245482259,0.05866388878691088,0.12621200411514216,0.19910367401811166,0.11886838120576496,0.09193446589124621,0.11251539910595308,0.19972755877847143,0.18426325942715982,0.12421416616599575,0.0963907488870601,0.09447291901923655,0.12489752141191073,0.16503863932452986,0.15698308607860897,0.13269069645659357,0.11783699970325491,0.11673708078201306,0.1328976909011406,0.16583341048174557,0.192186647973291,0.18968295805816812,0.17034619079909674,0.1511429655485826,0.1385553581289402,0.13405577200565438,0.1378747502599903,0.1484530083968877,0.16014470549255883,0.1654066246172097,0.16194300726466054,0.15342125302814816,0.14421470890889754,0.13679630473390156,0.13211865999451675,0.13042821330194257,0.13162104538618377,0.13515420035515066,0.13979186936872398,0.14368620728098186,0.14510153505589427,0.14329945605615516,0.1387892473890289,0.13285971717725392,0.12693352562030516,0.12216391283040036,0.11932178569425535,0.11883760360201427,0.12086079009208553,0.12525385210615864,0.13149367897922745,0.1385230770611986,0.14470871059627202,0.14815785008290286,0.1475014217708524,0.1427344044676693,0.1353537334346479,0.12760461019369226,0.12155034457807273,0.11865603425900105,0.11987910545939322,0.12588113792014485,0.13699954225993177,0.15267610689794625,0.17020649516390401,0.18368106533266473,0.1858409541569737,0.17400805692381194,0.15358784938475387,0.13323111249285582,0.11860249322966718,0.11165529509166157,0.11281053752657455,0.12251581377269061,0.14129690346726367,0.16772931792216916,0.19385638350624468,0.20330256445934206,0.1847011137101468,0.14892758677291787,0.11593691759173752,0.09463682415951394,0.08497155812548736,0.0855480573690253,0.09671994283766198,0.12057200578740529,0.1565475813992469,0.18837438041397,0.18307993209191198,0.14084144924084643,0.09964406452130192,0.07629076535513858,0.06834187593756173,0.07326621067967863,0.0939518131612064,0.13963798480611597,0.21385856531471528,0.2640340692148619,0.21332288731607799,0.12879140745866346,0.08041951687573651,0.06127140576734562,0.058919101120861746,0.07148684649560456,0.10764226964933735,0.18253889312264682,0.25653620335443766,0.20047701224995884,0.09944938134962474,0.05338385407541877,0.03859414985602797,0.03831286289875228,0.05216190701765135,0.09686934655993623,0.20625254585626132,0.2544341028505533,0.1026860027499813,0.03032973582377048,0.01071641521730294,0.0024611074895258614,0.00643125967435264,0.3317481748137417,0.4487719535471801,0.615327175552496,0.7676451085802473,0.42898470175600506,0.12191137799833286,0.06305485555781971,0.057690549661922816,0.08888734289176742,0.23107096065914798,0.5757729747814497,0.7529919841375385,0.23657428931263697,0.0622040607610919,0.03520440438891516,0.036500119989805686,0.06788760953069907,0.2356998511175307,0.5125282940168359,0.7067497449312,0.10294024386695577,0.026466711229026163,0.017164275400443144,0.022539066505880768,0.06756951686844652,0.37239637989547625,0.3768738469241199,0.17050072512842251,0.014981727945926648,0.006148138795823865,0.006218200800603132,0.017813640785680825,0.28421887102771426,0.34903085388712485,0.00391532825641724,4.139076281641556E-4,1.56026955242678E-4,1.0082200733684721E-4,8.20991345692516E-5,7.460577261023308E-5
