% Model,spaceplate_double_3d - Copy.mph
% Version,COMSOL 6.2.0.415
% Date,"Jul 30 2025, 17:44"
% Table,Table 1 - Surface Average 1
% theta0 (deg),"freq=10000 Hz, abs(acpr2.p_t)^2 (kg^2/(m^2*s^4))","freq=10175 Hz, abs(acpr2.p_t)^2 (kg^2/(m^2*s^4))","freq=10350 Hz, abs(acpr2.p_t)^2 (kg^2/(m^2*s^4))","freq=10525 Hz, abs(acpr2.p_t)^2 (kg^2/(m^2*s^4))","freq=10700 Hz, abs(acpr2.p_t)^2 (kg^2/(m^2*s^4))","freq=10875 Hz, abs(acpr2.p_t)^2 (kg^2/(m^2*s^4))","freq=11050 Hz, abs(acpr2.p_t)^2 (kg^2/(m^2*s^4))","freq=11225 Hz, abs(acpr2.p_t)^2 (kg^2/(m^2*s^4))","freq=11400 Hz, abs(acpr2.p_t)^2 (kg^2/(m^2*s^4))","freq=11575 Hz, abs(acpr2.p_t)^2 (kg^2/(m^2*s^4))","freq=11750 Hz, abs(acpr2.p_t)^2 (kg^2/(m^2*s^4))","freq=11925 Hz, abs(acpr2.p_t)^2 (kg^2/(m^2*s^4))","freq=12100 Hz, abs(acpr2.p_t)^2 (kg^2/(m^2*s^4))","freq=12275 Hz, abs(acpr2.p_t)^2 (kg^2/(m^2*s^4))","freq=12450 Hz, abs(acpr2.p_t)^2 (kg^2/(m^2*s^4))","freq=12625 Hz, abs(acpr2.p_t)^2 (kg^2/(m^2*s^4))","freq=12800 Hz, abs(acpr2.p_t)^2 (kg^2/(m^2*s^4))","freq=12975 Hz, abs(acpr2.p_t)^2 (kg^2/(m^2*s^4))","freq=13150 Hz, abs(acpr2.p_t)^2 (kg^2/(m^2*s^4))","freq=13325 Hz, abs(acpr2.p_t)^2 (kg^2/(m^2*s^4))","freq=13500 Hz, abs(acpr2.p_t)^2 (kg^2/(m^2*s^4))","freq=13675 Hz, abs(acpr2.p_t)^2 (kg^2/(m^2*s^4))","freq=13850 Hz, abs(acpr2.p_t)^2 (kg^2/(m^2*s^4))","freq=14025 Hz, abs(acpr2.p_t)^2 (kg^2/(m^2*s^4))","freq=14200 Hz, abs(acpr2.p_t)^2 (kg^2/(m^2*s^4))","freq=14375 Hz, abs(acpr2.p_t)^2 (kg^2/(m^2*s^4))","freq=14550 Hz, abs(acpr2.p_t)^2 (kg^2/(m^2*s^4))","freq=14725 Hz, abs(acpr2.p_t)^2 (kg^2/(m^2*s^4))","freq=14900 Hz, abs(acpr2.p_t)^2 (kg^2/(m^2*s^4))","freq=15075 Hz, abs(acpr2.p_t)^2 (kg^2/(m^2*s^4))","freq=15250 Hz, abs(acpr2.p_t)^2 (kg^2/(m^2*s^4))","freq=15425 Hz, abs(acpr2.p_t)^2 (kg^2/(m^2*s^4))","freq=15600 Hz, abs(acpr2.p_t)^2 (kg^2/(m^2*s^4))","freq=15775 Hz, abs(acpr2.p_t)^2 (kg^2/(m^2*s^4))","freq=15950 Hz, abs(acpr2.p_t)^2 (kg^2/(m^2*s^4))","freq=16125 Hz, abs(acpr2.p_t)^2 (kg^2/(m^2*s^4))","freq=16300 Hz, abs(acpr2.p_t)^2 (kg^2/(m^2*s^4))","freq=16475 Hz, abs(acpr2.p_t)^2 (kg^2/(m^2*s^4))","freq=16650 Hz, abs(acpr2.p_t)^2 (kg^2/(m^2*s^4))","freq=16825 Hz, abs(acpr2.p_t)^2 (kg^2/(m^2*s^4))","freq=17000 Hz, abs(acpr2.p_t)^2 (kg^2/(m^2*s^4))","freq=17175 Hz, abs(acpr2.p_t)^2 (kg^2/(m^2*s^4))","freq=17350 Hz, abs(acpr2.p_t)^2 (kg^2/(m^2*s^4))","freq=17525 Hz, abs(acpr2.p_t)^2 (kg^2/(m^2*s^4))","freq=17700 Hz, abs(acpr2.p_t)^2 (kg^2/(m^2*s^4))","freq=17875 Hz, abs(acpr2.p_t)^2 (kg^2/(m^2*s^4))","freq=18050 Hz, abs(acpr2.p_t)^2 (kg^2/(m^2*s^4))","freq=18225 Hz, abs(acpr2.p_t)^2 (kg^2/(m^2*s^4))","freq=18400 Hz, abs(acpr2.p_t)^2 (kg^2/(m^2*s^4))","freq=18575 Hz, abs(acpr2.p_t)^2 (kg^2/(m^2*s^4))","freq=18750 Hz, abs(acpr2.p_t)^2 (kg^2/(m^2*s^4))","freq=18925 Hz, abs(acpr2.p_t)^2 (kg^2/(m^2*s^4))","freq=19100 Hz, abs(acpr2.p_t)^2 (kg^2/(m^2*s^4))","freq=19275 Hz, abs(acpr2.p_t)^2 (kg^2/(m^2*s^4))","freq=19450 Hz, abs(acpr2.p_t)^2 (kg^2/(m^2*s^4))","freq=19625 Hz, abs(acpr2.p_t)^2 (kg^2/(m^2*s^4))","freq=19800 Hz, abs(acpr2.p_t)^2 (kg^2/(m^2*s^4))","freq=19975 Hz, abs(acpr2.p_t)^2 (kg^2/(m^2*s^4))","freq=20150 Hz, abs(acpr2.p_t)^2 (kg^2/(m^2*s^4))","freq=20325 Hz, abs(acpr2.p_t)^2 (kg^2/(m^2*s^4))","freq=20500 Hz, abs(acpr2.p_t)^2 (kg^2/(m^2*s^4))","freq=20675 Hz, abs(acpr2.p_t)^2 (kg^2/(m^2*s^4))","freq=20850 Hz, abs(acpr2.p_t)^2 (kg^2/(m^2*s^4))","freq=21025 Hz, abs(acpr2.p_t)^2 (kg^2/(m^2*s^4))","freq=21200 Hz, abs(acpr2.p_t)^2 (kg^2/(m^2*s^4))","freq=21375 Hz, abs(acpr2.p_t)^2 (kg^2/(m^2*s^4))","freq=21550 Hz, abs(acpr2.p_t)^2 (kg^2/(m^2*s^4))","freq=21725 Hz, abs(acpr2.p_t)^2 (kg^2/(m^2*s^4))","freq=21900 Hz, abs(acpr2.p_t)^2 (kg^2/(m^2*s^4))","freq=22075 Hz, abs(acpr2.p_t)^2 (kg^2/(m^2*s^4))","freq=22250 Hz, abs(acpr2.p_t)^2 (kg^2/(m^2*s^4))","freq=22425 Hz, abs(acpr2.p_t)^2 (kg^2/(m^2*s^4))","freq=22600 Hz, abs(acpr2.p_t)^2 (kg^2/(m^2*s^4))","freq=22775 Hz, abs(acpr2.p_t)^2 (kg^2/(m^2*s^4))","freq=22950 Hz, abs(acpr2.p_t)^2 (kg^2/(m^2*s^4))","freq=23125 Hz, abs(acpr2.p_t)^2 (kg^2/(m^2*s^4))","freq=23300 Hz, abs(acpr2.p_t)^2 (kg^2/(m^2*s^4))","freq=23475 Hz, abs(acpr2.p_t)^2 (kg^2/(m^2*s^4))","freq=23650 Hz, abs(acpr2.p_t)^2 (kg^2/(m^2*s^4))","freq=23825 Hz, abs(acpr2.p_t)^2 (kg^2/(m^2*s^4))","freq=24000 Hz, abs(acpr2.p_t)^2 (kg^2/(m^2*s^4))","freq=24175 Hz, abs(acpr2.p_t)^2 (kg^2/(m^2*s^4))","freq=24350 Hz, abs(acpr2.p_t)^2 (kg^2/(m^2*s^4))","freq=24525 Hz, abs(acpr2.p_t)^2 (kg^2/(m^2*s^4))","freq=24700 Hz, abs(acpr2.p_t)^2 (kg^2/(m^2*s^4))","freq=24875 Hz, abs(acpr2.p_t)^2 (kg^2/(m^2*s^4))","freq=25050 Hz, abs(acpr2.p_t)^2 (kg^2/(m^2*s^4))","freq=25225 Hz, abs(acpr2.p_t)^2 (kg^2/(m^2*s^4))","freq=25400 Hz, abs(acpr2.p_t)^2 (kg^2/(m^2*s^4))","freq=25575 Hz, abs(acpr2.p_t)^2 (kg^2/(m^2*s^4))","freq=25750 Hz, abs(acpr2.p_t)^2 (kg^2/(m^2*s^4))","freq=25925 Hz, abs(acpr2.p_t)^2 (kg^2/(m^2*s^4))","freq=26100 Hz, abs(acpr2.p_t)^2 (kg^2/(m^2*s^4))","freq=26275 Hz, abs(acpr2.p_t)^2 (kg^2/(m^2*s^4))","freq=26450 Hz, abs(acpr2.p_t)^2 (kg^2/(m^2*s^4))","freq=26625 Hz, abs(acpr2.p_t)^2 (kg^2/(m^2*s^4))","freq=26800 Hz, abs(acpr2.p_t)^2 (kg^2/(m^2*s^4))","freq=26975 Hz, abs(acpr2.p_t)^2 (kg^2/(m^2*s^4))","freq=27150 Hz, abs(acpr2.p_t)^2 (kg^2/(m^2*s^4))","freq=27325 Hz, abs(acpr2.p_t)^2 (kg^2/(m^2*s^4))","freq=27500 Hz, abs(acpr2.p_t)^2 (kg^2/(m^2*s^4))","freq=27675 Hz, abs(acpr2.p_t)^2 (kg^2/(m^2*s^4))","freq=27850 Hz, abs(acpr2.p_t)^2 (kg^2/(m^2*s^4))","freq=28025 Hz, abs(acpr2.p_t)^2 (kg^2/(m^2*s^4))","freq=28200 Hz, abs(acpr2.p_t)^2 (kg^2/(m^2*s^4))","freq=28375 Hz, abs(acpr2.p_t)^2 (kg^2/(m^2*s^4))","freq=28550 Hz, abs(acpr2.p_t)^2 (kg^2/(m^2*s^4))","freq=28725 Hz, abs(acpr2.p_t)^2 (kg^2/(m^2*s^4))","freq=28900 Hz, abs(acpr2.p_t)^2 (kg^2/(m^2*s^4))","freq=29075 Hz, abs(acpr2.p_t)^2 (kg^2/(m^2*s^4))","freq=29250 Hz, abs(acpr2.p_t)^2 (kg^2/(m^2*s^4))","freq=29425 Hz, abs(acpr2.p_t)^2 (kg^2/(m^2*s^4))","freq=29600 Hz, abs(acpr2.p_t)^2 (kg^2/(m^2*s^4))","freq=29775 Hz, abs(acpr2.p_t)^2 (kg^2/(m^2*s^4))","freq=29950 Hz, abs(acpr2.p_t)^2 (kg^2/(m^2*s^4))","freq=30125 Hz, abs(acpr2.p_t)^2 (kg^2/(m^2*s^4))","freq=30300 Hz, abs(acpr2.p_t)^2 (kg^2/(m^2*s^4))","freq=30475 Hz, abs(acpr2.p_t)^2 (kg^2/(m^2*s^4))","freq=30650 Hz, abs(acpr2.p_t)^2 (kg^2/(m^2*s^4))","freq=30825 Hz, abs(acpr2.p_t)^2 (kg^2/(m^2*s^4))","freq=31000 Hz, abs(acpr2.p_t)^2 (kg^2/(m^2*s^4))","freq=31175 Hz, abs(acpr2.p_t)^2 (kg^2/(m^2*s^4))","freq=31350 Hz, abs(acpr2.p_t)^2 (kg^2/(m^2*s^4))","freq=31525 Hz, abs(acpr2.p_t)^2 (kg^2/(m^2*s^4))","freq=31700 Hz, abs(acpr2.p_t)^2 (kg^2/(m^2*s^4))","freq=31875 Hz, abs(acpr2.p_t)^2 (kg^2/(m^2*s^4))","freq=32050 Hz, abs(acpr2.p_t)^2 (kg^2/(m^2*s^4))","freq=32225 Hz, abs(acpr2.p_t)^2 (kg^2/(m^2*s^4))","freq=32400 Hz, abs(acpr2.p_t)^2 (kg^2/(m^2*s^4))","freq=32575 Hz, abs(acpr2.p_t)^2 (kg^2/(m^2*s^4))","freq=32750 Hz, abs(acpr2.p_t)^2 (kg^2/(m^2*s^4))","freq=32925 Hz, abs(acpr2.p_t)^2 (kg^2/(m^2*s^4))","freq=33100 Hz, abs(acpr2.p_t)^2 (kg^2/(m^2*s^4))","freq=33275 Hz, abs(acpr2.p_t)^2 (kg^2/(m^2*s^4))","freq=33450 Hz, abs(acpr2.p_t)^2 (kg^2/(m^2*s^4))","freq=33625 Hz, abs(acpr2.p_t)^2 (kg^2/(m^2*s^4))","freq=33800 Hz, abs(acpr2.p_t)^2 (kg^2/(m^2*s^4))","freq=33975 Hz, abs(acpr2.p_t)^2 (kg^2/(m^2*s^4))","freq=34150 Hz, abs(acpr2.p_t)^2 (kg^2/(m^2*s^4))","freq=34325 Hz, abs(acpr2.p_t)^2 (kg^2/(m^2*s^4))","freq=34500 Hz, abs(acpr2.p_t)^2 (kg^2/(m^2*s^4))","freq=34675 Hz, abs(acpr2.p_t)^2 (kg^2/(m^2*s^4))","freq=34850 Hz, abs(acpr2.p_t)^2 (kg^2/(m^2*s^4))","freq=35025 Hz, abs(acpr2.p_t)^2 (kg^2/(m^2*s^4))","freq=35200 Hz, abs(acpr2.p_t)^2 (kg^2/(m^2*s^4))","freq=35375 Hz, abs(acpr2.p_t)^2 (kg^2/(m^2*s^4))","freq=35550 Hz, abs(acpr2.p_t)^2 (kg^2/(m^2*s^4))","freq=35725 Hz, abs(acpr2.p_t)^2 (kg^2/(m^2*s^4))","freq=35900 Hz, abs(acpr2.p_t)^2 (kg^2/(m^2*s^4))","freq=36075 Hz, abs(acpr2.p_t)^2 (kg^2/(m^2*s^4))","freq=36250 Hz, abs(acpr2.p_t)^2 (kg^2/(m^2*s^4))","freq=36425 Hz, abs(acpr2.p_t)^2 (kg^2/(m^2*s^4))","freq=36600 Hz, abs(acpr2.p_t)^2 (kg^2/(m^2*s^4))","freq=36775 Hz, abs(acpr2.p_t)^2 (kg^2/(m^2*s^4))","freq=36950 Hz, abs(acpr2.p_t)^2 (kg^2/(m^2*s^4))","freq=37125 Hz, abs(acpr2.p_t)^2 (kg^2/(m^2*s^4))","freq=37300 Hz, abs(acpr2.p_t)^2 (kg^2/(m^2*s^4))","freq=37475 Hz, abs(acpr2.p_t)^2 (kg^2/(m^2*s^4))","freq=37650 Hz, abs(acpr2.p_t)^2 (kg^2/(m^2*s^4))","freq=37825 Hz, abs(acpr2.p_t)^2 (kg^2/(m^2*s^4))","freq=38000 Hz, abs(acpr2.p_t)^2 (kg^2/(m^2*s^4))","freq=38175 Hz, abs(acpr2.p_t)^2 (kg^2/(m^2*s^4))","freq=38350 Hz, abs(acpr2.p_t)^2 (kg^2/(m^2*s^4))","freq=38525 Hz, abs(acpr2.p_t)^2 (kg^2/(m^2*s^4))","freq=38700 Hz, abs(acpr2.p_t)^2 (kg^2/(m^2*s^4))","freq=38875 Hz, abs(acpr2.p_t)^2 (kg^2/(m^2*s^4))","freq=39050 Hz, abs(acpr2.p_t)^2 (kg^2/(m^2*s^4))","freq=39225 Hz, abs(acpr2.p_t)^2 (kg^2/(m^2*s^4))","freq=39400 Hz, abs(acpr2.p_t)^2 (kg^2/(m^2*s^4))","freq=39575 Hz, abs(acpr2.p_t)^2 (kg^2/(m^2*s^4))","freq=39750 Hz, abs(acpr2.p_t)^2 (kg^2/(m^2*s^4))","freq=39925 Hz, abs(acpr2.p_t)^2 (kg^2/(m^2*s^4))"
0,0.6496781712385726,0.9998031378293211,0.6020330193882009,0.26882351952108496,0.13583649987406546,0.07840588365226056,0.049891549852718105,0.03406897945442854,0.024524635038937294,0.0183904842495639,0.014249122813469739,0.01134195593335233,0.009236055070697314,0.00767099084162388,0.00648306702666423,0.005565492286346856,0.004846346221347225,0.004275849157495841,0.003818727979952537,0.003449487589478759,0.0031493980065119497,0.002904526096926257,0.002704420862191789,0.0025412176543466837,0.0024090169479296206,0.002303447101409116,0.0022213537148318857,0.002160579417926571,0.0021198120672919494,0.0020984892206825975,0.0020967541884233283,0.0021154653044531116,0.0021562666417823764,0.00222173683720198,0.002315645321068793,0.002443365893322089,0.002612533145392344,0.0028340910616370006,0.003124002614481545,0.0035061233521246748,0.0040172255869055495,0.00471622045544054,0.005702122278750085,0.007151702792127702,0.009406027051999681,0.013194506747903087,0.02031641209582232,0.036253759417893036,0.08458616580182593,0.35329720463396613,0.7062397672977019,0.12083600358595784,0.04170883795287034,0.020433522474134644,0.011984479043083342,0.007836438132639916,0.005512017043951531,0.004086487730955182,0.0031531645394114573,0.0025111744991851183,0.002052311364259989,0.0017142191757042644,0.001458965011266242,0.0012624213774624345,0.0011086564734344927,9.86809616763147E-4,8.892723661390091E-4,8.105894690360717E-4,7.46773297634941E-4,6.948643890960644E-4,6.526430590846953E-4,6.184362783674736E-4,5.909860381251036E-4,5.693582382363525E-4,5.528788491715456E-4,5.41088941241873E-4,5.337133616438462E-4,5.306400471264692E-4,5.319085778871874E-4,5.377078575658705E-4,5.48383950793277E-4,5.644603462388024E-4,5.866745286023721E-4,6.160371566480351E-4,6.539240207146305E-4,7.022174364859431E-4,7.635249319346486E-4,8.415231055688369E-4,9.415117406431306E-4,0.0010713355140844702,0.0012429781397638275,0.001475452781944489,0.0018003508212882419,0.0022732647441350237,0.0029994474680555927,0.0041982999308100505,0.006391815070780577,0.011087584095742278,0.024256382062929762,0.090144240049747,0.9992884340420443,0.08479703911688305,0.022759790563587245,0.010253200504855547,0.00580318591656039,0.003735236488780361,0.0026120543779223444,0.0019362023842304193,0.0014990206954557015,0.0012006765886625483,9.885832142147348E-4,8.329225041349137E-4,7.157688854043173E-4,6.258199067080053E-4,5.556606847805338E-4,5.002613447837379E-4,4.56112172282777E-4,4.2070590788802865E-4,3.9221742723116894E-4,3.6929993761938607E-4,3.50952204486936E-4,3.364302786135783E-4,3.2518775329298826E-4,3.1683469306945393E-4,3.11109068683551E-4,3.078568741182123E-4,3.070186622676423E-4,3.0862132687175327E-4,3.1277476153984414E-4,3.196736700896978E-4,3.2960540486729915E-4,3.429654066974576E-4,3.6028278473549E-4,3.8226004921376256E-4,4.098333708161508E-4,4.442636271848958E-4,4.8727507847658126E-4,5.412700307244554E-4,6.096687712359984E-4,6.974636950040588E-4,8.121551498717615E-4,9.654007810560723E-4,0.001176074841753237,0.0014763043706797305,0.0019243177197538841,0.0026345377977359564,0.003857434533825545,0.00623096106770884,0.011799756928521185,0.030320083936826833,0.17669875920242062,0.3639427173598614,0.042131285527104184,0.01477559115115988,0.00750424126283684,0.0045699346742875445,0.0031014831276488662,0.0022631836795296663,0.0017402646244131929,0.0013927727558547447,0.0011507879375225005,9.76210281404187E-4,8.46832361533615E-4,7.489938465564752E-4,6.73914527311666E-4,6.157431819401052E-4,5.704639279246904E-4,5.35256426474519E-4,5.081083008466333E-4,4.8757371308390875E-4,4.726197636521861E-4,4.625273526338864E-4
1,0.6458288565226843,0.9999852973692532,0.6064451245354049,0.2707211687883435,0.1366055351376561,0.07876104699923639,0.050076313995326555,0.034174948765940565,0.02459071278946006,0.018434857885544075,0.014280908228734356,0.011365948485369703,0.009254864032168218,0.007686076794262325,0.006495277876225542,0.005575352236177475,0.004854214863811712,0.00428200853673927,0.003823428078617652,0.00345296720966618,0.0031518909861125697,0.00290625896558354,0.0027056058879088634,0.002542044001824128,0.0024096419327233214,0.002303989012122517,0.0022218872257265417,0.002161134150572396,0.002120374379901587,0.0020990068539787163,0.0020971430364850434,0.002115617344527548,0.00215605794020892,0.0022210344926746582,0.0023143121160252413,0.0024412611735232063,0.0026095078669670178,0.0028299737553489435,0.003118570658296635,0.003499049151582554,0.004007977005307197,0.004703871406763817,0.00568497171169067,0.007126444927387508,0.009365747413976108,0.01312314530107047,0.020170405825547615,0.03588274195461392,0.08321059521598848,0.3428875348780208,0.7276247254778592,0.12357358678388246,0.04229917336101924,0.02064094516015692,0.012079099648026654,0.00788722896349898,0.0055425668318374675,0.0041064963579981245,0.003167150800157189,0.0025214399706833257,0.00206011108344297,0.0017202785855107699,0.001463728438467799,0.0012661792016321909,0.00111161299755029,9.891200229347446E-4,8.910627189899037E-4,8.119670863303231E-4,7.478315489991762E-4,6.95684299374829E-4,6.532931885297231E-4,6.189718518308874E-4,5.914480041748587E-4,5.697727447052197E-4,5.532574585259592E-4,5.414297451389088E-4,5.340029838074317E-4,5.308563611876694E-4,5.320238341529098E-4,5.376918281798546E-4,5.482066732191213E-4,5.640940650730219E-4,5.860944964468742E-4,6.15221064001505E-4,6.528500572373726E-4,7.008616114596688E-4,7.618598233510925E-4,8.395195900548042E-4,9.391102361643542E-4,0.0010683172789529053,0.0012389383465874117,0.0014698239591246687,0.0017922052877569696,0.0022609095600867415,0.002979533592536195,0.004163471103718577,0.006323305179922893,0.010925408689781136,0.02372072326954067,0.0863952738357165,0.9991012344840262,0.08858065927620704,0.023302656033789358,0.01041926207554236,0.005874505324824272,0.003772311056057773,0.0026338232113508656,0.0019500980646645824,0.0015084384916133487,0.0012073482265836514,9.934699818961584E-4,8.365954707907043E-4,7.185868040464353E-4,6.280188923986839E-4,5.574022339845971E-4,5.016593733174094E-4,4.5724890951136476E-4,4.2164160446345287E-4,3.9299649992123055E-4,3.699550007691459E-4,3.515068200350734E-4,3.3690091696791187E-4,3.2558526105267696E-4,3.171654433659671E-4,3.113758922017464E-4,3.0805981716071747E-4,3.0715558442503824E-4,3.086883301169494E-4,3.127664306127335E-4,3.1958309601916996E-4,3.2942395394955896E-4,3.4268218044883575E-4,3.59883686076043E-4,3.817263186000755E-4,4.0913937082224687E-4,4.4337351230023104E-4,4.8613774401352785E-4,5.398113015529845E-4,6.077789848617433E-4,6.949772665003198E-4,8.088155144273914E-4,9.60797249756019E-4,0.001169522187311897,0.0014665970437243677,0.0019091846492089825,0.0026092988048086814,0.003811196529777743,0.006133557755359302,0.01154179416108732,0.029259030641758735,0.16316520521349917,0.40384265631841443,0.044011462603302014,0.015167186096920417,0.007645519375276685,0.00463668946762136,0.003138493795570902,0.0022859872099638802,0.0017554023894406402,0.0014033921327663674,0.0011585597844107223,9.820916666895912E-4,8.514059490050992E-4,7.526326267580064E-4,6.768675149256772E-4,6.181825831495239E-4,5.725123361772171E-4,5.370031228525571E-4,5.096193519518435E-4,4.88898415005856E-4,4.7379487871530856E-4,4.6357999259056664E-4
2,0.6343888608429408,0.9999640958592758,0.6198049560619195,0.2765178457853511,0.13895045755683688,0.07984137785038498,0.05063713351587434,0.03449598942227357,0.024790545592672405,0.018568837280636245,0.014376753266382294,0.011438231721860738,0.009311509798810612,0.0077315156515614875,0.006532075767065114,0.005605089252844398,0.004877969720552347,0.004300624159226849,0.0038376505546783954,0.0034635096273633544,0.003159452522997294,0.002911517990773245,0.0027091992157170356,0.002544540545499983,0.0024115166277567496,0.0023056012673283183,0.0022234668472800316,0.0021627764107524576,0.0021220445956269224,0.0021005535707463523,0.0020983178208310266,0.0021160983921730994,0.002155474231925011,0.0022189869673011602,0.002310388039026248,0.0024350371944065713,0.0026005356510190097,0.0028177386770051145,0.0031024071642653467,0.0034779823156369585,0.003980429652100517,0.004667107560916999,0.005633978836964375,0.007051505870177359,0.00924659763633018,0.012912909826870964,0.019742712613419863,0.03480564641406019,0.0792831357387294,0.3139228680729634,0.7919632552576776,0.13233192186849052,0.044145674596838866,0.021282368751379722,0.012369731923034559,0.008042523048889114,0.005635658720484028,0.004167312499556077,0.0032095846291944484,0.002552549077290018,0.002083734731535805,0.001738630273457997,0.0014781598278837899,0.0012775706357209247,0.001120581801663783,9.961338761912575E-4,8.965009858640812E-4,8.161526069134737E-4,7.510453888107643E-4,6.981707672400817E-4,6.552596137405759E-4,6.20586039275429E-4,5.928353794599018E-4,5.710146260435784E-4,5.54391439897025E-4,5.424527261519098E-4,5.348768951530453E-4,5.315161379611427E-4,5.323867526607611E-4,5.376670201284598E-4,5.477035091978178E-4,5.630281558290093E-4,5.843902656768928E-4,6.128102057224558E-4,6.496659076821098E-4,6.968313537343747E-4,7.569012043305201E-4,8.335479124607319E-4,9.319580319397807E-4,0.0010593504437270613,0.001226966006750327,0.0014531789376489416,0.0017681743634039477,0.0022245590519201362,0.002921144278657752,0.004061817049710945,0.006124688252604725,0.01046040751582033,0.022217190491644667,0.07642553475638408,0.9333759578209465,0.10151270854168995,0.025051034655973966,0.010941981576589311,0.0060963716510724995,0.003886829232198275,0.002700750297853598,0.0019926815615280364,0.0015372330712021803,0.0012277124362371783,0.0010083675766571047,8.477819214634814E-4,7.27162245235729E-4,6.347059614696362E-4,5.626944477131684E-4,5.05904483941279E-4,4.6069780716063405E-4,4.2447812886384944E-4,3.9535627298239285E-4,3.719377527148859E-4,3.531847722978882E-4,3.3832473829359676E-4,3.2678851007365384E-4,3.181680423527241E-4,3.1218693821979157E-4,3.0867987739596E-4,3.075785172521465E-4,3.089026084069047E-4,3.1275590639446915E-4,3.1932712158857233E-4,3.2889674736137316E-4,3.418512754265679E-4,3.5870721894822624E-4,3.8014875474157617E-4,4.0708502421068685E-4,4.407367983837912E-4,4.827683997953061E-4,5.354915511294362E-4,6.021872986286749E-4,6.876288460035244E-4,7.989604630850077E-4,9.472377444796786E-4,0.0011502651403397066,0.0014381483347977795,0.0018649923313328641,0.0025359440620652024,0.0036777137915023953,0.005855269175764532,0.010817857584088111,0.026391249502120868,0.13037701020198114,0.5555944386038644,0.05045249758013669,0.01643858276500044,0.008093797509370126,0.004845860009908599,0.003253556400092374,0.0023565052593994807,0.0018020378685516144,0.001436016621106354,0.0011823859769054474,0.0010000928970787472,8.653862437028566E-4,7.637436083743128E-4,6.858762740396088E-4,6.256186490971719E-4,5.787521959938123E-4,5.423207672233091E-4,5.142175255566195E-4,4.929285189439271E-4,4.7737002524847146E-4,4.6678386316048647E-4
3.0000000000000004,0.6156973351382385,0.9980552278596838,0.6424534154310167,0.2865342735501785,0.14298846208746324,0.08169271552568745,0.05159410755607855,0.03504172687215395,0.02512903986180914,0.018795050610705168,0.014538149251224089,0.011559732653705355,0.009406651749105524,0.0078078498624014414,0.006593955426887406,0.0056551741194991656,0.004918057933902057,0.004332109893955186,0.0038617641930679,0.0034814283341180648,0.003172333609931691,0.0029204878547277385,0.002715319078202023,0.002548763080014209,0.0024146430251234248,0.002308245324499565,0.0022260305622313213,0.0021654398088591614,0.0021247707763120825,0.002103108139181183,0.002100300050556176,0.002116979859081517,0.002154639456218427,0.0022157698244256677,0.002304097117008266,0.0024249623298914906,0.002585925631506409,0.002797735000945488,0.003075907946313905,0.0034433879032570026,0.003935173306379253,0.004606765511595427,0.005550488648752262,0.006929315454946559,0.009053464270752523,0.01257485146396849,0.019062660168125318,0.03312277533406227,0.07334140263001705,0.27238680144163924,0.8925992133451229,0.14898542217429392,0.04749655259775688,0.022419259468104604,0.012877799735456332,0.008311482109203471,0.005795785972304685,0.0042713831740008425,0.0032819283142998543,0.0026054586842726747,0.0021238657624528053,0.0017698005112150603,0.0015026866757988035,0.0012969531293121287,0.0011358639869485626,0.001008102448722832,9.057921083829554E-4,8.233072465746611E-4,7.565351035588641E-4,7.024067528214246E-4,6.585927773641937E-4,6.233029938610207E-4,5.951536151959531E-4,5.730791659259421E-4,5.562746440777841E-4,5.441583064922507E-4,5.363484858638176E-4,5.326499298467433E-4,5.330468543625653E-4,5.377015438698071E-4,5.469590494335473E-4,5.613603940189291E-4,5.816688428223385E-4,6.089167085829766E-4,6.444850817587099E-4,6.902388449679593E-4,7.487594949608963E-4,8.237236504127739E-4,9.202077688756149E-4,0.0010446894265751495,0.0012074863759320136,0.001426214925458579,0.00172942623292479,0.0021662636070021992,0.0028281332624214093,0.003901334967550959,0.0058152045837718165,0.00975108446465006,0.020014523043137115,0.06321347632128509,0.7036416053801371,0.12992468996078516,0.028426601445351286,0.011903364749381072,0.006494518809956627,0.004089337122994793,0.0028179654977569086,0.002066767330689096,0.0015870929671992352,0.0012628538552247038,0.0010340102100930778,8.669989427096338E-4,7.418700898537265E-4,6.461584252160925E-4,5.717451329916199E-4,5.131535630292198E-4,4.665777762741461E-4,4.293058882165179E-4,3.9936589812366327E-4,3.7530184501646373E-4,3.560288947944485E-4,3.407376002401819E-4,3.288295087532812E-4,3.198731294447026E-4,3.1357336286300195E-4,3.097500778296059E-4,3.0832324486165357E-4,3.0930324946323374E-4,3.127858986683647E-4,3.189523223558248E-4,3.2807456833584256E-4,3.405283284625508E-4,3.568150818033532E-4,3.7759723076051917E-4,4.0375187691027415E-4,4.364522902942218E-4,4.772918579312344E-4,5.28475226199005E-4,5.93119178884776E-4,6.757391361226425E-4,7.830624059052902E-4,9.2544361048772E-4,0.0011194506503947887,0.0013928740452291066,0.001795150394500998,0.002421080862820538,0.003471408207727143,0.005433626928525035,0.009757568034846162,0.022473577503589578,0.09363514615703011,0.8843373284917948,0.06470354377663738,0.018936353627968094,0.008932244731381376,0.005226885478144902,0.0034597532057176767,0.002481492521622333,0.001884052468457564,0.001493063168438326,0.0012238684732840018,0.0010313296078127538,8.895816518942062E-4,7.829317131353204E-4,7.014056015924662E-4,6.384166549830757E-4,5.894765088630126E-4,5.514492341912952E-4,5.221036626314366E-4,4.998366875479688E-4,4.834984021935797E-4,4.722799385609852E-4
4,0.5903599569289067,0.9915575710904373,0.6748419162401875,0.3013373957705557,0.14892793388906522,0.08439604280034825,0.05298253062954743,0.03582898978550563,0.025614745690201182,0.019118061196108354,0.014767669252583033,0.011732033242634863,0.009541399597336726,0.00791598260665631,0.0066817375671650945,0.005726389369423752,0.004975226166395879,0.00437716051938195,0.0038963914522860982,0.003507255585285668,0.003190963609252637,0.0029334881589109475,0.0027241745349864707,0.0025548160256401256,0.0024190342286870155,0.002311863891163395,0.0022294781211343864,0.0021690125178248855,0.0021284611492689808,0.002106626838896061,0.0021031153817930603,0.0021183699760450835,0.0021537497722241505,0.0022116662473878673,0.0022958045960412925,0.0024114771879070605,0.002566187877720089,0.0027705408710325704,0.0030397291962295857,0.003396034839155779,0.003873175091499124,0.004524199055942373,0.005436645145678984,0.006763692790965076,0.008793926130992539,0.012125850113629636,0.018174080868367633,0.03097873656141587,0.06611025955739622,0.2258247376878612,0.9882621721092054,0.17762544306686825,0.05284917082936962,0.02416889533450486,0.013643048703673107,0.008710799492947896,0.0060310281370236475,0.004423058310528151,0.003386751768883652,0.0026818311772063234,0.002181679478802937,0.0018146879176317565,0.0015380366653632773,0.0013249353283020838,0.0011579736459568371,0.0010254566147764562,9.192895458989258E-4,8.337112077609113E-4,7.645120629893302E-4,7.085404851421676E-4,6.633853531040619E-4,6.271696892879756E-4,5.984161212342587E-4,5.759601069752549E-4,5.588957091810777E-4,5.465437525774817E-4,5.384350169433728E-4,5.343028290150102E-4,5.340808698860666E-4,5.379037568186194E-4,5.4611017871468E-4,5.592509610491614E-4,5.781072871235833E-4,6.037277477676457E-4,6.374985566498003E-4,6.812738506262814E-4,7.376211152422534E-4,8.102379754230894E-4,9.041022864902692E-4,0.0010247311683590366,0.0011811601810436622,0.0013900108220720713,0.0016777575385669328,0.0020891490716085483,0.002706301811295227,0.0036938413087257726,0.005422481418851803,0.008877560365020451,0.017449035719612056,0.04974541692015546,0.41733690154454933,0.19273374720515754,0.03440206190399372,0.013473483537196816,0.007119492624732881,0.004399876119760661,0.00299500150644578,0.0021775010009934728,0.0016610677139441313,0.0013147132891760838,0.0010717026664376226,8.951610391736834E-4,7.633712991115716E-4,6.628644229398189E-4,5.849199163262084E-4,5.236827456205653E-4,4.7509826056741283E-4,4.362841744464364E-4,4.0514708045380016E-4,3.8014132431718044E-4,3.6011364402196934E-4,3.4420101273804454E-4,3.3176227058656844E-4,3.2233159996204356E-4,3.155863293991573E-4,3.1132432838973666E-4,3.09448112316801E-4,3.0995409203747316E-4,3.129263713612403E-4,3.1853523304390947E-4,3.2704106200405E-4,3.3880505884398477E-4,3.543088645510456E-4,3.741863732744021E-4,3.9927287378509565E-4,4.306797337255679E-4,4.699079965667055E-4,5.190231295020217E-4,5.809289394202597E-4,6.598078968710265E-4,7.618516982854758E-4,8.965210466297315E-4,0.001078821523324385,0.0013336525747368773,0.0017047065943848567,0.002274295312585131,0.0032126051812832626,0.004919220353219228,0.008522828152500293,0.018313701850855662,0.06325501204986089,0.8707277993076864,0.09687758222921118,0.02349224309620664,0.010339771406728007,0.005839463305025868,0.003782651250949861,0.0026738202139393688,0.0020087077103492276,0.001578991577413199,0.0012859323699025958,0.0010778227482500173,9.254479479494602E-4,8.112816501434579E-4,7.242864779522725E-4,6.572283228877991E-4,6.052072438546661E-4,5.648152026717791E-4,5.336342961556018E-4,5.099285352225881E-4,4.924500742268344E-4,4.803154966301741E-4
5,0.5592770415823668,0.9770502944289213,0.7172900383234903,0.3217906037696285,0.15709013606946184,0.08807506459989918,0.05485583213943693,0.036883086056163174,0.026260458906284027,0.01954466347446552,0.01506911101007882,0.01195743216809399,0.009717332535924463,0.008057177254613978,0.006796562636019861,0.005819825080070445,0.005050521674330737,0.00443675840986877,0.003942419681592007,0.003541756761470027,0.0032159666298097957,0.0029509909934237574,0.002736083448899445,0.0025628697417177395,0.002424729611098155,0.0023163921720440145,0.002233676800175773,0.0021733366528668167,0.002132977258295896,0.0021110315652363666,0.0021067785246613115,0.002120397469714436,0.0021530576117728397,0.0022070524943636773,0.0022860043108100378,0.002395184113747913,0.002542025102177754,0.0027369570596546154,0.0029947817939869428,0.0033369870109754467,0.0037957581323248106,0.004421225366490516,0.005295261753342395,0.006559541256039776,0.008477514816249756,0.011586647744285822,0.017129109710223963,0.028536511476257513,0.05832744883911263,0.18083393309881607,0.9748975866314706,0.22679591834331514,0.06112421909193635,0.026732722098281404,0.014730886823266617,0.009267207145800295,0.006354070633320632,0.004629053778288725,0.0035279571990123474,0.0027841479409123865,0.002258902800596386,0.0018745978124000144,0.0015852609820036258,0.0013623963704856783,0.0011876561215628226,0.0010488249648426804,9.375132204484429E-4,8.477811422518849E-4,7.752953287942605E-4,7.168007800037962E-4,6.697856932602196E-4,6.322667595670618E-4,6.02651717840525E-4,5.79653119768791E-4,5.622373857522402E-4,5.495987734089503E-4,5.411504433494377E-4,5.365257771828071E-4,5.35583806779532E-4,5.384141249549064E-4,5.453394394852312E-4,5.569177361065572E-4,5.739501844575791E-4,5.975053446929373E-4,6.28976854593857E-4,6.702075654450721E-4,7.237524352614648E-4,7.933572426509816E-4,8.839609465905542E-4,9.999800708420626E-4,0.001148820215807404,0.001345917639803333,0.0016153972281738778,0.001997043117578069,0.0025626222047129238,0.0034531515010353554,0.0049774762474699445,0.007923485124863081,0.014827045305273217,0.03791145252827894,0.22347573065677295,0.35349933111454807,0.045231615294373514,0.015985102774426673,0.008062160904417914,0.004852689663078714,0.0032475982046552914,0.0023331706028811763,0.0017639781008340265,0.0013863153830459879,0.0011234568134922142,9.336676009798775E-4,7.926722410373169E-4,6.855651178698707E-4,6.027733976665722E-4,5.379110309520847E-4,4.8657739534389816E-4,4.456551385356707E-4,4.128846720801622E-4,3.8659838548945285E-4,3.655504172476593E-4,3.488053717904022E-4,3.356643080167064E-4,3.2561471396265083E-4,3.1829609396387556E-4,3.134758391944081E-4,3.110320816667095E-4,3.1094168157609E-4,3.132725785098019E-4,3.1818055538893996E-4,3.2591110595275185E-4,3.3680767545944375E-4,3.5132822195826176E-4,3.7007304218614E-4,3.9382842318519596E-4,4.2363336688295964E-4,4.6088113908803E-4,5.07475085666439E-4,5.66071691750308E-4,6.404686066748763E-4,7.362426416008862E-4,8.618375814706719E-4,0.0010305024956615428,0.0012639342984759343,0.0015995803736006593,0.0021064966496621013,0.002923458182831497,0.00436363544253496,0.007260770033689177,0.014484361280985946,0.04175706730728423,0.3587124763106926,0.18566573675804812,0.032165493245923694,0.012687329299223964,0.006796363748209259,0.00426785413574166,0.002955568578582034,0.002188114078883096,0.0017010838438494833,0.0013732771734018356,0.0011427794444615524,9.752741501141722E-4,8.50487619276055E-4,7.558107806305292E-4,6.830636733490277E-4,6.267515530681168E-4,5.830771956512836E-4,5.493583715578499E-4,5.236729491335084E-4,5.046372815948686E-4,4.912655300939543E-4
6.000000000000001,0.523633265259943,0.9510160992700691,0.7695013825718295,0.3491248770478202,0.1679441601860916,0.09290837604180836,0.05729023192100396,0.03823979953473369,0.02708415640498858,0.020084343034666753,0.015447721731878245,0.01223904492263857,0.009936532734117086,0.008233058680969286,0.006939881305974419,0.005936870922333688,0.005145291599878636,0.004512181163826395,0.004001015718110987,0.003585949845184152,0.003248184078044976,0.002973645279801716,0.0027514975634616193,0.0025731850334969014,0.0024318168867041487,0.002321775162490251,0.002238471577242266,0.0021782097186849344,0.0021381264110568936,0.00211619453614242,0.0021112726420623217,0.002123188515827079,0.002152848705405284,0.0022023767031486945,0.002275300129862699,0.0023768315700594123,0.0025143199853213663,0.002697996897853971,0.002942222405967569,0.003267591213447923,0.0037045757140804748,0.004300061816283086,0.0051296699321540466,0.006322493809039341,0.008114868062459805,0.0109796696623493,0.015981705228113437,0.025953035237584784,0.05060974772269108,0.14152193153107873,0.7863516307451733,0.3148731833530778,0.07405204793314071,0.030452245165200804,0.016245861073161044,0.010021876040552187,0.006783943567450853,0.004899227238543515,0.003711151624847568,0.002915895737365638,0.002357910578303824,0.0019512953605955107,0.0016457683286850455,0.0014105128246766061,0.0012259132264083046,0.0010790590378338977,9.611748048142889E-4,8.660949763895325E-4,7.893354331556147E-4,7.275191932447306E-4,6.780176609183997E-4,6.387250938288754E-4,6.079169132448775E-4,5.841627720732892E-4,5.662776606023941E-4,5.533010245407536E-4,5.444963668087404E-4,5.393636625851079E-4,5.376560880595236E-4,5.393930707728248E-4,5.448647760176017E-4,5.54628634797176E-4,5.695049461589935E-4,5.905848223409811E-4,6.192717033186016E-4,6.573971358749199E-4,7.07505644326312E-4,7.734253093623768E-4,8.601670375092203E-4,9.71009074886099E-4,0.0011113981434504108,0.0012954317498359573,0.0015447826684845678,0.0018940593522807463,0.0024044057436104272,0.003193235996040079,0.004509776720220271,0.006961533864011907,0.012368133667501002,0.02841092925790863,0.1210476762638592,0.7957074620578597,0.06683402748568554,0.02011775430860694,0.00948695209327827,0.005505499287338792,0.0036010656022789312,0.002546658576980665,0.0019031276544910116,0.0014821532396428589,0.0011922170532159466,9.845445376240065E-4,8.312191613380326E-4,7.153209932547092E-4,6.260976277696121E-4,5.564368351225708E-4,5.014701084346913E-4,4.5776554389075503E-4,4.2284338690467486E-4,3.9487589620896646E-4,3.7249648384042426E-4,3.546757796595065E-4,3.4063979449149966E-4,3.298150683210532E-4,3.217912797993539E-4,3.162951950392119E-4,3.1317207725214247E-4,3.1237229250241855E-4,3.1394207391901045E-4,3.180183473141651E-4,3.2482823631451016E-4,3.3469444460966567E-4,3.480483064335059E-4,3.654531196119263E-4,3.8764171728472905E-4,4.1557449792652005E-4,4.5052795098238804E-4,4.942302013177943E-4,5.490713703234302E-4,6.184368550789216E-4,7.072497873910651E-4,8.228841484202475E-4,9.767662636083398E-4,0.001187327046811217,0.0014857832868965487,0.0019283309887770856,0.0026243740816400624,0.0038102839755828712,0.006076657563136347,0.011259112948177264,0.027623667684777843,0.1385104807883937,0.537107687231943,0.05097746244863949,0.01680004423017955,0.00831652427375931,0.004996968977212578,0.0033641535686501876,0.0024420063127209733,0.0018708639060519081,0.0014931751650246188,0.0012310780321207547,0.0010424971696920866,9.030693648454657E-4,7.97887150107054E-4,7.174083372988244E-4,6.552932442156947E-4,6.07198961626099E-4,5.700774236564343E-4,5.417522717027452E-4,5.206568689311621E-4,5.056691399353319E-4
7,0.48482984438329546,0.9108032035242378,0.8296967025930271,0.38502327081283194,0.18216066970577924,0.09914817436816854,0.06039177973657881,0.0399483620180778,0.028110374028401126,0.02074995348580192,0.01591053300198908,0.01258095806935998,0.01020164149673444,0.008445619615030958,0.007113441523801106,0.006079202533114171,0.00526117810030997,0.004605008165432552,0.004073642525867206,0.0036411292606039554,0.0032887029779361306,0.003002307634663228,0.0027710345469518275,0.0025861449734740313,0.0024404617090390953,0.0023279922678373236,0.002243701666766441,0.002183390454656189,0.002143655678694848,0.002121921307273211,0.0021165241096371555,0.002126837004064684,0.0021534115198707008,0.0021981302010956683,0.002264380576971104,0.002357292501704886,0.002484117165109963,0.002654871407777431,0.002883440372539665,0.003189461760131846,0.0036015833409923765,0.0041632620040451315,0.004943568054382988,0.0060585615677416285,0.00771690780423361,0.010327003110144863,0.014782132214771527,0.023361571013765705,0.0433888567911685,0.10942844348821205,0.5326846076173178,0.4809477853700435,0.09508191807043502,0.03592186156020078,0.018356422862493296,0.011038033734200212,0.007348916924876708,0.005247838957917175,0.003944243834360852,0.0030818623849750326,0.002481875675817852,0.0020470848444347706,0.0017213719312439257,0.001470793338231551,0.001274034879299866,0.0011172652923271266,9.91210353837304E-4,8.894244095031832E-4,8.072458224265556E-4,7.411596423263374E-4,6.884076860065186E-4,6.467493671915032E-4,6.143146299619707E-4,5.895150223798325E-4,5.709948742484132E-4,5.576135158413931E-4,5.484525550242958E-4,5.428408697979343E-4,5.403866752597969E-4,5.41004167770213E-4,5.449247194937888E-4,5.526899391044615E-4,5.651338253296806E-4,5.833707386830512E-4,6.08816029440398E-4,6.432897170331407E-4,6.893260787078332E-4,7.508700457758643E-4,8.331610465958061E-4,9.384249332973067E-4,0.0010698535570206006,0.0012400705919777357,0.0014683432487653592,0.0017842085271191931,0.0022385661801553455,0.0029267199977909466,0.004044272807631249,0.006045614193475484,0.010194760787432632,0.021181636183534473,0.06908794367934946,0.8060002187598685,0.11861279995284589,0.027404542130490914,0.011707148070934871,0.006458264758657926,0.004096597461315436,0.0028380263980792033,0.00208951813080822,0.0016088236219769308,0.0012822219069913013,0.001050665649049683,8.810425730342766E-4,7.53611321786153E-4,6.559938279799132E-4,5.800915880353482E-4,5.204092017554993E-4,4.7309869857597444E-4,4.3539265060154903E-4,4.052564639332379E-4,3.8116912479909597E-4,3.619818824155641E-4,3.4682564010941663E-4,3.3504945532900705E-4,3.261791087864146E-4,3.1988859120212984E-4,3.159798623200586E-4,3.1436803539729597E-4,3.150705406848298E-4,3.181999290729565E-4,3.2396082144374883E-4,3.326521398823025E-4,3.4467629624076573E-4,3.6055766765708875E-4,3.8097373997711886E-4,4.0680412058498067E-4,4.392057477961446E-4,4.79727941971719E-4,5.304900900755117E-4,5.94460948509663E-4,6.759083959356063E-4,7.811461010040558E-4,9.198206853865482E-4,0.001107234897037271,0.0013687812318440263,0.001749000262932638,0.002331725024217483,0.003290010656313863,0.005029138310401647,0.008689134574153205,0.018570941914751903,0.06320271020145501,0.8367788742697333,0.10377395059636876,0.02479035037089561,0.010859855919609107,0.006123118839129967,0.00396480591635431,0.0028030500082082696,0.0021066847001594098,0.0016568713350685969,0.0013500920580024377,0.0011322224217044277,9.7272197084608E-4,8.532890847204348E-4,7.624080611561623E-4,6.925357005848355E-4,6.385640115893711E-4,5.969399212057192E-4,5.651417100659895E-4,5.413582926604815E-4,5.242887006255525E-4
8,0.44436346274878014,0.8556745557785151,0.8932947789027079,0.4316876993588073,0.2006928716874683,0.1071487130243022,0.06430685885582545,0.04207580343956304,0.029372195907245505,0.02155868975876634,0.016466847709345495,0.012988461374643009,0.010515951184124878,0.008697237876024376,0.007319272939297964,0.006248760064153017,0.005400106080108894,0.004717123101559972,0.0041620757810155035,0.003708892882292202,0.0033388894655841704,0.00303807943244881,0.0027955167976856862,0.0026022940330031803,0.0024509452634853433,0.0023350905037822613,0.002249225594674243,0.0021886119982471954,0.00214925057970327,0.002127934755623629,0.002122374279343503,0.002131368561093033,0.002154998574099327,0.002194810243182795,0.0022539854140822,0.002337535536704405,0.00245259878362668,0.0026089684434517806,0.002820039127249237,0.0031044609824897066,0.0034890099702816263,0.004013657737569189,0.004740889725988043,0.005773832116035368,0.007294153047340291,0.009648808598764248,0.013573153315394923,0.020862769255417263,0.03690997825209252,0.08434208676618454,0.3352285660579974,0.7757897737909097,0.13173737562339458,0.04423094467471793,0.021342099507527454,0.01241441672314607,0.008091364759190258,0.0056956035112206704,0.004238398092572773,0.0032886042646874166,0.0026350030701337355,0.002164928705785062,0.0018143543686008363,0.0015451215649963425,0.0013336362414942192,0.0011648429124927063,0.0010288199506234834,9.187753262369503E-4,8.298425534140839E-4,7.583562508942232E-4,7.014199548072817E-4,6.566497241933607E-4,6.22021114585242E-4,5.957775995093107E-4,5.763796846551904E-4,5.624868540574254E-4,5.529694775101345E-4,5.469457854207064E-4,5.438325629294843E-4,5.43392120960637E-4,5.457578734794448E-4,5.514292544834599E-4,5.6124125723561E-4,5.763288822715402E-4,5.981207560759964E-4,6.284244153342373E-4,6.697596156888919E-4,7.262141904914486E-4,8.034435961656038E-4,9.028453678392024E-4,0.0010251167803115662,0.0011812685886370081,0.0013883209649234044,0.0016710893668670807,0.0020710779984602387,0.00266392040943956,0.0035995276711875204,0.005209470954761671,0.008350864628934153,0.015839805156345477,0.041788743579122094,0.27260932752804706,0.29015139469939905,0.04189805382059725,0.015373674752106336,0.007893670178474943,0.00480365190083082,0.0032392536096127666,0.0023399677651645377,0.0017760892058361656,0.001399587617614455,0.0011360988347711674,9.449768556727311E-4,8.02481880508932E-4,6.93976883687412E-4,6.100167708239865E-4,5.44263975407461E-4,4.923200341375175E-4,4.5104239932394915E-4,4.1813046900813366E-4,3.918671617451893E-4,3.7095372421299603E-4,3.5440229410633545E-4,3.414651896515103E-4,3.315878810919745E-4,3.2437718228001545E-4,3.1957904147983206E-4,3.170623053934235E-4,3.168064103689739E-4,3.1889226291710235E-4,3.23496609961535E-4,3.3089095859539845E-4,3.414466550864869E-4,3.5564825302526065E-4,3.741180673485481E-4,3.976561821844085E-4,4.27302625427026E-4,4.6443264758934866E-4,5.109032769294629E-4,5.692819221778979E-4,6.432105142288166E-4,7.380015191136731E-4,8.616470641895414E-4,0.0010266001367769115,0.001253082394097899,0.0015756197874148973,0.0020569811752331317,0.002820911541971544,0.004139300954451702,0.006708012965367838,0.012773104144679389,0.033183401043593616,0.1989104162285682,0.35010285300683,0.04346258872726482,0.01552292396745539,0.007957837499297736,0.004877751998884336,0.0033274947437040873,0.0024386143919145746,0.0018821035440083386,0.0015111165155344336,0.0012520957993972673,0.0010648858596590764,9.260503165457399E-4,8.211578473673748E-4,7.409234111922179E-4,6.791522789868742E-4,6.315869113824267E-4,5.952326572683669E-4,5.679502394691298E-4,5.482035768003672E-4
9,0.40367931387494693,0.7874365306634807,0.9514670344811386,0.4917942355124358,0.22489661835864505,0.11740969407515776,0.06923789458351357,0.0447133148318186,0.03091411429605314,0.022533476426504367,0.01712893998401079,0.013468392325435393,0.010883552827770945,0.008990714603065277,0.007559671635155945,0.006447717091377478,0.005564259472507374,0.004850708208727547,0.004268417197589582,0.003791170310944433,0.0034004265511449238,0.0030823496633433254,0.0028260167545855483,0.0026223843586394733,0.0024637100312818595,0.002343227229294593,0.002254956914633159,0.002193605655526885,0.0021545424647160995,0.002133863915895437,0.0021285510948442898,0.0021366996139087617,0.002157779402433864,0.002192872949310975,0.002244862603545155,0.0023185875398691403,0.002421052321686841,0.0025618246252786425,0.002753810783663277,0.0030146742352479944,0.003369328037901513,0.003854310252241101,0.004525703951855773,0.005474249416488223,0.006856238409289596,0.008962306303107416,0.01238812158292915,0.01852341176833168,0.031267589266536264,0.06522103991693334,0.21113503851628226,1.0105613167138252,0.20244425220362963,0.057530214738893484,0.025688593396484036,0.014309959984821374,0.009076154170923301,0.006273086309097035,0.0046095750338382285,0.003545192719058043,0.002822900492228552,0.002308631366330571,0.001927560245764507,0.0016358095033112956,0.001406699138780097,0.0012235256543393844,0.0010755132953364365,9.55436025749582E-4,8.581928304844839E-4,7.799602999498908E-4,7.177007024176675E-4,6.688827424219763E-4,6.313226136859548E-4,6.030906399801597E-4,5.824571546830337E-4,5.67870207385123E-4,5.579666601026844E-4,5.516171545864524E-4,5.479960732553469E-4,5.466554495259723E-4,5.475755186562951E-4,5.511714054403503E-4,5.582547801142808E-4,5.699726802457993E-4,5.877667108163373E-4,6.134301137568232E-4,6.494577565956983E-4,7.000887082744907E-4,7.715894158277869E-4,8.648938661108385E-4,9.780545739251547E-4,0.0011203066160383108,0.0013066476716977306,0.001557687733406438,0.001906666782228391,0.0024124361978606784,0.0031876120374225176,0.004469467516922077,0.006829394634786346,0.011945655297666231,0.026657005532322108,0.10495165216112697,0.9383759207773674,0.07732369260563332,0.022022925637548284,0.01017314795872433,0.0058459066911785,0.0038033725322917876,0.0026809493076700446,0.0019987112338716974,0.0015532740860682642,0.0012466583686163997,0.0010269991056772228,8.647662919288579E-4,7.421281182372779E-4,6.477744296762339E-4,5.742232745594152E-4,5.163413366858805E-4,4.704937091630073E-4,4.340362849994623E-4,4.050027217902881E-4,3.819062484249412E-4,3.6361174247660956E-4,3.4925218220989586E-4,3.381737113706375E-4,3.298991868845267E-4,3.241033923280091E-4,3.205953084722759E-4,3.193045687011049E-4,3.2027073447861177E-4,3.2363530926543207E-4,3.2963739292635663E-4,3.38614545813984E-4,3.5101090044105247E-4,3.673950839929183E-4,3.8849145141709997E-4,4.152299139864026E-4,4.488228638299092E-4,4.908832597168896E-4,5.436075275332305E-4,6.10063840925127E-4,6.946573976781534E-4,8.039041358063371E-4,9.477658676200513E-4,0.001142061422027603,0.0014130701210125947,0.001806941888414535,0.0024106386434147027,0.0034038891407905587,0.005208183645573965,0.0090112629558156,0.01930591757781082,0.06602706029538144,0.8572683525279396,0.10540141237131699,0.0254799126230907,0.011214982048830457,0.0063434570829428005,0.004118182367021706,0.0029182091242795677,0.0021978535848920905,0.0017319315787457633,0.0014138102127372895,0.0011876992455018573,0.0010221073465385801,8.981615194645094E-4,8.03988348157535E-4,7.31813435848348E-4,6.763761767669985E-4,6.340222785309293E-4,6.021646364076225E-4,5.789540489523224E-4
10,0.3640360392928796,0.7101943285203038,0.990821271740651,0.5680943400743053,0.2567037672202423,0.1306430425409606,0.07546709939071863,0.047985632197921735,0.032796160056536405,0.02370494852109274,0.017913056629601243,0.014029642500374665,0.011309568923414068,0.009329350044934343,0.007837191909786606,0.006678439445111386,0.005756041498161649,0.005008224525281727,0.004395099795242758,0.0038902493701794775,0.003475354675504991,0.003136843036290875,0.0028639084509460436,0.0026474289016932646,0.0024794135179704003,0.0023527227824756383,0.002260912157476631,0.0021981385130326403,0.0021591293034216503,0.0021392429475631915,0.002134645116472806,0.0021425942398829913,0.002161785737867595,0.0021926752902214548,0.0022377136742510214,0.002301485551734218,0.0023908291767472723,0.0025150888702697286,0.0026867026346944762,0.002922377702847701,0.0032452202537394093,0.003688469671020732,0.004302150432614863,0.005165488078479589,0.006411663919049359,0.008281351351569372,0.011250738053202784,0.0163803483470081,0.02645302011097454,0.05082149553065018,0.13728478636343236,0.7288275605389846,0.3576422416790769,0.08051450393009707,0.032294466951471916,0.016991564159744288,0.010405676622182723,0.007026483369136539,0.005081070552722374,0.00386442454411539,0.0030531765121237105,0.0024831330242220872,0.002064536901682929,0.0017456673595248999,0.0014956169150497143,0.0012954246992549052,0.0011331587457316238,0.0010010322774342583,8.936727063372248E-4,8.070972829024118E-4,7.381327212688819E-4,6.841027170697591E-4,6.426630330279409E-4,6.117095250637284E-4,5.893221547370898E-4,5.73735528544694E-4,5.633421471377511E-4,5.567371807475677E-4,5.528032718462817E-4,5.508150222277684E-4,5.505265410023821E-4,5.522053250618943E-4,5.56597305709585E-4,5.648420082990156E-4,5.783898421756984E-4,5.990171209004451E-4,6.291774153689182E-4,6.732447148580147E-4,7.382701093294185E-4,8.252143301871037E-4,9.294641229441645E-4,0.0010582826447941244,0.0012248879504070664,0.0014462901768242217,0.0017487175409777174,0.0021771876236522524,0.002814897546408892,0.003829105413966439,0.005596503092802827,0.009116413528406735,0.01781238247687366,0.05029903211796772,0.40798121149009997,0.20378019628316227,0.03603782949899848,0.014095872423272031,0.007460760881894218,0.004623296346820129,0.00315592311028112,0.002299753274837346,0.001756744752800471,0.001390814867457279,0.0011327664952701403,9.444250544512537E-4,8.033222980215E-4,6.955073363798365E-4,6.119136091497609E-4,5.464110399514742E-4,4.947097171022362E-4,4.5371698269533174E-4,4.211468768463395E-4,3.952757522892403E-4,3.7478585564110233E-4,3.5866381263685197E-4,3.461344073842852E-4,3.366173341246614E-4,3.2969866060727284E-4,3.251112328978371E-4,3.2272010346267064E-4,3.2251071345820487E-4,3.2457908698083174E-4,3.291245842301284E-4,3.364466835226031E-4,3.469478228785396E-4,3.6114472042234617E-4,3.796911507513989E-4,4.0341631596601163E-4,4.333852347605635E-4,4.7099169041791666E-4,5.181014051860893E-4,5.772754663678782E-4,6.52126100885968E-4,7.478981077715344E-4,8.724502675386922E-4,0.001037979379638942,0.0012642014786036142,0.0015845868888323983,0.0020595253588414266,0.002806851958192701,0.0040817756906081715,0.006523833142481051,0.012128671068981368,0.02993872633222664,0.1519984708448836,0.5278415110306293,0.05336091922192316,0.017843926865817643,0.008901431829969149,0.005379338467177127,0.0036396050508385154,0.002653874885977257,0.002041655596409254,0.0016358258345851389,0.0013536509248531906,0.0011503774837951588,0.0010000813143034302,8.869020744610699E-4,8.006945745815478E-4,7.347276323440402E-4,6.844012041920652E-4,6.465004652413702E-4,6.187477360631556E-4
11,0.3264136365087166,0.629256542072972,0.996362080386596,0.6621239983081225,0.2988565873098779,0.14787673532973714,0.08339292792126282,0.0520650682237275,0.03509993140160954,0.025114294240269636,0.01884084954540939,0.014683896333260043,0.011800513988913559,0.009717082786047895,0.008154658187171041,0.006943436708894598,0.00597801464249235,0.005192370852635193,0.004544878129700767,0.0040087959663353745,0.003566112555588425,0.0032036724445038177,0.0029109250792949634,0.0026787611066794157,0.0024989893994688205,0.0023641226214844483,0.0022672716215087923,0.0022020674225015054,0.00216261472339037,0.002143526795832668,0.0021400966701111707,0.0021486238418081107,0.0021668511294733895,0.0021944055727240674,0.002233125228421291,0.002287215465528798,0.002363291890981973,0.0024704762072448156,0.002620774583719178,0.002829997472082715,0.003119540171792126,0.0035195378825951537,0.004074403906459233,0.004852914942890278,0.005967759865867167,0.0076165159928273584,0.010176015232368886,0.014446977331455791,0.02239766947733535,0.0400084226996169,0.0928845086659289,0.3809470787111396,0.7135861899993543,0.1248970875014881,0.042965677151792975,0.020932923335204603,0.012248139984143156,0.008027822565504581,0.005687811340472544,0.004264823726983536,0.0033364239009302543,0.002694993969955006,0.0022297624878847536,0.001878105095674605,0.0016032443204382072,0.001383068315370279,0.001204030991916502,0.0010575862961414318,9.380333440402077E-4,8.412349843468333E-4,7.63901480740483E-4,7.03224430084646E-4,6.567034360198661E-4,6.220610404324877E-4,5.971904322357072E-4,5.801194125831147E-4,5.689994539034427E-4,5.621386164183449E-4,5.580897564414428E-4,5.557820938292332E-4,5.54655231654221E-4,5.547401178413277E-4,5.566478989147041E-4,5.614717078002411E-4,5.706576605360276E-4,5.859607810852608E-4,6.09772581516527E-4,6.465587426988576E-4,7.042794756400674E-4,7.845028355274154E-4,8.800956306732685E-4,9.961248351746989E-4,0.0011442469718993763,0.0013385014381318912,0.0015993569832677434,0.001960752073825056,0.0024832970196418227,0.003283555527049496,0.004608241069023726,0.007054711846819714,0.012391344597199852,0.027922766160786046,0.1131069214110653,0.8879097102723448,0.0743456376776793,0.021734233836270267,0.010152858527708504,0.005874120588383866,0.003840321099878409,0.002716874892456485,0.0020309576191022915,0.0015812590088822148,0.0012705008725903066,0.0010470819009369453,8.815740156378573E-4,7.561758422538175E-4,6.595694566742694E-4,5.842419879818363E-4,5.250148367069633E-4,4.7819945095232616E-4,4.4109386790752334E-4,4.116723625085003E-4,3.88388902925017E-4,3.700503856112746E-4,3.55734289180232E-4,3.4473535049155503E-4,3.3653120265463764E-4,3.307598964550781E-4,3.272041906709092E-4,3.2577918064674957E-4,3.265215115251777E-4,3.2958002422388944E-4,3.352089870070316E-4,3.4376591397803616E-4,3.557164133588353E-4,3.7164882100548536E-4,3.9230199079559125E-4,4.1861104480672793E-4,4.5177873500892185E-4,4.933851862532661E-4,5.455576518404271E-4,6.112373798839122E-4,6.946086370594654E-4,8.018079214421645E-4,9.421374090279874E-4,0.0011302314602046756,0.0013901333797311328,0.001763479536426048,0.0023273038488424522,0.0032369319746960975,0.00484418435486206,0.008090015515308436,0.016233893613481914,0.04732124045111299,0.4098201683010532,0.1914122912857254,0.034875990169063356,0.013980379618076995,0.007565202106188929,0.004789745076877224,0.0033413542203086675,0.0024905467256077602,0.001948561599879188,0.0015825898763512914,0.0013246446451960845,0.0011370038976631946,9.973791138475276E-4,8.919186935328634E-4,8.116523814477964E-4,7.505730841726756E-4,7.045506200177955E-4,6.706919822223875E-4
12.000000000000002,0.2914774120257334,0.5497434773075707,0.9584706137975161,0.7711165565832825,0.35517134114075655,0.1706173915735253,0.09358707849703604,0.057192868711404526,0.03793752461040423,0.026817376614669913,0.019941431892894445,0.015446703279588752,0.012364843321210765,0.010158731118602535,0.008515219790407477,0.007245315191575568,0.0062328181666905695,0.005406012975275289,0.004720793752937583,0.00414985970005153,0.0036755739775640524,0.0032853941504607936,0.0029692223120326385,0.0027181010502749883,0.002523715424092872,0.0023782678255439833,0.0022744522461200013,0.0022054103828684554,0.002164669339524413,0.002146130770334994,0.0021442031188912522,0.0021541378783607457,0.0021725500959305474,0.002198003494249829,0.0022314844747056413,0.0022766339815926237,0.002339746949059879,0.002429710048051698,0.0025581467345372833,0.0027400590073289356,0.002995263735756128,0.0033510279003402736,0.003846654102645068,0.004541614111449051,0.005530817960136923,0.00697554164763101,0.009171947227868908,0.012720241470035202,0.01900530669223856,0.031859722343816545,0.06532362246052009,0.20310636424992143,1.0073309406928765,0.225304801376267,0.06175455831124419,0.02703699854222273,0.014894192539804514,0.009393817654473542,0.006483873285333792,0.004774031424897237,0.003687865837921217,0.002953211390228467,0.0024290353109464907,0.0020372994973609972,0.0017329616371173763,0.0014894344733292946,0.0012908494323862429,0.0011275731905595046,9.934729216500746E-4,8.842627317490689E-4,7.965745304525798E-4,7.27499093470707E-4,6.743942750141197E-4,6.34813130683046E-4,6.064661321583089E-4,5.871855056423631E-4,5.748982119276627E-4,5.676349944187299E-4,5.636037957947197E-4,5.61333717851525E-4,5.598556680362895E-4,5.588497313640377E-4,5.586878131774184E-4,5.603459669639719E-4,5.652339469973717E-4,5.750752285812532E-4,5.921759437793624E-4,6.210265199989351E-4,6.705522312706545E-4,7.435481687554268E-4,8.306977960335532E-4,9.346417105982135E-4,0.0010656348743913419,0.0012353460825272528,0.0014596568338021497,0.001763853612225208,0.0021915747807856865,0.0028233462194822458,0.0038202345485185457,0.005541830781088605,0.00892904304051286,0.017132309183225114,0.04651721263280338,0.332543600252226,0.24894264457229806,0.03994953552934098,0.015159564328463899,0.007919440303215055,0.004874864600667955,0.003315161011006792,0.002410072478608826,0.0018377283282764879,0.0014525135111908855,0.0011809082893268349,9.825856897882471E-4,8.339187444982197E-4,7.202844700842166E-4,6.321950413171922E-4,5.632346084375076E-4,5.08904606738543E-4,4.659503300592724E-4,4.319536360387114E-4,4.0507871979753095E-4,3.839095382537717E-4,3.673444850147598E-4,3.5452823987933304E-4,3.448082635295223E-4,3.377073582090923E-4,3.3290593802606984E-4,3.3022928605267674E-4,3.29636717614629E-4,3.3121134979713785E-4,3.3515088671896034E-4,3.4176115248870785E-4,3.514548667787733E-4,3.647584732771214E-4,3.823300734211494E-4,4.0499220937186415E-4,4.3378496569534595E-4,4.700483040099886E-4,5.155487131351793E-4,5.726759485492666E-4,6.44754413131212E-4,7.365480125814347E-4,8.551031586631905E-4,0.0010112083262239174,0.001222037067892219,0.0015162071646546232,0.0019441523291386417,0.0026012879735202,0.003685758618564164,0.005665105403719421,0.009868314695865105,0.021392883038115193,0.07514621238880073,0.9317622440141815,0.1046344860675868,0.026476321134205345,0.011863087558915733,0.006784534556078963,0.00444239731382885,0.003171448231807996,0.0024049909567615217,0.00190753272562127,0.0015670284486888027,0.001324669433047495,0.0011471973058747352,0.0010146647824743101,9.145256229994855E-4,8.385725876144211E-4,7.812556827859959E-4,7.387088514047341E-4
13,0.2595924691095117,0.47555375035437797,0.8796708399791232,0.8826023558301425,0.4306514806309984,0.20110397536740263,0.1068853689400437,0.06371239317721573,0.0414650075442644,0.02889079484440961,0.021254351701952452,0.016339030158143676,0.013013774940691123,0.01066039229312895,0.008922485073984831,0.007586751372032644,0.006523066235140487,0.0056520749719654075,0.004926103166088111,0.004316853688870051,0.0038070730980316186,0.0033850624398805806,0.0030414468060705794,0.0027676282739072453,0.002555287700756614,0.0023963724058223743,0.0022831903688994458,0.0022084340867585778,0.002165116265440417,0.002146500560620729,0.002146156936613091,0.0021582576948296793,0.0021781463906813438,0.0022030741869847412,0.0022328779209511173,0.0022703697501220894,0.0023213585667554606,0.002394449816141509,0.0025009360607496137,0.002655127001275813,0.002875430443369872,0.003186513275594844,0.0036230846508078147,0.004236440849757328,0.0051063195155033915,0.006364003582658622,0.00824145849663554,0.011186937223757352,0.016173115698970182,0.025669259521060857,0.04756886558120083,0.11877240442904902,0.5591401068935061,0.4975878238878026,0.09921802401752577,0.03719365710458376,0.018879252941881988,0.01132276624415671,0.007556217590820054,0.00543472308822723,0.004130166098889954,0.003270618516959803,0.0026701586656022675,0.002228496192577192,0.0018887806149707172,0.0016179779760836194,0.0013967966964441108,0.0012139628805136503,0.0010627064406504303,9.38579449151048E-4,8.381955248770018E-4,7.586060288291651E-4,6.970621196584197E-4,6.509583492348587E-4,6.178248401781726E-4,5.953075713694713E-4,5.811323074940678E-4,5.730830879502164E-4,5.69040119238922E-4,5.671092513695726E-4,5.658323492309356E-4,5.644094539183378E-4,5.628293218308492E-4,5.618333553012823E-4,5.627268662689234E-4,5.671745562414802E-4,5.773695559557944E-4,5.977427758322327E-4,6.381669223603505E-4,7.032682552365687E-4,7.820741939648589E-4,8.745971596200953E-4,9.897723544324518E-4,0.0011374298641516232,0.0013299098788215884,0.001585901757550155,0.001936517050891231,0.002436995496151272,0.003192369609399381,0.004421013547779464,0.006637641430239172,0.011303358563420473,0.024024783337894918,0.0834016449259113,0.9576081392643748,0.10337209836511575,0.026234386191478432,0.01162218544349653,0.006548169115216047,0.0042155679271547505,0.002953117244536989,0.0021924312393024462,0.0016979791336989316,0.001358156638796158,0.0011146548341240817,9.346252973617679E-4,7.983942737037405E-4,6.935495909204785E-4,6.11896210920834E-4,5.478021808977543E-4,4.972589453314454E-4,4.5732617336277214E-4,4.257919587906723E-4,4.0095843569020465E-4,3.8150361654670204E-4,3.6639175245433277E-4,3.548158414267063E-4,3.461617315816038E-4,3.3998620024723917E-4,3.3600306176001385E-4,3.3407278437323616E-4,3.3419277551177044E-4,3.364874259284476E-4,3.411988436933037E-4,3.486805557049565E-4,3.593971321938324E-4,3.739328797561358E-4,3.9301292333069563E-4,4.175407665235218E-4,4.486584364430858E-4,4.878393510365521E-4,5.370312539192217E-4,5.988790766646051E-4,6.77079694117089E-4,7.769612341956214E-4,9.06458577103037E-4,0.001077819035161754,0.0013107273781126135,0.0016383726335493364,0.0021201033660016412,0.0028703198311414353,0.004132586801600556,0.006502109485457241,0.011763402165863348,0.027426184140795132,0.11686329402451667,0.8443385802840233,0.07301861701380682,0.022250430915769937,0.010710200143836493,0.006364973374776686,0.004271652133954631,0.0031040960481768017,0.002386662632155588,0.0019147464740447533,0.001588575317280367,0.0013548023163433007,0.0011828026489389479,0.0010539509980570416,9.563292619235985E-4,8.818991425503564E-4,8.248388300389467E-4
14,0.2308719994426979,0.4089874330455192,0.7742924874999143,0.9697533423215501,0.5308220258664054,0.24269200212892544,0.12453532451806762,0.0721218518571565,0.04590318241174563,0.031440958086112206,0.022833942764826424,0.017389512241834895,0.013762504683786342,0.011230077458127633,0.009380789689666656,0.007970520352253407,0.006851240140510725,0.005933387987959166,0.005164153229844436,0.004513491954942934,0.003964405893232488,0.0035062773839791193,0.003130808228603434,0.0028300618626559164,0.0025959017905683615,0.002420106178915253,0.0022946311790039142,0.0022117538096405936,0.002164039134606092,0.002144216350318509,0.002145125119649984,0.0021599089934154093,0.0021825659496994354,0.0022088065565751577,0.002236975812900937,0.002268699968123954,0.002309037102484774,0.002366198516542406,0.00245117963535976,0.00257773584412026,0.0027630749040874194,0.003029564356455482,0.0034078364883704322,0.003942067759155537,0.0046991841006778735,0.005786034223665541,0.007384312585375255,0.009828821039402266,0.013803846875135544,0.020912757453381555,0.03570487387054656,0.07555226641121035,0.25171470988910755,1.0088361987486898,0.18901140074543318,0.05588770428126878,0.025274540403152166,0.01417207445408202,0.009051175048486269,0.006315349825859035,0.004698346979627612,0.0036663125506772145,0.0029641593235249456,0.002458579380255586,0.002075557999870077,0.0017726713510046825,0.0015255086962145906,0.0013202287348166157,0.0011490171644695116,0.0010071820642464846,8.913918057533881E-4,7.987631548007016E-4,7.26514461844262E-4,6.71912458983321E-4,6.323106136048739E-4,6.051701092509716E-4,5.880344470683124E-4,5.784828701471653E-4,5.741180336355736E-4,5.726474367116872E-4,5.720858010191171E-4,5.710356534830003E-4,5.689290495691603E-4,5.660969803540356E-4,5.636126780250632E-4,5.63015788782131E-4,5.663432049363444E-4,5.778678237927112E-4,6.083276652175276E-4,6.647284550088126E-4,7.351338884031373E-4,8.16791742165092E-4,9.173156957520475E-4,0.0010451331507675542,0.0012099388926128409,0.001425517169342283,0.001713887218335983,0.0021127170918913488,0.0026904771725786026,0.003581018938932339,0.005073198733278579,0.007885303913079992,0.01423286141517924,0.03396656502068239,0.162477827446696,0.583694301934137,0.059595280156463676,0.019472852318138074,0.009533714836683487,0.00566516476999635,0.0037699425106735842,0.0027012160373731465,0.0020383079467711546,0.0015979762361532151,0.0012902597826411088,0.0010668880072667358,9.000854605197405E-4,7.729164173811941E-4,6.745238433135835E-4,5.976322435376923E-4,5.371714305618563E-4,4.894855283457905E-4,4.5186073886037506E-4,4.2223336583030745E-4,3.9900388677495597E-4,3.809163925363078E-4,3.669804417998565E-4,3.564216002689901E-4,3.486514974820146E-4,3.432504002096032E-4,3.399565507473291E-4,3.3865780655289855E-4,3.3938287017868404E-4,3.4229150656676964E-4,3.476651391325522E-4,3.5590060879282754E-4,3.675104904857742E-4,3.8313343681930715E-4,4.035581246624397E-4,4.297652105810464E-4,4.6299397584817096E-4,5.048449088938109E-4,5.574376437425095E-4,6.236578994778478E-4,7.075523147439412E-4,8.149768485173713E-4,9.546958818055553E-4,0.0011403188605576388,0.0013938806697793512,0.0017528680706495924,0.002285072830031629,0.003123076054777323,0.004554679808101954,0.007302804979228459,0.01362902040308557,0.03380484242318128,0.17169403207289657,0.5423504885237972,0.05937031832673184,0.020189583664588895,0.010182559613728564,0.006215647643333057,0.004248223503247671,0.00313018665900244,0.0024341623177132313,0.001971819472818602,0.0016496011188012534,0.001416586145269565,0.001242791482031846,0.0011089725217367885,0.0010010300374713923,9.058564199923122E-4
14.999999999999998,0.20524050478321926,0.35090968493083907,0.660654732701496,0.9977724065670889,0.6585787304584156,0.30037944636822966,0.14843927412404717,0.08316017588868717,0.051570350531023566,0.03461795863979771,0.024755793854124075,0.018637739264739838,0.01463198715135427,0.011878689011789761,0.009895676515570991,0.008399635348438215,0.007219605772163834,0.006252501440933754,0.005438189477991328,0.0047436620977908996,0.004151788171976999,0.003653213815922947,0.003241150443453091,0.002908748073509313,0.0026483421619355276,0.0024516832380410175,0.0023104218155162682,0.002216439755967603,0.0021619065098840975,0.002139129267942549,0.002140376997920922,0.002157909777184788,0.002184416570217919,0.0022139150959581333,0.002242912078567664,0.002271401590549045,0.0023032944972450754,0.0023461814708073897,0.0024107386876943394,0.0025103096073638112,0.002661151131153158,0.0028836730213249754,0.0032049487027069807,0.003662994473481607,0.004313969291990462,0.0052449698541600625,0.0065987623689319225,0.008626420862252937,0.011811937719274542,0.01720710708591588,0.02749780947261193,0.051363424965526115,0.13013485724352655,0.6218288224525963,0.46232628353399163,0.09579153073078331,0.0364713343722214,0.018636310882119846,0.011229062625238737,0.007530652546850873,0.005448696811856494,0.004169939402740692,0.003327460929744345,0.0027371493888307323,0.0022994531465824796,0.0019581209087859808,0.0016810434799170468,0.001450300666605472,0.0012562610722104172,0.0010937337585904638,9.594872851082668E-4,8.508575542782042E-4,7.651681212754688E-4,6.996329209306435E-4,6.514475212799748E-4,6.178819964259621E-4,5.963002968227432E-4,5.841119884180241E-4,5.787116376894312E-4,5.774850250128513E-4,5.779517660845719E-4,5.780539785139487E-4,5.764984470934825E-4,5.729781876463127E-4,5.681247074748328E-4,5.632126465646243E-4,5.600352984698896E-4,5.625832301085626E-4,5.823261112928883E-4,6.291319539778393E-4,6.909191219557129E-4,7.621282685254952E-4,8.489741460210843E-4,9.588046075895082E-4,0.0010994033187463033,0.0012810114766605186,0.0015191720793695795,0.0018394514854480756,0.002286463808238182,0.0029429490336032294,0.003974759030621173,0.00575237413937502,0.00924492462003243,0.01769438103983242,0.04790076708998732,0.33814481507409544,0.25588726322587685,0.04134353136440096,0.015726187026948463,0.008237436453631784,0.005085555265997141,0.0034686392746473608,0.00252833633318331,0.0019319365470519374,0.0015290088048296611,0.0012436862635322305,0.0010344185002587184,8.768981276029146E-4,7.560908806454203E-4,6.622318303444556E-4,5.886957883461941E-4,5.308111122111318E-4,4.8517197589601857E-4,4.492243975159444E-4,4.2100810179637537E-4,3.989908054487937E-4,3.819602095855817E-4,3.6895414856554144E-4,3.592170926695697E-4,3.521748439806498E-4,3.474208318574048E-4,3.447083110345211E-4,3.4394392928165915E-4,3.4517995590498335E-4,3.486047554805821E-4,3.5453326864194867E-4,3.6340074404723024E-4,3.757635501641672E-4,3.923108787635104E-4,4.138911853386244E-4,4.415580701905266E-4,4.7664277762540807E-4,5.208655065201043E-4,5.765067355444321E-4,6.466755123464221E-4,7.357397154346168E-4,8.500355095326108E-4,9.990758026843384E-4,0.0011976915084977741,0.0014700157297693028,0.0018573619684637925,0.0024350312261510743,0.0033517855765669157,0.0049349432550880755,0.008022583277047256,0.015315764348999436,0.03976606443677781,0.23034056160411912,0.4038159399275872,0.05374006816899202,0.01949562886949432,0.010132852166939163,0.0063020010400116335,0.004366325776888139,0.003251878424456098,0.0025499663030024763,0.0020766163874018865,0.0017372979140971225,0.0014758115693973982,0.0012493410401089907,0.00100731233594502,6.536254471229872E-4
16,0.1824970975195411,0.30116611781558705,0.5530902994494971,0.9478389525039993,0.8054981014224829,0.38129737908598155,0.18155567832994976,0.09795029993375591,0.058935377022257526,0.038637300550973454,0.027126565308477412,0.020139112177684687,0.01565154020726506,0.012621487205289645,0.010474691822631412,0.008877681059203462,0.007630213915928017,0.00661148094445037,0.005751089786741684,0.005011206829897962,0.0043737410654620165,0.0038306105655778154,0.003377011898193318,0.0030077540213221854,0.002716082534893823,0.0024939582946149202,0.002332806897565895,0.002224123614486097,0.0021597025791166274,0.0021315209954688315,0.0021314595485339575,0.00215112697397202,0.0021820806324150694,0.0022166353981325887,0.0022491818831337825,0.0022775842412232263,0.0023040604753494826,0.0023351838037662426,0.0023811724086979344,0.0024550663233473967,0.002572451147683481,0.0027521717222682906,0.003018280077585984,0.003403508695726095,0.003954974174649171,0.004743817786249948,0.005882799351748108,0.007561649773401699,0.01012595269830649,0.014274762889033074,0.021631730179225293,0.036760452769568505,0.07683468386380041,0.2487219197634625,1.028123038921827,0.2026280271336353,0.05867703938499928,0.026205588303356904,0.014586720497683696,0.009283457264124497,0.006475686666889696,0.004829465349345394,0.0037857783974140752,0.003078529178923063,0.0025688853162180616,0.0021799026372918352,0.0018678831868149893,0.0016084523246835216,0.0013887839015006972,0.0012025717838434404,0.0010465962288019274,9.185893603332583E-4,8.16206262425589E-4,7.367662523603162E-4,6.773717899098656E-4,6.351017597939253E-4,6.07122484944812E-4,5.906816109867287E-4,5.830260916574168E-4,5.81328976151808E-4,5.827264821451196E-4,5.845380060869857E-4,5.846448269269828E-4,5.818662827109407E-4,5.76099697814972E-4,5.681025003086793E-4,5.592421729179508E-4,5.530351212040609E-4,5.614909284595829E-4,5.977816546508267E-4,6.505987333627783E-4,7.116419641467482E-4,7.855915117483808E-4,8.789198041923957E-4,9.980670715375606E-4,0.0011507986829000407,0.0013481549268733867,0.0016074680288212584,0.001957789954240373,0.0024506006601017717,0.003182982622578697,0.004353774057159956,0.006420750093269693,0.01063669070188144,0.021517022538434214,0.06623693908085672,0.6669914098298872,0.14955336434649508,0.032316375976326965,0.013532877391211593,0.007424418316736182,0.0047107696700646184,0.0032717946623296175,0.0024157149821857214,0.001863520593140407,0.0014855678317142811,0.0012151607822037075,0.0010152107185061893,8.637486870426393E-4,7.470372258477566E-4,6.560616259867799E-4,5.84644615434354E-4,5.283884080694188E-4,4.840576171796338E-4,4.4920555456733167E-4,4.219395999262638E-4,4.0076950092822326E-4,3.845080112136622E-4,3.7220675094154417E-4,3.631169270865772E-4,3.566675326285359E-4,3.5245473459498715E-4,3.50236731211698E-4,3.4992936726348033E-4,3.5159965051871194E-4,3.55456777077835E-4,3.618426683734078E-4,3.712256637133326E-4,3.8420164311945887E-4,4.015067912148706E-4,4.240461757686366E-4,4.5294316342987166E-4,4.896172979940558E-4,5.359036344703703E-4,5.942362420783586E-4,6.67935666497061E-4,7.616706967770948E-4,8.822218198200833E-4,0.0010397861331604616,0.0012502986665488775,0.001539770608757504,0.0019529101819426157,0.00257162117393308,0.0035587598688589504,0.0052757116687937675,0.00865877516201674,0.01678050876756826,0.044859128059359675,0.28061913046781184,0.3515381698600559,0.05259037318578559,0.01982053341593702,0.010507574070331318,0.006620973680317201,0.004626019170009701,0.003451178610643322,0.002671663605672579,0.0020664010689275462,0.0014420365049091334,4.5592591063612573E-4,0.03097935758288976,0.20784225221259722
17,0.16237015887703846,0.2590130528217098,0.4591072657838014,0.8360478616586591,0.9379921170565236,0.4942272516297391,0.22854355653998526,0.11824369111847524,0.06870605041837048,0.043814854921874424,0.030099249951226016,0.021972155293094483,0.016862675672201444,0.013480254398187392,0.011128634732558138,0.009409453625718092,0.00808507565624743,0.007011749727348006,0.006105035084784036,0.005319589774838466,0.0046348645985934646,0.004043685487082719,0.003543654939106562,0.0031319609376615444,0.0028033992998626293,0.00255053580918011,0.002364728974006285,0.0022371015262781166,0.0021590525633772037,0.0021222700352261327,0.002118407257323172,0.002138703776054103,0.002173904608231321,0.0022148132970472296,0.002253596450304142,0.0022855279565760166,0.0023104608109066325,0.002333332670499687,0.002363563441856897,0.0024138935789545985,0.0024995145075672105,0.0026381532817049444,0.002851423752423845,0.003167607122165961,0.0036262333889502383,0.004285488705857711,0.0052349221588900334,0.006619357692022797,0.008688914424055751,0.011916079780548393,0.01730645106829672,0.02736817536411597,0.04994085463628824,0.12025228625611815,0.523822985511438,0.580467749423627,0.11190782567648773,0.04053819595622706,0.020163591979487826,0.011957057831704858,0.007946180430424759,0.005725894189601473,0.004381215622463848,0.0035054459640019033,0.0028964369988722957,0.0024454041867118196,0.002091125619353408,0.0017991641346391083,0.001551214587063011,0.0013385905282304364,0.0011576440986931981,0.001006601393454408,8.837605737401251E-4,7.868349561825725E-4,7.129984917922645E-4,6.591823180405118E-4,6.223296793151801E-4,5.994952389677673E-4,5.877963762117057E-4,5.842913679613826E-4,5.858973238031968E-4,5.894690548441702E-4,5.921044181845417E-4,5.915975708614677E-4,5.867907226232171E-4,5.775472380571318E-4,5.644682805597526E-4,5.50251168083423E-4,5.471313930027985E-4,5.720227841239974E-4,6.154272077373401E-4,6.664855098113123E-4,7.281711496263194E-4,8.061719193698986E-4,9.059878124394336E-4,0.001033709598238685,0.001197341199692733,0.0014087193425680112,0.001686793573389224,0.0020637411204356237,0.0025972408723039095,0.0033974903610820943,0.0046940705123914945,0.00702847024974369,0.011938006824861111,0.02532021519145739,0.08767382324250551,0.9590785360193295,0.10760356422342549,0.027543719091976015,0.012259196932720219,0.006937615982233151,0.004486208342408972,0.003156198744236943,0.0023521168298434236,0.0018271226975861373,0.001464319351132688,0.0012027291681441124,0.001008082010527572,8.599018840009767E-4,7.45285654112754E-4,6.557028878448702E-4,5.852645538752565E-4,5.29747046268364E-4,4.8602094466537033E-4,4.5170378874279777E-4,4.24940971991497E-4,4.0426319603528845E-4,3.884925894288813E-4,3.766820726248262E-4,3.6807870474009894E-4,3.621042970705711E-4,3.583472966933218E-4,3.565601889412971E-4,3.566574518845276E-4,3.5871089212595925E-4,3.6294178285875583E-4,3.697118672515937E-4,3.7951718360313905E-4,3.929894576134421E-4,4.1090977880230053E-4,4.342392015051595E-4,4.6417173446616154E-4,5.022178736451674E-4,5.50332510018425E-4,6.111114527822239E-4,6.880992476604035E-4,7.86284156116879E-4,9.129183609387466E-4,0.0010789243799950161,0.0013014065722401756,0.001608364795828915,0.002048104893904305,0.0027095369146311237,0.0037704841325319665,0.005628484229229153,0.009323759581900208,0.018319696658524637,0.05019947657800441,0.3312892661245373,0.3265853008872167,0.053632864877421006,0.020873714112610683,0.011240986939147305,0.007078945308345786,0.004724298617111667,0.0027127851773176303,6.650417053668566E-4,0.02164133250092499,1.8178273782428134,1.3358779022703517,0.7733070597155571
18,0.14456000722308396,0.22344934497280106,0.38071080834754245,0.6995516494065784,0.9980409345529011,0.6449105556893034,0.2966854696629545,0.14684425984744995,0.08198050372238154,0.050624755979560544,0.033897559053112404,0.024249792440129665,0.018324815855302903,0.01448647018348908,0.011873440852024957,0.010002049968357834,0.008586643899958722,0.007454076959411687,0.006501167088303775,0.005671436766038488,0.00493945343927114,0.004297924143817212,0.003747026613117745,0.003287139783973552,0.002915496557031702,0.0026258985842594236,0.0024099413550717134,0.0022584354020805672,0.0021623343678699282,0.0021130044347546437,0.0021019605298049954,0.002120340593897116,0.0021584943163982617,0.0022061285783482342,0.002253353638009089,0.0022925750491938385,0.002320578278989612,0.002339815648655958,0.002358270796229571,0.002388171061831569,0.0024445146046266587,0.0025443919771334918,0.002707630389990683,0.002958902269134746,0.003331426766691023,0.003872799895899162,0.00465441337612809,0.005787944558016269,0.007457403512778852,0.009988929893765318,0.014022087090507628,0.020991742446130255,0.03475608523587889,0.06886142392317267,0.19774878914538524,0.969894123125849,0.2838467067974394,0.07252542286150587,0.030422077125261255,0.016341657786600808,0.010174402492039616,0.007002903493482614,0.005185690398326936,0.004055795628776045,0.0033024684045455713,0.0027656744169325276,0.0023572009287642598,0.0020271331929630457,0.0017481551352186593,0.0015069263447168996,0.001298220023216511,0.001120525061939533,9.730890054537605E-4,8.544663562158148E-4,7.622419418359016E-4,6.933564247674114E-4,6.445411371596716E-4,6.126001629921143E-4,5.944758416420329E-4,5.871462801361085E-4,5.874603075358897E-4,5.920486432641136E-4,5.974469308797099E-4,6.004734646072852E-4,5.987007788543426E-4,5.906670672976939E-4,5.756786842636682E-4,5.5499461184022E-4,5.404687450458811E-4,5.531785491730163E-4,5.866806044689167E-4,6.278742655821003E-4,6.778402904761081E-4,7.414762577556704E-4,8.235941567312601E-4,9.291720992603471E-4,0.0010642306552144827,0.0012370397066492535,0.0014600842749314565,0.001753588037399499,0.002152186812743903,0.0027184545957426335,0.0035730062187535336,0.004970067534668766,0.007519291081610631,0.012996200760112608,0.028519767996282894,0.10795879911067663,0.9709883876846359,0.08950199560740796,0.025160185878151085,0.011608285457749761,0.006695726090138307,0.0043821738456586365,0.0031089553855178117,0.0023312957771232704,0.001819506754933063,0.0014635253244830583,0.0012054495426010974,0.0010125312854631385,8.651051174746048E-4,7.507229179461101E-4,6.611179194594663E-4,5.905556894786888E-4,5.349026614341084E-4,4.910804634244598E-4,4.567338693034527E-4,4.3002069413178816E-4,4.0947441132920844E-4,3.9391308043163566E-4,3.823802404848418E-4,3.7410934003618727E-4,3.6850561574636376E-4,3.651397905537485E-4,3.637478852116375E-4,3.642319048534584E-4,3.666577686596074E-4,3.712494752729295E-4,3.783813909156581E-4,3.88572800790614E-4,4.02489973446229E-4,4.209611482267829E-4,4.45009849463213E-4,4.7591280708686234E-4,5.152916388946961E-4,5.652536361425989E-4,6.286085292438078E-4,7.092088437966583E-4,8.124992477678152E-4,9.46431902848885E-4,0.0011230477440456277,0.0013613263846706857,0.0016925934250270344,0.0021714536892532095,0.0028997310794855262,0.004084501765214211,0.006198968925263886,0.010519664465772934,0.02149943485100821,0.06373953653331817,0.5050985317860059,0.24893250904915734,0.05076742250444077,0.021267618898317478,0.010538262966878133,0.5953760012000531,0.20819016401676937,1.0414542258015946,1.3741539204139934,1.0546236601666037,0.5368047947622644,0.839415019071302
19,0.12876969835757124,0.19342992583544413,0.31684166936918967,0.5691434755083036,0.9481547798086157,0.8203152109535812,0.396676739531249,0.1883409186233196,0.10051407856577643,0.05979833047814779,0.03885608634947975,0.027137238207568935,0.02012402228600062,0.015686001622465726,0.012732953021139944,0.010666579814487853,0.009138766786700347,0.007938871967200386,0.006939345218803592,0.006067985467628249,0.005290916376538647,0.0045986719257117455,0.003993587920312659,0.0034799719900712785,0.0030586311423946217,0.002725561005583305,0.0024731454465524356,0.0022920628214829902,0.002172776689835083,0.0021062244912797958,0.002083758673007029,0.002096589816423909,0.0021350952936560136,0.0021884762692768447,0.002245291957504932,0.0022951584010262238,0.0023312535329389475,0.002352547875713747,0.0023645867185436167,0.0023785029324882275,0.002409090617406487,0.0024732518280364446,0.0025897478187064398,0.0027805473034107965,0.0030737592001257082,0.0035083176532136533,0.004141199040443086,0.005059172312224341,0.006399835606056115,0.008393829386588616,0.011460469253227384,0.016453527333275014,0.02539362492030717,0.04415304276829726,0.09609249691595441,0.33954323462917785,0.9214830330070006,0.1654297646736183,0.05232085764700507,0.02426953002179718,0.013803814013667903,0.008931539467125837,0.006327907266215566,0.004795429969181458,0.0038218334772012062,0.003159106945848687,0.0026757091445288035,0.002297838880203286,0.001983953625592547,0.0017124282278534462,0.001474134353159268,0.0012668067299860298,0.0010906614540630488,9.45633227040571E-4,8.303012413371438E-4,7.419944633552811E-4,6.773690465228411E-4,6.329462833130775E-4,6.053957809774661E-4,5.915528244172572E-4,5.882554966754978E-4,5.921328591848944E-4,5.995035949651838E-4,6.065229171366546E-4,6.095677254777568E-4,6.055697739707045E-4,5.919282885761751E-4,5.674911358588626E-4,5.425203185938394E-4,5.424803057762211E-4,5.655835143979944E-4,5.970090022710963E-4,6.357699175711868E-4,6.858964406046629E-4,7.516414299756516E-4,8.372282829564768E-4,9.474040791512219E-4,0.001088191989239525,0.0012680441413223627,0.0014998520577126989,0.0018046285187570163,0.002218528339149951,0.0028071366797022034,0.0036974226144616666,0.00515847868086716,0.007840631094588955,0.013660613132460097,0.030465800683898567,0.1204551777360326,0.9120538733841731,0.08349045542786297,0.024420019695153658,0.011447061282120218,0.006661046229357681,0.004384984193041995,0.0031243475377315524,0.0023506927878895207,0.0018395316549575291,0.0014827384845045438,0.0012232318307434937,0.0010286541385321096,8.795457576525291E-4,7.635742832829423E-4,6.725384139317401E-4,6.007380577818331E-4,5.440538756266381E-4,4.9940894595888E-4,4.6444179362991494E-4,4.372995489529584E-4,4.165022724793297E-4,4.008523659336865E-4,3.893751909771411E-4,3.8128304966646853E-4,3.759570573810255E-4,3.7294178865146364E-4,3.7194721525568873E-4,3.7285252548864155E-4,3.7570766747170315E-4,3.807309641101025E-4,3.8830424903820354E-4,3.9896969578450406E-4,4.1343417682163477E-4,4.3258763627670446E-4,4.5754235162573544E-4,4.897012958955048E-4,5.308675232386326E-4,5.834144180403717E-4,6.505517467872714E-4,7.367505025722502E-4,8.48442651108161E-4,9.952168410250416E-4,0.001191950378805314,0.0014628067742035672,0.0018492054838587487,0.0024269754652170286,0.003347069407146414,0.004945493715886664,0.00809803139469857,0.015713962119098642,0.042649717131587314,0.29603867070415774,0.2589396483698747,0.16974064555816273,5.280180070265873,2.398791995962102,0.5409045833105718,0.94222908550009,0.7931808887752513,0.9155310443343654,0.01938613669480001,0.0023012898303753377,0.0015515900696902532
20,0.11472569182171186,0.16798407364815163,0.2652449052297957,0.45889775430071456,0.8157159320740278,0.9637172680702459,0.5408279039828459,0.25030451687687644,0.1272006901444557,0.07249874384304147,0.045488654921762656,0.03088130236370908,0.02238672624935239,0.01714617107963776,0.013742969826343631,0.011420715877546134,0.009748301300074093,0.008466993475101077,0.007418197146883451,0.006508555572927143,0.0056910002888031185,0.004950452094020942,0.004289916004608983,0.003717944774640125,0.003240204308988525,0.0028562434980734493,0.0025601662367999234,0.0023429344471428536,0.00219455703246863,0.002105392107563357,0.002066477571671532,0.0020691085938072283,0.0021039989006479028,0.0021604841390769794,0.0022263770240109576,0.0022890735349615863,0.0023380367651226154,0.0023678487034567313,0.0023802943742659666,0.0023843158678102517,0.002394072357191149,0.002426543647958107,0.002500164739872714,0.0026351999302538873,0.0028558734773467564,0.0031941505334647834,0.0036954515044515203,0.00442738465245625,0.005494126004350576,0.007062730087686028,0.009417566439975118,0.013088366250319958,0.019194063293347937,0.030526083573427974,0.05585702016758707,0.13492970314012967,0.5840765271184758,0.559436527591186,0.11150552545487091,0.040756575514523184,0.020310480378591535,0.012066638581096297,0.008052226415253372,0.005843810842269051,0.0045165614940205386,0.0036583806848699916,0.003063318427111387,0.002619408658400107,0.002263075341954707,0.001959116094157473,0.0016906083207140932,0.0014521133345929277,0.001243965017459629,0.0010677971668882759,9.239821858900516E-4,8.109595208781225E-4,7.257186438935465E-4,6.646019260453771E-4,6.239187928590118E-4,6.002135183034874E-4,5.902275508260058E-4,5.906731738213044E-4,5.979679374456593E-4,6.080957789954142E-4,6.166997398437292E-4,6.192634299791638E-4,6.109241680379338E-4,5.869565027018659E-4,5.53858982147113E-4,5.409649929486422E-4,5.532282113755371E-4,5.749922011365592E-4,6.030777485911492E-4,6.405261613216875E-4,6.910746812589412E-4,7.583965015699992E-4,8.464025361549455E-4,9.597175225061915E-4,0.0011043458847759223,0.00128878459757964,0.0015260331113136631,0.0018373118656093846,0.0022591650238098096,0.002857901797187774,0.0037618406387193524,0.005242638229507885,0.007955612692264646,0.013826505031219231,0.030697429658723716,0.11990817460393118,0.9274896391933519,0.08643600850942632,0.025113121172168622,0.011742357277423435,0.006826459372258832,0.00449324933994386,0.0032025202287455116,0.0024108975587100565,0.001887908360564657,0.001522686883242078,0.001256784108514171,0.0010571225474566724,9.038504946045845E-4,7.84415149811681E-4,6.904849489555063E-4,6.162762281262421E-4,5.576101871536491E-4,5.113635260702221E-4,4.7513647164521754E-4,4.470436337192318E-4,4.2557684121143985E-4,4.0951297822919964E-4,3.9785272750972474E-4,3.8978264523136435E-4,3.846556812378203E-4,3.81985710225181E-4,3.814511131429221E-4,3.829021066129555E-4,3.863672798403683E-4,3.920570003835102E-4,4.003645740115018E-4,4.1186937583739954E-4,4.2734881546241166E-4,4.478078670430813E-4,4.745368274202146E-4,5.092116654398734E-4,5.540594132980642E-4,6.12127845553956E-4,6.877326138404564E-4,7.872246742202036E-4,9.203710149125965E-4,0.0011029887126773241,0.0013623478863709012,0.0017493236661823342,0.0023692598666388526,0.003474738188577546,0.005824148734561049,0.012810652278806404,0.06539172174732061,0.1660927072398868,1.1125580210016672,1.2191850695066474E-4,1.4964077171756043,0.15723662288673015,2.1896091256487455,0.006699554951751997,0.021432482644137506,0.005629370151230731,0.004921157456235448,0.0024121880303603115,5.022150905398038E-4,1.6777041579457203E-4
21,0.10219043213940943,0.146270291417709,0.2234978900523392,0.37091121680555744,0.6605019802931374,0.9909731470407436,0.7301697021193113,0.344816906482591,0.16694813033796688,0.09063948471902365,0.054608743960825844,0.03586006493343029,0.025302080803030508,0.018966742228439467,0.014957238595013418,0.012292385213657341,0.010427587932341628,0.00904130655250123,0.00793573914393528,0.0069902717166207265,0.006138913979958629,0.005355959838190455,0.004641954750224474,0.0040090017611227454,0.00346874662765689,0.0030260426763312974,0.0026781734647649508,0.002417203417637922,0.002232927547001736,0.0021150043544905387,0.0020539023002977136,0.002040817601951013,0.0020668841523628426,0.002122080155277223,0.002194405260977614,0.0022700882734998213,0.0023354535999168765,0.002380270276537253,0.0024011826866259466,0.002403293995184582,0.002399026611476858,0.002405259416175127,0.002440711878573672,0.0025250164303389218,0.0026798385583632033,0.0029318090503132896,0.003317148318253339,0.0038884420128563447,0.004724991408275133,0.005950049353428687,0.007762974739557375,0.01050766339163695,0.014839227997413287,0.022190088272785565,0.03631714655610953,0.06995886051674004,0.18873636733225146,0.8966719624772335,0.3481030248856711,0.08342512092557497,0.03366885407966563,0.017678058420589452,0.010861343649618832,0.007430149689245596,0.005501254182997976,0.004323526136678377,0.0035512267575821925,0.003006906522825732,0.002592043790022995,0.0022502942075028473,0.0019513101514501935,0.0016821567558715199,0.001440722988283783,0.0012296969773900308,0.0010519201020961356,9.08034191746251E-4,7.962301742819342E-4,7.131034284419771E-4,6.546630668960295E-4,6.170063873870752E-4,5.965649728697713E-4,5.900127612919619E-4,5.939768028574421E-4,6.047030276094147E-4,6.178082925119427E-4,6.280732885744232E-4,6.287772060702219E-4,6.109319303101138E-4,5.741330389589123E-4,5.492683235793005E-4,5.504562159554151E-4,5.627329919763404E-4,5.807320003138445E-4,6.063675220517989E-4,6.428580844904595E-4,6.934387338163332E-4,7.614330616757449E-4,8.505648805005357E-4,9.653580745495462E-4,0.0011117383112152586,0.0012980899418036636,0.0015372018898941596,0.0018498866402198565,0.0022718816936596205,0.002867802835362065,0.0037620475602577323,0.005215950500161013,0.007852718289249248,0.013471146888136823,0.02916872998598289,0.10662562991549229,0.9865917320749009,0.0997892415895988,0.02742511838506346,0.012546399955624342,0.0072130951732693955,0.004717472093732526,0.0033494600178832074,0.002515697269209296,0.001967251775921746,0.0015853180679779068,0.0013076510340953704,0.0010992213693113283,9.391227943075509E-4,8.14211032530106E-4,7.158100464910621E-4,6.379254508635479E-4,5.762410778384459E-4,5.2753777488648E-4,4.893450643051914E-4,4.5972360975215674E-4,4.3712332787603745E-4,4.202878243526908E-4,4.08190005910091E-4,3.999911235343699E-4,3.9501882336915803E-4,3.9276062432854354E-4,3.928688012656886E-4,3.951720605318029E-4,3.9968969897056757E-4,4.066458108289168E-4,4.1648457514073967E-4,4.2989219695146325E-4,4.4783621954110845E-4,4.7163914307230155E-4,5.031129885738251E-4,5.448004445475324E-4,6.00409416275849E-4,6.756219536095271E-4,7.796877341301882E-4,9.288219272147097E-4,0.0011542540672277947,0.0015241906022413238,0.0022170523944719874,0.0038554979881690876,0.010263339445268893,0.23150728315444444,0.01909252574953967,0.9316166577212891,0.16023859928622988,0.03806108617110628,0.23074105222530736,1.0031070820686143,0.962716749701674,0.47081098962292484,0.49076105417460625,0.24203289295882752,0.10491798563127874,0.01599305312721525,0.007683214835904478,0.008098454343424967,0.0011173934854299301
22,0.09096854239512836,0.12759388697770507,0.18945204549919015,0.3021481024715869,0.5221020857764956,0.8848107672909374,0.9189286924175771,0.4882168129232562,0.22821261343302499,0.11748177797872529,0.06754956047320046,0.04267021827568533,0.029159717431230144,0.021297660095772712,0.01645660814358906,0.013325109117230565,0.01119801958999348,0.009669202990448413,0.008490883419285215,0.007508407530707808,0.006630614384684955,0.0058147843159299046,0.005053792602930872,0.004360772080554029,0.003753656948989564,0.00324452620840404,0.0028359347317789326,0.002522488328972028,0.0022944073573671828,0.0021406917921654163,0.002050958040367998,0.002015944958061366,0.0020270068096056404,0.0020749666547307264,0.002148803175721745,0.002234895073408513,0.002317752090607142,0.0023828173391381145,0.002420692226757692,0.002430690555988401,0.0024215584485263943,0.002409077827833154,0.0024124264049265112,0.0024516188385668254,0.0025472087477218484,0.0027222055736217023,0.0030057841493389787,0.003438729494192966,0.0040812876030196735,0.0050251861303545736,0.006413822931471113,0.00848052474566375,0.011632026414860936,0.01665828674825148,0.025340746583888536,0.04256817407623911,0.08611909101308986,0.2589414073508788,1.0646808517711126,0.2440014629095274,0.06749014450391652,0.029169824980929356,0.015911320802512275,0.010030519343480385,0.006998942592432328,0.005268011748760729,0.004199119682468775,0.0034906715552620975,0.002984351287433468,0.0025906344756192455,0.0022581263769387715,0.00196016059668984,0.0016872364219976902,0.0014403294519049722,0.0012243525211037627,0.0010432493802137943,8.978418304870684E-4,7.860086408824163E-4,7.03913069750765E-4,6.472118315776344E-4,6.117868729440332E-4,5.93974578689908E-4,5.904301917110042E-4,5.97782611348497E-4,6.121992522925285E-4,6.288227661463045E-4,6.404601231385794E-4,6.347115110922454E-4,6.012687573963551E-4,5.671998430804603E-4,5.576305305597034E-4,5.607973022245743E-4,5.694389574951116E-4,5.84222053320332E-4,6.07825983564928E-4,6.431242003004114E-4,6.930039505251585E-4,7.60562684370214E-4,8.493803621931803E-4,9.638644134762229E-4,0.0011097906483129682,0.0012952779642236094,0.0015326042733485059,0.0018415948748212198,0.002256060031696721,0.002836684508910077,0.0036991700662330467,0.005083218560269692,0.007548823220641354,0.012661848792720419,0.02627172313026704,0.08619487874690604,0.8764216252964723,0.13133345707070632,0.03205831065553831,0.014019605718303406,0.007877259194650226,0.005082792488828367,0.0035782729850481823,0.0026727374430779087,0.0020824484069933303,0.001674016900843177,0.0013783529651106127,0.0011569470142096302,9.870225718409224E-4,8.54390281684476E-4,7.497705480663942E-4,6.66807263299152E-4,6.009569610994942E-4,5.488496727401577E-4,5.079099051758685E-4,4.761232033740735E-4,4.518858900440879E-4,4.339045464223384E-4,4.211279690208146E-4,4.127031086517187E-4,4.0795084539771957E-4,4.0635910759820825E-4,4.075910051877638E-4,4.1150543777510956E-4,4.1818828367459656E-4,4.279950463664262E-4,4.4161193121097477E-4,4.601533753956714E-4,4.8533376929519234E-4,5.19789846509217E-4,5.677168117921874E-4,6.361989969834938E-4,7.382296555360469E-4,9.003969965331771E-4,0.0011858926136054646,0.0017821661638378471,0.0035009692295599015,0.014899786814928179,0.16541582823385187,1.0253396196695774,0.14100458309045272,1.5343909784148977,0.12236253892043861,2.291293530364397,0.49514760920087425,0.17926611704437323,0.1106263719383843,0.22676655452768782,0.07225357679516267,0.08003888356987882,0.329417326344564,0.2276150937446417,0.2680819613934514,0.07542918590690853,0.011573606606029952,4.33472466162559E-4
23,0.08090782459961901,0.11140434456963981,0.16136479060806308,0.2484270180239906,0.4121065843361152,0.7178017128903978,0.9985977979399007,0.6890442187936842,0.32521628952019976,0.15876987990159935,0.08658113502452772,0.05228670519727495,0.03441604435210458,0.02436890440154035,0.018363630229484028,0.014585949386873581,0.012095066739263294,0.01036626472736633,0.009086106961533323,0.008057806580078953,0.007158738295716223,0.006322129921133648,0.0055259402979346275,0.004779165176689365,0.004104464522404688,0.0035225991151621224,0.003044037615748285,0.0026682118410257163,0.002387080902072737,0.0021893995639861033,0.002063758645603732,0.0019999876470999807,0.001989196345836,0.002022853273156673,0.002091297037118986,0.0021822399682808694,0.0022801816494640577,0.0023678386598626846,0.0024300299158807963,0.0024587172903675803,0.0024563741539050323,0.002435522256216111,0.0024150298978236878,0.0024159124473163516,0.002459081002800424,0.002565790795627181,0.00276034597185219,0.003074534969364314,0.0035538595337794117,0.004266448298292493,0.005316727724181642,0.006868474676152307,0.009188974782167066,0.012747397100624527,0.018468843105895645,0.02849365906384332,0.04892436542588017,0.10332181371286996,0.3415078015129489,1.000874226447046,0.19043831205890593,0.05811441727560792,0.026319120625495615,0.014751962795880027,0.009479264713734495,0.006716537367117573,0.005122891469394335,0.004131738275710872,0.0034701292547280787,0.002992035953500847,0.0026134986060626117,0.0022861855481001924,0.0019860805903426705,0.0017066402642197777,0.0014517817753616376,0.001228635104721372,0.0010422565479561799,8.936381681567301E-4,7.803207238937799E-4,6.980044969719404E-4,6.419678480465394E-4,6.078683561592704E-4,5.919738290695904E-4,5.910102883933292E-4,6.017827967768641E-4,6.20553967531247E-4,6.414635061219857E-4,6.516281467593356E-4,6.305486251793149E-4,5.93007217377336E-4,5.741998369223148E-4,5.691191069752533E-4,5.694473445661172E-4,5.7455628111836E-4,5.865620273937205E-4,6.080541755547756E-4,6.416142741143713E-4,6.898897122337791E-4,7.558033251370723E-4,8.427958059725636E-4,9.551281876767597E-4,0.0010983590677665228,0.0012802123754971678,0.001512206469166633,0.0018127024083686356,0.002212668437031629,0.0027670750195984356,0.0035792876227938903,0.00485933254020524,0.007084166719130922,0.011531085610233515,0.022637494364481002,0.06510852020577015,0.529209023258368,0.20685888918789044,0.040767201264644115,0.01650939540291806,0.008930821261183757,0.005636201960710855,0.003912284542245788,0.0028950351719698457,0.0022414623975467933,0.0017940641591955397,0.0014726644473556255,0.0012331920319014775,0.0010499046478968533,9.069639601436489E-4,7.941450627894065E-4,7.045342162697163E-4,6.332476396912448E-4,5.766992292099333E-4,5.321713708019507E-4,4.975554910499233E-4,4.7118904350712304E-4,4.517492228422169E-4,4.381828431909651E-4,4.296627049078269E-4,4.255669007613615E-4,4.254810305904994E-4,4.2922584042491015E-4,4.369162442594835E-4,4.490650291993211E-4,4.6676156855083575E-4,4.919953937189384E-4,5.282895417942755E-4,5.820569364890729E-4,6.658250931538675E-4,8.069996947882064E-4,0.0010765994746602743,0.0017151217588991811,0.004067246097631592,0.046424048399753656,0.04222314534579074,0.5855023323922215,0.19042019454428724,0.22069396015281548,0.3678111933981689,0.9628708810677898,0.6711228770801982,0.06677549391707199,0.07171520954417643,0.1049175497769456,0.02980665089432921,0.026853410198981638,0.05149738172396776,0.09549996177178338,0.10765072856630062,0.22677248136126546,0.7263560728789294,0.49442486261623136,0.017564075842025375,0.5573294985793492
24.000000000000004,0.07189595141121366,0.09728206025891102,0.13789547854728437,0.20599557289337672,0.3281599233922964,0.5591825515858763,0.9112939249471566,0.9032882897599416,0.4783703349852717,0.22481434910880402,0.11572616057247948,0.06636655198614048,0.0418154954217126,0.028542890925957395,0.02086700597857015,0.016177944957488415,0.013175486086466053,0.011161283108850778,0.009731430679683436,0.008635781525588571,0.007713843198604269,0.006868147640715992,0.006053348550876774,0.005266181132156357,0.004529291761355902,0.0038718580109438363,0.003314920198030394,0.0028659654245904173,0.0025210241692771905,0.002269713787848354,0.002099758327893976,0.001999679000089395,0.0019597079499494943,0.0019713787318785783,0.0020262085331218794,0.0021138782285077063,0.00222058564473958,0.002328729153607771,0.002419202394551178,0.002476472877325841,0.002494324215163979,0.00247872298079102,0.0024459315973418333,0.002417549278846613,0.0024159894647052954,0.002462726114933909,0.002579533180790637,0.0027919272544802733,0.0031342617492035123,0.0036566903581440576,0.0044350962411504845,0.005586305200235509,0.007293692645244377,0.00985645330709234,0.013801084113066112,0.020175746531603006,0.031451458408596755,0.05487983889664777,0.11975469687487136,0.424087313510616,0.873756208416493,0.16248060155191535,0.05277074082323682,0.024624606564187503,0.01405301826058785,0.00915063298079208,0.006556681908956266,0.005052231118649224,0.004113709857774867,0.003485228497364396,0.0030277107178248983,0.0026599183123385693,0.002334870984109372,0.002030176687186813,0.0017417703018147758,0.0014764373652073582,0.0012436495511074046,0.0010497179052263899,8.958823775301498E-4,7.793558391663522E-4,6.953461139614988E-4,6.387151746604166E-4,6.048804825900228E-4,5.900882033841217E-4,5.913076319480421E-4,6.0587402026797E-4,6.303385930387212E-4,6.551506054010845E-4,6.544065071966061E-4,6.224699601969243E-4,5.980157817170781E-4,5.864884205843331E-4,5.80165166958794E-4,5.772405320803233E-4,5.792335777183824E-4,5.885296580334377E-4,6.075585102313254E-4,6.386925674296091E-4,6.843946402776513E-4,7.474281903739079E-4,8.310811108657535E-4,9.394337799491084E-4,0.0010777711963155126,0.0012533275304286373,0.0014766887595771998,0.0017644247254069477,0.00214404482893596,0.0026636540457139796,0.00341213366683426,0.004565817644346571,0.006511603640022386,0.010233427006028665,0.01887346914012941,0.04729757274616455,0.2590102565765478,0.4233418161158282,0.058153027225057705,0.02076081864207996,0.010589059151349226,0.006462089059038961,0.004391336105176716,0.003203930067800487,0.002456864724181147,0.0019534895221949237,0.001596122323742804,0.0013320737312268079,0.0011310588383675903,9.747312283867059E-4,8.514382994240794E-4,7.534356399372796E-4,6.753466340665849E-4,6.132876308798058E-4,5.643613002155824E-4,5.263576174494461E-4,4.975739361052564E-4,4.767061535068982E-4,4.627870198743436E-4,4.5516294298577074E-4,4.5351223042843316E-4,4.579202764678921E-4,4.690478102238604E-4,4.88472457850026E-4,5.193928840353671E-4,5.681851181683994E-4,6.482384076219823E-4,7.909568090685075E-4,0.0010849737809869708,0.0018738106256969284,0.00575682291487374,1.1346197084883294,1.451451682772886,0.2716863027237105,0.782365612906385,0.1555346972053729,1.464928004775793,0.5461692149327647,0.1799393149781431,0.03979280944010803,0.06364345342084707,0.04879054894971558,0.01979262817651092,0.020007999973277978,0.036168091061080654,0.04118163399401826,0.04233878998250602,0.0740896127098385,0.21904657866437036,0.5726770347441555,0.5886242164461706,0.0013241390398295346,0.6049841855989639,0.45466753408116545
25,0.06385376743915525,0.08491919675078842,0.11805205448133997,0.1719305042993763,0.26432197198368906,0.43332909988173196,0.7357544729310855,0.9994248724690667,0.6987609726643369,0.33357452480195643,0.16237583144945927,0.08785078500185649,0.05262200881370695,0.0344104916257842,0.024264515915529184,0.018260766090400466,0.014528269818948773,0.012103120949604603,0.010449753336556135,0.009246649926238668,0.008287588819094038,0.007438830797454738,0.006623899374516615,0.005817084833533564,0.005032195789209129,0.004302986155291135,0.003662377923977008,0.0031297393657859123,0.002708827725938223,0.002392379158135469,0.0021680988580459774,0.0020230878448669037,0.0019460647666097322,0.0019277940079083615,0.0019602572715329814,0.0020349573477295387,0.0021407697768183855,0.0022621676481904105,0.0023792621076533706,0.002471105504692872,0.0025220393686219656,0.0025280040003369344,0.0024986266829644067,0.0024537589048580413,0.0024173638230675604,0.0024128774983292385,0.0024620688628763376,0.0025870577536664797,0.0028144214945601165,0.003180871770022757,0.003740886451646141,0.0045775673375917335,0.005819197996057127,0.007666874676353683,0.010447485098519607,0.014734677988456533,0.021673682668468128,0.033992688963760974,0.05983934301637069,0.13302407241160902,0.48828217020045084,0.7906387793603921,0.14973815085978037,0.05027902812562088,0.02383479547624306,0.013735608985446741,0.009013029395292504,0.006504348802248838,0.005047919134497929,0.004140300146740761,0.0035332284082562945,0.0030901010997957685,0.002729867329201155,0.0024051995217046697,0.0020941821156871205,0.0017946552120433757,0.0015162325021517039,0.0012709920605945945,0.0010667990201353834,9.053248933257193E-4,7.835073142413325E-4,6.960320895189465E-4,6.372914504169926E-4,6.024441866064261E-4,5.878158844228119E-4,5.909940925747333E-4,6.10577770473588E-4,6.426039064632873E-4,6.64376852601745E-4,6.485641659875061E-4,6.246457453094996E-4,6.098682959249508E-4,5.99528683311474E-4,5.910342178576112E-4,5.852347254452459E-4,5.843363795003487E-4,5.907793502179031E-4,6.068805731138711E-4,6.348622656415919E-4,6.77030558269332E-4,7.359882294628448E-4,8.148486286844582E-4,9.17476874635624E-4,0.0010488404370265394,0.0012156262872496525,0.0014273995166026077,0.0016987824508330584,0.00205354470116918,0.00253245997029595,0.0032093002331321655,0.004226485386417538,0.005884680111550788,0.008906200633035568,0.015399563668696202,0.033843687541991886,0.12828167806808172,0.9488266944647713,0.09884761845560715,0.028523419347693164,0.013286321193054,0.0077159555765837304,0.00508448372567691,0.0036347510606901372,0.0027486818438320778,0.0021646369633112564,0.0017569556187610408,0.0014595393930921861,0.0012351589037528708,0.0010616743441765998,9.252914650852835E-4,8.170366871017498E-4,7.308272394353087E-4,6.623840481515727E-4,6.08611673176553E-4,5.672467012037459E-4,5.366679053778745E-4,5.158153646205347E-4,5.042039445841639E-4,5.020548546569108E-4,5.106295735820344E-4,5.329857835661199E-4,5.757461261554779E-4,6.536687031960183E-4,8.034808208080119E-4,0.0011371818329866813,0.002150304875038833,0.009232019486332623,0.1276357075936392,1.246772341820262,0.1525770702446857,0.3972190215605121,0.18491885094850966,1.6897316348794005,0.8078666637386369,0.08811422164706718,0.031736239269960935,0.05489883021003001,0.026581662253393607,0.015592927227433887,0.018892356584161746,0.033629167645639425,0.025321582568215126,0.02650077557173883,0.050638273672131674,0.18186318302944776,0.546554537018774,0.6367397924993615,0.058357193248401856,2.932282741521664E-4,0.008069542619036536,0.06454315487394434,0.32508273536384763
26,0.05672643639528126,0.07409712266026955,0.10112493208329268,0.14410448423936129,0.21508419332929307,0.3390825805141903,0.5651904866392568,0.9033172353497243,0.9258542824627134,0.5104349614330861,0.24032723928261077,0.12219635800028333,0.06908113754513594,0.042975064396693886,0.029041978951470586,0.021087021429835272,0.016292586277968157,0.013270674117446668,0.01128373705060378,0.009907751212635442,0.008878101525409538,0.008019487961257935,0.0072187075236378705,0.00641776922083185,0.0056093637609340476,0.004822643744498335,0.004099963078466406,0.003475642594459167,0.0029660618326553213,0.0025709991596263903,0.002280226453942096,0.0020799808707560887,0.00195707577522291,0.001900617789637383,0.0019019872333492223,0.0019536307197191767,0.002047000688426719,0.002170070923586508,0.00230543473522446,0.0024307585520042933,0.002523202186755335,0.0025670924555467405,0.002560690267781345,0.0025173000687749364,0.0024601566363052995,0.002415269184255025,0.0024068096372815524,0.002456630553183777,0.002587010888086766,0.002825341835977536,0.0032103035138449903,0.0038000797912755113,0.004684017933031865,0.006000259503418955,0.007964692610335049,0.010925726416529133,0.015489474102561152,0.022859611282362618,0.03590585804140928,0.0632385879980583,0.14080203097073715,0.5174936953949822,0.7724771912487917,0.14824733284421432,0.050172487753405846,0.023850281370480928,0.013769046654305945,0.00905419815645391,0.006553509257470713,0.0051064185700248794,0.004209191770467057,0.0036126627044935906,0.003178612271677407,0.0028237611951819207,0.0024986320342352255,0.0021803910088046383,0.0018679915104404233,0.0015737949092460585,0.0013128864997917315,0.0010951768510984196,9.230941564888516E-4,7.934149808407008E-4,7.00277988815651E-4,6.375380591606755E-4,6.000967325555429E-4,5.84633804773881E-4,5.903083002729863E-4,6.180749662093694E-4,6.556445879609267E-4,6.630789361009503E-4,6.474807477927742E-4,6.339881079626567E-4,6.233198793037936E-4,6.12810678266449E-4,6.024967884885174E-4,5.942469167997146E-4,5.905697674453708E-4,5.939500929319998E-4,6.066498648048809E-4,6.307867403795797E-4,6.685286003731677E-4,7.223112559368227E-4,7.950494639208013E-4,8.903595720073351E-4,0.0010128575278658862,0.001168657088146699,0.0013662900976836932,0.001618435731337331,0.0019451600113864769,0.0023800628577929023,0.002982467754062509,0.0038635372278708283,0.0052485522824546205,0.007647651687404137,0.012421265574920319,0.024261325703994557,0.06886800088735642,0.5263265661628239,0.22752401257563595,0.04464820687898903,0.017987653564773286,0.00970287112687868,0.006116841399244815,0.004248046582529732,0.0031498223139375518,0.0024471015741687973,0.0019678484113076094,0.0016245573284767592,0.0013692016128052306,0.001173847261875379,0.0010214739518334605,9.01295687943604E-4,8.06246004963485E-4,7.31588329572687E-4,6.741565820815596E-4,6.319846297887476E-4,6.042254929482964E-4,5.913807011502807E-4,5.960430566490625E-4,6.248041276499084E-4,6.934221574837815E-4,8.431998788069761E-4,0.001208384944793339,0.0024575456812199557,0.015733900355277056,0.6661959753798058,0.8489512721731648,0.16955281352748813,0.2133081965927119,0.26562377875904397,1.0345844057974196,1.0798567242182546,0.06605940726500263,0.031072054554995218,0.0410874794362563,0.017072084159553365,0.013229692953975542,0.0195805061270042,0.033188960774303125,0.01919789143895845,0.019824358062762094,0.03966577979075494,0.1657230303149905,0.5180486386238813,0.5233421215628077,0.05212640806193821,0.005256622316233064,2.2570189186874924E-4,8.188090937492756E-4,0.005749069197223833,0.014017665362757625,0.029235518943729312
27,0.050474036676684236,0.06466243382297666,0.08662099708053465,0.12103441591188868,0.1763004608738202,0.2687745661379204,0.4319117017627567,0.7155492961043638,0.9956073620049658,0.759938938406582,0.3738654858145932,0.1799052557488927,0.09538288959152809,0.0560223412892631,0.036025439954451385,0.02506943330318425,0.018689356853470444,0.014788834852413658,0.012305176249320803,0.010656751330076373,0.009497126110532538,0.008601248295593368,0.00781583654976435,0.0070441194026115116,0.006245014499359295,0.005428553038822448,0.004637452788469664,0.003920381355142247,0.0033112698760120584,0.0028227756264967313,0.002450795072631867,0.002182554350819602,0.0020032119816021324,0.0018995390949112028,0.0018611515116122412,0.0018800987497750688,0.00194932036036599,0.0020602325581369975,0.002199887711727104,0.0023489169392430925,0.002482402879899583,0.0025754803028651178,0.0026123940190202186,0.0025936868299010728,0.002536233597232125,0.002466453156264472,0.0024121787186144666,0.002398133077696538,0.002446087987700537,0.00257826604425454,0.0028225192681440637,0.0032189163678598594,0.003828434161344174,0.004745258048490591,0.006115170672879896,0.008165047220809596,0.011257252080283657,0.016012743981218006,0.02364691601993855,0.03702867534946364,0.06468954846662303,0.14168662333235635,0.5042054505311107,0.8217240491068343,0.1577281909685435,0.05248581534351257,0.024694068238802214,0.01416461061723931,0.009279568517257256,0.006706626365935497,0.005228581871968692,0.00432036603447833,0.0037231903961669325,0.0032931175480473605,0.002942208648951812,0.002616859738279939,0.0022915574338802126,0.001965185332031785,0.0016525938884647661,0.0013723750597189198,0.0011372093119955328,9.508064015020016E-4,8.099951773685665E-4,7.083610136492858E-4,6.391570116608636E-4,5.971565840299277E-4,5.803164358410875E-4,5.918253840966524E-4,6.314214534717289E-4,6.608311145395279E-4,6.597632681346273E-4,6.521853937461992E-4,6.451744982589342E-4,6.369489291311047E-4,6.265738184296205E-4,6.151126798720568E-4,6.048720846581852E-4,5.98547529103454E-4,5.986988309044173E-4,6.075909908172147E-4,6.272820301786446E-4,6.598224758242207E-4,7.074784800043831E-4,7.729451147863773E-4,8.595589878328219E-4,9.715565422228972E-4,0.001114472093171345,0.0012958459171755372,0.0015265419546918837,0.0018232098730586806,0.00221291272455783,0.002742089575834567,0.0034950174139022597,0.004635514517311733,0.006513374068496559,0.009983575533707262,0.017609909349087627,0.040196765269850054,0.1678966406898328,0.7899176753176433,0.08676112068232054,0.02718214261252926,0.013081445676510555,0.007730925155989423,0.005153130000371907,0.0037168662661590723,0.002833462495452143,0.0022494641180168494,0.0018416731563048357,0.001544749680110667,0.0013217527979230666,0.0011508073040409972,0.0010185663367279262,9.168429179141351E-4,8.408951095003586E-4,7.887494341798772E-4,7.614725181355952E-4,7.649472071705418E-4,8.154264205641362E-4,9.580461232834315E-4,0.0013467655455889438,0.002820204712936409,0.02747982716238399,0.1792595330076974,3.431734577431857,0.2342289457913542,0.1385771191249386,0.36898945161680113,0.7764369452015776,0.7564142567440275,0.06002441747155938,0.033906303143346715,0.028852510956607434,0.01202755732510965,0.011287597238545923,0.02027089599565418,0.03471032174721839,0.018015966734196906,0.017656411660871688,0.03427777929348146,0.14539794554227356,0.4651656377435364,0.35755803889598714,0.04194417569442546,0.007681990465396913,0.0018640306917083013,2.7379623730300383E-4,6.72985533921903E-5,6.771351517954235E-4,0.0017264401331317353,0.003825922641936602,0.009032355772381595
28,0.04506332929717613,0.056503949449389315,0.07420210190477972,0.10171875208668629,0.1451068756081132,0.21532276182169408,0.33383902181252395,0.5415879022801136,0.8606658745054395,0.9734164420301686,0.5923246171172931,0.2811887733153814,0.13972591967495931,0.07690099514979395,0.046689421553935635,0.030911355699678525,0.022080194126424688,0.01685662381557106,0.013629485901185302,0.011560755774222362,0.010178213420736382,0.009189921947135346,0.008398309864839526,0.007665856495803966,0.006909381867396177,0.006103556528155098,0.005274686801318144,0.004477334338597574,0.0037645997552154557,0.003168838958742349,0.0026987277679741814,0.0023465779279860906,0.002097480889872532,0.001935815032357282,0.00184846311198236,0.0018256123678982489,0.0018600166752109303,0.0019451619825804297,0.002072512200679151,0.002228281191812017,0.0023911495813369924,0.002533491176350965,0.002628158725044254,0.002659009955435325,0.0026286010743574333,0.002557173129714886,0.0024741859835910878,0.0024092055483303553,0.0023874320854900513,0.0024304361868011885,0.0025601382440767957,0.0028043976163782285,0.0032039154692821152,0.0038212753529074084,0.004753696427081387,0.0061518573150959755,0.00824920613895566,0.011413911007256562,0.016263586027623844,0.02397755803211977,0.03727955324138154,0.06408907434350346,0.13578240230024904,0.45271812365762365,0.9387415586595891,0.18144612071869504,0.05778246165186869,0.026523452130340013,0.014980418212464028,0.009714473381813079,0.006975778403403526,0.005420260021807145,0.004476418320054201,0.0038656916424498968,0.003433860919618886,0.003085767678143088,0.0027615203029194894,0.0024307111332901987,0.0020903571121150964,0.0017571176798355029,0.001453574490655007,0.0011961650480153767,9.906905886435322E-4,8.344104408430103E-4,7.204078289968436E-4,6.413741583373483E-4,5.927438540145717E-4,5.770496122910574E-4,6.029514618352294E-4,6.441473836890396E-4,6.585276400189957E-4,6.592808190514863E-4,6.584131867275828E-4,6.560115650221928E-4,6.502887537391378E-4,6.40877617763562E-4,6.291266288193458E-4,6.174911167040924E-4,6.087878537868566E-4,6.056812720832774E-4,6.104969521514891E-4,6.252851171008615E-4,6.52010851993526E-4,6.927793156975254E-4,7.500539949305889E-4,8.268667257495388E-4,9.270503140871818E-4,0.0010555609287908937,0.0012190142354653664,0.0014266562493885063,0.0016921620135747063,0.002036989223528402,0.002496749079261004,0.0031338677015416605,0.004064713203533098,0.005524100624708339,0.008041186809305467,0.01301732991901737,0.025229464295262172,0.07021258729793382,0.5000774120800292,0.2554904963047483,0.04895229127012724,0.01948368298065362,0.01044262393469472,0.006561376914084972,0.004552824777752564,0.0033811367072961044,0.0026380722607588897,0.002137209913928362,0.0017842658611311765,0.0015281171510967914,0.0013400009412998987,0.0012040664465776403,0.0011133453747186072,0.001069438544556202,0.0010874844026068458,0.0012164403759202284,0.0016310759081011603,0.0033320732331941845,0.04466788232930178,3.011954143209516,1.2848773169696113,0.31668615454680843,0.11603373590754994,0.43431412928671387,0.6187791222049128,0.4961697589124437,0.0565668048026732,0.037656246636672386,0.021768030073628406,0.008791088473380053,0.008956612032639566,0.01844815665150393,0.03691273231853766,0.02012631664902494,0.01879549251107917,0.03399511004798191,0.13094971546964876,0.42280642045842953,0.2592744993308512,0.03503253832312791,0.008698552138597939,0.0032272525781685737,0.001290462609302366,2.748516870666789E-4,7.698931943597614E-6,7.26419860957364E-5,2.883526021960234E-4,7.802555084884282E-4,0.0019962005740139436,0.004358032802276494
29.000000000000004,0.04046212171084836,0.04953335212222211,0.0636309165620755,0.0854927593853548,0.1196171474360838,0.1736424763462755,0.2614575510452061,0.4099312200741418,0.6619119146905601,0.9652580770534133,0.8668116258200829,0.45975718474581445,0.21862172283393294,0.11224123859597529,0.0638150198084037,0.03987366551565417,0.027083187418204882,0.019800367601154077,0.01544126477082986,0.012729648102189855,0.01098588369627738,0.009815643602909832,0.008965421411293969,0.008256494127234342,0.0075625041061393875,0.0068116695087159645,0.005993337642365337,0.005148979737189158,0.004343502385692194,0.003633102006646429,0.003047953044589878,0.0025928382286876145,0.002256865121315186,0.002023334768827955,0.0018760390364477924,0.0018020400053218406,0.0017921078466722649,0.0018397241602234487,0.0019390071878389187,0.002081636293043379,0.0022531978470156436,0.0024305581278299122,0.0025832835225780273,0.002681536397881773,0.0027081909065382625,0.002667282538305867,0.002582124461462377,0.002485163321299187,0.002407765028187728,0.002375659820088336,0.0024101497728008063,0.0025325901594943365,0.0027703168561222327,0.0031637664944056945,0.003775719742215575,0.004704298304524138,0.006101923123154213,0.008203878817005184,0.01137624924356704,0.016217112113299337,0.023828680176366326,0.03666940413087535,0.0616370145912356,0.12461299258904782,0.377659143459017,1.0874801351647192,0.2285778312530097,0.06744785289863894,0.029691763913788475,0.016340064180185306,0.010411244119137075,0.007385845357230424,0.005693923888865475,0.004683442278726879,0.004042713582527236,0.0036015588181168338,0.0032547548422902335,0.0029338352553788345,0.00260083390740661,0.002248249820292553,0.0018930547662324468,0.0015620092733598795,0.0012765211278821047,0.0010456801213743006,8.678274625694289E-4,7.357882079832454E-4,6.424401468670857E-4,5.878209886243324E-4,5.85382769837615E-4,6.235199908286049E-4,6.479238950714295E-4,6.554348020937073E-4,6.598487431862317E-4,6.638250638385595E-4,6.654616417006643E-4,6.628129317258347E-4,6.554024085034827E-4,6.444142559721779E-4,6.322128548844229E-4,6.216454944305633E-4,6.154850928149481E-4,6.161679308987833E-4,6.257964375225359E-4,6.462985583501193E-4,6.796456528525542E-4,7.280744185408403E-4,7.942991144637021E-4,8.817308435766772E-4,9.947491930222387E-4,0.0011391119710194937,0.001322657744075104,0.0015565778478304967,0.0018577609555612364,0.002253176940573206,0.0027883318978705494,0.003544533694540076,0.00467728989192636,0.006512072123470741,0.009822379442774412,0.016829060932619704,0.03620064706511278,0.12887066931592076,0.9779638078691639,0.12186064122908698,0.033872419421832785,0.015498538495786855,0.008919221111025949,0.005858948503263081,0.0041991034988867,0.0032044650345788065,0.00256767670907284,0.002144105703057946,0.0018618448764340658,0.0016881769316982537,0.0016208005018738107,0.0017037772625756553,0.0021264611945718617,0.003998556834017998,0.05468367455300593,8.408427532354166,0.7308375052582999,0.33496714539044486,0.1202825021835791,0.42976508687335213,0.4911682536498931,0.370050602397459,0.05311103981578032,0.04151912876947863,0.02050329274216823,0.007081412215797201,0.006814372085041151,0.014012761164709477,0.03499279259769031,0.023441553859616937,0.021897666388734607,0.03727362339401532,0.12553977064096186,0.3971373844589573,0.22395118080894505,0.0318772361512733,0.009346453183662845,0.0043313596698118005,0.002410464524345407,9.291526561126947E-4,1.9635209442226556E-4,2.867858627861639E-5,3.684384037528225E-6,2.6936536021722797E-5,1.043706961639914E-4,2.780470919087508E-4,4.6122274088986607E-4,5.200924579533626E-4
29.999999999999996,0.036636987364784185,0.04367166075715398,0.054727421530549734,0.07190819684018152,0.09862125613765654,0.14041608442644618,0.20666117302785655,0.3143352420722113,0.49487653271361665,0.7807836096128791,1.0034266938989795,0.734500183193217,0.3636730131197438,0.1757777803038056,0.09296854221961533,0.054351624241926424,0.034812512408312235,0.024179736789720407,0.0180435113538266,0.01433966314239505,0.012027984226230666,0.010542371394436518,0.009544555674939018,0.008808068071530246,0.008166685885193908,0.00750158290078637,0.006750365378123917,0.0059158384044500365,0.005053525825278075,0.0042375684531370545,0.003526545493579384,0.0029483613386833843,0.002504227497678169,0.002180430486006407,0.0019587277508089696,0.0018224120059107405,0.0017587126717786478,0.0017589472480802097,0.0018173352157114348,0.0019287427339969407,0.002085320879555891,0.002272390431918496,0.0024653068965807927,0.0026307992791796365,0.0027357838978296473,0.002761217225943022,0.0027117549850708177,0.002613371038226654,0.0025015429695331923,0.0024096876253619725,0.002364268682518798,0.0023863293994423754,0.0024964085559216163,0.002720749995177945,0.003098544496336988,0.0036912149606871214,0.00459542991452117,0.005961925377810862,0.008022996600281334,0.011135651242699668,0.01586627347143396,0.023211949617525134,0.03528943165776241,0.057756051038660126,0.11043819886232244,0.297560441993895,1.1134225459986153,0.3217661606199952,0.08452550850784599,0.03490278432174268,0.01847518357171235,0.011464357037207829,0.007980958264825446,0.006071825160427728,0.004952759567286438,0.0042594537916314686,0.003797859352677468,0.0034492324396467973,0.0031342186784589204,0.0028043549652304873,0.002443959724283087,0.0020674348934186368,0.0017050248952682884,0.001384296882214087,0.001119268657021635,9.104948454196141E-4,7.517408128312347E-4,6.410236716294148E-4,5.946426546061985E-4,6.141260577700905E-4,6.39003960238562E-4,6.480051620890084E-4,6.532352281063273E-4,6.59989801921601E-4,6.673884267464202E-4,6.727500896005681E-4,6.737446834912148E-4,6.694054708979741E-4,6.604074981867078E-4,6.487599184632008E-4,6.371837771641068E-4,6.285088394516791E-4,6.253054996504477E-4,6.297880510411126E-4,6.43911799449082E-4,6.695649967791879E-4,7.087867491048901E-4,7.639818326208829E-4,8.381350098660469E-4,9.350525780348155E-4,0.0010596878136049648,0.0012186534855113877,0.001421107032625455,0.0016803443155473828,0.0020167288255277275,0.002463203717740733,0.0030761021527819375,0.003957798384132555,0.005308804370309481,0.00756339490144175,0.01180689185306096,0.021409451854501098,0.05147224672962566,0.24460102041564524,0.5788828837058266,0.07722803834445655,0.026504528457742687,0.013281717369075935,0.008064255412117447,0.005517613885734953,0.004115010856834234,0.0032985094679042547,0.002844003661202265,0.0026936982654283017,0.0029917096842743225,0.004802247807252856,0.04424783671547267,5.751446189719927,0.6934317505514956,0.22451819314874102,0.14492230780371562,0.37432650748360663,0.41263950372545005,0.33252694062609917,0.05025132527832724,0.044758704238956525,0.027054636126244768,0.007380400842910059,0.005955211632886355,0.010318802282089269,0.028225163994241107,0.02493168003905006,0.024616057744144635,0.041014293896158786,0.1238076343479801,0.3717998428372672,0.23164378601185978,0.030556959834961175,0.009405274192246824,0.004922523474880034,0.0034247877243462296,0.0018252976691963813,5.415176696550896E-4,1.5748283337266547E-4,5.4982588646504726E-5,2.2728000435766E-5,1.1657748230048807E-5,8.065380797669274E-6,7.140192764622641E-6,8.523031505024597E-6,1.7574692639570134E-5,5.6890079793900754E-5
31,0.03355433608903825,0.038842482240359376,0.04733881040483214,0.06064055031929429,0.08133734916196271,0.11357725518297283,0.16402068122098745,0.24377761135173392,0.3726989377424198,0.584329107314183,0.8828081479879643,0.9780509881074676,0.6144711214975164,0.29584768720488575,0.14593131312745378,0.07919506385818237,0.04740361484746619,0.031010461636298094,0.021957733540847034,0.016680009782603263,0.013477613978860591,0.011479264600797578,0.01020127067530204,0.009346031494272227,0.008705923330781455,0.008122397686048492,0.007480995608788745,0.006726528605108893,0.0058737430918188865,0.004991164976624103,0.0041615791068435656,0.0034458963552097374,0.002870114973708172,0.0024323479452455312,0.002116399961008089,0.0019026229759013082,0.0017737957824506645,0.001717227922389205,0.0017246995420451524,0.0017911551143406424,0.0019123392475529613,0.0020812095852760708,0.002283347865420658,0.002493124810219124,0.002674555011955071,0.002790661701897383,0.0028191832228892915,0.0027641169948260523,0.0026534858215517443,0.0025259167019844576,0.0024173351437923587,0.002355333088212882,0.0023608236142306314,0.0024533328421499495,0.0026574600418951887,0.0030101589638659183,0.0035698988446519176,0.004429449485210526,0.005734309268302954,0.00770900771279682,0.010695598804392605,0.015221501206353147,0.022166710154923344,0.03328083545986134,0.05295639703949037,0.09543282361810013,0.22644445920762235,0.8757760776479939,0.5166891153190182,0.11605771371769937,0.04358422118635174,0.0218185598319733,0.013041272709887029,0.008836908223552818,0.006591801430072938,0.005304015255668915,0.0045255866372101135,0.004026406367798293,0.003669406533803515,0.003362025971475384,0.0030424979196094094,0.0026824141591111055,0.002288665206072457,0.0018922495319960504,0.0015272062606625646,0.001214351904824467,9.589359056445292E-4,7.629957056880377E-4,6.493404107021194E-4,6.329039652297898E-4,6.468767448634262E-4,6.49991415813948E-4,6.49380474379716E-4,6.522307459621412E-4,6.594116365631502E-4,6.687788860539044E-4,6.772748637983515E-4,6.821464304665507E-4,6.817647365078743E-4,6.76037166770863E-4,6.663288845016604E-4,6.549935016813699E-4,6.447763069470646E-4,6.383442702688534E-4,6.380591761309554E-4,6.459733207334689E-4,6.639648273119746E-4,6.939338981205313E-4,7.380136513684452E-4,7.987820461592951E-4,8.794870051650779E-4,9.84320000168146E-4,0.0011188044372578306,0.0012904181858283826,0.0015096658668747602,0.0017919975167156501,0.002161333357616004,0.002656752101857241,0.0033458294986521597,0.004353254455297543,0.005928653274380652,0.008630132989927692,0.01392002894397402,0.026695633650580815,0.07218938875717686,0.4640645125528856,0.3065560020873216,0.05702995370003816,0.02249928750797823,0.012186973021702609,0.007936571018939461,0.005976737282509192,0.005322035309523379,0.006488860404934037,0.028852672300977367,1.5627516416780383,1.2624991896672275,0.09056967788547936,0.18168735514654188,0.28905313824280726,0.48380138987274496,0.3836570687374075,0.04847476182085507,0.04339233282245904,0.047372352527854704,0.01099958565077009,0.00704575030487541,0.009237825168138676,0.021889956279348075,0.024351243432355327,0.025694177264102853,0.04296518396361058,0.12197340280225315,0.34408724427148224,0.29046889350698174,0.030773725226719235,0.008550615952386379,0.004424420245795136,0.0034399850137158657,0.002540069068409032,0.0010120575626142408,3.4800288023213694E-4,1.5154164018027166E-4,8.886758581875055E-5,7.201880066554262E-5,7.951336377978815E-5,1.0306865128862947E-4,1.3644905399214926E-4,2.049637382015128E-4,3.7368892099944745E-4,8.060023311114627E-4,0.0019730046235031727
32,0.03118426879947646,0.034971523570348766,0.04132346078275765,0.05142620030605267,0.06722537588041376,0.09184619735783413,0.13021532756392984,0.19007883298091752,0.28410779655068885,0.4343107230992694,0.6721830344903832,0.9556576961127935,0.9145950297994201,0.5192128157782163,0.2482287877796295,0.12487115373643161,0.06923779595524432,0.04226043398799732,0.028138057232632397,0.020250227241546476,0.015618262924889884,0.012801093125233157,0.011049483940453226,0.009940077398152813,0.009204961464575782,0.008649440475311495,0.008118851971586419,0.007500060376979787,0.0067424434204900905,0.0058707315258142104,0.0049654914193239755,0.004118165377082521,0.0033926274685275085,0.0028137469257448547,0.0023771197176906777,0.0020643465911477847,0.0018544042342745627,0.0017294460414311256,0.0016767006090204588,0.0016882701019853526,0.0017597704648569044,0.0018879418630090839,0.002066931413657986,0.0022832663440461236,0.0025111379546793066,0.002712255068734304,0.0028451456842485735,0.0028826800745361102,0.0028263685812440708,0.0027053072647726852,0.0025613853368127676,0.002433716038107205,0.002351664289798816,0.002336323772222795,0.0024061259960580727,0.0025835535917014857,0.0029024084611320327,0.003416693150123178,0.004212909659499241,0.005427816326361192,0.007273522449735169,0.010072140189451835,0.014309105336721051,0.020750373580444917,0.03079912098095274,0.047707141173416054,0.08115638238623486,0.17015676697819215,0.558063654326922,0.9033646914743102,0.18044394724731166,0.05886852749120144,0.027218966871872287,0.015447505606717059,0.010085603781516746,0.007318069625991285,0.0057706543254799755,0.004858441901816634,0.004294860702914264,0.003916791011786496,0.0036157983494795576,0.0033147030019077483,0.0029676239558586387,0.002566413238776309,0.002135922581008141,0.0017135770320055588,0.0013283529692356523,0.0010013721239762686,7.785535991610289E-4,7.004010962916814E-4,6.893856111055964E-4,6.776970167400125E-4,6.63559566245182E-4,6.546197158764473E-4,6.533583750310476E-4,6.587928302713004E-4,6.683399493790881E-4,6.788209181607831E-4,6.871838692299997E-4,6.91162447349509E-4,6.897759759269572E-4,6.834917509109757E-4,6.739929891851014E-4,6.636891975091707E-4,6.552023687334446E-4,6.510107343410274E-4,6.53308756332762E-4,6.640450450689178E-4,6.85066018657584E-4,7.183053625709063E-4,7.659878902485098E-4,8.308434602785819E-4,9.163489072300542E-4,0.0010270389734878252,0.0011689610485160267,0.001350407947344018,0.0015831733000083931,0.0018847878952098784,0.002282637723588116,0.0028218609509208354,0.0035813818105162407,0.0047091526505623925,0.006508308439141642,0.009680030219809885,0.016158879037824845,0.03300099633068675,0.103162586585026,0.834472072650725,0.17988758841938834,0.04487446614752156,0.02107211320311562,0.014886610903646106,0.02503621526289363,0.05604722483809271,0.9167327127848669,0.020857842334288255,0.2002329200820263,0.18667672158671558,0.7584247616673604,0.591086744709861,0.05220416702907426,0.03658932376225295,0.0775050362651538,0.02161854429337446,0.01124903394404843,0.011319399393914853,0.01920788583895835,0.023588910700849376,0.025652591289351084,0.04275451172774206,0.1193544497427801,0.33532910392773313,0.4327501242239033,0.03822732133451476,0.008079519560282184,0.003510381072969644,0.002488143648070855,0.0021604894819956086,0.0012183847879787886,5.05126156728329E-4,2.420075714898545E-4,1.5200417302624106E-4,1.2666492570487565E-4,1.3306201004186557E-4,1.6006591972032942E-4,2.084888520161851E-4,3.070658663760448E-4,5.347328082598438E-4,0.0010829708804174856,0.002458939537033949,0.0059518703547632255,0.015355527243214078
33,0.02950646698838253,0.03199082856455438,0.03654696976700491,0.04402853371357448,0.05586358698784724,0.07437948567037275,0.10326798200575663,0.1482236614410617,0.21794285907837332,0.3262515513820589,0.4961059524177461,0.7519254037483786,0.995944946212742,0.8405109899472754,0.4485044532546358,0.21492243991180268,0.10996121891710518,0.062030003254231005,0.03845712373134147,0.025972972569118676,0.018941338823544592,0.014792888596312339,0.012270308698508727,0.010712626801502822,0.00974079597499742,0.009108720477651298,0.008630420518731828,0.008152102123869591,0.007558823054423948,0.006801199380767709,0.0059113579621992846,0.004980971307298941,0.0041107817776414495,0.003368971079206262,0.002780479297780115,0.0023390797156666882,0.0020243930929804334,0.0018139513854195735,0.001689079061109433,0.0016366874594303305,0.0016489942352422811,0.0017221697826291277,0.0018540127751103222,0.002040234875443767,0.002269108180170407,0.0025157635706946416,0.002740468985611281,0.002896947663248943,0.002951322470416891,0.002900096981509785,0.0027718296258664957,0.0026116008024321077,0.0024625960181271123,0.0023569233510702995,0.002316440103639369,0.0023585925603869006,0.002503427289007123,0.002780844982062706,0.0032390822973145574,0.003956270807449991,0.005057200477529878,0.006737126368996825,0.009293648627640842,0.013169586968290459,0.01903025790178144,0.027985922668252228,0.042356668024173066,0.06842925328716967,0.12841381498545773,0.3374184200431801,1.161565107002923,0.333968685826856,0.08855161700394656,0.036488376406217854,0.019274412600096328,0.011966164239731479,0.00836226487505489,0.0064099149002812255,0.005288482536135663,0.004618386758719806,0.004196591256134309,0.0038945712255665146,0.0036187013532647722,0.003302075410893658,0.00291141354658873,0.0024501245142244965,0.0019453601002709414,0.0014398106502822533,0.0010360185609788921,8.48472709472147E-4,7.902515159898805E-4,7.513648947373338E-4,7.142308184550153E-4,6.847378559003022E-4,6.661872503433409E-4,6.58471112481822E-4,6.597255977803405E-4,6.672359404607267E-4,6.778850087096166E-4,6.885309416104231E-4,6.964643013057247E-4,6.998894721393357E-4,6.982579938907768E-4,6.923033910142595E-4,6.837673537884323E-4,6.749555694209176E-4,6.683117834390355E-4,6.661404966279144E-4,6.70511143711281E-4,6.833071590260079E-4,7.063622525049005E-4,7.416382596533178E-4,7.914224966172604E-4,8.585454856357206E-4,9.466406596551947E-4,0.0010604914749534188,0.0012065481493837788,0.0013937622278991132,0.0016350128249390129,0.001949650169727192,0.0023682219264095947,0.0029417053950017654,0.003760787215299508,0.00499991567039925,0.0070308568322199,0.010767943149907243,0.019001947366663142,0.04399774748850836,0.2003796144894645,0.609095724219245,0.0883887160609775,0.013951589422320934,0.00877756275224802,0.013979737064363121,0.010168622444797711,0.07009666001365107,1.148094103118335,0.712398434222668,0.08140114277372978,0.033950489351863046,0.0795609147185305,0.044310508143302105,0.020352646485893633,0.017283347950394958,0.022015548296898838,0.02366778907100661,0.024339201450381764,0.03842970768778011,0.1058423591581448,0.3447601486101476,0.5533016091527562,0.06996708206029169,0.009957608331779007,0.0032240432074532623,0.0017588472811463178,0.001365977448222214,9.326935661276005E-4,4.6385133207258654E-4,2.434324490642069E-4,1.6159297461195983E-4,1.3924332540759263E-4,1.458386076457569E-4,1.6387204299198044E-4,1.995672248862918E-4,2.8802064396393025E-4,5.044787100981929E-4,0.0010453543997810029,0.00246984120553811,0.0062627622273413236,0.01580085035716484,0.04686279212898244,0.32431802765876216
34,0.028517542259300664,0.029845986305781103,0.032886509000980814,0.03822733497957441,0.04688266543104891,0.0605414554034832,0.08193478013387363,0.11532615756188093,0.16710877908968857,0.2466742619728691,0.36838470137473456,0.5546252710939943,0.8184492815613729,1.0096842136104682,0.7736706184281996,0.3984572640543142,0.1919919477494456,0.09954448384241331,0.0568881371568691,0.03568730111484159,0.024364793082583668,0.01795066844309484,0.01415725449725191,0.011855869191135201,0.010448545556312796,0.009588611376350302,0.00904615575011601,0.00864107673804774,0.008218125798731797,0.007657289884879582,0.0069062253067924875,0.006000953178781466,0.005043130176968156,0.004144021702697917,0.003378232218020904,0.0027724730593858536,0.002319559193363412,0.001997333500849498,0.0017817280481729056,0.0016529461077374038,0.0015972668831795188,0.0016067405839824147,0.0016778878222225453,0.001809526688630601,0.0019992200282019754,0.002237803689402088,0.0025027514033442297,0.002754375847747118,0.002941951605389229,0.003023060952920154,0.002985922824317319,0.002855922082869799,0.0026807290916471683,0.0025085935767954095,0.0023757432916737004,0.0023057795149149037,0.0023155674905774243,0.0024226312162616737,0.0026524690693457012,0.0030465860162822876,0.003673098692474853,0.004642147803853763,0.006128152135823959,0.008399701522919956,0.01185643993437496,0.01707990478800849,0.024956351321488126,0.03711145003924043,0.0574759487172077,0.0983352333007135,0.21173170714349673,0.723918774237672,0.7483933746388298,0.15587925318961632,0.05400361372285639,0.025771445504025377,0.014940789083261068,0.00992741122794555,0.007322194035971413,0.005869087201429237,0.005025471611607623,0.004521831643800056,0.004200943150935093,0.003952295191519895,0.0036873714965569007,0.003335374561072127,0.0028434354509070912,0.002190226626899906,0.0015184077630787753,0.0011335943289724037,9.869825620505875E-4,9.001834266202081E-4,8.258950726666406E-4,7.642224727560061E-4,7.180279185770816E-4,6.873269601195204E-4,6.70391798470688E-4,6.647517960126505E-4,6.676098802449359E-4,6.759843441099774E-4,6.868309624709371E-4,6.972759770212498E-4,7.049677983887701E-4,7.084457819151785E-4,7.073723693969065E-4,7.025192415954868E-4,6.955152146862237E-4,6.884715621551353E-4,6.836307604191991E-4,6.831376481818337E-4,6.88958661590489E-4,7.029224000946689E-4,7.268378100751498E-4,7.626546357816149E-4,8.126492656530182E-4,8.79638668483656E-4,9.672445243200123E-4,0.0010802534420512838,0.0012251567738197494,0.001411022206205382,0.0016509841728540534,0.0019649228115067043,0.002384543119129243,0.00296367597416018,0.003801187592514886,0.005099062064308498,0.007341423528940397,0.012056432304327572,0.028233914332731126,0.25825110799689666,2.1597187660644868,2.013249455388497,0.4242731976081828,0.7408545817945711,0.7587927059615436,0.5968573022364688,0.3068542406341038,0.0567524704328144,0.06547910960339648,0.08751455829756769,0.03892358893493396,0.02913712831747646,0.03274971931189634,0.028262132844930815,0.022788306655934867,0.029883221224877618,0.07161756835693432,0.2955982441005959,0.5506668889671824,0.16488353049868562,0.016775721782806792,0.0038827394523229695,0.0015260882106553793,8.708930677905058E-4,5.598133822090011E-4,2.9589759607859554E-4,1.5932637154504627E-4,1.0882967974235629E-4,9.933500501584113E-5,1.1278831755868416E-4,1.3281518460579064E-4,1.5234903592172905E-4,2.0374591589319036E-4,3.44089485958958E-4,7.159123258026567E-4,0.0017807815637977524,0.00510721753825904,0.015263733620453544,0.04516393185832708,0.2064398225969834,0.24480669002548996,0.045866715110153125
35,0.028239624918979606,0.028505052041589363,0.030239660518844923,0.03382296658168863,0.039943868245638565,0.0497850217477977,0.06530695031923456,0.08965149778949634,0.12762954134131066,0.18620439048598722,0.27510280363932105,0.4084618068659061,0.606610317506665,0.8693266986843239,1.007761377583296,0.7225090848613481,0.36520547208481985,0.1769330170897537,0.09259029071095014,0.05337890228202595,0.03375222161222048,0.02321376882415726,0.01722366387309215,0.013678805019500093,0.011536386109037098,0.010241642176902939,0.00947104025887987,0.00900684620662244,0.00867319344512285,0.008311851517423328,0.007794493174006172,0.007060660394961471,0.006145448657281338,0.00515875526803133,0.0042240001249662495,0.0034251811473242355,0.002793146890399533,0.00232091381876863,0.0019847907115815764,0.0017588907779252704,0.0016219175011759545,0.0015591199438794758,0.0015620128673191945,0.0016271568697292477,0.0017542033987180303,0.00194267012603789,0.002186642750832202,0.0024674843200359836,0.002747725619511823,0.0029736656749391427,0.0030932544971457444,0.003082576830103153,0.002959731468604575,0.0027732393702299156,0.0025772267917019316,0.0024138693323638087,0.0023100570575345374,0.002282920409989331,0.0023477046321979797,0.0025253250022399085,0.0028500106302508255,0.0033788334633039385,0.004205434353602605,0.005480265498392529,0.007438616168470595,0.010434847442636109,0.014980159609079962,0.021803248747330535,0.032060136188003206,0.04815005457442409,0.0767064828249405,0.14133032162119863,0.3626097414698485,1.193353948504888,0.3483078263343951,0.0923807296148302,0.03792342376024927,0.019987206249012904,0.012408364184371,0.008691727766358006,0.0066953389971715176,0.005567945321800811,0.00491996040608326,0.004546568394518991,0.004318328998489043,0.004128344805957517,0.0038485984847040906,0.003278787621221471,0.002357486163772398,0.001650357485590128,0.0013411328364605099,0.0011702311034970686,0.0010357328836945719,9.239428864555091E-4,8.352054191734577E-4,7.68836543009659E-4,7.22461111276855E-4,6.930321655437806E-4,6.774384452947065E-4,6.726814315391149E-4,6.758496939150624E-4,6.840682260566223E-4,6.945328739473119E-4,7.04675815806224E-4,7.124363494412059E-4,7.16543984391128E-4,7.166935375133443E-4,7.135305529625199E-4,7.084519787847447E-4,7.033063225127854E-4,7.001030553043094E-4,7.008109180997703E-4,7.072720291876493E-4,7.212170041870826E-4,7.443489306141722E-4,7.784662218127229E-4,8.256054280680928E-4,8.881967403020235E-4,9.692328379554376E-4,0.001072452471514277,0.001202524225074144,0.001365149144626028,0.0015667592148379363,0.001812581940325971,0.0020980116021978015,0.0023682484039963584,0.0022714430351784202,6.379869408852995E-4,5.041429190831843,1.4700087203170689,1.8785311454028204,0.45788430425748866,1.3682558255529573,0.38824351877930424,0.506469272988769,0.6381954904975878,0.13978456342207699,0.2207412470444599,0.11492101648695593,0.06622797659760557,0.06349118126825466,0.05779288539160778,0.030457449488135876,0.026186821400509805,0.04284572926551137,0.15469460840506394,0.48194151012831793,0.29104479911866615,0.030166098197933273,0.0051283667380191645,0.0014431683814417925,5.580781092793178E-4,2.5249038653000924E-4,1.1044372105111588E-4,4.984893061779324E-5,3.128483423861618E-5,3.161505432997543E-5,4.686589747381433E-5,7.533022502888214E-5,1.0139506653138651E-4,1.3110008789122665E-4,2.0384903778713847E-4,3.9367893962752944E-4,9.273204472412213E-4,0.0026621071644553213,0.009068685666806695,0.03320608796911337,0.1429417971036261,0.4751910078028159,0.09575778566286541,0.03256839919643886,0.01724722384057323
36,0.028730218550948313,0.027968751422682313,0.02853514191869991,0.030647367997128118,0.03474307978588997,0.041612908699245395,0.052609085437076666,0.06996376856425204,0.09721943167512917,0.13968133513289324,0.20470760798301957,0.3019354106964392,0.44448545656898036,0.6495383817850309,0.9048262757069274,1.0008448754711856,0.6900261733038804,0.34598184474356475,0.16826095159502547,0.08849324722734976,0.05124409905396306,0.032531360906962604,0.02245829351115326,0.01672588479779787,0.013336299242848647,0.011297114221893237,0.010080185016336507,0.00937751827303996,0.008980664759001722,0.008717432910962561,0.008426127626799599,0.007967303687089923,0.00726639941630096,0.00635096216106167,0.0053360197921256325,0.004358785244305837,0.0035165508701943174,0.0028476046092828673,0.002346841902214909,0.0019894360175650026,0.0017474357296349851,0.001597583024279636,0.001523609819917013,0.0015160365512295797,0.001571038830038961,0.0016887396951391707,0.0018704470055637007,0.0021138609094807806,0.0024056428717052452,0.002713242388290286,0.002982935411227833,0.0031535940369029664,0.0031854813857159193,0.0030835398104174768,0.002893330074965981,0.0026748183591205478,0.002478305025750903,0.002336276900418835,0.0022676377890109706,0.0022860681581259065,0.0024081096996707023,0.0026606382795805084,0.0030893474487070417,0.0037705694456334343,0.004828981040566396,0.00646319589360943,0.008978629722927811,0.012821943439522372,0.018613440482215936,0.027223967313329992,0.040133679063701085,0.06084469245599773,0.10016080891750405,0.20143340303221327,0.6204044453319932,0.9649241229758324,0.19856701295548243,0.06422248828337189,0.029448563042377883,0.016648395685484197,0.0108807684537166,0.007943719740362887,0.006339824356907144,0.005443567496803322,0.00496080702852167,0.0047346708272879845,0.0046425385287579045,0.00442946634451963,0.0035850998945059537,0.0025120450506107305,0.001938439059243703,0.0016282629550637881,0.001399499208275174,0.0012110833705210114,0.0010572709194366006,9.361251968524661E-4,8.443293170105797E-4,7.776137435809502E-4,7.316537070055324E-4,7.02530397924486E-4,6.868174914606076E-4,6.81479385555215E-4,6.83722658605378E-4,6.90891666219145E-4,7.004622065178564E-4,7.101505702285334E-4,7.181105693288233E-4,7.231477760576998E-4,7.24861870307001E-4,7.236524202130411E-4,7.205816322118442E-4,7.17145768752826E-4,7.150325436012679E-4,7.159277560087303E-4,7.213981096078322E-4,7.328410373554075E-4,7.514674027233969E-4,7.782649739365244E-4,8.138625893281603E-4,8.581420589479937E-4,9.092408996710418E-4,9.609899538417739E-4,9.958886874344135E-4,9.634874408291931E-4,7.039417919778956E-4,1.318749583864644E-5,0.30466918283381456,0.6661701555951629,0.4769525103082497,0.3743094683425907,0.36728203404256743,0.93334515367364,0.17849689359087534,0.011597722012783316,0.06814707171900088,0.1341913981176524,0.29236238846867346,0.5770181806327523,0.2749492325919807,0.22393108115023122,0.13291196324605614,0.05432423217072677,0.04439829621173206,0.08112238254115735,0.317988996947183,0.35968121221823357,0.04392909141779768,0.0051104801266166665,8.44513413600516E-4,1.4744137462000762E-4,1.8090869555822175E-5,1.0019182942274551E-5,1.831922045103358E-5,2.0774545839601848E-5,1.6368792090503962E-5,7.996826402563935E-6,5.451447680664678E-6,2.498555548266762E-5,6.081673792339408E-5,1.1333959475796737E-4,2.2079152154536554E-4,4.8418361209748355E-4,0.0012396623279716894,0.0038519431576348835,0.014518092053067888,0.06745551867589333,0.431182074294872,0.1692795153955429,0.05017507541334091,0.024505083136967434,0.01544987973238012,0.011314454242415865
37,0.03009304539904569,0.028282254725396305,0.02774458411170781,0.028576863451328614,0.031025005397252284,0.035582829367989385,0.04313827896135381,0.055206017512019416,0.07427747085806462,0.10426811911971293,0.1509029065578466,0.22173814163002828,0.3258924430600338,0.474767033085927,0.6818970474520557,0.9268432652131585,0.9965897864232858,0.6770558698910059,0.33930644354460165,0.16526256910754236,0.08696758860009786,0.05036145913287879,0.031966999908973635,0.022068340010376004,0.016440044632859533,0.013118470419207466,0.011129407606772411,0.009956176453451194,0.009299435065139111,0.008957735692868429,0.00876292929885911,0.008550734147657713,0.008168948446557805,0.007522610693496963,0.006622892561889178,0.005584354968000046,0.0045588222884993465,0.003661663140793982,0.0029432248693835477,0.0024028441953767516,0.002015312358994695,0.0017504112722881303,0.0015823850847381592,0.001492864490512671,0.0014708212204462615,0.0015115090636948906,0.0016149839224104028,0.0017838659518504291,0.002019341525710643,0.0023142565521703626,0.002643712659588006,0.0029583558220091276,0.0031912333047924065,0.0032848402788332345,0.0032237753888449466,0.0030436420747903055,0.0028080342944153893,0.0025773854428404208,0.002393001392157254,0.00227805410420079,0.002246076585251507,0.002309938094122326,0.002489562386999708,0.0028196104435082745,0.003359393403885365,0.0042076588532164215,0.005524849333876886,0.007563885589960249,0.010705389546432267,0.015485633796527398,0.02261586985894945,0.03308651051876458,0.048743887799120034,0.0745060157704573,0.12687674868234983,0.279571639466655,0.9593303082573209,0.6037074527400733,0.13599796981202142,0.050031953934938284,0.024697673702418228,0.014674988186813903,0.009965515474632433,0.007517088041353515,0.006189717731578478,0.005504566978394534,0.00525179629582428,0.0052599508320205855,0.004892946485707478,0.003727225611297032,0.0028445612368340235,0.002340484166856754,0.001982023048805269,0.0016880741123441359,0.0014414807852388323,0.0012391822572252395,0.0010783010957907502,9.541137952956398E-4,8.609674942261289E-4,7.93314667565575E-4,7.462578846225685E-4,7.156792956173858E-4,6.98142275718614E-4,6.907088640651379E-4,6.907611550799236E-4,6.958787357581036E-4,7.038014398727086E-4,7.124846937115955E-4,7.202272494657587E-4,7.258229944396437E-4,7.28673581224418E-4,7.288089353743768E-4,7.267962250338275E-4,7.235563101742375E-4,7.201273697905956E-4,7.174059082347858E-4,7.158558112055218E-4,7.15105698123715E-4,7.13225560912987E-4,7.051786634559259E-4,6.791437951287017E-4,6.070186106483321E-4,4.193192813347452E-4,2.368200862027165E-5,0.42205695237625723,0.7687780709577948,0.4439770561428981,1.0900380789901116,0.1703496445402992,1.321481704545096,0.7668234140949929,0.022033590739244064,7.655467544303562E-5,0.0048475453634047455,0.008064022541440168,0.01583663798418543,0.05043165488463913,0.1663875291918333,0.1432392064903671,0.26127889668473037,0.46262882571586295,0.18319532428671428,0.2280714313999989,0.4051515168358393,0.04875007309103031,0.0012037567427020046,1.1698592232477544E-4,5.650504272948213E-4,8.111224614240077E-4,7.542667739563208E-4,5.467325886310914E-4,4.01419564849043E-4,3.1848407874226716E-4,2.636021019431106E-4,2.0689338609353042E-4,1.1356623005193379E-4,2.102609265531388E-5,1.132701384802331E-5,7.861355411976577E-5,2.473682176510692E-4,6.637880660111839E-4,0.0018570475179771105,0.006037087221527191,0.024732385614124115,0.1642118153341173,0.31336766052736514,0.06956902001494603,0.030174313801618374,0.017990924115427413,0.012552878318856923,0.0095174969045587,0.007650412515702705
38,0.0324878904486744,0.02954887786494879,0.027896009454047473,0.02754530443476415,0.028598391683600285,0.03132685169571584,0.03627450502521573,0.04441604148035631,0.05741199788248247,0.07798717006836095,0.11038651947293276,0.16066990349518204,0.23640861340518743,0.3458372134610459,0.4981073696265072,0.7031551836626729,0.9375222756726367,0.9989267315615672,0.6840221280996721,0.3449969170474078,0.1678951997515833,0.08800886376212914,0.05073146905899008,0.03205942005253457,0.022043613011773305,0.016365331230073207,0.01302388490362981,0.011030886315559542,0.009865734354254776,0.009230650380831838,0.008928916575246299,0.008797401014574633,0.008671690580623443,0.0083873307471843,0.00782354141360426,0.006964152874320932,0.005913741809710287,0.004837193910979833,0.003873176720203303,0.003090478219456872,0.0024969039522520988,0.002068328269089023,0.0017722460568515772,0.0015798181591111006,0.0014698821415888156,0.0014292028049249397,0.0014514731366720049,0.0015359945704809305,0.0016859288372274117,0.0019052483290304273,0.002192980358224567,0.0025338539652308783,0.002887938232308638,0.003188919874594157,0.00336366091002461,0.003369951840824821,0.003222696121695801,0.002982572407300239,0.0027205302339192426,0.002490655700116881,0.002324288721212203,0.002237343374965982,0.0022404165003422107,0.0023473844539934085,0.002582804689837606,0.00299021131443623,0.0036439284075558847,0.004667270361658984,0.006259542469497515,0.008731080775547656,0.012536832181289556,0.01828899903500299,0.026754730241199023,0.0389986662710537,0.05722635931663755,0.08790399868801328,0.1540884898023329,0.36767411676757283,1.2073478735976297,0.42068814556308076,0.10684345595663033,0.04255753514376414,0.022028951713956794,0.013535829781709838,0.009452122333474904,0.007340267002026508,0.006296867311785008,0.0059777416412152146,0.005917187263847347,0.00507344667380087,0.004014867163396749,0.003311118295258817,0.002811015279565046,0.002401329137426793,0.0020464333724087925,0.0017404739652108745,0.0014839185152444045,0.0012754025767038298,0.0011105900942480235,9.834085159854677E-4,8.87447536230537E-4,8.168279492307986E-4,7.665451153017241E-4,7.324801824720546E-4,7.112529457490534E-4,7.000275137275775E-4,6.963327892422703E-4,6.979311469349784E-4,7.027521387795126E-4,7.088939753267108E-4,7.14678546614859E-4,7.187267858231356E-4,7.200063836348171E-4,7.177992979040737E-4,7.115403822268978E-4,7.004752713226158E-4,6.830429677455831E-4,6.557451420181531E-4,6.108793462687545E-4,5.315386495940907E-4,3.805354626864919E-4,9.902150495785607E-5,0.0017383024997931925,0.13327641521165495,2.6505841883599253,0.5175255907082839,0.23720079825047194,0.249292039958576,0.5159683621976076,0.2663135744497776,0.008031495205858573,5.180759218147237E-4,1.7915566985163414E-4,6.288832916404066E-4,0.0015351855743673253,0.004704862085265559,0.012846267980975093,0.009668849671048241,0.010104401741947362,0.01724878238651422,0.0430693243653236,0.04268736504620769,0.1482694007355205,0.1694688799546752,0.06722683423541802,0.0348111701684933,0.023168199395228194,0.015255091605476686,0.007572734359772892,0.0036254582001389417,0.0021159389079829444,0.0015041786756953641,0.0012553160865308758,0.0011408921624867887,8.775390061357644E-4,4.0322270213244687E-4,7.9935536687945E-5,1.0081173680280882E-5,1.9904344656876866E-4,8.650938269975998E-4,0.002909398325210665,0.010325776103694157,0.050507403976708366,0.4403345805439739,0.12391146803323409,0.041608114160638685,0.022663608929457926,0.015141337164770539,0.010991761683362869,0.008153653566529416,0.00618149821794138,0.005040001855228013
39,0.03613251629083488,0.031944509999765565,0.029090247948492198,0.027558804418034422,0.027350019439926727,0.028569378971352387,0.03150867793287185,0.03675134825458111,0.04534178965254377,0.05905981044018744,0.08082378511807652,0.11515131986635033,0.1683556965814335,0.2478903436413587,0.3608654567018669,0.5138606185824058,0.7135467815213311,0.9382924382990608,1.0081622651385507,0.711523360628398,0.3642457923377038,0.17682495254903413,0.09191572578477289,0.05248826003593886,0.03287230628157173,0.02241636978257545,0.0165190198518242,0.01306200861966944,0.01100630584761249,0.009809975067294089,0.009168509898377164,0.008886921896276101,0.008808074664782041,0.00877131445313216,0.008603539033483182,0.008155596247472866,0.007372077875921724,0.006332841623982625,0.005209345040167373,0.004167853704654502,0.0033040291675218076,0.002640497743468635,0.0021570285356052473,0.0018192762216953106,0.0015947558567897136,0.0014587028594235032,0.0013948939557773547,0.0013947248326480785,0.0014559519775497317,0.001581301932338342,0.0017763308106702339,0.0020451925807133606,0.002382654865001586,0.0027623564733718956,0.003127326781181871,0.0033970114752150922,0.003500876294201394,0.0034203964214551017,0.0032000880625660333,0.002917051747872453,0.0026416108394327273,0.002418871026991242,0.0022714326918169708,0.0022101679259456555,0.0022444567315175116,0.0023901635992366796,0.0026769607805241943,0.0031575425147561563,0.003921601530043859,0.00511760827909536,0.006984337408480036,0.009888606074656425,0.014352300251754373,0.021039970456397543,0.03072544218520298,0.044475563074125535,0.0647580016841805,0.09935749841025207,0.17708753405915698,0.44475287014131604,1.2798116793172367,0.34255994910540033,0.09359430778472737,0.038873524408452376,0.020632734652576208,0.012927301615591249,0.009258306579356517,0.007579530424667138,0.007055667477403241,0.006444006985280752,0.005362771782195987,0.004481254901437988,0.0038396320634860965,0.0033259811723942274,0.002878013257124206,0.002474743020699401,0.0021150385109211115,0.0018031615624681508,0.0015414079909173966,0.00132810298556125,0.0011584578404827287,0.0010262020030605335,9.249098467981712E-4,8.487502606170923E-4,7.927648598538164E-4,7.52862220620871E-4,7.25677613576834E-4,7.083900831289794E-4,6.985454529273769E-4,6.939076777440084E-4,6.923448781771403E-4,6.917423675359604E-4,6.899164101279115E-4,6.844735511037546E-4,6.725119481728671E-4,6.499687679913271E-4,6.102137465473816E-4,5.410144429524595E-4,4.18179971709887E-4,1.9888531747338226E-4,3.917295248874251E-5,1.8764734719236387,0.704114053374969,0.3345322383369873,1.4207018159593874,0.1555978426059491,0.9350118760438636,0.5592883215752701,0.041223478628427596,0.005353403679937065,0.001443679430448556,3.1846391571328686E-5,2.8545376630484086E-5,1.0563626174631992E-4,3.1004812539922876E-4,5.214216751858013E-4,3.0169136348195936E-4,6.668630342377947E-5,5.706202421636296E-4,0.018784142836812193,0.3265989242244943,0.3443633356880797,0.2662274954316041,0.42776241162814443,0.7073534521189621,0.5728842068424513,0.35479727036048775,0.12066091412035504,0.035195928102255906,0.014342685914737287,0.007993695906929704,0.005740808033536374,0.004827306077637534,0.0037264638270579735,0.0021552548462190446,8.95668181962843E-4,1.8910115594853878E-4,2.352589611331171E-5,7.065341746541252E-4,0.003692836852192596,0.016498254501488133,0.11985770336697531,0.31659276284928517,0.06782929532897373,0.03222866514862751,0.021177457191951913,0.01580942951617883,0.0120007044674431,0.008728722990202638,0.006215279963669953,0.004670064974747195,0.003903379826515002
40,0.04127836699325876,0.03572609456761207,0.03152018956514513,0.02871459206923744,0.02725988575926314,0.02714095386084965,0.028463589841240956,0.03153152063250546,0.036953457772097756,0.045820197125129546,0.05999426155465477,0.08253413992361339,0.11816203890674386,0.17337673831885428,0.2554613102971462,0.37033416629834753,0.5218854920732705,0.7138312109415786,0.9296319360904565,1.021134860638575,0.7599253540587276,0.3998217022648223,0.1936281811031954,0.09938488481457526,0.0559406098988774,0.03455108646812757,0.023260174761159484,0.01694098311217991,0.013255766117364563,0.011069243462120957,0.009796412740311924,0.009115334248900821,0.008828117241821485,0.008783670939820755,0.008829651109015702,0.008791386564816693,0.008494167953989794,0.007833651248135152,0.0068450589495255565,0.005691477913375051,0.004566981987146557,0.0036041069541152657,0.0028500737097016766,0.0022938042393200173,0.001900610159383323,0.0016340114139955053,0.001464726599310572,0.0013726057006652986,0.0013458959438814183,0.0013799512827131826,0.0014760002887978828,0.0016396898005874225,0.0018783669038143515,0.002195315916396116,0.002579229622121707,0.0029905220744205667,0.0033549192711764745,0.0035820466458231673,0.0036115600445418275,0.003452002184899639,0.0031726598705212735,0.00285926964923186,0.002577295199588895,0.002362939274687384,0.0022319329172981713,0.002191815273252087,0.0022516911142156175,0.002429660994194565,0.002760265706175702,0.003304742337921005,0.004167174442221412,0.0055197053701609875,0.007638054419360388,0.01094025057355249,0.016002589915908482,0.023513444393364953,0.034198161445735745,0.049030647486316616,0.07053684394066677,0.1071551468461638,0.1905247495511614,0.4837555619380823,1.2972789376738554,0.32312945554163996,0.08980219099035774,0.03749791090292071,0.019948985707874605,0.012763943987812333,0.009883887079697997,0.008585495049331225,0.0072126085161616635,0.005995827340907167,0.005098539248293997,0.004425014056342743,0.0038774709097040834,0.003397815995284485,0.0029602610174201266,0.0025593935726058222,0.0021992249694558234,0.0018850540847951914,0.0016192066144356603,0.00140014820623177,0.0012234700890379855,0.0010833488009076545,9.737203357326409E-4,8.889678025301005E-4,8.242007726146215E-4,7.752731812223656E-4,7.386610664427492E-4,7.112739407572939E-4,6.902313087785772E-4,6.726004745644051E-4,6.550527225625854E-4,6.333310421362761E-4,6.012915926433817E-4,5.489949962027705E-4,4.5877661518259506E-4,2.98673555989072E-4,4.6843691782594274E-5,0.0017830423166103218,0.157344362962148,1.8287298407877106,0.39270612450671866,0.49913435207490564,0.2400298616456136,0.4713658570827061,0.23462415554712387,0.014982906826902577,0.005491981842441547,0.0017145964320646996,1.1956426747442955E-4,2.420282136340684E-5,1.8658021795944647E-5,6.116830645702301E-5,1.6984576946466563E-4,5.132939259323866E-4,0.0023298784611445107,0.014684304253013283,0.11543923479567689,0.4969460060214791,0.13468437054629567,0.08610191030657463,0.10057169636784216,0.15944730475251875,0.21916922983001974,0.2103572189488821,0.2346112603967967,0.457176651003384,0.5660880027792833,0.14738923324359476,0.05813897152959257,0.03360382041582953,0.020722792723026545,0.01159663507829053,0.005830542862365724,0.0024063734799177577,4.913896230627695E-4,1.0960042292880616E-4,0.0030525684606228605,0.02157318734235897,0.27990800301400454,0.12042817593645379,0.04019329149804378,0.024892150531702992,0.019886923913443325,0.017560734659471847,0.015176860775956444,0.011831051976026309,0.008490845322668722,0.006124247560223313,0.004740230020198667,0.004031985106689622
41,0.04812110011199727,0.04121332964019274,0.03548670227007168,0.03122538980562515,0.028422047429042266,0.026992561451802358,0.026905629986996096,0.028261689051719642,0.03136582987421818,0.03683444013466227,0.04577598768515265,0.0600901851138363,0.08290922163670067,0.11908078578974954,0.17523678120464914,0.2585314743308754,0.37382789542541833,0.5224105924552676,0.7051188351831801,0.9115132376935737,1.0315797101277653,0.8277138675612155,0.45628514040925805,0.22122263858658534,0.11172068841042934,0.061660894012328146,0.03736170247817448,0.024707881671683602,0.01770262326145988,0.013646318824630802,0.01124492692039575,0.009840964724213674,0.009080313312903675,0.00875485075312098,0.008717473479064607,0.008827833243711196,0.008919288551781663,0.008801654635237088,0.00831939017161893,0.0074414627023798785,0.006296126330362781,0.00509549565306344,0.004017863131595715,0.0031491063062626225,0.00249677471832172,0.002029555170325944,0.0017073100514204676,0.0014953134573048581,0.0013683501379431109,0.001310498744037433,0.001313779981072186,0.0013768705319713089,0.0015039899634589325,0.0017033338794066298,0.0019836277414819843,0.002346590301829283,0.0027737253559298454,0.0032112824942080115,0.0035687128755092926,0.0037500084445556466,0.00370929592226261,0.003481269280620272,0.0031542260559085586,0.002817555849359511,0.0025306992351513537,0.002322300632519831,0.00220292684698979,0.002177834177626373,0.0022561255604307143,0.00245777131935483,0.0028212458395111685,0.0034147389936202643,0.004354220022596959,0.005831641950318399,0.008153786723987928,0.011780941167753651,0.017329664334972246,0.025487893551631585,0.03688647738268345,0.05230462904721918,0.07404406744110606,0.11022472915569702,0.19097201327604924,0.4678635357045572,1.3393162003530077,0.34995712152618313,0.09185800321362951,0.03690257117286675,0.02021819587537124,0.014420318520609892,0.011189196494242715,0.008797199694264618,0.007125571000383532,0.005971190346407084,0.0051393758512859305,0.004496870355040346,0.003961648629405843,0.0034880486714799234,0.003055477239574497,0.002659049721424426,0.002301431663432522,0.001986659698877579,0.0017166835560144134,0.0014903953875657215,0.0013041806461622236,0.0011529861699118022,0.0010312776317285067,9.336527217530742E-4,8.551087949269655E-4,7.910411192968051E-4,7.370341577410252E-4,6.88448762910879E-4,6.397084407419862E-4,5.830074288882629E-4,5.058100563469134E-4,3.860856146164665E-4,1.8881405437349327E-4,1.0030926433038024E-5,0.061479595586828195,0.8755158562735827,0.2945529152001148,1.1980301132744358,0.24571434324591368,0.6045162310157464,0.3740996933563849,0.05024678412224269,0.00852556745821153,0.007070067639330634,0.001521515096428797,2.3021559851747937E-4,1.0969675039723619E-4,1.5380055074907314E-4,4.6134018068166545E-4,9.711712428234072E-4,0.0025437043686333434,0.00984541345971177,0.052273622708582275,0.2816637665106548,0.25758327505245876,0.06102285488508652,0.03837848740059064,0.0413145089687106,0.06079570778917131,0.08041462180577698,0.0718054992464492,0.06016282622288442,0.060507772172514504,0.0762790182222405,0.12090256897651486,0.2310687490451635,0.4418350001397707,0.4545939917959606,0.19424603416734162,0.07594119799670838,0.03194188613861745,0.012045355343815832,0.0021435162821873844,8.245992509752716E-4,0.027374522032448566,0.3572695480630158,0.05940375922213044,0.0257068082201275,0.017929697316239026,0.01595026788278703,0.016176881650261807,0.016652354226573057,0.015566371755164678,0.012871946386609812,0.009998491816471004,0.007802891763772077,0.0063521680926807095,0.005487639605407658
42,0.05658536796775146,0.04869351357894631,0.041387464591431056,0.035443886861051016,0.03107459028546925,0.028217856514337253,0.02675621507417371,0.026638957302301293,0.027953941027591783,0.030995508036593355,0.03636794642349858,0.04516489933022231,0.05927086853699336,0.08181385522440766,0.11767452305214941,0.17357106720199864,0.2566529975711371,0.37107944019445865,0.5158419334640785,0.688735367752356,0.8842106773804256,1.0315373858186925,0.9082999488481652,0.5396898123203262,0.2646323091082489,0.13125100556241953,0.07066230260266422,0.041766445590117475,0.026985973654789826,0.018923466717292215,0.014301608400865102,0.011574944549808626,0.009970853350442234,0.009081776389315791,0.008678026569193116,0.008611082545164244,0.008753401859864009,0.008955788195300619,0.009029318151862234,0.008778028737478464,0.008090202673036482,0.007022634058957644,0.005777639594362585,0.00457968280917766,0.0035706009205721547,0.00279261516861435,0.002225955339997942,0.0018289726294576493,0.0015608951755163689,0.0013901012814181931,0.001295217221735726,0.0012638511203041608,0.0012910932365570223,0.0013783856601227594,0.0015325548124500042,0.0017641183396306505,0.0020830678550228386,0.0024894872084124486,0.002957654605982402,0.0034199846220392517,0.0037710394954480453,0.0039113069424537815,0.003809662501978456,0.0035235846558302267,0.0031559698955397645,0.002797962857885435,0.0025038156197977252,0.0022963363098885753,0.0021821927429090805,0.002164820644750795,0.002253075519398178,0.0024679383057898967,0.0028502710241383447,0.0034726953549331172,0.004459052181354896,0.006014912669931525,0.00846925033700296,0.012313679503307992,0.01819491600652456,0.026794019470855197,0.038632815716524174,0.054214246380651906,0.07530360593262513,0.10865064389236657,0.17861504738814907,0.40050220925844865,1.3250390236406626,0.41495111800113116,0.09434694893011478,0.040928213332622296,0.024750503814089393,0.016703208899750695,0.012040359580970477,0.009202431582485621,0.00739132216193221,0.006170944715727413,0.005296053369748653,0.004624338899937563,0.004072246362694226,0.0035924369342561534,0.0031610315211843382,0.0027688660873449503,0.0024146429844698982,0.002099769817480945,0.001825143399024019,0.0015897722521607035,0.0013906834828644335,0.0012234294686978313,0.001082662742905514,9.624758286993809E-4,8.563512494515954E-4,7.565726970682554E-4,6.527747598304011E-4,5.289062327848678E-4,3.5788165807380313E-4,1.0856216543936264E-4,3.4059452331425385E-4,0.20434763609719284,1.0740214836755317,0.16688896565672473,0.9574085790076066,0.23607290143178117,0.8382061179030297,0.42368084325082794,0.017269147895318093,0.005615298732269135,0.00751230882203839,0.0014266122016708084,3.970019303161298E-4,2.793403129553335E-4,4.308274704028688E-4,9.799582364823907E-4,0.0021131688814270432,0.006293623753282246,0.02764250670705706,0.13569174046161855,0.5080054963362077,0.1382085478316511,0.03611222964489098,0.021706321842404706,0.021131393342345418,0.02770352741283454,0.033970223196759075,0.031975402031076454,0.028484671365223074,0.02756559475652814,0.02943950578871656,0.033847745367901375,0.04075875332525984,0.05278111503303349,0.07727823930003058,0.13046692063489504,0.24887890126066667,0.4420694597254262,0.4475990719681376,0.2189080032928867,0.03703128933808469,0.029202000979074216,0.24476740451766119,0.05877719336855786,0.027888724425958154,0.018710296048878444,0.015767716623238358,0.015557283508156345,0.016405381254795768,0.016743942629555208,0.01577994946151002,0.013957809442169887,0.012027988768840822,0.010387167641905106,0.009131176419783017,0.008243884069270633
43,0.06595180734442939,0.05816074399413717,0.04961451605254082,0.04185984475050875,0.03563423531661046,0.03108953994341088,0.02811473925652632,0.026558224983534023,0.026345119618021818,0.02754251271275393,0.03042123046991289,0.03555299263972344,0.04398274235362559,0.05752387068636366,0.07921378518493015,0.11385696411026441,0.16819491436154585,0.24953518963216376,0.3618792353163214,0.5025375755269048,0.6660319180630164,0.84895665914985,1.0143949284208376,0.9864755012480506,0.6551483638376594,0.3321151594227692,0.16213393264836978,0.08475266580290344,0.04857318580395628,0.030480500848264848,0.02080218899307305,0.015331857310639222,0.01212540635304672,0.010229147202695845,0.00915004475113132,0.008619625781911996,0.008478035525185284,0.008606596945384126,0.008878905481438545,0.009126060032946724,0.009137053250619543,0.008725051580080922,0.007840506953948804,0.0066251755398889604,0.00532761153288677,0.004159046853643281,0.0032204387867961442,0.0025199266250788797,0.002020806078070869,0.0016769913573245745,0.0014491062983159953,0.0013086767420471303,0.00123751416653184,0.001225995965214776,0.0012716247589300664,0.0013781059829210802,0.0015545496486463527,0.0018137102662761232,0.002167119057935238,0.0026140051943269395,0.003122742076968887,0.0036134453229016853,0.003966654911313798,0.004078282229881799,0.0039284251483259975,0.0035931127279914712,0.0031877412489472136,0.002805984144191067,0.0024989700982134336,0.0022854065840958895,0.002168894792016142,0.0021510643001257062,0.002239905983169149,0.002456195256831313,0.0028411752822832194,0.0034686556492215673,0.004465156136936466,0.0060419355998750845,0.008539549562112366,0.012471226619936358,0.018516390750251598,0.027380712925642064,0.03952628491286622,0.0551356651080701,0.0750263386932453,0.1031918570836747,0.1538982977376499,0.2927055905824358,1.0345492723220382,0.5094292154681846,0.12856264621420063,0.05587429606178932,0.030706753217969094,0.019357874871783625,0.01344530093561639,0.01004611516801446,0.007936135182552002,0.006536536766513485,0.005547691748249252,0.00480361990530123,0.004208467394205326,0.0037065230907778308,0.0032666365014535253,0.0028729169026626747,0.0025183523558299555,0.0022001936653725544,0.0019168112305000522,0.001665844885795151,0.0014432924168127693,0.0012430184432617175,0.0010560682101977451,8.690049158443936E-4,6.601017627439333E-4,3.9326221973305886E-4,5.328902327290266E-5,0.0025100702265969774,2.3244628436265855,1.7940577213024884,0.20495843622025278,0.34921160380094335,0.3546891080607051,0.52137428825372,0.13565410917442683,0.008021589094619874,0.0038780589496778,0.0049515763869829085,0.0012239636042094203,5.614693703822256E-4,5.355476762429997E-4,7.734080318791125E-4,0.0014155983729021635,0.003353143599553201,0.011973281382151292,0.0661585036871608,0.2949623764584727,0.5980977895890687,0.102760243814786,0.029849893618130886,0.016946128414406576,0.014558428171604378,0.016315926791141865,0.01791208752408904,0.017261017623489677,0.016460075997294838,0.016476358132473036,0.017154586072731168,0.017804192270358715,0.018012876687087693,0.019235103037323384,0.023517428032960214,0.032928203071933955,0.05140543008843644,0.08509437104772687,0.1335949555462013,0.1774678422018357,0.21535731527256127,0.3067677428310766,0.3861528611730281,0.32045887548371554,0.12698388996681217,0.06024711536985617,0.037668344081820015,0.02930699941134651,0.025918827947322268,0.023708687926347463,0.021315282999184677,0.018754919726676526,0.016372297288801185,0.01435720369345763,0.012738540805546478,0.011489179149757089,0.010602065583500494
44,0.0744897000151859,0.06881990145850557,0.060233700689852454,0.050986579392045546,0.04270290021386468,0.03610643618716823,0.03130285857615181,0.028135425615063454,0.026415851185321762,0.026039170071584104,0.02704309051149223,0.029662448946805208,0.03441693335321413,0.04227049150293556,0.05491066076096857,0.07519474640619617,0.10772469754475543,0.15915968900014124,0.2370907576869267,0.3460250121974556,0.4825862649269789,0.6380711869983251,0.8079538827515182,0.9784029393002435,1.039569558484109,0.7990365327233198,0.43599105079700534,0.21188161279176634,0.10726020889936164,0.0592398722910241,0.035868314553833144,0.023676636998655888,0.016918736469809348,0.01300184391121151,0.010682619431690195,0.009331658102298518,0.008615250494670417,0.008346453815460512,0.00840562371079883,0.008687032345961744,0.00905490338130323,0.009316025290606274,0.00924196171768747,0.00866792413311262,0.007613027783474561,0.0062895879519542525,0.004968283843859728,0.0038358750289211934,0.002957429043527052,0.0023169654375464733,0.0018678157250658447,0.0015623608008103842,0.0013630604525248474,0.001244030440429826,0.001189475026309456,0.0011917988172158176,0.0012502944929492774,0.001370439153596145,0.001563309112608344,0.001843903409636957,0.002225941920490218,0.0027095107926499978,0.003259938473275749,0.0037878838863728065,0.0041599566057890424,0.004262851928364913,0.004080752720693983,0.00370366014176387,0.003259710047510792,0.002848151370599482,0.0025200145602980724,0.0022916608400236752,0.0021641586464604457,0.002137043600962541,0.0022165874544952282,0.0024219406268307726,0.0027924905327109057,0.003399664756451631,0.0043670156792447075,0.005903208038423336,0.008350910108121922,0.01224327585861071,0.018325547922007367,0.027440848622006436,0.04016269938582816,0.05618882599540078,0.07356664765742602,0.08835288812614421,0.10571783019431807,0.18690471352417717,0.6373737167982286,0.8844537257275434,0.21684214919854833,0.08015080935280586,0.03992920864210516,0.023707052246658634,0.015806549607474997,0.01144767907964113,0.00881367175995464,0.007101905400172633,0.005916713949770432,0.005046337557785201,0.004370530105194377,0.0038185097706665686,0.0033480765159558923,0.0029341463715124596,0.0025616634920400797,0.0022206813997136523,0.001902570719866211,0.0015965884254605252,0.001285697735473236,9.396812404683412E-4,5.060626709306093E-4,1.4853540825865278E-5,0.02854075766155008,0.8692042900509453,0.38048331550267,0.30354188210218636,0.2204222799034985,0.7174686216935702,0.5506556791097605,0.05269122449881302,0.004847127785684093,0.002852493962393209,0.0025784985118954234,9.303924526261872E-4,6.455827315624568E-4,7.929701420374884E-4,9.570785514166171E-4,0.0014685220496464069,0.003687739989418264,0.015376370447923888,0.11212808799891572,0.47448792932599704,0.4490068499859169,0.09057329225919108,0.030932110692579822,0.017359666288491057,0.013439320670477586,0.012977657531569297,0.013044965610399431,0.012778942039541222,0.012840190372795149,0.01337230937732822,0.013902480378086208,0.013409457679496785,0.011721606664683314,0.010531905963936954,0.011022532546902514,0.01369691885978555,0.01992497045295153,0.03335677327696385,0.060597686243471754,0.10609361533632075,0.18113189866014406,0.4097289363721452,0.029176311929635133,0.006234913435397554,0.039681635186902625,0.12241941459838164,0.35566685729626196,0.3812907261987385,0.1927042323486167,0.10925943115934535,0.07083766541472969,0.0498560689309772,0.037053749022995755,0.028583466396202288,0.022572065229174074,0.018083765845997,0.014735819147921405,0.012446653295770077
45,0.07963389208119492,0.0785523000461282,0.07232451831894095,0.06295685045745399,0.05293570384746777,0.044010622013042226,0.03692755286324844,0.031762454209745765,0.02831565937086488,0.02635824797171259,0.025748344599207277,0.026485652434361292,0.028757671017575318,0.03301524497998388,0.040113720591658686,0.05156671522147796,0.06996719149289964,0.09957780063448869,0.14680961019429956,0.21953272398314322,0.3233769502669284,0.4556638306150088,0.6052133383237062,0.7636079068162589,0.9278115443906568,1.0489214126956503,0.9454044742430024,0.5895297005514518,0.29391801217527774,0.14455888199992323,0.07652691878846694,0.04439212196620814,0.028145837653816015,0.01937292203762392,0.014377878504046867,0.011436522792732563,0.009696929503559971,0.008717669757300798,0.008260640891945528,0.008188954846627313,0.00840675650171238,0.008812213866710848,0.009255413525843473,0.009518370253225064,0.009359901556647772,0.00864263280016941,0.00744937885580694,0.006045908099901484,0.00471103881302255,0.0036070764516337047,0.0027716882946849483,0.0021726176656576583,0.0017571909852245916,0.0014772429589408058,0.0012966660848067874,0.0011913519398675252,0.0011470794117399397,0.0011575648699633984,0.0012232742965823345,0.001350926861756568,0.0015531797509601092,0.0018472578737597307,0.0022499230055857923,0.0027646009805855423,0.003358026116152509,0.003936053546700074,0.004351494546158821,0.004474041214721236,0.004280765421076521,0.0038698282736314544,0.003384071396530011,0.0029335531985000707,0.0025734262727252796,0.0023197608966812264,0.002171533815741179,0.002125729961288705,0.002185923032187293,0.0023681726741713992,0.0027078324990882745,0.0032706341747114702,0.004172292187260634,0.00561301618318072,0.007936199312597028,0.011721120740923381,0.01790348375903352,0.027806299990558538,0.04227394338449161,0.056441628933516674,0.05631195822783535,0.05494229037099474,0.07639372298068257,0.14315386715482253,0.3759669756323346,1.1370606565981176,0.43047916389705837,0.12979189277039777,0.05703136156916052,0.03131116829060115,0.01975465888350511,0.013703663459612828,0.01017791156012173,0.007949473072728109,0.006443311752610249,0.005363001708394461,0.004543871038135653,0.003888656728746821,0.003336395838174099,0.0028455213010231246,0.0023827237124763086,0.001912672271090961,0.0013838149305087065,7.092781029617248E-4,7.781359721702073E-8,0.5079872896712422,1.2382896617680181,0.2698537869444288,0.34514021497538844,0.22052032022863488,1.0844532631887973,0.804715075267143,0.03337085983856156,0.0037771851743625567,0.002136799661378513,0.0013565460581188274,6.88234493736464E-4,6.871259026360115E-4,0.0010421553485857507,0.001029285374188795,0.0013448677925181405,0.003258378758328808,0.014089527797295767,0.12230699211320906,0.4964688663077067,0.25225481871010763,0.07097367107893203,0.03068771901039247,0.01872192323439101,0.014259742298414977,0.012700837984758242,0.012245397031810335,0.012340811474718072,0.01317558481703427,0.014681365558891468,0.015959406572923,0.015023608389246924,0.011835469236162417,0.009177767871622106,0.008180610703503432,0.008707949602199512,0.0110701644982235,0.016936918985696922,0.031104461681110016,0.06633681671644029,0.17529613807617617,0.4070097289912459,0.03878344728159582,0.0016102712982805848,8.116803721797235E-4,0.00535215316627959,0.013079939058268817,0.026606361401158685,0.053926039981570695,0.11782836913782875,0.28108882593270773,0.5340494655812044,0.42124617583206436,0.22301383525688812,0.12382827752268782,0.0736271944258639,0.04550007975538736,0.029289379210426743,0.0202424701474446
46,0.07922804288068414,0.08412597816602696,0.0832335754570134,0.07663609819754182,0.06651346832509189,0.05562300423203562,0.04590935183062626,0.038191429497242656,0.032537493725768564,0.028708194048918473,0.0264289420329846,0.02551329502066247,0.02591448490774335,0.027762989067300445,0.03142790354446743,0.03763570846687128,0.04769012335842782,0.06385123988413471,0.08991165472547812,0.13181620238572211,0.19751055720913122,0.2940752502520423,0.42109650035169216,0.5667426596046485,0.7173128614040055,0.8701527032492137,1.0143606955815387,1.044650295182753,0.7894394574507512,0.4298439966008117,0.20922307725456077,0.10596581656574552,0.058473591618293234,0.03533359412232874,0.023254333450044944,0.016553430228455266,0.012664089619631969,0.010355061604136646,0.009003931419246908,0.008283174418033836,0.008014579805142745,0.008093530233858132,0.008439300089626685,0.008950491968332279,0.009462905381911002,0.009735520584525415,0.009515381926166496,0.008687795856875548,0.007386333124705384,0.0059167307174163375,0.004562872204377886,0.0034696859090338214,0.002656314717511375,0.002079631132193989,0.0016827509986242725,0.0014167864725727025,0.0012462044779116177,0.0011477407287085752,0.0011079297660684356,0.0011210973963389347,0.0011882476204994248,0.0013167368671162592,0.0015202700328983436,0.0018180717369504849,0.0022306474066790755,0.002767510312533159,0.0034025740437859282,0.004044169560382916,0.004533659216039077,0.004714482093906222,0.004540312111793061,0.004107797914641398,0.0035766900513120245,0.003075451751630938,0.0026695369005507058,0.0023776777241793804,0.0021974131904934665,0.002122683158399457,0.0021533428404669837,0.0023009870636451343,0.0025951454548055696,0.0030936224306559535,0.003902413779886087,0.0052164365484119145,0.0074089518209955576,0.011243238150473728,0.018331676485210963,0.030713981624184233,0.03964448996753349,0.03472456378195491,0.03548478097308616,0.04515695758801502,0.06534038104315695,0.10813315996729476,0.22363108200949522,0.66636252428802,0.9498495707138885,0.25565130959070476,0.09309895308589689,0.04557421540304578,0.026598957940626555,0.017389111122599096,0.012294309074914618,0.009191832488442998,0.007150529089634211,0.0057112372696336185,0.004623433108260863,0.003733816027918877,0.0029296668924210837,0.0020971377653470047,0.0010730899400927616,7.502997653137239E-6,0.7245427241401168,1.4600341022956984,0.28432817997570714,0.3800032019071633,0.2619829389002279,0.9066277536313209,0.853190870332695,0.02644640753347195,0.003312815525921069,0.001412827763513982,6.932066528942244E-4,4.6545538918166295E-4,6.788058157983323E-4,0.0013323259947163716,0.0011951844489104613,0.0014207671496805176,0.003175960266724756,0.012891457998370093,0.11341054424060047,0.40405606299089275,0.13946766560364443,0.050682504113632273,0.026981528634423872,0.018422450606787367,0.014327860129117607,0.012043247215092544,0.01119279528984944,0.011543071589994892,0.013197829605071829,0.016430481107816333,0.02054199447788793,0.02156459362245344,0.017279235471575248,0.012567742634374667,0.010028795703233222,0.009325558715409528,0.01022549361255293,0.013529121908733552,0.0223844126419669,0.04836724392159721,0.16526860087985884,0.29200814202706354,0.02950474068150405,0.0041165729871566826,2.6262875239038566E-4,1.8468256574270207E-4,0.0012190302548689014,0.0028854717675363332,0.005389260982144422,0.009486345764674615,0.016686835046513544,0.029913643459205684,0.05479445613357166,0.10109709371332129,0.18212215868519344,0.3097388823056737,0.4587545218768256,0.41558489118149283,0.20263928793599922,0.09080638374699473
47,0.07315559335266268,0.08294270329100367,0.08889674243639571,0.08861464200686872,0.08193467189301527,0.07112539067595029,0.05925920843545725,0.04857248987051136,0.04003066411828546,0.03372710889306563,0.02938865932001235,0.02668941464413797,0.025389731925151614,0.025387881552476486,0.02674934785537009,0.029753013267250283,0.0349851052322873,0.043519481923705944,0.057240427810164966,0.07936889665098354,0.11515357747505856,0.1722200184736983,0.25890927911153205,0.37829441518647366,0.5208038371421886,0.668334024867386,0.8116856137147865,0.953501271615774,1.0616670878969372,0.9811889629595073,0.6406065472706763,0.32546319820377556,0.15925978449565784,0.08317275578701033,0.04749998039654205,0.02964092535288156,0.020080358903688006,0.014668657679217767,0.01148601081512638,0.009591396692223473,0.008501313320335052,0.007959255439159069,0.007825782012201398,0.008018377107692144,0.00846777577321039,0.00907398918460222,0.0096624227201063,0.009971935920580328,0.009733371053718893,0.008839640732156923,0.007456818092622198,0.005922683825628843,0.004532284351763124,0.003424712380833344,0.0026091101559983353,0.0020350532254376696,0.001641815794283942,0.0013788709177700751,0.0012101034445738726,0.0011120709086709043,0.0010712294280362871,0.0010818087907003985,0.0011446890537954195,0.001267173579998925,0.0014632834240343425,0.0017536286196591722,0.002162540245214403,0.0027077479704441664,0.0033764827023683637,0.004089865499918522,0.004685708327485448,0.004974655177520235,0.004865358299841069,0.004434770205570261,0.0038584869634364213,0.003293209553933571,0.0028241869399256553,0.00247778754658364,0.0022515241638244136,0.0021359423017367155,0.0021261774501729756,0.0022282057114358543,0.0024648200377580605,0.002886497699253529,0.003597126400028605,0.004825023003424007,0.007147616957388075,0.012117425141219775,0.02063098882558594,0.022739394242604148,0.021871072088925338,0.024416713537435526,0.03001477449618096,0.03900087931179889,0.05362141538266721,0.08040634845246132,0.14002860387332902,0.3184848543424465,0.9638761656162532,0.6386226995749587,0.18343192859449112,0.07516201386267483,0.039114669109180725,0.023504930793202178,0.015486291399495814,0.010826472733170934,0.007821602046890289,0.005661056064998701,0.0038667196950012564,0.0020177866160085447,1.301325393884371E-6,0.2916322033943389,2.2490107195020554,0.37616446962588407,0.3006271774188285,0.29728618706654447,0.6343304700899765,0.47293210761523174,0.017613403534702976,0.002325670356519237,6.279071805230885E-4,2.3072724523973666E-4,1.8748412221122397E-4,4.48552188001153E-4,0.001450415771354367,0.0015137493619682024,0.0018525978722891325,0.003954652069931744,0.01457235023408101,0.11628409166852995,0.3335749916006386,0.09818925044482398,0.042641593438969984,0.026424708169111535,0.019672365203829718,0.014987756693300519,0.011011144973736073,0.008927432919773253,0.008541529076107404,0.009556426678546805,0.012344379154089237,0.01747980971680501,0.022840025739776764,0.022905577443181113,0.01899554076934872,0.015721094202437124,0.01424209045334879,0.014527835045039104,0.017192883138023987,0.025129924107232676,0.050725795871867936,0.1898984451510149,0.2397602938219794,0.02704364432774782,0.005361535435694491,0.0010305545028457944,7.018274911162637E-5,6.455679224324128E-5,3.5942721688256985E-4,7.633836011861499E-4,0.001295074079099078,0.0020981346053068717,0.00343828434982652,0.005789833023457154,0.009961070218845966,0.017008429879259122,0.027396046747074142,0.03997506556466263,0.05388616181704069,0.07297804052461142,0.11051743121314747,0.2057175360117553
48.00000000000001,0.06356339114487804,0.07521956275062028,0.08634869912154941,0.09381500051537733,0.09471038500336,0.08839073001046538,0.07705643292772099,0.06412173735111483,0.05224083159623715,0.04263433019544189,0.035473751703799,0.030464775475362665,0.027224901987895567,0.02545137489557925,0.024978379916957442,0.02579958712512833,0.028099230856123633,0.0323207150939967,0.03930525027637701,0.050549747983209846,0.0686523258812687,0.09798516594849466,0.14537544465609856,0.2196752990198348,0.3276207365776974,0.46504946698488364,0.6133076146440404,0.7539818193183663,0.8861719014820231,1.0131798214152077,1.0744500501754966,0.8966302436014687,0.5300492436685789,0.2616520338072516,0.12985681963862758,0.06957577510503378,0.040779464100904765,0.026054348937662467,0.01802290641070374,0.01341056756997199,0.010674070373874522,0.009044917056231075,0.008124015536566047,0.007699219796591822,0.007656523872878024,0.007929603638987214,0.008460186854347112,0.009154207245614542,0.009834529375067944,0.010224733060435982,0.010030838992259185,0.009128740000935028,0.007692794442378844,0.00608823027573186,0.004634438728512657,0.003480330653011151,0.00263412930157021,0.002040837400527071,0.0016353794463595055,0.0013641170937390252,0.001188906639354834,0.0010849705442922543,0.0010377967870616102,0.0010407924315627615,0.001094032846327491,0.0012040200940002625,0.001384181280003516,0.001655435966247024,0.0020450231706159636,0.0025793410548662194,0.0032635447596720555,0.004043536381021066,0.004769859837307318,0.005224296374937259,0.005247735188064096,0.004865142935370464,0.004255866739718597,0.0036146890082930177,0.003061239454158758,0.002638614321089673,0.0023476062437957834,0.0021755578614909097,0.0021120270457678694,0.002156801661090844,0.00232774738211001,0.0026798592061510183,0.0033707374302177047,0.004900309386339193,0.008380271001251143,0.011797700477721412,0.012560624334465883,0.013787051932765616,0.016242041202473623,0.019915191452145584,0.024982690558557855,0.03202690137592109,0.04245666893023658,0.05964022390265628,0.09253595749125988,0.17054800123015618,0.4230458416799242,1.1020500328345233,0.45643271597616475,0.14384557097384945,0.06254554351872917,0.03292812822675318,0.01915111790514346,0.011369447023972468,0.005836723851194125,2.812705113837706E-4,5.049987227038682,2.0436302447860197,0.6068713359095397,0.31772940637167824,0.32766369298207765,0.44680084373788526,0.1826747651413183,0.007623205461296572,8.186798632042247E-4,8.83049605448064E-5,1.832989258619248E-5,1.3974862435824906E-5,7.082389208816209E-5,7.28078748664479E-4,0.001509726910575284,0.0024452009766092,0.005678376119265858,0.02016962502666503,0.1415243535890824,0.32027417535483327,0.09295512436027828,0.04661699060906445,0.033089794549379235,0.027130683367520485,0.020500054033219927,0.013070850751709209,0.008740771110781783,0.0070406592163812075,0.006815089368809917,0.007814645783028,0.010340911916428034,0.014113187890444514,0.016878537052090407,0.01737154157298807,0.01707377758833459,0.017392185558263436,0.019105470001322636,0.02338177112040318,0.03398686557141781,0.06799430783864303,0.26812237213911777,0.24112122741488576,0.03208683129358285,0.0077317646159957365,0.0020808129001651243,4.2797247963459646E-4,2.345919264578653E-5,4.129110784743086E-5,1.6440909450219713E-4,2.9765593968239854E-4,4.42575824440118E-4,6.310216325796726E-4,9.11945801381601E-4,0.0013649732067987556,0.0021205396505276117,0.003355506478176777,0.005208727540113978,0.007646384664738249,0.010509271341170452,0.013805729766700171,0.017943395801009992,0.023869383294826275
49,0.05331710917634832,0.06395308365296241,0.07650354923506182,0.08914056253196272,0.09860663338643691,0.10140682055748045,0.09612000828950854,0.08460182613961924,0.07057148369736495,0.0572501399912166,0.04627462923371433,0.037984302791542,0.0320914083389668,0.02815430601369217,0.025795700559400486,0.024774881783499694,0.025006782124879227,0.02657917005230987,0.029797097653370717,0.03528137021940805,0.04416044503569444,0.05841812610661558,0.08147173899164224,0.11895979782951134,0.17920281843614572,0.271382908789505,0.3983528502344274,0.5470144473355634,0.6927343159386561,0.8218900117295099,0.9416968536372637,1.0522656072631507,1.0680244962094192,0.8250186246427004,0.4606240330829661,0.22530958882768817,0.11330799142938056,0.0618102921847844,0.036855836087103085,0.02390664335101869,0.016754125238115408,0.012606342190595542,0.010130504764551325,0.008655872055885394,0.007831889334642678,0.007472573841160855,0.007480007763007738,0.00780019345511424,0.008386943446936872,0.009158953509692948,0.00994841698432361,0.010473157999720355,0.01040643480283429,0.00957501563644785,0.00812686213942059,0.006446761384921653,0.004896288775960801,0.0036555793541064954,0.0027439561091385078,0.0021051438440700438,0.001668831404463664,0.0013762817064792159,0.0011854831008811693,0.0010689207829036346,0.0010100928571779323,0.0010008018724649039,0.001039629116056028,0.001131526788703201,0.0012883456230699667,0.001529900522615413,0.0018843970028832497,0.002384989188749886,0.003055499995793695,0.0038761355256583005,0.0047333717877133235,0.005403665947002635,0.0056504740424386,0.005400044037121318,0.004798383868026081,0.004079185682424089,0.0034167350663335695,0.002887729144854788,0.0025039798606149464,0.0022514529283839506,0.0021141884811560637,0.0020888895184543194,0.0022086231014691385,0.002626844837985512,0.0038055181182371375,0.005639419157016147,0.00666798802890298,0.0074576469193897,0.008645013500683656,0.010375674850383753,0.012723864463792802,0.01579802791635051,0.01979780451509492,0.025122659794861894,0.032602416717378006,0.04403360390445336,0.0636597015910625,0.103209491209469,0.20419422380534105,0.5612164395566712,1.0184502454519495,0.2937976216476133,0.09353196752772892,0.0355154328021886,0.007996421547851044,2.8229715377735625,1.9373422119326287,1.072744261115785,0.6125467867086715,0.4207827007244594,0.3222510509214573,0.05671670391893959,0.0010452451638739476,7.510669086385362E-5,2.6860532573424296E-4,2.400449284426433E-4,1.8369234166317803E-4,1.0484485950650843E-4,2.6097063742150546E-5,5.352868407267999E-4,0.0020272949159845636,0.006636609802159346,0.026876373543485,0.1819258384428298,0.34211750631260646,0.10136751642330674,0.057169526481494204,0.04695700360620654,0.04543133527063973,0.03813876563939456,0.023187361928381826,0.013314022847196051,0.008959811995403718,0.007202893398281998,0.006814124345686375,0.007519986554162847,0.009114268910180242,0.010787318499322102,0.011941764654418393,0.012895694749535017,0.014235295196677088,0.016574630176057474,0.02105468870977442,0.03137861634943023,0.06586921916069705,0.3075683474516178,0.20625263738771418,0.031817580781262865,0.009392617255743838,0.003305592100696278,0.0010514086481205804,2.0566086516888988E-4,6.966124402018908E-6,5.087823242239391E-5,1.338048595090329E-4,2.025362034885702E-4,2.6054051843937804E-4,3.2091507423690293E-4,3.980799459230379E-4,5.099116133120554E-4,6.787043467818166E-4,9.259952747031147E-4,0.0012623422465506682,0.001683521827294132,0.0021813757946202994,0.0027591859366558843,0.003439404180412813,0.004264896930035815
50,0.04445017071920227,0.05260476889192422,0.06346010781533541,0.07673229778775746,0.09090965426685126,0.10280617907140767,0.10836880420173367,0.10509232489114095,0.09404350154276231,0.07905937813308557,0.06406560890605965,0.051346636199396126,0.041563893978198034,0.03449569956418937,0.02964745411239157,0.026554938362606462,0.024888658911214934,0.024475832208487223,0.025306219255748094,0.02755483589074924,0.0316443942311323,0.038376781696282725,0.04918242074739827,0.06656303632442116,0.09479950009669957,0.14079847224607164,0.21409910046883263,0.3231749797285838,0.4653426177814166,0.6189237512570673,0.7571340294775272,0.8732423148304211,0.9807037656238018,1.076454277618278,1.0607775807700375,0.7850637249847514,0.42724046415213435,0.20866760514848184,0.10576975597676509,0.05823453392112644,0.03501131461612938,0.02286384276367207,0.016107686548167136,0.012167455212602213,0.00980496005952603,0.008393395383097418,0.007604022901136574,0.007262884760550988,0.00728043617058566,0.007611473850506518,0.008222725997848913,0.009052772796539665,0.009958108681777255,0.010668471099938582,0.010826157059335803,0.010175930170092972,0.00878824422449472,0.007043503389919109,0.005362279461617459,0.003985771510429188,0.0029637348845252313,0.002245023139161645,0.0017536457341210904,0.0014232844671553308,0.0012056241232980755,0.0010685636151975986,9.92315713098252E-4,9.661635680547301E-4,9.864791115924711E-4,0.001055968254702306,0.0011840033665121627,0.0013878463357633007,0.0016941696771394842,0.0021389160453562993,0.002760229465365545,0.003574159610689418,0.004524008551053964,0.0054250123952847,0.005990624803215113,0.0060071894733005355,0.005510970406251113,0.004741703946836646,0.003946790907573053,0.0032660004830264012,0.002740034909884788,0.0023609312356994705,0.002117032087876363,0.002049821053829641,0.0023647871618660533,0.0031766323759917004,0.0038596704192726504,0.004330395128200178,0.0048801130189862025,0.0056428473349529286,0.006684862334291985,0.008065743099679785,0.00985714568190708,0.012158412604654535,0.015127368029684814,0.019044647199326647,0.024448482548203358,0.03244193114686473,0.045507109344140574,0.07014770583899334,0.12827063842486455,0.3324084036036042,1.074630174519779,0.14970160440704616,3.177879602944413,2.707879572326547,1.7147693813561775,2.226979930955587,0.7942728042552049,0.192708362625771,0.0021602161507082375,0.003925746402505132,0.007853839342830415,0.005886632621872717,0.002265021516586285,0.001306587516500699,9.746192579687398E-4,7.454618869021791E-4,6.182995286774735E-5,5.98286425799088E-4,0.004969474154402642,0.0277631637049026,0.1917452028047937,0.3439831777238879,0.09480771139864186,0.05506723649701261,0.04944897670474559,0.05765768761931587,0.0643365787225723,0.04797105058844016,0.028024562310224224,0.01731797988971369,0.0121989594418247,0.009701410579882016,0.008724608432841077,0.008871281162222846,0.009621186852151704,0.010535263251525817,0.011627527463818201,0.01312722305282193,0.015345602607676596,0.018906549172645323,0.026055946076876207,0.04866090172440723,0.22053246117813047,0.14903721123311717,0.019769624956240347,0.005986750152550531,0.002405989299169806,0.0010124380989731726,3.448059941092145E-4,5.278951701865202E-5,1.2945030680711949E-5,8.799029815458738E-5,1.7190893674876525E-4,2.3095694538490913E-4,2.6741797826657467E-4,2.9123184452531966E-4,3.127116019228617E-4,3.413158412752122E-4,3.833853627086089E-4,4.3932541058857314E-4,5.033998513651059E-4,5.664964567091906E-4,6.188287199966044E-4,6.506267581402913E-4,6.514735673820365E-4,6.094326135770481E-4
51,0.03781396214727978,0.04327963857031302,0.05119211943586816,0.061972621134374115,0.07564952064697594,0.09118104931461873,0.10573699831896066,0.11492954041167466,0.1149726728458856,0.10553337245292782,0.09009596585980972,0.0733152100387889,0.0584248654594879,0.04666996623986543,0.038019482460143014,0.0319553840257623,0.027916501343682898,0.025466361808442597,0.02433082076601951,0.024397205848857007,0.025718523065195138,0.028545273428285788,0.033406118506868705,0.04127124287995161,0.05385715846705645,0.07416031639723328,0.10728091519158167,0.16127829460838955,0.246581115927832,0.37026670253341704,0.5237205057296899,0.6782805484777739,0.8073768197465858,0.9106329025300454,1.0061636135016454,1.0914430173581013,1.0660196592781073,0.7848398644744259,0.42677888483227666,0.2086334212898019,0.10582519524654876,0.05826192088084663,0.034996337529617436,0.022813797645406354,0.016030383321067095,0.012067540319141238,0.009684024431363441,0.008250629985964686,0.007436867741823571,0.007067860351171829,0.007054765204416588,0.007356658223054965,0.007951908241883281,0.008803398247979847,0.009806572991230665,0.010729435098751084,0.01120598996053281,0.010882376287862256,0.0096853815528401,0.007931464760697551,0.00609970578008076,0.004530692659760774,0.003338418564583378,0.002491678361359735,0.0019108649225154206,0.0015194045617411068,0.00125937394015986,0.0010914508648871457,9.90732635929988E-4,9.427666773414901E-4,9.408863639303291E-4,9.848994329611338E-4,0.0010809878194884834,0.0012427100646270953,0.00149290896305852,0.001865675973766067,0.0024054117876757546,0.0031551982391755376,0.004120558292934303,0.005201751143614223,0.00614033531301127,0.006599762928021233,0.006405042327878093,0.005687947233678332,0.004746076915866392,0.0038211737074211045,0.0030266242359434257,0.002420681930998706,0.0021619392910937917,0.0024054872734454954,0.002785157030533566,0.003051430328515892,0.0032965618076016908,0.0036101887949481336,0.004040624167627477,0.004622614980619287,0.005391712451337521,0.006391411844545132,0.007680485697742351,0.009346474727645517,0.011534393702967074,0.014511340246138588,0.01882790670215404,0.025805613387846406,0.03956001467025971,0.08272378579468147,1.3061984213743927,0.013626367605070635,0.3639857166620246,2.0815226539596927,0.3243051083689665,0.8667868725292526,0.004238739602801719,0.22434133105949863,0.1017274001413004,0.10036566773607412,0.1364175054395419,0.034472611753125076,0.012326117547256384,0.006884575758136162,0.006175794229820487,0.003200197191847016,3.0838724841023826E-4,0.0017841815084053505,0.02476689455136302,0.18074308410373757,0.37343061253015697,0.08737580228798282,0.04420137569411249,0.03622572022123462,0.041260412762848156,0.053432346054341766,0.05496607770579077,0.04190476002524147,0.02945215630201116,0.021622280126699596,0.016886864954386106,0.014013293097175972,0.012697269100680872,0.012749215359552608,0.013694142248116247,0.01532122727985651,0.017717464067340035,0.02103447144571062,0.02546850411454136,0.03239011071977331,0.05094680091673117,0.171377727202172,0.16975873987936643,0.01564829333532784,0.0038245626471060216,0.0013338827915511512,5.293057116704106E-4,1.9736630124016067E-4,4.785886902003114E-5,4.536429630589507E-6,3.6425817192013566E-5,1.0849913842301072E-4,1.8864180853362178E-4,2.5871787486235877E-4,3.1180634490761086E-4,3.464948810871208E-4,3.6466110190920586E-4,3.7082176374353805E-4,3.692781761763755E-4,3.6052172977807037E-4,3.410929597881309E-4,3.061326975332202E-4,2.520856833248614E-4,1.7942809027142746E-4,9.631342668727195E-5,2.430457465773902E-5
52,0.03352210561058661,0.0366379123312613,0.04167484160287405,0.0491039251144262,0.0594633259822721,0.07308758686323234,0.08950705475325,0.10656836450612985,0.12001313175675421,0.1248942934083046,0.11884803145863343,0.10412238662111997,0.08579082128219974,0.06833352074405101,0.05399622721072943,0.04319097865336389,0.03546382131695509,0.030160410835941422,0.026715387696586067,0.024731918425280608,0.023983615225695906,0.02440449939036314,0.026095588399994527,0.029365229391928448,0.034824727931897115,0.0435776281959574,0.0575701114204415,0.08020040975454333,0.1172403224484998,0.17769415470306352,0.2726791577563523,0.40796756257780187,0.5699663991715159,0.7246484627255879,0.8457534768019536,0.9372390343753341,1.0209967437194947,1.100160577405031,1.0875940226654914,0.8279939064223059,0.4615196866658337,0.22638770096648136,0.11404955537758149,0.06217920345106116,0.03696191034160088,0.023841179687551714,0.01657288080883909,0.012339101925598216,0.009790278406497429,0.00824477660379051,0.00734486224117538,0.006900595572646339,0.006815024188552197,0.007045203668685431,0.007576507788212861,0.008394809911320383,0.009442631037882962,0.01055411411236459,0.011402598640312993,0.011562670181019127,0.010763225066432585,0.009147240539943207,0.007197292999960328,0.0053851086860498285,0.003945188135764881,0.002900489864430029,0.0021780664042964255,0.0016897943442084242,0.0013638435779792827,0.001149730995196167,0.0010146038615315507,9.384209663549944E-4,9.103158388838874E-4,9.264644680603701E-4,9.89309352085882E-4,0.001108012316460778,0.00130010197769009,0.0015941656244565041,0.002032583184013681,0.0026705413737748477,0.003561284687044628,0.004709838555997002,0.005987674494407362,0.007068316758403211,0.00752766934562285,0.007120268556140706,0.005936228640701429,0.004329551143762314,0.0029940195506901646,0.002565924358061772,0.002650135901043732,0.002764315612884533,0.0028443555619468114,0.00293692350812846,0.003079739335561215,0.003296714732034945,0.003606962299164686,0.00403143234875919,0.004598377637601061,0.005351066119090795,0.006363850074334159,0.007782944721111928,0.009951068687789548,0.013915356630153235,0.02506065373647594,0.36647126899238036,0.3321642029174766,0.00892044070594803,0.27844884871261427,0.013703947801213714,0.014366726165545945,0.21774530403254827,0.3615050361818846,0.48313455019979984,0.40805106766997534,0.49160278592686385,0.6908933549234887,0.4170212919644615,0.1196057337280094,0.06904546724664286,0.044067554331984414,0.018466621207694323,0.002181308776979265,0.015153176664134144,0.1962393517549872,0.513626154770704,0.13377847723223732,0.05294205749531051,0.03451589965507705,0.031876315366506786,0.03653936066226796,0.03968504878156688,0.035629859649308475,0.028977322586562996,0.023400449388153135,0.019379149197769487,0.016679733992360214,0.015480666461998955,0.016103376314162032,0.018339079676091653,0.022130537252608006,0.028090359451466075,0.03714294948462135,0.049524500806963065,0.06477028693678492,0.0915770454942503,0.21517500269645723,0.34518274330009757,0.024779588301934823,0.004510821400845628,0.0012069343036033616,3.733754815634832E-4,1.1138492544686105E-4,2.2597897670445956E-5,3.419087610649462E-6,2.153001538900094E-5,6.020029088703964E-5,1.0694870166405174E-4,1.5359268708789383E-4,1.9624604191437967E-4,2.3416193894541882E-4,2.68223854929267E-4,2.987872449688568E-4,3.227497368538123E-4,3.32182465041324E-4,3.170439312705506E-4,2.6999192680300524E-4,1.9108002095627542E-4,9.435175358703211E-5,1.6926395746188966E-5,2.5804056933201753E-5,2.2416613881708677E-4
53,0.031470869648529236,0.03260849158504137,0.03526314314691988,0.03971975848017571,0.04643845648269741,0.056020259544453124,0.06904381067406191,0.08561384186033942,0.10449950167131293,0.12220095749813473,0.13324318185228154,0.13297255497555655,0.12116704603905545,0.10232745960593817,0.08219855517740063,0.06459191177871915,0.05084392953491263,0.04078803046061169,0.03372795824271801,0.02895170956347956,0.025908608516681027,0.024235583638863155,0.02374031619997982,0.024387566926674122,0.02630808843700748,0.02984428673715642,0.03565456758419531,0.044917643330420906,0.05971032962087766,0.08366641062316632,0.12297567933111007,0.18730438827033033,0.28847295949986634,0.43196632426322934,0.6013463401784246,0.7582865140730349,0.874873749693675,0.9565429852599687,1.0281567378807133,1.1022058106593087,1.1182686139423934,0.9136309468063382,0.5405736760873285,0.2684690333925012,0.13353915951494055,0.07138571305908485,0.041571176408577715,0.026282529593910732,0.017918478631719914,0.013089309847605148,0.01019130742632819,0.008422366663476864,0.007363578738840549,0.006791603996371401,0.006590166116465034,0.006705889589118607,0.007123122862269435,0.007842514586053527,0.008849425680044655,0.01005861200861617,0.011238515381618732,0.011978529100514035,0.011830884226889583,0.010640493057534894,0.00873469486700611,0.006683218166354391,0.004911739274634875,0.003569338048964285,0.0026231905582743513,0.0019797727956499347,0.0015491360567436584,0.0012638228076666611,0.00107839104567419,9.640822473515689E-4,9.038895665366771E-4,8.892325412042263E-4,9.182086532300789E-4,9.952201981211334E-4,0.0011319218589146507,0.0013496312265648613,0.0016834201081632927,0.0021876930766527884,0.0029412220264965895,0.004044352895910149,0.005588649007369033,0.007545799929577022,0.009394639028963628,0.00924732380402952,0.005981562151549052,0.003791862048554256,0.003275114989099609,0.003173923223890769,0.0031143856279146655,0.0030582633492373867,0.003027279875067443,0.0030430226230878706,0.003121136902604363,0.0032757883996174133,0.003525857079577723,0.00390418612817304,0.0044779605086131494,0.00540922812204058,0.007197880150732285,0.01232215845042111,0.10568386427273607,0.6768348631980174,0.002857545700184234,0.001001029197351666,0.005403616274285545,0.09623778636879289,0.262924589304905,0.17114026845192795,0.10936916840568292,0.2806091810012986,0.3482405985261542,0.24308771714220512,0.24987082864198534,0.31339028023884336,0.3622400957055849,0.5730140550511916,0.5137514105954007,0.26014747686071543,0.050203069894344594,0.2530187303355546,0.6368824278609292,0.44185111869846877,0.15458458156133156,0.07379896930794064,0.04926793498424669,0.04343677533806085,0.0418796732886111,0.03747900749805455,0.031532757961929093,0.026120797087139963,0.02164484792952166,0.01796298218396099,0.015323624709824154,0.014398967540468774,0.015476338231721795,0.01868821356276387,0.025070005419018444,0.03757074263146393,0.06221117234807503,0.10724951840421147,0.1844077017018872,0.3828938661115661,0.5956539709645992,0.06402569071587998,0.009726248996779733,0.0019953931093253077,4.315093140442898E-4,7.614124230272332E-5,6.748753552233527E-6,1.4646700163316406E-5,4.7278008344755846E-5,8.70774454678912E-5,1.2489502011387422E-4,1.5532889790898375E-4,1.757642699457257E-4,1.8589017528288805E-4,1.8743076518263715E-4,1.8355442427556718E-4,1.7732209009768625E-4,1.6958223203904967E-4,1.5767420884163773E-4,1.3572327604272836E-4,9.705741489380757E-5,4.2439425745278406E-5,5.428239828982365E-6,1.1207043701829265E-4,6.704887939794993E-4,0.0022495762207032613
54,0.031690475796960924,0.03100766131034076,0.031685438389688764,0.033785771053251645,0.03754044680157192,0.043363468083633436,0.051854245006953174,0.06372991060504006,0.07955423053875185,0.09906639158041008,0.1200772596014655,0.1376885045160019,0.1456094808290204,0.14014875876325397,0.12335420870819032,0.10135924012656183,0.07998803003761902,0.06230310823373082,0.04893964489180863,0.0393487928502639,0.032690353703223894,0.028222990088600172,0.025407328037057333,0.02390034690956875,0.023527772145326843,0.02426797215341995,0.02626104657764649,0.029855098245874352,0.03571095153405252,0.04500677899622942,0.05981805579892204,0.08378815987047758,0.12317484552397917,0.1879205678505617,0.29064659049379465,0.43825706729507985,0.6147562055229395,0.778560574916106,0.8966524426972458,0.9721379432077889,1.0313903718723603,1.096648480195547,1.141897163150712,1.0269465233915487,0.6781975575947716,0.3501293682343904,0.17198152414885823,0.08931799007495451,0.05040448042783188,0.030912571590597442,0.020474203663277284,0.014547123677543551,0.011025183994685602,0.00887336932542107,0.007557415556564691,0.006792614329011391,0.006427416798400321,0.006387020606889471,0.00664432071799742,0.007201555742954467,0.008070162074621572,0.009234547132573058,0.010585772914420854,0.011836466706567614,0.012507477326647845,0.01213862552569998,0.010670087171081645,0.008560391168587768,0.00642960131701093,0.0046679394642732495,0.0033712439727970503,0.00247411350188674,0.0018710169686131392,0.0014704075837326381,0.0012067063767140557,0.0010368616787045542,9.341275535769259E-4,8.830354278272223E-4,8.762157140128607E-4,9.128788064029425E-4,9.987943834890572E-4,0.0011479804054890558,0.001387097510443866,0.001765556195477841,0.0023807214428100886,0.003450036277352626,0.005525795607286122,0.009578092581394828,0.011113226724574021,0.006508989621488779,0.004623541428627641,0.004109889026262694,0.003898068088289429,0.003737794022678925,0.0035920723510534953,0.0034745599020186936,0.0034063062050288142,0.0034080295149229874,0.0035054993968365155,0.003745320865367424,0.004238190928719649,0.005322961676111745,0.008597416135886795,0.04718987178943257,1.4339250462949018,0.023661208772029454,0.008846708362141093,0.02234520530245535,0.12965544049455802,0.3058794613644853,0.16382709874697055,0.04701449249739688,0.07850928980409934,0.166150063969225,0.1204492654500662,0.09776449164398589,0.09130443894406581,0.07845329336214121,0.09954449189358058,0.18427686841222168,0.38095908394236966,0.5947375386977358,0.6234537309394803,0.6023118893974037,0.7102271898106718,0.8325025091644842,0.5296960538733247,0.2511493212411199,0.14474030229049437,0.10596817686602664,0.08372348185879414,0.06694043767470079,0.05433516051590199,0.04446363319617339,0.035631398984535496,0.027308345132887216,0.020883136161288094,0.017438673955182626,0.016666479206309766,0.01836403282298147,0.023577686580439943,0.035955410517554603,0.06558575980488039,0.14260530125175463,0.39474573248160516,0.5223706921518035,0.0773637323750148,0.01352089194785375,0.002606738113634967,3.851190642440121E-4,1.751645622061907E-5,5.8807024260812836E-5,1.641446766553329E-4,2.598851991840568E-4,3.344514370043894E-4,3.853280173691527E-4,4.104074937663279E-4,4.083534095620271E-4,3.80474139299608E-4,3.327021517799888E-4,2.75322269152028E-4,2.189616631678039E-4,1.6982460232506459E-4,1.284833161865595E-4,9.21002514689044E-5,5.740977555408256E-5,2.417138379793042E-5,3.3531170739441835E-6,4.318285178143332E-5,3.1055448581718384E-4,0.00133411712830051,0.004743498469053181
55,0.03461107798689172,0.03190730611509786,0.030712652298455014,0.030852003059036574,0.03232454091306128,0.03529302693862535,0.04009663825432636,0.047273716353261754,0.057560634047070486,0.07178092092075264,0.09044826902169252,0.11286140909300559,0.13580345712714428,0.15307085905736303,0.15789676447909565,0.14779161902378876,0.1267959314674244,0.10216680752602636,0.07961650372074346,0.061605623961925725,0.048276131965110367,0.03881959871360943,0.03229258980331559,0.027923523304267082,0.025169307161697612,0.023689548301505912,0.023311136923976704,0.024008744444376708,0.025911051723935687,0.029342435716461585,0.034919134017946316,0.04373822050268374,0.05773117781376467,0.08029941930668398,0.11735394855037733,0.17857355371495068,0.27721297847891363,0.42327419466867006,0.6056251228829524,0.7821417611811173,0.9108218894099062,0.9869562957748285,1.0357482420455197,1.0865202975512545,1.1441869853877253,1.1278843581597466,0.8770912501289394,0.5001152299785163,0.2470379296178638,0.12403137450461772,0.06707427614716233,0.03943943615926736,0.02510390776957249,0.01717974163456904,0.012561692120710607,0.00976453166554261,0.008037828735095488,0.006985843431042631,0.006395507087620532,0.006154901874810635,0.006213171611922502,0.0065595919499834236,0.007209294332756841,0.008184323914024043,0.009474810793415406,0.010964214026500914,0.012332150201619643,0.01304310465385481,0.01259867861661665,0.010971190590217788,0.008700822538423048,0.006462677330295296,0.004649527146722821,0.0033361898081599025,0.002438415502735504,0.001840168346923897,0.0014453434770020008,0.0011867620030765582,0.0010209808610993397,9.212748965997871E-4,8.723116656905333E-4,8.669520511986345E-4,9.050373793146404E-4,9.94582365982918E-4,0.001157969959099363,0.0014543153643583934,0.00207053457908137,0.0037354112971098048,0.007917985216063125,0.007910918776081785,0.005558462676559526,0.0047132421720294925,0.00445308319173077,0.004347467752231175,0.004261746593692167,0.004170357959428744,0.004092196413506865,0.004066196651263167,0.004151034623653553,0.00445797351999205,0.005289763978141919,0.007956489347701455,0.03080716391255482,3.2192635989971707,0.15530064830099546,0.01505433154790832,0.03202464015531172,0.13852383163128337,0.4047385857596008,0.3121906995653416,0.041904731713947256,0.03625365024066466,0.0756132637224123,0.06642583358678288,0.055490004352488416,0.05021723611324308,0.035986364140661975,0.027847242787628516,0.03757768441772678,0.07192909985589119,0.18964371583511633,0.4511255263657857,0.21483320555504443,0.10578601164108878,0.18133803923608283,0.25858980649713253,0.37590314636689803,0.5029561678891075,0.5566202841409065,0.4869719333356414,0.36351767071556423,0.2709377004191222,0.21518043382740054,0.1765791414125859,0.13545778614379386,0.0904352525755349,0.057082849919811524,0.0390093985071221,0.030718256843982494,0.028455036006622945,0.031713909766877976,0.04379855171482337,0.07829743783907109,0.21355737653828327,0.4491366989111087,0.046003861027268174,0.006310594506645677,7.651110018608349E-4,1.67733940347931E-5,1.598625335096374E-4,4.555320334523434E-4,7.611861513519113E-4,0.0010525493875494247,0.0013149121913429978,0.001530845681913264,0.0016808913480964415,0.001737363019584149,0.0016670409551518253,0.0014576606040506233,0.0011506514787900123,8.28806160667541E-4,5.589968051130274E-4,3.609262523366868E-4,2.229767399445495E-4,1.2660412886034709E-4,5.834719471993035E-5,1.4176847770412146E-5,6.1909987512403286E-6,8.490606282061957E-5,4.1107287883113987E-4,0.0015011541326698517,0.00523856549847666
56,0.04144540372161595,0.035939270295286575,0.032525005043071126,0.030706367317513524,0.030227879454177032,0.031014360282135396,0.033148437533484156,0.03687604507727058,0.042632334338053066,0.05107324786423806,0.06307015961866032,0.07955752537701269,0.10101433121915948,0.1263369006734813,0.15136675899871943,0.16873386975626797,0.17125709983128962,0.15741673566234135,0.132813153630114,0.10560769561139002,0.08153393596657654,0.06270405824668761,0.04893932326929069,0.03923637792158647,0.03255137797882516,0.02806313947922574,0.025202208873120927,0.023610736422032368,0.02309941382398117,0.02362258875882664,0.025278515627677488,0.02834182936554397,0.03334352983893125,0.04123059867766697,0.05366749806482767,0.07358878780589855,0.10615137085095214,0.16009608046256874,0.24854363442555777,0.3850745923187406,0.5679677228941276,0.7611837611943248,0.9123953600556257,1.0011213275298727,1.0463553078676961,1.0805112583436072,1.1278199926535166,1.1706414449924425,1.0823929808239496,0.7502249193555001,0.39760027318134145,0.19536783773622232,0.10040667226218468,0.055878123894856725,0.033748730629435224,0.021990231197198323,0.015353521518960671,0.011419924551905759,0.009007549751699349,0.0075080900405930665,0.006596312486997891,0.006096152254447973,0.005916407149391866,0.006019032694550653,0.00640284792320138,0.007092468708633991,0.008122128430285466,0.009498597552582795,0.011123293883106143,0.012679160805487014,0.013590700995364071,0.013272190563713208,0.011628811519949185,0.00922655554379347,0.006824549589844962,0.004876226959372109,0.0034715682558995285,0.0025178289058456443,0.0018864167495854093,0.001471636810602886,0.0012002343651623811,0.001025127717858021,9.174368651396352E-4,8.608065113910921E-4,8.490938849850847E-4,8.901629229057228E-4,0.0010304702581350673,0.0014807831649596456,0.0030675861146633914,0.005056478198541411,0.004553844639172458,0.004017705206178755,0.003873623897614698,0.003920208862115735,0.004036966332209589,0.004169909171129873,0.0043118110696944096,0.0045014225779322,0.004847332416050832,0.005643262513593196,0.008038893136565348,0.02391276945673755,0.6089996875569285,1.7451319314988096,0.02485544435016784,0.03709609912190035,0.12324725700346315,0.6196872708057575,0.7220244014353976,0.07557301562624164,0.03426046776725246,0.0466989526428861,0.04656819155722517,0.042796502056276775,0.043030886178363564,0.03250118137210519,0.017950961670420793,0.016302614792746948,0.0235490702432124,0.05319436368284439,0.2018674191175975,0.3617232401577831,0.003698565034093185,0.00903538417997288,0.023303191381474613,0.035248203089679825,0.047806789810145425,0.06979689257593262,0.12112497258130694,0.23102871890157825,0.4182643192232168,0.5889491392786085,0.6428325651000869,0.6604168392035185,0.689798899897406,0.6511526002543635,0.43834021949235324,0.23962186158996532,0.13965962723033304,0.09680689318988583,0.0838051114024432,0.09574707664028437,0.16618712330369315,0.48440212606825145,0.03891617631340044,0.001928137693024744,3.543661168742297E-5,5.964721621576004E-4,0.0010976856199369606,0.001371857644621248,0.0015237532224133855,0.001658894180184083,0.0018385873673985526,0.0020895985011365635,0.0024265989325049225,0.0028605358480882415,0.003378735051022926,0.0038896684603823848,0.004169693755266161,0.0039577084715674464,0.0032385283986704266,0.0023104632113137226,0.0014791899329515772,8.61459810837084E-4,4.43806511029917E-4,1.798123603324248E-4,3.619676105805542E-5,1.302298587757267E-5,1.7783281693985905E-4,7.757255482807214E-4,0.002645527779015401,0.00929982223013325
57.00000000000001,0.05504030427345585,0.0448303768666171,0.03808534361271864,0.03373740431729618,0.03114789239112849,0.02995752817438244,0.030003389500060654,0.0312799217663975,0.033931379794354184,0.03826927956797103,0.04480931135100025,0.05431258588874978,0.06778264886947832,0.08628963572670117,0.11036460201121648,0.13868751454467793,0.16641416731993747,0.1851302430996624,0.18693499069834948,0.17060325553756506,0.1428076586470049,0.1126846105329474,0.08638028824887303,0.06599264910827271,0.05117619487309074,0.04076087771316415,0.03357878965439912,0.028724622640878533,0.02557204749236299,0.0237219764112993,0.022950411112267703,0.023175684131381442,0.024449964097176764,0.026979211385226964,0.031182203794893372,0.037812562318286204,0.04819202250355599,0.06464498783343967,0.09128086918967637,0.1352684348088895,0.2083042200377476,0.325895333225643,0.4974398003770379,0.7031729275024272,0.8880749550346485,1.0076586299820303,1.064407355593104,1.0887753432795257,1.1134890833885709,1.157241014238407,1.1854602032455026,1.0491842670996467,0.6849803615265914,0.35332433828173143,0.1742459412746342,0.09079315361198481,0.05126753821494178,0.03135823703017856,0.02064406833436083,0.014530171137503147,0.010873109776251699,0.008613214118327444,0.007199499115727391,0.006334925062457618,0.005857808057831304,0.005684507064340057,0.005781294446396894,0.0061505071314163955,0.006822286078724176,0.007842980590634657,0.009245244484387549,0.01097620836868129,0.012772040845107862,0.01405964354445765,0.014129057296569087,0.01268577785983102,0.010218430718045762,0.007592268330129127,0.0054025028889845735,0.0038088459266872876,0.002726120300132863,0.002010495360062528,0.0015396685968924505,0.0012283064891924446,0.0010221940909124086,8.914668232106243E-4,8.347811994013347E-4,9.263350993562405E-4,0.0015040610014441637,0.0027367045085688706,0.0030993879960401665,0.002951560195299845,0.002888699549865951,0.002952181211922382,0.003107750451878547,0.003334240715795282,0.0036375406853002713,0.004077078385886138,0.004859995206492937,0.006812524281119466,0.016778102913711814,0.16095094113947325,1.45800713605406,0.03600572457661616,0.03544257788418973,0.07693995159228245,0.8518058106724324,0.8610515564170087,0.19831767593358574,0.05994310264507558,0.04183308577369664,0.03970927146962848,0.03929265726007896,0.04683635029547133,0.046902503577980655,0.024591437841883515,0.015993906960026734,0.017049401994459902,0.02805616058914848,0.08631461598457962,0.38316077303713475,0.02975792002968775,2.55572449650063E-4,0.0017505109788020932,0.004783703828892338,0.006961907006265758,0.008520144294008868,0.011224785871117483,0.017193098660538524,0.02980785072505139,0.057802367599740265,0.11945873909390307,0.2203339373520736,0.3071835574122064,0.35431053597966794,0.40655495191502083,0.5102285820029423,0.6860491320110744,0.833146312027664,0.7271548753076377,0.5213070561520006,0.43917728555607466,0.5654649976711543,0.027783642886168514,0.003705923574810314,0.010669253676946978,0.011983334858956493,0.01080578465294776,0.00882086768098133,0.00686527561706252,0.005331808175694547,0.004293121542152756,0.0036590435637597583,0.0033174103688213765,0.0031917982425923317,0.003243303711644943,0.0034511727579566048,0.0037823213123052792,0.004154563538096457,0.00442143932861548,0.004421525057990318,0.004073321869327197,0.003418576578053644,0.002576649860242236,0.0016809639950086015,8.576392699613612E-4,2.417195627885792E-4,1.5004292438028897E-5,5.133167688720779E-4,0.002635906637848103,0.009607177530844082,0.03776814688534812
58.00000000000001,0.08202172153053415,0.06271713925839134,0.049944834342054156,0.041446284831970284,0.035832300579465216,0.032258088382042534,0.030223668986281878,0.029458390136195407,0.02985949318994378,0.03146699240233842,0.03446597229584848,0.03921257010475088,0.046280235385901904,0.05651284008759979,0.0710361517794463,0.09109255880004083,0.1174161499869042,0.1488097097505825,0.18020468229840894,0.20232121215174437,0.20593382207543695,0.18896470776887123,0.15847683784605168,0.12482510616789545,0.09521625811979847,0.07221359660747877,0.05549615133669072,0.04374487746291126,0.0356235026683464,0.030090669708380324,0.026420842886083026,0.024142875504415393,0.022976254116327283,0.02278745764706219,0.023570244856177987,0.025451226312376,0.028726483986648982,0.03394457796485165,0.04206872861853638,0.054782509703311326,0.07505602548398539,0.10814962905709238,0.1631586175642433,0.2543505322215744,0.3982390599988257,0.5973348299235455,0.8145248372570086,0.9858072953364677,1.0799317248101723,1.1141669323275143,1.122963326608786,1.1381286010653777,1.1766393091179712,1.2013749630362767,1.0601924082563592,0.6908676877029746,0.35643441361213235,0.17595065488570308,0.0917275248281765,0.051772611915475865,0.031619208208376555,0.020761133688269946,0.014557900946814473,0.010841282215289396,0.008537632316394516,0.007087585893707114,0.006188570324955216,0.005674726862803197,0.005458791889175057,0.005503668115018259,0.005808983110744237,0.006404732854597774,0.007344881671735739,0.00868871218031481,0.010446350180464307,0.012459237631599028,0.014241641344846573,0.014995698759282403,0.01409978421355825,0.011758643329268065,0.00888677576454618,0.006319308354466572,0.0043863567893531194,0.0030515445736318306,0.0021593198699407165,0.0015656086218089405,0.0011804446111629062,0.001001205588508401,0.0012047883610547168,0.001954056759592839,0.0024376505149493644,0.0024570933527149996,0.002406030409714489,0.0024138652123485995,0.002500453703579217,0.002676539714867442,0.002980390453789189,0.003538975889959235,0.004837013231409314,0.010177300655083705,0.7756022393492764,0.11820944406529453,0.05194685844914004,0.04534158709584091,0.03683933068548904,0.9121384601484277,0.8067761343182783,0.33581009251477634,0.09373009598956208,0.04507845821716826,0.029988102199245886,0.029062977132736856,0.03873992639647372,0.06303288562173004,0.05389162040056599,0.031098341419856106,0.025926231849037477,0.03149813491093365,0.06372895090516793,0.30056414459261604,0.07643748676435619,0.004960613505846887,3.433326609337192E-5,8.235779996958501E-4,0.002040096001385083,0.002632480791654834,0.0028433576752928047,0.0032639066492100473,0.004197274690489937,0.006035878780293788,0.009729231923990759,0.017002064182986845,0.028767465932247906,0.04196926077739925,0.052934575729191066,0.06241312880222817,0.0732943818675237,0.08840954429737764,0.1106365351907934,0.14170456015909777,0.16655305876313925,0.05997981214214731,0.38300697540513573,0.5196753225334065,0.44094909192251286,0.3481255120390861,0.26787055974408935,0.19596949046057835,0.13050815459661208,0.07897943360178582,0.04598236905671004,0.027539793699692998,0.01762900430994338,0.012206541211083255,0.009142799837427296,0.007376167184066046,0.0063542485420424195,0.00575280261613522,0.005351070112758823,0.004992331174174109,0.004581875587487066,0.004083544392044087,0.003500490887731243,0.0028502155972119463,0.002146984801143872,0.0013987682004036465,6.363586543966315E-4,5.682011182288297E-5,6.220150069975461E-4,0.006704446111009308,0.041185336829516396,0.27404516810229934
59.00000000000001,0.1383027340797543,0.09964080497992452,0.07438943323765716,0.057750549071895654,0.04667152860036256,0.039263038254015135,0.03436642725566268,0.03127798008705792,0.02958431936125406,0.029068941864269546,0.02966416152057196,0.031434259318509766,0.034583444953718685,0.03948692806446353,0.04674414384777168,0.05724494846870139,0.07220815618771709,0.09306838266997641,0.12092680732904736,0.15515125050992298,0.19116326867735006,0.21930523374704589,0.22842838615166508,0.21393395187829933,0.18197218410887034,0.14421571748639897,0.10985956148967864,0.08272303715630694,0.06286006770023342,0.04885845777793838,0.03915633058420333,0.03250050142905093,0.02800353793819302,0.02507741573383092,0.023355021044530213,0.02263162667836083,0.022831144860889364,0.023996201042301064,0.026303356566682333,0.03011118212377996,0.03606016305056185,0.045263780512609514,0.05966715107607404,0.08271082265212189,0.12050104645889298,0.18355974822831492,0.28805258589292426,0.45114425048141804,0.670159653252321,0.8962623435476101,1.0607746012318113,1.1406575240909438,1.1604172712054954,1.1556871618852245,1.158019872403957,1.1873069611508646,1.220089832498241,1.1215852006653952,0.7758023809938571,0.4119255850087791,0.20292411285533618,0.10436379622054542,0.057959570268141504,0.03482483027483175,0.022501708072839816,0.015529163597843166,0.011380994349178816,0.008818071844014452,0.007199572422321086,0.006180019086658642,0.005569034878920908,0.005263728346940597,0.0052155778026803405,0.005414855362888196,0.005884355669838921,0.0066767973994624015,0.00786769654130847,0.009525653731809799,0.011625463740964133,0.013874864990644937,0.015549679312657216,0.01569786605433785,0.013916775152454059,0.010867931739600158,0.007671302250285626,0.005042356243529221,0.0031628094285817985,0.0020207635158480492,0.0016925720966398318,0.002149791728695093,0.0026333559693727314,0.0027168601152669784,0.0026397715202333355,0.0025737597096278236,0.0025811756981877205,0.0027029067734614205,0.003025484270968049,0.003844323341094025,0.00681210243232769,0.10807260012502266,0.15016881473916371,0.08650051902725708,0.10154101502376205,0.021595487967253642,0.2352904686082207,0.5750122324700356,0.3420593972895382,0.10275172683624649,0.04704809814974111,0.017810148423747438,0.012937022749736902,0.015515417421417592,0.030121328256210066,0.06484723005858317,0.061260507426854204,0.05057097141771104,0.05396997696430063,0.08238059518151793,0.2473170064266251,0.2112380189248878,0.017456757005735738,0.001624441940605327,3.349724702548271E-5,8.657767490486744E-4,0.0017503744672430965,0.0019159027718673996,0.0018350708411553017,0.0018506932621532373,0.002029316382492367,0.0024362093215534435,0.0031991439763007553,0.0043882417740839785,0.005754299860074629,0.0068334273152945175,0.007385661963735857,0.00739741830504708,0.006856612357990966,0.005666789734646771,0.0036027107046396464,5.294606596026371E-4,0.02082123916974786,0.5217250008860085,0.32463771214161524,0.35681382889611984,0.469631526002253,0.5922542748687953,0.6697383919596541,0.7105324925858157,0.7447790727171868,0.7793067259989622,0.761237433611878,0.5914307132982738,0.34795576481331364,0.18254025843155514,0.0986283478209342,0.0579486302417687,0.03738665070080972,0.026209374267764034,0.019535041018159643,0.01509966036974642,0.011844012101542773,0.009271638114813517,0.00714510927883331,0.005343371968161438,0.0037960829347373397,0.0024535487656922074,0.0012821199323598794,3.2762768198062566E-4,1.2213247350230483E-4,0.004527467561427469,0.05443049034059662,0.781171393060099
59.99999999999999,0.2613520328463738,0.18070737819214494,0.1274196793295605,0.09269135530525248,0.06995259702425533,0.05488652841935185,0.04479205728467315,0.03800508039171281,0.03350429646386788,0.03066814859369631,0.029131748625455603,0.028706300516937358,0.02933833162375027,0.031096688664909417,0.034182353643953264,0.03896072977396256,0.04601783024112936,0.056237046034495565,0.07087015484497314,0.0915078215444693,0.11970184489826051,0.15578547171651672,0.19658129337356967,0.23317996654424605,0.2526208606576471,0.24589606534223413,0.21568646819546838,0.17412229845239177,0.13340633175686428,0.099981955911826,0.07505925143649851,0.05735743886039598,0.04505156724524082,0.03657076839310777,0.030767704692461983,0.02686522755440927,0.024361305959122028,0.022949956374198242,0.022469034557576473,0.022872986803891226,0.024228203931202726,0.0267325726672104,0.03076771007176821,0.03700401825587344,0.04659985096432285,0.061575097413636204,0.08550557331695334,0.12475972312131904,0.19039173680960428,0.2996239279824971,0.47130395187638285,0.7036331249325954,0.9441015778566549,1.117019027987713,1.1971160445334266,1.2108063131806315,1.194430446101964,1.1797833528163253,1.1916614468378666,1.2291780751380017,1.2050684158684237,0.945366323135768,0.5457792854892238,0.2711797242579752,0.13603595126210388,0.07311500017461721,0.04252029111023128,0.02663838207833947,0.017854396161294396,0.012723415102285349,0.009592900910078769,0.00762446077509686,0.0063721811876683914,0.005591047679993429,0.005145779966497525,0.0049662155229691935,0.0050258385413967065,0.005332854543689269,0.005928472384133286,0.006887893636553026,0.00831509875965894,0.010308864779303938,0.012853243853405924,0.015582705006883408,0.017508770559311278,0.01714556214655617,0.01355446474494114,0.008099580091254803,0.004502990527953674,0.0038200957148370866,0.004067099570036892,0.004110278627719523,0.00394520356709588,0.0037543776416594983,0.0036579392900596606,0.0037614828651072576,0.004299747843381842,0.006318928648303485,0.027055885509693317,2.1131375046144076,0.23547213980900294,0.08748017833601812,0.026065098102850986,0.06298936314910938,0.4403818365476923,0.33653764306675216,0.11224604920661992,0.05908539270276347,0.019514224964885703,0.007356006890378426,0.006350576263877433,0.00964524279105273,0.026114572059967343,0.04688752686504086,0.05073702353040082,0.05661621727262845,0.07995944283492137,0.18379395236147306,0.40098676077328754,0.0326544952405205,0.004650270546363102,4.485076582941921E-4,1.5668359475386865E-4,0.0014118761642607086,0.0025254630385001305,0.002538193037094834,0.002248109572496813,0.002030283433749743,0.0019150690331882745,0.0019022125246386935,0.001991643128720875,0.002124358809107011,0.002178825623846969,0.002062570705468711,0.0017435974411502857,0.0012314119070211715,5.991471215833142E-4,7.373375508806959E-5,5.087434624044901E-4,0.009458016256080766,0.25211870191036606,0.11266936743835593,0.060358277889687874,0.05812012066176385,0.07260112521206646,0.10415597428986383,0.15675907591013385,0.22755866811031206,0.304019225315983,0.3765970127829467,0.44797500504725307,0.528023549636171,0.6254006796936135,0.7377388025540664,0.8321570143809335,0.8299130911557168,0.6810370568086443,0.47058207719732553,0.3012420807065083,0.19186608267687646,0.12456185767084636,0.08224372088422507,0.05454629259344515,0.03576120359282657,0.022740874835624078,0.013644008570714313,0.00727352888749089,0.002823663631437958,1.811463544188675E-4,0.0036270648580680642,0.10433146861187388,0.29808486896115344
61,0.5170437644008864,0.36366845889642574,0.2501803129229164,0.17311627936743168,0.12262993132802054,0.08975857693662428,0.06816923003076329,0.053793038984869354,0.044104337024938906,0.037548425583254656,0.03316836377166758,0.03037859785912647,0.028832348162668858,0.02834676661034353,0.028864668187362764,0.03044171503812243,0.03325460712451756,0.037630451363593206,0.04410034878394935,0.053479331881857925,0.06696235405737552,0.08618127045461048,0.11304904432743691,0.14899110780709865,0.19299994994814648,0.23866908547558408,0.27302227562105874,0.2819382751560657,0.2607760465477673,0.21870208327148827,0.17088681791205793,0.12843932673597974,0.0954896061248109,0.0716600155488776,0.054986655992643615,0.04346429801911549,0.03553224386739238,0.03009965266699022,0.026443004880834595,0.02409981147283347,0.022790147691713208,0.022367329679897224,0.022792896327347774,0.024132723856423434,0.026575417707507577,0.030480610503545065,0.036475422522215445,0.045636624385591525,0.05983221018125937,0.08236052805890269,0.11911459155901685,0.1804886038560404,0.28344212282885867,0.44930821304154706,0.6850117503521319,0.9466941628560079,1.1492927985429024,1.249802084965741,1.269911375449808,1.2475046745370477,1.2147423479598924,1.1997741490798826,1.2206536224995712,1.2518789769673584,1.1532431345611969,0.7995142115441661,0.42427124383935977,0.20847261743892612,0.10681165861075001,0.05901678348455138,0.0352261036921145,0.022574452845859943,0.01542692654275649,0.011178499518076316,0.008551853012891547,0.006886272854660117,0.005824918179324676,0.005169987961424575,0.004812804027666228,0.00469956722876517,0.004815709720311356,0.005181736424987394,0.005859082904371887,0.006970632814280487,0.008755452669868114,0.011725644441995111,0.017067337244868863,0.02517123813806776,0.019668479496830024,0.010251032507145917,0.008157874056698041,0.007567132922259716,0.007131652782113533,0.0067443196599939696,0.006540304875901427,0.0067977997909472645,0.00840369454388031,0.018803935862425458,0.12638111797224474,0.38921588651930017,0.0545379813400654,0.1101781560058159,0.04300732725830785,0.4436195379390203,0.3770246143569811,0.13783124793525153,0.08538709969121344,0.0440758744987202,0.010208321490696223,0.0054807053130785394,0.005590283246674507,0.011459263860097704,0.02574336833053097,0.03554240536831034,0.043315257136698065,0.05856853138243451,0.10209613167016647,0.38529050132884146,0.04082163164763479,0.004538143070965448,7.143793961482075E-4,3.9422680248831544E-5,2.234897377186281E-4,0.0012021638501067786,0.0023859095332349044,0.002865066044283642,0.002859426258819966,0.002709749584614541,0.002515749901756942,0.002289852382650544,0.0020479277030076154,0.0017924691152710844,0.001484202737932828,0.0010833577119506816,5.979977656776361E-4,1.4681260864921424E-4,5.996767921315794E-5,0.0011650205379351325,0.00723035341669346,0.06473214839698424,0.21118500747896893,0.04548957119713094,0.02540163072998578,0.020919284768356042,0.02127892383401412,0.024665167016733568,0.03070464992756753,0.039065120912620856,0.0492200511277798,0.06084825449672606,0.07431686718655883,0.09093747861583709,0.11324906777873904,0.14570993841508406,0.19585630432476225,0.2748090807807728,0.3929459064284695,0.5453445753714471,0.6976934273979825,0.8037826252772835,0.8432803706394469,0.8263986156911196,0.7690077878842061,0.6750376037453438,0.5393098417044507,0.3712480539459866,0.2111720329701752,0.09564524110634202,0.02640023520278847,0.0017320114164606911,0.5549808140076595,0.21466132368147534
62,0.8981444351626249,0.7174640232658244,0.5268693235871625,0.3673796599827024,0.25184030047171496,0.17423367595561365,0.12359838998243192,0.09063061525126741,0.06892842337752578,0.05442314449543997,0.0445979280328774,0.03790243742678868,0.03337876776882639,0.030436107494924026,0.028718604078629847,0.028030016957763075,0.02829385980561688,0.02953770401446817,0.03189682042835236,0.03563694328397614,0.04119947200851765,0.04927436954280134,0.06090262056323641,0.07758928658303962,0.10133942345892816,0.13435773067547016,0.17786478380571696,0.22942710670627497,0.27958852413810736,0.31211838691257976,0.3126611963636403,0.28044394346286206,0.22917827780072678,0.17579473370500157,0.13066647560982866,0.09661272530726235,0.07236233613814959,0.05551993818345278,0.04390875751330247,0.03590829029263603,0.030408647943136465,0.0266798202562189,0.024255220803647504,0.022849530642218823,0.02230749244787524,0.022576895401750684,0.023701444450519107,0.025833346900380562,0.029270981597327998,0.034535570624646114,0.042515979337441695,0.05473954090045934,0.07388074129423906,0.1047095252488769,0.15576633132200174,0.24178173623599766,0.38469706972097095,0.6038248701740405,0.8810646786719563,1.1346388945943944,1.2860496777255996,1.3345323629957606,1.3196655759974105,1.2759822665301752,1.2319398693225578,1.2142777669198621,1.2374370527488148,1.2625940071294781,1.127428751709513,0.7432167403662489,0.3833227730653896,0.18770527098697512,0.09674027896082353,0.053844663506416,0.03234332662944034,0.020828232118693793,0.014283036841386846,0.01037296385461877,0.007945084114247672,0.006398908429576449,0.005407737305594095,0.004788699035473836,0.004439775599070197,0.004310065851199795,0.0043926716028972745,0.004756498257441043,0.005753698872349522,0.00955723340079388,0.026736227232893175,0.0239950022156522,0.015106431422108395,0.012412771934747456,0.011421936159642748,0.011010676633370037,0.011104982791177397,0.012407394969814854,0.0192224187915045,1.0288647753211344,0.1661589613569277,0.04034495364795798,0.4812921322711382,0.06128976208562888,0.2582482899460452,0.42909432553089033,0.18230386995006415,0.11337381149617622,0.11488003042019382,0.03596249602734222,0.012059556051255147,0.007924736901219908,0.00942796093357869,0.01909041551965502,0.030534447447132247,0.04085154903866703,0.056374927593604504,0.08509536272526481,0.18594438297663587,0.12017950613686988,0.006217602344874747,7.899826161735145E-4,8.646398177463184E-5,1.7044319689095063E-5,1.882744670557139E-4,5.807703773031542E-4,0.0010114216047676825,0.0012861917052979627,0.0013998935724832432,0.0014136537635895652,0.001382833625209785,0.0013519122908088467,0.0013213633598160338,0.0012214784011732392,9.733533626382671E-4,5.504782860293424E-4,9.307288865889153E-5,3.0107316692678095E-4,0.003111264791423851,0.0135051729557982,0.058205592168636563,0.37558076856075046,0.15150734446974143,0.04980249989650581,0.027293646920042706,0.019579276565777213,0.01667280252429479,0.015955667790580007,0.016396679217133097,0.017412155684799636,0.018633141614235574,0.019867364457788295,0.021063180683489734,0.022274524879047082,0.023665198028041682,0.025568023319825526,0.028598827018742858,0.03383925406548907,0.043161778613005464,0.05987275255191397,0.08993220080093114,0.14375349925468903,0.23658268883176578,0.379318681062083,0.5529850695876772,0.7052255758337442,0.8051126663689424,0.864894947866906,0.9068083648061916,0.9456345634797706,0.9854703945712782,1.0027349111046533,0.956817996833786,0.79693293943396
63,1.1406129109742489,1.1039612415414606,0.9702667598312831,0.7718188694904257,0.5646078224998408,0.3924260631587317,0.26829834107848105,0.18517450278397668,0.13102395107043327,0.09578308673432188,0.0725720936201785,0.05703207147258598,0.04646940117670922,0.039223552020715646,0.03426511174852967,0.03095386791084023,0.028896399520252938,0.02786373840968962,0.027745906373277122,0.028530642355618287,0.03030030891283989,0.03324556476562779,0.03769807008326512,0.044187693210249145,0.05353143514104027,0.06695675768323435,0.08623609989783422,0.11372425105475284,0.1519794567123194,0.2023048954376595,0.2615322793800968,0.31818015158252033,0.35330217271719183,0.351130618668399,0.31215407252049915,0.25289424226826307,0.1924980572092764,0.14213204424471026,0.10447056288117999,0.07781095413836606,0.05936132093404089,0.04665995924524983,0.03789888274647518,0.031847821197974475,0.027698574570953097,0.024931566605014773,0.023222508465947308,0.022383413645380667,0.022329241217770517,0.02306413267973311,0.024685085564538693,0.027405414777062403,0.03160655658776707,0.03793712435535302,0.04749739624629778,0.06218455493693098,0.0853434027470603,0.12297750486942158,0.1858419912645141,0.2921615372430123,0.4671161449837409,0.7252354499247542,1.0253716170395388,1.2651325059994918,1.382844648854546,1.4024378170151885,1.3673635782796387,1.3076054005579816,1.2493806915661028,1.2199028021095943,1.2361714807272497,1.2676106284984854,1.1588298742016412,0.7845564485655941,0.4064147766368423,0.19682941344239316,0.0999513725626613,0.05481482039983935,0.03245683601433716,0.020602426503803988,0.013913511567825996,0.009929367613259934,0.007442489219195538,0.005823669462012311,0.004726225873056113,0.003954836729718979,0.003443862482875363,0.003578760325132828,0.008494556475367935,0.021549252713150245,0.01807638006135334,0.01458485511799761,0.01321390938978061,0.012989876178673997,0.01389866887701217,0.017921853542382477,0.05865611346274379,1.452085606290343,0.07669254379999652,0.036131283763008226,0.11973614264832597,0.15376690803575263,0.4057311799901641,0.24481010769473086,0.10570068275050153,0.12676791763973422,0.155645445966063,0.05952453948231099,0.029898235886948135,0.021365569920486965,0.025522793745150475,0.0388747144580693,0.054414026922412304,0.07921345604852029,0.12033251179027689,0.18107707075833276,0.4133574292036519,0.023023127410199757,0.0017171029663363513,1.6221575651324772E-4,8.31017923222306E-6,6.869374204192072E-5,2.2746981601807294E-4,4.338720140606121E-4,5.992479211120743E-4,6.771996385856738E-4,6.681885069921486E-4,5.931848963245647E-4,4.890791043761034E-4,3.9689996031359214E-4,3.2974885531583E-4,2.6415071458138305E-4,1.6570022024544405E-4,3.849399545232286E-5,1.7088905502387507E-4,0.002679571187754925,0.01939156115860151,0.10297116746529818,0.3942367453869806,0.41967883207240403,0.19523910733521918,0.1014877908255257,0.06198279584146935,0.04256387791633989,0.032082166365702935,0.026215558364280588,0.022869556457094233,0.0208580184862552,0.019489988704216275,0.018374818794315677,0.017302299916357917,0.016183578883170794,0.015034445710644733,0.013966908102324949,0.013160209468466535,0.012815528218087766,0.013131412695172357,0.014331110932049303,0.016745465518197267,0.0209526698427677,0.02800490910539259,0.03980524952729783,0.05969656567269861,0.09319194861917761,0.1483402889093693,0.23454154469345587,0.3587564514711954,0.5196742874951675,0.6922589290382001,0.6767242385089426,0.010693563433491985,0.33705575402702065
64,1.0348624186382267,1.175312405646548,1.2455822437777446,1.2162495156625388,1.0809981969986702,0.8694793900071023,0.6409000289785555,0.44659697246992247,0.30477028944376566,0.20931817669018976,0.1470959831156846,0.10665828762898649,0.08007414774309513,0.06229656208886745,0.05020404194156066,0.041872198063970675,0.03610631500156653,0.03215889282283003,0.02956258795559211,0.02803242902908139,0.0274098066134979,0.027632750452848374,0.02872443175843857,0.030796644904405097,0.03406862390655591,0.03890481762987383,0.04587851508534241,0.05587057227620096,0.07020936699537624,0.09083461272531888,0.12038461361312913,0.16188814734251572,0.21734636477692298,0.2843189877508956,0.3512752944727998,0.3971684317594744,0.4020711963831639,0.3630770499032711,0.2971505042707295,0.22699495052008858,0.16721168649185095,0.1220767150858957,0.09004184836851148,0.06789068296646834,0.05266811541012542,0.04217403925680122,0.034903956401333744,0.029866339559676703,0.026419229241611917,0.024153806069854053,0.02281906558262296,0.022276501453557952,0.022476223909184283,0.023449787298952515,0.025318878853389508,0.0283234044412481,0.032878816589319085,0.03968346583028805,0.04991753432217453,0.0656156935551085,0.09037255116583671,0.1306651058869866,0.198162044974155,0.31276986507415216,0.5020889452766676,0.781268375463923,1.10151311150645,1.3476730777361285,1.4585491193475013,1.4678411788050496,1.42228794643468,1.3489047179778733,1.2712836968437258,1.217793067413214,1.2122195743745208,1.2483349234086332,1.2171338104909715,0.9188595065968842,0.5006185454543618,0.23844926491613744,0.11631730193805244,0.06097089241878376,0.034402484169203926,0.020654279391985983,0.01297439325901506,0.008336264909973957,0.0053269103475837055,0.003507836853524419,0.004576798673756973,0.014183343944150167,0.01814494887047939,0.016088551533552695,0.014539000958008141,0.01422256028774016,0.015846569105814095,0.026194249177467727,0.011837920302004262,0.1178809472850208,0.004606350314342844,0.09790760333452642,0.0892273645422921,0.36808378820145443,0.4200147492521639,0.08689807823180552,0.05799425603481411,0.11910758375616078,0.14539126835231847,0.0913426790203247,0.06513197192437929,0.05722427920618345,0.0648908646355588,0.08287156853809478,0.12241095263231623,0.21312442735553888,0.3395547897742205,0.43936112458312154,0.20548821485809568,0.009652518785060514,5.870095553317597E-4,1.8740409843475008E-5,1.0413633064049908E-4,2.6947220638214194E-4,4.70421230710136E-4,6.48691072123263E-4,7.494393787743887E-4,7.506985405721304E-4,6.552186444614881E-4,4.966492728170333E-4,3.363135919924515E-4,2.1689695257128303E-4,1.3596424902319473E-4,7.336903992861102E-5,2.085309386956077E-5,2.3052654430262127E-5,4.0268925794101996E-4,0.0032571618921972212,0.02477202986926841,0.22723292451285063,0.29679066157499195,0.13087938717786787,0.08126674673840614,0.06111994121844524,0.05144905757657224,0.04679915458320143,0.04488224435324942,0.044222840494876355,0.04375367590764223,0.042933427685478996,0.04157597417363248,0.03953130967050582,0.03660891645133809,0.03274603731888189,0.028210937747403117,0.023591884014655812,0.01951437221319166,0.016351406563464184,0.014175213874806811,0.012892760299392972,0.012391059268469784,0.01262085037997582,0.013637029553335156,0.015631931398838218,0.018993224319202147,0.02443439814273033,0.03333320819693272,0.04875491921567878,0.07920751613372007,0.15674325623215862,0.40027261548445636,0.14422560160804343,0.008465837713320329,9.834217948043182E-4
65,0.7230561963194633,0.9007349612715331,1.0912370357419756,1.2577280815071332,1.3570974420807445,1.3554753784954399,1.2386109620924706,1.0254575627075733,0.773235002861048,0.5451395469503765,0.372419471433942,0.25415437607572644,0.17668221466474557,0.126418195583265,0.09352112036850356,0.0716267799175473,0.056782212728599055,0.046551754975285096,0.03942525095255837,0.03445633746198606,0.03104734950049395,0.028822422516829982,0.02755310892941919,0.02711591353296354,0.027470360529934117,0.028651848969562216,0.030777315094843934,0.03406471759985619,0.038870342674239444,0.0457513029750714,0.055563984669455786,0.06960957371438231,0.08982420118689978,0.11895184104433928,0.16045992615511162,0.21756536628231377,0.2902883897589146,0.37019271412190174,0.43671309293733407,0.46388538791592376,0.4385229523482358,0.37193426502326304,0.29018022540838867,0.21517439783512338,0.15634531340335403,0.1138900051472533,0.08440700523058825,0.0641819082499804,0.0502864949886766,0.04067299697618415,0.03397959676434615,0.029319114895507193,0.026119244768923883,0.024015726988278484,0.022785220692690195,0.0223055638111198,0.022535191740800292,0.023507455142410417,0.02533917364354567,0.02825669762393912,0.032648377433402334,0.03916209485899541,0.04888511931728033,0.06368032230748584,0.08682464124400292,0.12422332993526385,0.18662126780598698,0.2929515894945896,0.4719857425620339,0.7481402690404462,1.0891979246874337,1.3744301609115537,1.51259328959077,1.5302886181502864,1.4838537343855451,1.4019705670228075,1.3036011073268408,1.2162120247723762,1.1701018206211233,1.1823256497524868,1.2164846908854565,1.0891659694170608,0.6820622733818884,0.31991275739741887,0.13994957248548656,0.06194311582173402,0.02691164096024499,0.010829857616742395,0.006756568658401169,0.016114822567484532,0.025403411447471286,0.024867284812609077,0.02234427770585999,0.02122342139966784,0.024371304945094745,0.11761656809886936,0.14943962299918642,0.0020039790061699,0.002883084166179518,0.03448575632760444,0.229283745867526,0.3356564427800827,0.15748764543401805,0.04282119840268456,0.045403443011863116,0.09585396534657467,0.09670194958035644,0.07748217879555586,0.06385593567154173,0.05552452881340215,0.058756736372932175,0.0777143514275627,0.13823173716233816,0.33874046264488583,0.5121077314980064,0.32333267934486537,0.0533486561045735,0.003270258852320397,6.088715241521258E-5,6.021009969285162E-4,0.0010968291647281917,0.0014649388966193856,0.0017931587159200329,0.0020293052072388484,0.002103050165264647,0.0019428749515042992,0.0015276798940759327,9.978228553755436E-4,5.678851856736418E-4,3.02981527232866E-4,1.489258641267736E-4,5.352555986081935E-5,6.328731622808861E-6,8.32384644014049E-5,7.305964698059003E-4,0.004658587104913596,0.03685424888740426,0.31977420936393486,0.09759007851791893,0.04355567143916063,0.027556780113103013,0.020253542325066556,0.016174096161346962,0.01379239422785735,0.0126383021156436,0.012601648396617359,0.013716056924281714,0.016113402977693744,0.020045931409853737,0.025880965351267007,0.033900086330266706,0.04367141395526004,0.053146847555588794,0.058868071475904504,0.05851062341926852,0.05308286540092413,0.045578596405522406,0.03841669688840623,0.03265273184428508,0.028481476388513897,0.02580506011605278,0.024526111564030798,0.024672773537961934,0.026506685121975394,0.03078392600581097,0.039617626038826514,0.06012709741683093,0.12788340530851053,0.3737844758559286,0.04836001178772467,0.004331501959852057,6.954213843072431E-5
66,0.4603381780608961,0.5696063699706633,0.7169603357767023,0.9029160583260931,1.1133061845062393,1.3141160484301806,1.4597165379486812,1.5100506550476416,1.4407838244232656,1.2524501358588729,0.9868646719857019,0.715780809431403,0.49390645035880526,0.3356061694876962,0.2302542745482522,0.16182112952554817,0.11730164725604239,0.08792611659394155,0.06817274215273234,0.05463506541451254,0.04520860862824073,0.03857931814370634,0.03391635861976914,0.030690044554763624,0.02856407063617577,0.027331926231045228,0.02688028566522787,0.027169866092604057,0.028228934617589196,0.03015778388308622,0.03314502593166138,0.037499153594256276,0.04370199714961924,0.05249464385931155,0.06501003253939872,0.08296443185350845,0.10889411440113222,0.14632327894820119,0.19946951516146083,0.27154686928811117,0.36036721481928413,0.4518644594618374,0.5184454725390113,0.5319412099287065,0.48531873946995524,0.39917195609677286,0.30448052312097557,0.22263912878400882,0.16062053455271072,0.1167003858688033,0.08647901497227961,0.06581575041373541,0.05161581056420019,0.041766620673567394,0.03487862428013744,0.030049979415217285,0.026698200083996954,0.024450080468688316,0.02307296837873975,0.022433711308526474,0.022476409854935153,0.02321418704980895,0.024733539377724073,0.027213168540681988,0.030963595341937718,0.03650115998693935,0.044683703854774943,0.056962336189962624,0.0758581541015181,0.10587856779705679,0.15526268039511334,0.23904879994759015,0.38288461073950525,0.6201355406330245,0.9570873035344394,1.3037153775213304,1.5176499159110595,1.573909684294803,1.5395135993083247,1.4589842752885185,1.347413135141105,1.22439454304279,1.12202347363303,1.070891819639263,1.0867099796570965,1.1155504269594445,0.8135971446953449,0.2201352905341217,0.043138153969981954,0.04793504042688703,0.06916727267487152,0.06875251183997667,0.05925913032634318,0.052425189997747514,0.06322928227873913,1.4559983341602365,0.010176025159955514,0.004010483946969042,0.0010454576405323835,0.07756962615983551,0.3962969177639141,0.6035082230135475,0.1044853394579279,0.04055523933788716,0.06240138002759742,0.09210190555612373,0.09049217980660693,0.08096868789281438,0.06212170492308269,0.0414806902849246,0.0356814057549781,0.04317943037216052,0.08013289618568245,0.2688146387086974,0.24247467373117745,0.042411453063673346,0.003767645035006632,7.058014797151795E-5,0.0013445756527487218,0.002892720129866764,0.004235481505632033,0.005358199416707857,0.006337859112773767,0.007320164453599065,0.008292613227198976,0.008748598263418315,0.0076460688872516626,0.005053788951040252,0.002681900460502895,0.0012716069765126793,5.256174372000974E-4,1.3861908671480416E-4,1.2155414543739045E-5,3.184122537402403E-4,0.002165944121380156,0.012549713277970704,0.10892791042347785,0.2301481133615394,0.06606413029003337,0.03309238883292771,0.02095026293326002,0.014580471269704675,0.010590540076004823,0.00793662413862405,0.006211284930897026,0.005183782488254562,0.0046870171023542,0.0046125753750318665,0.004921730604968875,0.005652532345833251,0.00692515055957978,0.008939082934011796,0.011939001756878053,0.016124721584107233,0.021529624664697176,0.027970084913208175,0.03514619706991681,0.042814642639770153,0.05086634985347451,0.05923847683186977,0.06773496223355961,0.07595295983354393,0.08360197075233976,0.09131891673109345,0.10171530669576266,0.12122151599101519,0.16797410727417084,0.31083987523958445,0.3940848197899776,0.05600922104687687,0.006606370072599965,3.7604132257540673E-4
67,0.31613818859979764,0.3650126852288267,0.4363292780862477,0.5375846748308012,0.6771884122056985,0.8606764897700925,1.0827501655072123,1.3181721455258275,1.5224541125254554,1.6482535422868332,1.6610697449199041,1.542833163400187,1.3039552947032453,1.0011949233076711,0.7130636198484339,0.48785072755294007,0.3312180615200478,0.22808230037981245,0.16119731571685517,0.11754442795815895,0.08858025657509454,0.0689752663522966,0.05544464964131914,0.045952524368326926,0.03922071458867214,0.03443535675119596,0.0310728462079971,0.028796282185359155,0.027393766835007716,0.026742173186154378,0.02678721506804672,0.027534983532085354,0.029052925146181473,0.031480391828456036,0.03505099989042555,0.04013161395452889,0.04728628550188698,0.05737811002927062,0.07172654459651381,0.09233610422655475,0.12218313775092658,0.16543037451352266,0.22710652364233896,0.3111299671826541,0.4151104628905065,0.5226600103034205,0.6014236951955065,0.6182542872417408,0.5645249703527346,0.46396086810711024,0.352936998758936,0.2569007167732331,0.18424317001688464,0.13294297227874263,0.0977653531143852,0.07379043457836622,0.05735345056010452,0.045961888395910346,0.03798126012474763,0.03235231858195255,0.028389738182087502,0.025650728053375663,0.023852651862146947,0.02282286114376844,0.022469681537615877,0.022768107589630965,0.02375722318616681,0.025549290951283627,0.02835368662886605,0.03252360586207958,0.03864187326408589,0.047678476851475575,0.06128542681513007,0.08236199950034176,0.11615630928432354,0.17238746109258082,0.26895759679297854,0.4360836257885012,0.7093042799612175,1.077701616317312,1.4109436562620503,1.5698616171632476,1.5770247213042534,1.5106770249792998,1.391836282592337,1.1985736644413654,0.9108547136321914,0.5692393764456423,0.44042925828688273,0.5439005801584916,0.4367130985879619,0.35441852196558077,0.2671544901601381,0.20021379856675203,0.5854667590026695,0.0072797854507271765,0.4201363619942677,0.048834913999794845,0.0029411758028478623,0.5067340542434219,0.5024275963903908,0.8616478660159023,0.1801071955137693,0.08223504389388307,0.1264466021255166,0.15387471917488893,0.16350076709431902,0.15621091931868605,0.10147806065473512,0.0535693931994051,0.038398434973985957,0.03987001034109982,0.07157683774711743,0.26527077218998124,0.0552227538442671,0.0032621919014685133,1.6874324448372323E-4,0.0018268080912441848,0.003233100332469407,0.003937616348790197,0.0042914050547126934,0.004653270460411263,0.005175699959869134,0.00598039331262337,0.007282858377562564,0.009295070349205854,0.011587839287911362,0.01233178947755606,0.010242330701953902,0.006687539856728908,0.003352328919899367,9.458915231924263E-4,4.2128641776221915E-5,0.0023111443140316555,0.014723763518468515,0.0792112415629877,0.4047064525037745,0.2627110667519455,0.11419363417297339,0.06486378550861924,0.041610480227119315,0.027700504323945923,0.01849122261915665,0.012388692227655132,0.008517999411050907,0.006170209470251962,0.004792699303513976,0.004019136802166646,0.0036388690752664015,0.003546110148296652,0.0036976131495699205,0.004081569546920743,0.004693294944572823,0.005517887794923097,0.006525931890695492,0.007685684810885277,0.00898562123642823,0.010458360369861907,0.012206318870846318,0.014443239955797089,0.017582123733703412,0.022436566838827773,0.03071547400764175,0.04637779124477263,0.07989019448737773,0.16303579770914725,0.37066577362515457,0.420543513173489,0.15865444696663478,0.04896675302661742,0.012377663665925928,0.0013618930304583074
68,0.25597933144381196,0.27063801372552454,0.2969497663849216,0.3378442384438949,0.3980199174152441,0.4843102424283637,0.6056243358161966,0.7713208503902347,0.9860257362017523,1.239876951873498,1.4997978572584172,1.7152102556282238,1.8391091665347687,1.8404862427211455,1.7021929185293188,1.4346488223565992,1.0991047133049834,0.7814013774209984,0.5339134494291623,0.3621302114362101,0.24910634166125037,0.17580183952338044,0.12792670893413272,0.09612506929462111,0.07456421534200437,0.05964787171276512,0.04914455980378082,0.04165043152484973,0.03626840668905358,0.032417526035921344,0.029719083050695986,0.0279281703469841,0.026892605440002076,0.026528984633928224,0.02681019202261763,0.027761518236308107,0.029464504374218596,0.03206929879423789,0.035818152847529615,0.041085137291611756,0.04844073079735489,0.05875501784348857,0.07335935872897525,0.09428936590776535,0.12461524176121984,0.1687777274924398,0.23256408627428515,0.3216955072510912,0.4371616254845874,0.5665175654199045,0.6773729222782178,0.727459976240969,0.6932246414557595,0.58982792905634,0.45850055443224186,0.3363638343954136,0.24042330557482672,0.1715955330269214,0.12425112199453503,0.09210162147288577,0.07020133428990798,0.05512092719420665,0.04460041582727506,0.03717635261555829,0.03190317412421568,0.028168033855764406,0.025573545638592106,0.023865248809050593,0.022887734952217135,0.022559474934440812,0.022860747486403123,0.023832224563813308,0.025584453628304298,0.028321537342763256,0.032386955175676614,0.03834789202449956,0.04715117472916419,0.0604189156235364,0.08102732968092524,0.11427484787784198,0.1702736305515796,0.2686579762412149,0.4458769315820055,0.7538327596269722,1.1933465572671689,1.563277934618627,1.6220492965503621,1.2915930459008498,0.3634552214560151,0.31126103545782324,0.6741849179980515,0.9447217246855695,0.9054020472591648,0.6171966939150364,0.27577815018476276,1.5490396048109751,0.8921238503890442,0.5670107045883215,0.09235794173226967,1.012205785833804,0.7660645783514691,1.0203399702842708,0.5456531831986499,0.3115594087848005,0.3830771067322715,0.42995193675611026,0.49237266522919937,0.5225241082723522,0.3773792996620954,0.18055193257617178,0.10358903784863435,0.08384433978605456,0.13282149056244294,0.21142465591825224,0.0059826248503252666,0.0013838339686894536,0.0065764848073055545,0.009804916674122331,0.010172360799808268,0.008583186542796831,0.0067774403869738575,0.005580495682320879,0.0049369743475893195,0.004694079126203757,0.004815583215163313,0.00529899335186027,0.005971339844286152,0.006368935292639038,0.006035827930084703,0.004894584424257053,0.0031632476926954397,0.0012039502032958245,3.609608315105822E-5,0.005357599826055478,0.06274533554006709,0.5039925761505989,0.4701534264598488,0.2702241233425944,0.19968267758567257,0.16683923763656844,0.14331758327640703,0.11791287011940824,0.08877864301591877,0.06105227749097985,0.03993040795683858,0.026149200477699825,0.017761570994009733,0.012720825821539574,0.009674645707747084,0.007851275621466605,0.00681860297458396,0.0063184102781478155,0.006176886884179852,0.006263738935953244,0.006478557313621373,0.006749336546220801,0.007033092704379499,0.007315241684753484,0.007609941749153817,0.007965631207599305,0.008481169577879621,0.009345050657838336,0.010939546794537484,0.014171148500742971,0.021809659836238733,0.04656996122703317,0.19641614528733783,0.10653887057302468,0.016849774923806023,0.004412546416171297,0.0011727684484982095,1.5519950878417873E-4
69,0.25551369533176677,0.24621320994737766,0.24625163773332925,0.25534938437228455,0.2743255994598974,0.30517747205335505,0.3513516566480682,0.4181761949716696,0.5133177601550627,0.64678937902093,0.8292663165995302,1.0664869924026736,1.3484872045269833,1.639790078251432,1.8859098490483164,2.0377018155270425,2.0647817019650376,1.9473328761476794,1.6832518697295968,1.3215446960703632,0.9553684750220734,0.6571728616538489,0.4451715141011741,0.3043217628771844,0.21283302933445414,0.1532380448664915,0.11381986380414416,0.08721335728395058,0.0688719840829054,0.05597975488553365,0.04676973594959875,0.04011482090320263,0.035284323330991955,0.03179852641778318,0.029340930518009324,0.02770489753328215,0.026761301858197042,0.026439541437204117,0.02671765934038415,0.027619455433967068,0.029217978353002435,0.031646111895479404,0.03511646231836858,0.0399547943081287,0.046654335046476765,0.05596295641170626,0.06902197529991226,0.08758303904610917,0.11433122405207234,0.15331128534580518,0.21030972363133482,0.2926042922031998,0.4065485729993606,0.5506220127803555,0.7043343548572013,0.823799351698898,0.8606043011528381,0.7968966751032976,0.6606772417351976,0.5030873578652915,0.36374895267031443,0.2576018658495257,0.18283448410288858,0.1319340763168221,0.09755334465564594,0.07418414151185844,0.05809423565395909,0.04685319180766583,0.03889649653802631,0.03321549359958871,0.029155919337533837,0.026291692949011482,0.024347114690396666,0.02314960788058448,0.02260207280073934,0.02266864493034945,0.02337092351136297,0.02479438729424667,0.027107625358512404,0.030601482481873648,0.035763924718111705,0.04342618033976576,0.055066727720209284,0.07351206502728429,0.10481797617119613,0.1645632877939374,0.30624820946580095,0.7605785421839945,0.7994982050414343,0.28691244935431426,0.3321969686497645,0.5144266657185462,0.8750974851847729,0.8943543028964601,0.3180379979918845,0.8381163931786294,0.46872948391113967,1.6016195465488376,0.9295062219874028,1.1343153106017059,0.845347992323119,0.8395040475131661,0.7730561364065244,0.8865043808682733,0.9163325307462472,0.9133726798827575,0.9568830055544992,0.8449698640956514,0.8503673075659942,0.9227291599607824,0.712637888879463,0.4555503877908945,0.4323348217551174,0.029669708684610746,0.023975633609800824,0.062358677641141065,0.0846464236504614,0.09006831108195423,0.07426464195755131,0.048208202932024095,0.029011096700492435,0.018534046798787184,0.01297275002931495,0.009943936575572857,0.008413022019050458,0.007828192482884805,0.007645647464908946,0.007300596654366286,0.006441886953014301,0.005022824270087208,0.0031994836476448843,0.0012853928425866227,3.438128082245422E-5,0.003006096896171913,0.04978811901322213,0.5034513636003946,0.12597082317298255,0.06905854838420929,0.05538475813090711,0.05349984183306149,0.057854083762855016,0.06694069188092001,0.07927613163104501,0.09193684632743891,0.10114660684964151,0.10433728704004808,0.10119778680991798,0.09292261725656945,0.08120931241345555,0.06796044027289477,0.05518584480439452,0.044470438241469325,0.03641004448499717,0.03070466577654899,0.02669028249083947,0.023744409137029243,0.02142488438726888,0.019467850544468233,0.017752367020553807,0.016269791422797424,0.015103512077739077,0.014426123141907563,0.01455032416187554,0.016164104768903637,0.021362788751515448,0.04029354188858434,0.1812753078073146,0.05071528518269629,0.0061544509061119655,0.0012512323171205817,2.3494810581923728E-4,1.3601096142939498E-5
70,0.3289234129146755,0.28662334151431385,0.2599755275085434,0.24484132417630514,0.23897626415045836,0.24142069102745534,0.25222263627656255,0.2723845978028322,0.3039916328453708,0.35051512065596924,0.41728904443692877,0.5120804695124346,0.6454022858086439,0.8295248951365528,1.0739909405274022,1.3752906602735644,1.7039675746089484,2.0046696954086043,2.220519588794402,2.3167095148363095,2.272977692620583,2.0711558883320405,1.7228803622497657,1.3050978290185935,0.9208825457405134,0.6271803555611218,0.4252877741301118,0.2928431760167896,0.20683863644024472,0.15047370497291607,0.11285718341165712,0.08721384713242453,0.06935909651805686,0.05668626577143581,0.04754641918068726,0.04087797816759984,0.03598593336075922,0.032409099507727024,0.029839345904627945,0.028071950784435282,0.026975035996757563,0.026471128660871746,0.026526897349740473,0.027148967761895848,0.028384994898384152,0.03033021351571764,0.03314078346130685,0.03705667475299914,0.042438965766485426,0.04982978224653417,0.06004840298692759,0.07434500573669552,0.09464366470840553,0.12391254836018986,0.1666763908240747,0.22955253042987087,0.32124258348813606,0.45034683718440344,0.6180781648589015,0.8050293737732728,0.9626175224135097,1.0302286927919018,0.9763289954098194,0.8242349925688266,0.6336989199850956,0.4583758331576031,0.3223667777595161,0.2261341495004949,0.16084239612193715,0.11706087956219437,0.08755782354382527,0.06741484395159869,0.0534408495670663,0.043594784491396844,0.03656938251285113,0.03152063280291451,0.027898837198662586,0.02534459410225415,0.023625107165667604,0.022595594460203063,0.022176809538947344,0.022343766380579905,0.023123883694280593,0.02460679821654414,0.026978908481137834,0.030641943565808148,0.036744289347829785,0.05067992185125283,0.11226950747368865,0.17008112902582226,0.1450956839109823,0.16454605301826405,0.2687913587387838,0.13161251187764264,0.7762993984472949,0.5315998563416774,0.3419212719591834,1.0238397734808151,0.4778495911476527,0.6373565976201119,0.4747948490849007,0.40951650754795765,0.5300954247569877,1.1783009576944055,1.4060231640495302,1.151645430901222,1.026877118905801,0.8677835709623055,0.7581038123969968,0.7827150814843801,0.8277889613194032,0.7106197331585659,0.0622487380600705,0.2752033184638745,0.4928786575142741,0.6043199727108662,0.7205160363141805,0.8443560985955388,0.8996453107013471,0.7903326020413066,0.5136243507580501,0.2757075824174966,0.1466364644646828,0.08383703238500288,0.0541564880485663,0.04048359750525337,0.033608058476256336,0.028677898926768745,0.023560620082096397,0.017653295373734078,0.011159398076489926,0.004885280173471804,4.66666886192302E-4,0.0034889429650572477,0.08087548208297453,0.3299747144681735,0.07798187226022073,0.03984205862393564,0.027993083500869865,0.023332485543858007,0.02182616308303375,0.022193129082532115,0.02383697771322469,0.026315337868032022,0.029243439935858467,0.03236150976392758,0.03560925819927737,0.03914496043467306,0.043332959287534584,0.048729879924927055,0.05605023604935641,0.066040546346824,0.0791925240462111,0.09533853886564028,0.11333647648963677,0.13103500549968783,0.14551913979896822,0.15365236501725948,0.15308937765276429,0.14360133829373312,0.12778163286611463,0.11019450216052802,0.09553046528310824,0.08779010700692429,0.09272631969786448,0.13187769772902427,0.3286304817246458,0.09288493191147229,0.009361881768899197,0.0012431032654310365,9.339242414811676E-5,2.1394556904343227E-5
71,0.5885696162957893,0.4558650360185127,0.36946766343829296,0.31260771246193947,0.27526497261814703,0.2515333256821448,0.23798197636381363,0.2327362494931457,0.23499331462288026,0.24480299475804657,0.26302972808872094,0.29146592300693014,0.33310102536082475,0.39256630857763575,0.4767510274791137,0.5954465403935817,0.7614428318576761,0.9885152398329133,1.284439236146483,1.6373699900112486,2.0036921027782473,2.318053026878431,2.527477982948828,2.608296609235736,2.544549939448945,2.313160922573212,1.9219765570880658,1.4546223251502688,1.025833236758374,0.6986144135756402,0.4738215553317617,0.3262937284610955,0.23038847246832977,0.16744020534580206,0.12535723057180923,0.09661343477626719,0.07655467856956474,0.06227694121787911,0.0519393747825302,0.04435371424990778,0.03873912613074205,0.03457446300239125,0.03150802489586795,0.029301712396789855,0.027796161009265425,0.02688903643835466,0.026521932476068547,0.02667327616553834,0.027355901218451422,0.028618856054455407,0.03055380703655564,0.033307282277897185,0.03710120281786671,0.042265981560301064,0.04929342231696341,0.05892146946428143,0.07227057258907428,0.09106294196475773,0.1179699295575308,0.15713764202317507,0.21489003048586788,0.30035695762912884,0.4249850449329387,0.5982211328683171,0.8155161435012078,1.0409633942934993,1.2049515981112688,1.2389291289107387,1.1253859300579716,0.912632680341444,0.6781409185010746,0.4780338318122953,0.33024557449322584,0.2289317740302135,0.16153039557027257,0.11686713221667228,0.08697667159404752,0.06664309653241074,0.05255296334076703,0.04261072771005187,0.03547912883712831,0.030289764565256543,0.02646328642665835,0.023594853021077354,0.021375004914587374,0.019526990663909758,0.017769281967695075,0.016045074438517895,0.017546136763693192,0.045471103042911944,0.06155833137964648,0.059726472217325556,0.005656274919568542,0.9891182179081739,0.4864096300420867,0.4115517700263694,0.18164645940448454,0.6442686752584819,0.027695777345218175,0.11970723402031332,0.12983527564651348,0.09955560982396645,0.09910378985862146,0.17497854633519314,0.34140048948926494,0.6058322689278746,0.5897795832020386,0.49004014844708543,0.43976302855273225,0.4209745075122536,0.3843587495783348,0.06475186814303371,0.9173767058803415,1.2349259730864202,1.1561934286495374,1.059037415126703,1.0557340995396745,1.173541170062278,1.315554907329936,1.3602328727431645,1.3582188599218588,1.3600133069298517,1.3272467635263814,1.186925594958982,0.941525610327356,0.7067788757070519,0.5468416196811671,0.4415387686352854,0.3595421706292593,0.2796048634585091,0.18955228341675046,0.09296989328142496,0.017598971627768984,0.009761863374420351,0.26906694040474827,0.5893575000015415,0.2200463116589539,0.1057091271220933,0.06386209004482497,0.044968195519205875,0.035644868940388305,0.031043979784147625,0.02891616330085235,0.028000912119731342,0.027538769657050575,0.027100264082147177,0.026488253104026197,0.025662266954107896,0.02468782412697367,0.023707403059961905,0.02291701096963626,0.022537701117922596,0.022791523831376566,0.02390364288537515,0.026143915673298285,0.029909216219536027,0.0358525021590485,0.04508420007354057,0.0594921425479655,0.08222606558535193,0.11830991760730351,0.17502637419112946,0.2608827737744714,0.3799472694452982,0.5118918811793117,0.5600259926005393,0.38542603491133404,0.14235425890621747,0.02962986114892863,0.0022193569903688425,4.679605826145723E-4,0.0028928334066419775
72,1.5003570961053296,1.0826051521189428,0.7798062639053408,0.5810022099061088,0.4521617660045863,0.3675891532917026,0.3112910802135557,0.27372362112888166,0.24921381462504438,0.2344064646351854,0.22739341467921306,0.22724489802770953,0.2337808054505558,0.24750006970313618,0.2696356637839618,0.3023351016759083,0.34898952680321194,0.4147457219533695,0.5072095923192819,0.637206937624883,0.8190135666353388,1.0683946631103343,1.395257921852502,1.788615269005596,2.2019788180073263,2.563075405341246,2.813859140671157,2.93432253877131,2.917219920198753,2.736153799327182,2.368531584757553,1.8649101073218355,1.3509247956484514,0.9303588924653149,0.6305372892913362,0.43083260175605553,0.3007251975417448,0.21568169383145946,0.15921621146730075,0.1209404878630218,0.09442096602856777,0.0756571410149637,0.06212685272405821,0.052211394061765254,0.044852218555436134,0.03934465118256612,0.035212324082020574,0.03212959099791535,0.029872905171906033,0.028290045733348826,0.02728064110772587,0.02678411609305155,0.026772808143663004,0.027249031628758875,0.028245599044736565,0.029829921835030526,0.032112460831210145,0.035261137649985376,0.03952457264980092,0.045269025945751044,0.053037252280984507,0.06364306443797516,0.07832463820585726,0.09899415861336973,0.1286414547597929,0.17196571455305334,0.23627708489928564,0.33247098350605325,0.4750120717992696,0.6777466906461898,0.9400367421927225,1.2234760973222094,1.4432948544446753,1.5076922602468532,1.3832138758968713,1.1222946113348387,0.8249685621944468,0.5698518482421807,0.3835648972087529,0.25835940475837016,0.17687019052209665,0.1239299748043242,0.0889872143773795,0.06527080575242715,0.04850353543424018,0.03590196412190189,0.02553999803385089,0.016282996689530357,0.009804640636134761,0.0184798321989628,0.03703365665964842,0.02960231965911256,0.013523818623897099,0.5212662902840521,0.5822606717958734,0.2987671619558641,0.18116270859676667,0.5207224065728531,9.313975458187124E-4,0.038398490847134,0.05690176264940033,0.04010348505473177,0.03183713041797959,0.03665854654779201,0.04735998673025774,0.0691350092512825,0.08952966308816526,0.09040433077881735,0.07684754688860847,0.04832163074705404,0.004839218322733376,0.5038491604140637,0.7179724584517053,0.7196743275808803,0.9728265082718349,1.2900596163033184,1.318115078779386,1.1507493376239275,1.0500146537938504,1.0265656007091304,1.0513465390687529,1.1146783950865016,1.2141736806158314,1.3381212889693588,1.4443290600349779,1.4821325827384246,1.4570469622703677,1.4150940054254668,1.3895215651288206,1.3892198272108864,1.4025982553592276,1.406477183653525,1.3311858921596535,0.041416024102143054,0.9269322422874906,1.1590348034281537,1.2373949589850881,1.121825959600595,0.83964493216651,0.5592006544085253,0.3705985036470511,0.26148307813552735,0.19937430204532589,0.16178730997518134,0.1364235695589494,0.11703646191150763,0.10058074064611273,0.08570452605351561,0.07201045710603238,0.05964503619478791,0.048967120430010974,0.04025602525115406,0.033551869673560906,0.02867420220550214,0.025342845099277148,0.023296019328360625,0.022361375694270404,0.02249197425947595,0.023799892304623232,0.026630592296698657,0.03176402117552992,0.041004477126944036,0.059202293183134885,0.10321691029746807,0.25333926126743356,0.34141943832536753,0.0512944509542829,0.007589712053728211,5.367040929636453E-4,2.627164353464959E-4,0.0019006776919251757,0.004445735761248312
73,1.804805573077778,2.1430921470493662,2.0754922429387133,1.6481824620186432,1.1903621046998107,0.8530899903401827,0.6306290483202522,0.48620781245842504,0.39113165125652605,0.32739135539291336,0.28419580965599733,0.25508558191736896,0.23617151584442903,0.225135664125668,0.22067831892880807,0.2222234041934592,0.22978259097223935,0.24393076437139752,0.2658777255366708,0.29764415206238354,0.34236949530572125,0.40479503363117664,0.491962354887223,0.6140946655311329,0.7853433600075121,1.0232837500514331,1.3444372104348856,1.7518018908340625,2.215351604479012,2.6645876517590805,3.0200943650613707,3.2422432478645815,3.333062146124916,3.2896417429955798,3.073746082705885,2.6516609053136824,2.080134393008827,1.5027614788571726,1.0341123573304536,0.7014539521426775,0.4800921821947148,0.33569742976367645,0.24108700237099914,0.17808427015225686,0.13524312652816473,0.10546508007268172,0.08432561050483345,0.06902715544144561,0.05776850492337833,0.049367604637130344,0.04303432502380943,0.038231717379693456,0.03458994697811249,0.03185205999283015,0.02983935531487458,0.02842910777724242,0.0275403011440446,0.027124771371369493,0.027162241189178406,0.027658441455051013,0.02864604495662407,0.03018861146083351,0.03238827013009622,0.03539857623464259,0.03944506105048429,0.04485775422544456,0.0521229259050693,0.06196639332009907,0.07548953630039036,0.0943941623082464,0.1213567032524138,0.16064649226578218,0.21910982866088347,0.3075698390123285,0.4421893803570141,0.6435349837000484,0.9269953798974606,1.276211274141455,1.6108810699179847,1.801421609358957,1.7519575469030437,1.4746179584987618,1.085967443516601,0.7203779667158399,0.44449260113948064,0.2574983513903659,0.1341407706751611,0.054413190391767265,0.015545178342736731,0.01505526915496197,0.03269719589375208,0.0019774874443357145,2.3050370695767946,0.6495939388212876,1.2878658758788555,0.4140485158241194,0.37824323876753113,0.3159166255205287,0.0012369635388586968,0.040409520248160025,0.0686533005867143,0.04040001441408478,0.02786269073728278,0.02473256794170006,0.023099606626843107,0.02520079308444121,0.028872083532817658,0.027035783352119768,0.0169349721225355,0.0021176490731925814,0.02849369217152267,0.8534954192744628,0.28716721325852135,0.17761023047808233,0.16336133507358264,0.18046616553567,0.2162233122120885,0.25447630013315614,0.2825814386469425,0.3032757932844054,0.32414545421880364,0.3526808183833755,0.4011673061285242,0.4958110091227251,0.6850327646702166,1.0231090285494109,1.4686321546929926,1.7694441118006123,1.7451884774630058,1.5576391821355442,1.39834027559917,1.3269721675469626,1.332622498762631,1.3895925172985333,1.4504296638275507,1.5296432591300566,1.6126050762953965,1.69400783957394,1.75700681005005,1.7755935222302874,1.7332894676671364,1.6423391433373227,1.5336699608375444,1.4317741457020332,1.3458199056922786,1.2746190959048873,1.211970674701325,1.148035659794028,1.0681262169033374,0.9538997324164714,0.7955430063661022,0.6105610263719197,0.4374905222216835,0.3034054693150913,0.2110959646963914,0.15096628876664872,0.11251403616389875,0.08810208814001609,0.07292152165054247,0.06417741282121858,0.06049889613541924,0.061852321141740337,0.07051751248392728,0.09647641205512833,0.19661067345447042,0.32628933614400923,0.017684277497451887,3.303687870782164E-4,6.547931315083909E-4,0.0021496847634349175,0.003365984046482368,0.004246681588826288
74,0.7554913607225163,0.9648668291991139,1.2794308381691033,1.7165392175610417,2.176585851667858,2.339163553276697,2.0158976171829317,1.4979271555775324,1.0666472837627552,0.7725539186089818,0.5811588878321401,0.4558179445987782,0.37203918069020453,0.31495179545405066,0.27564052315953547,0.24870567417155523,0.23084354304364638,0.22004580649040337,0.2151519612082751,0.21560568136034042,0.2213365011958397,0.2327286355390977,0.25066339676453975,0.2766394465822605,0.3129912469292722,0.3632430391737858,0.4326513710319628,0.5289883959752972,0.66354764239502,0.8520634750060534,1.1143914010709646,1.4700054902935438,1.9245917669693953,2.447586442144737,2.9608130816607523,3.3721885284018467,3.636565245379054,3.7667135156596987,3.7806356159952794,3.650098494455062,3.308929528938669,2.7433967991234027,2.0707250229612235,1.458666783756028,0.994810392933875,0.6768357278254087,0.4676750757116409,0.33100055620754254,0.24069719566069808,0.17988817711494523,0.13804138197170857,0.10860954816969882,0.08748030759929284,0.0720273536189081,0.06054132035230408,0.051888066458154185,0.04530125721748895,0.040254532672216924,0.036381402601747645,0.033424231920084486,0.031201297444742416,0.029585318119107584,0.028489464692342814,0.027858421658736802,0.027663047858007765,0.02789782087073419,0.028580712241030048,0.02975553328660098,0.03149720473233382,0.03392093696204376,0.037197101937640614,0.041574864031223936,0.04741982521977319,0.05527478630100179,0.06595965500212331,0.0807392598515691,0.10161151309941821,0.13181249240181456,0.1767153000924751,0.2454337502010048,0.35360875629676264,0.527793837118234,0.8103384777838539,1.2568875014998893,1.9013852243996092,2.644335945083117,2.942432700075822,1.2853132547538941,0.08817547814092644,0.02285542683771069,0.030669314772614746,2.056076260354834,0.5411274710019627,1.2488345482322505,2.340895008507004,1.0053553264956747,1.0358163225993522,0.2086613136445053,0.010063299459283092,0.1275446881944351,0.2630485027550586,0.1232099386885491,0.07443248730394629,0.055453454526874335,0.03899252593477673,0.0319380392461637,0.03001034026795626,0.021784649852628825,0.005470456462689791,0.00648558154153253,0.1610509940401425,1.3063962449551592,0.36580744887982514,0.1736720106005892,0.12039903240933449,0.10085946458535448,0.09647403712698648,0.09992469140433048,0.1056680624676894,0.11040929639343346,0.11276403821139543,0.11245367599958866,0.11053812224163022,0.11000741900715161,0.11510088249492698,0.12971862056859834,0.15743800948228637,0.2035566462979918,0.27730586106518224,0.3909987756370658,0.5494328363241894,0.7332859163842723,0.9128895917044825,0.7178805800901692,0.422714230249051,0.8010611552238253,0.9918685056213048,1.1615448915140927,1.3347268824106844,1.4971844513499348,1.6132162817948763,1.6600837157342412,1.6555876226977428,1.638785495264784,1.6405249161133355,1.676762353841111,1.7516433551624617,1.8563185823363066,1.9637448943351177,2.032315145128077,2.031490199209315,1.9690093529215509,1.881831025783145,1.8047861155110123,1.7542746209374385,1.7287667333018715,1.7114802220291072,1.67120889661811,1.5713629319194051,1.3977946961378074,1.1814892393812173,0.9768166147501276,0.8240812343982515,0.7480241360548848,0.7924719344405646,0.5813799514548539,3.616225537116583E-4,0.031112756311491956,0.04669550270197771,0.04775803489800311,0.04344024235802397,0.03763439002740986
75,0.4416057670469739,0.48729671811533515,0.5571780979964593,0.6620768220491521,0.8198859986587783,1.058858785725616,1.4161769612319837,1.906076292171823,2.3997874803144734,2.5324729114311384,2.143162941156958,1.5780098951001813,1.1208438776377985,0.8114514835154775,0.6099581201047111,0.47745103812386047,0.38831581918068697,0.32702799232887647,0.2842491388278009,0.2542821208251388,0.2335945985267283,0.21998211957416838,0.21209330332163032,0.20916146012938888,0.21085900447321138,0.21723125486197473,0.2286894102185163,0.246057480764419,0.270679903991293,0.30460881033499726,0.35090465039520424,0.41410159785536454,0.5009043124038766,0.6211703688812165,0.7891114131941478,1.0241950214082727,1.3499930527588953,1.7868424281955102,2.33280941764932,2.9368734134980707,3.496363093494717,3.9133561522951283,4.1628416894072355,4.284275209951333,4.312051372728513,4.219052471228593,3.9165888159368714,3.343959520115638,2.590556356385092,1.8546965268023021,1.272914038418684,0.8656719747022941,0.5956575070762149,0.4190213377663818,0.30256003770891954,0.22440527322907533,0.17082502764655108,0.1332772284854622,0.10640619751695869,0.08680114716431571,0.07224884716333753,0.06128497376285784,0.05292226906135829,0.04648339760775906,0.041496437874928245,0.03762841783298423,0.03464237347299067,0.032369241476092686,0.030689317301282586,0.029520051191602985,0.02880820268082201,0.02852516586344948,0.028664812926381757,0.029243609704816594,0.030303129237332797,0.0319155208203443,0.03419311104657004,0.03730434709049698,0.04150021375393414,0.04715916294680689,0.05486731128897114,0.06557227280511248,0.08090967827770008,0.10399961774413005,0.1417951755991456,0.21413363398859148,0.4068810060518298,1.546143569753035,2.3957985235319312,0.0503913878688461,0.013536676009649756,0.21282021547339844,1.1164388807834495,1.6037331699064827,1.5747413345082055,0.8711675113044042,0.7076956734450215,0.05269667531711133,0.021115225714114227,0.17873477929865517,0.7408488976177698,0.5109375021916662,0.3248075004990094,0.2741591780271022,0.22975874047978243,0.16045288628368928,0.1135396792980361,0.05328501121911425,5.005140382486432E-4,0.15273704966137605,0.6858257875244249,2.2574438717349192,1.606431983056514,0.7164312510059975,0.39938391131180695,0.25990159874209756,0.19813942114154737,0.17570891246588355,0.16952786388494262,0.16699436446502886,0.1615960570400975,0.15009899757752246,0.13296233381974878,0.11467291277126547,0.10029757538128883,0.09188520595105845,0.08901691779701047,0.09096733743275422,0.09797860742007682,0.11193381130290385,0.13775693079270374,0.1907469468525057,0.3589252312731928,0.3082823820994227,0.01157827909154177,0.054288319541228175,0.0842569483178743,0.1080360270921987,0.13102047961473248,0.15822493595591344,0.1960844007143083,0.2539344190265121,0.3460033365167054,0.49380434525764705,0.7245637968588581,1.0488856738101904,1.3993687368603558,1.6191254985698964,1.6372655124127318,1.546050729602573,1.4475795536602203,1.3829800662292269,1.3580612570941832,1.3690473562688776,1.4128035893712185,1.4895827112447775,1.6029803267819642,1.7578079460680012,1.9535734571673038,2.167911760635139,2.324650592941458,2.266505480377537,1.8214561741819741,1.0230806354438182,0.24853094317454355,0.015545810851332244,0.5015787770648685,1.2323320558407975,1.7029305230886274,1.8731942007928697,1.8857647088699767,1.8385773367466756
76,0.3954424944345761,0.3892662993562614,0.3935473958925756,0.40892766171126294,0.4372308824417523,0.48188308366930266,0.5487171407140812,0.647412896144724,0.7939389876614171,1.014132339092351,1.3460533813040354,1.826075134357242,2.4068112555072534,2.7883071230953305,2.5952670874426484,2.0026643362055023,1.4289232263050202,1.019120613110124,0.7498628109877621,0.5737461420280798,0.4561657900081505,0.3756677191882461,0.3193390015133098,0.279334243127641,0.2507908384389965,0.2306380319036229,0.21691794954666108,0.2083945698815665,0.20432754958894275,0.2043444069335878,0.2083756888186675,0.21663547932758098,0.22964072654758388,0.24827123176886987,0.27388024252867155,0.3084753769935131,0.3550028615163686,0.41778595191159873,0.5031889327477684,0.6205872390491708,0.7836696837709669,1.0118222397508256,1.3304523300019435,1.766963670251594,2.3359874380139334,3.0097211340167007,3.6925660500278403,4.252185125175196,4.612062499153838,4.798999183084494,4.887783688086892,4.919238186062461,4.852532485219408,4.567555213269148,3.9619070817496898,3.109800201612928,2.2438801934617154,1.5446805284456868,1.050520816908277,0.7217088207897006,0.5064437206570688,0.3645675035023707,0.26943175852067064,0.2042653179084785,0.15863270740055585,0.1259939962672464,0.10218685806079214,0.08451204023252745,0.07118446320932381,0.06100083023288416,0.05313537662368511,0.04701221136566206,0.04222412922994688,0.03848011415240911,0.03557089562905674,0.033346100475656164,0.03169903137333661,0.03055662140166171,0.029873079605734477,0.029626423712236394,0.029817719818755313,0.030473761830659685,0.03165601942485498,0.03348499218076634,0.036212001519774176,0.04047274579385992,0.04847850328291931,0.0733894483489894,0.3481157413180285,0.07729061006962672,0.002437680161366074,0.5980386662103625,0.3651748813785946,0.8505245007910155,0.6094985136411085,0.4311238390732532,0.3674350892241623,0.0024322586664956986,0.009183209924063376,0.03973198303649958,0.12130194187479655,0.1349207691748932,0.10736292547389886,0.0906616997298403,0.10328433479257776,0.12966787297921142,0.11727717609531219,0.04193872746066913,0.2701505011793221,2.128856799732257,2.450022057306363,2.5768016654876362,2.554540742565245,2.431119060805402,2.316705984927398,2.0873327427853297,1.7077810387675376,1.4026948832209907,1.2436801082062887,1.1718323114691278,1.1191152449984276,1.0234593585944403,0.8539880900217431,0.6518099858646084,0.4838399046305485,0.37057991718296207,0.2989705095671618,0.25339292600303964,0.22504129377987467,0.21185257172745184,0.21849800742145303,0.2660841676878883,0.49941901338971856,0.3212591601208978,0.004099552590811406,0.030545198814976672,0.04639182204970919,0.05439992309299679,0.05795535826169205,0.05926930482505531,0.059964661612737995,0.061188008318027384,0.06366473960996258,0.06784927182642843,0.07411356955127846,0.08289434109806042,0.0947620435121382,0.11039952902118194,0.13049979752578336,0.15564669599993014,0.18630065671186513,0.2229812602173175,0.2666146151872993,0.3189474743985427,0.3830052699302091,0.46366304942542935,0.5683219628282974,0.7072227174770235,0.8916304861214492,1.125792840172285,1.3895945789493327,1.628264728853979,1.7800982607808262,1.3657740380916399,0.1316036423513773,0.5903841054622586,0.7055716802403524,0.7386151919147925,0.7616093174035362,0.7960862547653251,0.8508018421224267,0.931081375512664
77,0.5399925744993506,0.48022358588414843,0.43764764422342173,0.4086260034475915,0.3907706953227388,0.38269344402259803,0.38385192630815695,0.3945072465777912,0.4158064511216215,0.45002648057408967,0.5010590620707247,0.5752899981100207,0.6831447757189623,0.8417070614008014,1.0786435173597853,1.4353467202676549,1.9548814705472741,2.6014873790206283,3.0723977648029948,2.924755330265466,2.2866514758209306,1.634929207862641,1.1613231495292649,0.8487157238891306,0.6441271101800372,0.5075191310118427,0.41385639186170475,0.34804005016599193,0.30088976538917805,0.2667033519982611,0.24185734070606016,0.22400683954145142,0.2116216791065242,0.20371329751101702,0.19967291764994652,0.1991775643465164,0.20214031159423665,0.2086925947807499,0.21919366899088413,0.23426772666312076,0.25487435802767894,0.28242422931883066,0.31896043044852485,0.3674385244931128,0.43215655211360793,0.5194101297691168,0.6384696144661247,0.8029610847749848,1.0325632202240993,1.3542802181581768,1.8007118414858587,2.399080578509083,3.142489772147814,3.9497191772283644,4.665213545960328,5.152943878487286,5.401581237558029,5.505672780460141,5.566514834047627,5.620479434916513,5.60545783592688,5.359513253692397,4.7228691566747125,3.747794043869408,2.715317690886705,1.8673286940522273,1.2654074170206682,0.8653587012708505,0.604244049566145,0.4327202652497334,0.3180606311160782,0.23973621550232146,0.18502009879795822,0.1459628066839907,0.11751903134159113,0.09642406954213453,0.08052206063688352,0.06836038245619017,0.05894078818347593,0.05156370350695345,0.04572856366981952,0.04106817010393457,0.0373036829340642,0.03421201694100628,0.03160174906188805,0.029304698978089145,0.027256315913930986,0.026349843112674697,0.04109497640076827,0.051850223259559486,1.3790469396394278,0.49882326492650375,0.21720308105632125,0.4092393708737301,0.33663690063693247,0.3110943741380927,0.1986210927548392,3.0202546156388524E-4,0.006488270903824707,0.017154541533594064,0.033405970867585844,0.036230022050362846,0.030003623582824577,0.02232259957101438,0.018412976840651157,0.016623786370889366,0.010828230234659295,4.591890015469913E-4,0.15338542779065573,1.589535921505391,0.8920059212119649,0.6799348169960946,0.5639094091077492,0.5030311236756068,0.5022034691974393,0.5830262696277135,0.7617720506596335,1.020849924092742,1.3502766651136475,1.7896734056060284,2.36418934177904,2.9410829199258686,3.2730816094964736,3.3361934587774784,3.2675391378882646,3.1571036707862508,3.0532062822792305,2.9658060379166624,2.8574861978055046,2.6797149478794307,2.4615930494585565,2.3564657858564524,2.643972603355254,1.4006442269595172,0.030810529800692668,0.2106442427044568,0.27538660511423657,0.2767459584586556,0.25049157649582027,0.21550048698824661,0.18197919483706285,0.15413773054419894,0.1325307244023454,0.11617318562214943,0.10381804345769056,0.0944698605962118,0.08747657629615695,0.08244544090617642,0.07910815044911193,0.0772045409419807,0.07642573015160727,0.07642111501270464,0.07684058306848571,0.07737768027109047,0.07779632284497835,0.0779390107373792,0.07771492197464346,0.0770539873562984,0.07579260769815553,0.07341732542435725,0.0684791620827584,0.05714155122437605,0.029992246463540782,0.012378571292892989,1.406934432281144,0.7428072810048705,0.6486854034497959,0.6926157948981899,0.8009914983839999,0.9529076269814759,1.1267561469793042,1.2892189163682093
78,1.1818224643182222,0.968244253180351,0.800711917365403,0.6741490879756449,0.5800057586883515,0.5105270212763596,0.45975088238801937,0.42340525345031843,0.3985620156629699,0.38332029757540653,0.37658269333834105,0.3779277155271937,0.387572940180015,0.40643248509071295,0.4362910589814117,0.4801468798533215,0.5428262734185287,0.6320594551239833,0.760344999812796,0.9480743665910155,1.228090217338394,1.6486519165597486,2.2555720871613296,2.9876228149732085,3.4647527849618998,3.2200547732576914,2.479745501549597,1.764789045369026,1.2536758187973849,0.917012020336164,0.6959986179486313,0.5476815907294098,0.4453710003912686,0.3729513127569102,0.3205852297758097,0.2821281506554214,0.2536455136010373,0.23256203962614833,0.21716536803440925,0.20631056144370508,0.1992412589284561,0.19548085610551993,0.19476764003957467,0.19701935329789097,0.20231948773100533,0.21092203110238503,0.22327474500682942,0.2400642309567427,0.26228980149724357,0.291378365138332,0.32936029996066946,0.37913824447601313,0.4448989777498711,0.5327449386242515,0.6516544792611555,0.814900173133829,1.041987607740666,1.3607829925716026,1.808141111811919,2.4238581454550583,3.2272579554888203,4.168605257550841,5.0882616585462,5.776443289362228,6.135382904122891,6.246266826768313,6.266191150491485,6.313793881599532,6.422635162435117,6.515286644170176,6.378421397285455,5.749143158620944,4.613538713328718,3.328840783226675,2.2557990866115607,1.4997490922586527,1.00533558789946,0.6882353929903801,0.48324200249997057,0.3480439768838121,0.25663996625438856,0.19317581811540632,0.1478544178951552,0.11446218776375616,0.08889922275629146,0.06828903481829898,0.05045435752354781,0.03406268666745966,0.02388976755178588,0.02956596873720762,0.16800901772272678,0.8121366270893884,0.28805490126270844,0.32407019165831624,0.3668663955190988,0.41069101144803777,0.10520022053057747,0.00412463007234637,0.011234344290239917,0.01932946468826253,0.02910926649192103,0.031476083458429664,0.02735609215784205,0.01945428563954339,0.012916594378878743,0.008433700642778277,0.0035613852854145334,2.2076859143050235E-4,0.0845641385627069,0.9114141274110712,0.3627608230438478,0.23582417787188142,0.18006855405309072,0.1468528678091748,0.12666995274587114,0.11806544784292182,0.12028765459457524,0.13101410028544386,0.14885279316913877,0.1757935814643728,0.21709876858789404,0.2785295907513783,0.359483241773192,0.44823400651124284,0.5326139038234055,0.6153561885599849,0.7159792988650224,0.871640393371066,1.1564140873670428,1.735073184867715,2.8503710847794483,3.2628798216164485,1.1813562438340228,0.13086589298991794,0.02777356884359664,0.374891713755395,1.064924912205499,1.9788217865451285,2.8107647473658237,3.2979295700137934,3.4331791054599887,3.3183897270761085,3.0424578995032063,2.675067006513836,2.270033422023599,1.8655968574848096,1.4900292752730167,1.1648273378308374,0.9017975900996223,0.7005277299498158,0.5513414712710102,0.4412154324864978,0.3582640456338249,0.293509908337278,0.24089062181336238,0.19660803494458132,0.1583879235896639,0.12483119815632535,0.09489867582385716,0.06756120925094898,0.04171687730703563,0.016975712509409796,1.3596194042882765E-4,0.07701831340419343,1.7626492083803569,1.186730946980638,0.5474904238479616,0.3747163040145949,0.30423693343864844,0.2703571996240003,0.25403806976301085,0.2480020892271422
79,1.9025952244446878,2.059259358883979,2.0219087837985747,1.8108412455686203,1.5243391679007392,1.2479305966150964,1.018697834841659,0.8410958347560983,0.707249731166805,0.6072963946943666,0.5328431457965082,0.4775678237070477,0.4369455265339927,0.40782812844304545,0.3880878058752102,0.3763622971615923,0.3718922831016589,0.3744353224934094,0.3842472091204762,0.40213218407287876,0.42957755109663354,0.46900909175137917,0.5242379600475683,0.6012296104417677,0.7094294825182985,0.8640437942267192,1.0898225707773295,1.4263900798545626,1.9306324935840204,2.649863137624937,3.483813627804149,3.9524457420863106,3.5789725332734954,2.715215033598832,1.9248056374554516,1.3683588695803341,1.0023486868312317,0.7612280477591216,0.5985753268678627,0.48570450890556327,0.40526766928756924,0.3466320979191684,0.30312112936643903,0.2704315260269673,0.24572229243417795,0.22708025614016314,0.21319947714888057,0.2031847854382911,0.19642944072992435,0.19253856017183607,0.19128202111866133,0.19256748731807674,0.1964284048813299,0.20302457338196048,0.21265498174527203,0.22578452127624443,0.24308838331990898,0.2655209012280448,0.29441997307859546,0.3316650255513991,0.37991736708959856,0.4429892309281009,0.5264153472908516,0.6383421136662066,0.7909026582195436,1.002283270309192,1.2995826530933952,1.7218908769102141,2.3205721033626094,3.1472952201325515,4.210909423311981,5.396535741597627,6.4299708242276035,7.041455020580192,7.209617865147076,7.140856604674481,7.063878212558754,7.117622325438155,7.334567727032394,7.600206815114051,7.550859893100384,6.666872318452918,4.948899295248689,3.1500445388760423,1.8253824173516358,0.9923473412778331,0.48829423111531944,0.18715898913952633,0.046374167726658234,0.019129801017941123,0.9564534239646645,2.7196777635316858,0.8875452928278098,0.5467944278389746,0.6812830999779501,0.9931751829988832,0.058033963049295416,0.06792882209202462,0.06309912162422236,0.0659890175357414,0.08365544013933442,0.09498690815866678,0.09134135186465057,0.06302722946462834,0.03414930528776843,0.017033188071909282,0.0049343569114544674,0.001134978742755434,0.10939440906538753,0.9239985334580924,0.45124973345763186,0.28953511489682193,0.2214634279024114,0.1792781866200111,0.14666623648965685,0.12092875271551344,0.10323155538650176,0.09281716364634689,0.0876453397002395,0.08652417852430287,0.08932377361281343,0.09606077647859414,0.10574937973684648,0.11631631636724662,0.1260835173915514,0.13500332673668897,0.1447002235187215,0.15864857006978314,0.18432205503338817,0.2423255083088842,0.41991192883965434,1.4853448640715392,0.31429954696807505,0.00720434304711707,0.004334218307137663,0.022111332326553188,0.044535090246116564,0.0714627871334884,0.10447652151603805,0.14470501459862645,0.1922463610482323,0.24667018863352716,0.30834658799285203,0.37986340968944654,0.46719442403256567,0.5809939257637278,0.7384930615728077,0.9657923068889952,1.298581735688678,1.7757868612072523,2.4171999135739877,3.1843202611018797,3.957863137077734,4.585644982509571,4.972903913579042,5.099237783022793,4.9329862815313215,4.346237962609101,3.2154869057390743,1.782918651438076,0.6319093881659097,0.07087272024109027,0.05334977425788295,0.5235213178532733,1.5825910010272344,3.364609026215118,5.2634476179749985,5.634471838741625,4.523073374800382,3.2668034446038563,2.3531887957077107,1.748395576759861
80,0.737985519379341,0.8789782883583935,1.0672857090496715,1.3140232531467073,1.6210419174174444,1.9601586011476906,2.2477823321845762,2.3618744885429566,2.2406610378975067,1.95131226293562,1.6150960639900627,1.3122398363797971,1.0688964431640624,0.8826980272969328,0.7426599865579762,0.6376488987845976,0.5587432886007604,0.4993628856815866,0.45481487386039116,0.4218051760258099,0.39805269881904287,0.38201619688867305,0.37271278448337314,0.36960625329230556,0.37254994090745824,0.38177663492345676,0.3979359782579141,0.42218913280760434,0.4563833965203821,0.5033501507908239,0.567405247747911,0.6551947063128873,0.7771412297044444,0.9499287699378689,1.200653614013564,1.5728841214674931,2.1306717255368346,2.9352545854880936,3.9077336636591142,4.549232723543795,4.239904929947498,3.268879902506536,2.323925943682362,1.645502476919318,1.1972513115161905,0.902137879779293,0.7034327029534213,0.5657487359818562,0.46765929970151615,0.3960489128549106,0.3426960013017128,0.30230688563650804,0.27138422459979705,0.24756407083702445,0.22921831107618373,0.21521051360108975,0.20474273913349003,0.19725782417502893,0.19237656254563384,0.189857671381005,0.18957338082649697,0.19149651671128298,0.1956969324943143,0.20234660952096556,0.2117340269203811,0.22428978498574748,0.24062725028201795,0.26160458837813955,0.28841860786980317,0.32274744886421336,0.36697021623424475,0.42451056118911723,0.5003839394304994,0.6020851563236359,0.7410502583192325,0.9350843469719677,1.2123570000231225,1.6176458311992632,2.2204944100683006,3.1191542901215263,4.413859839824194,6.085944934245773,7.7787668620661865,8.868093107660348,9.154972434114612,9.236700502831837,10.65045118634305,23.304937546552193,0.48391337279085495,0.003589122125550495,2.5060572100877345,1.7418502956473756,2.012947939140619,1.3041655594633528,0.6696155224892936,0.3354848219082781,0.34019428910958677,2.232440966595392,1.8106824817634617,0.9529672159207054,0.8597600822755105,1.0235437541039398,1.3968602540688717,1.4135916789123757,0.6402522887306216,0.21999955230250431,0.042525623574284674,0.008405255263427953,0.30649829762073993,1.2628158714900444,1.4035365075655446,1.207999922101061,1.0991591786385586,1.0346375624478898,0.9229675075754854,0.7229598024600438,0.5222693415452601,0.3826371265803736,0.2945682049323599,0.23842462927543992,0.20302344983647339,0.18274107412167265,0.1731976107602872,0.1698744763661781,0.1691318741027352,0.16907859203787945,0.16945658487928766,0.171496045128011,0.17878037957197085,0.20110981146659532,0.27519046039553735,0.7211258338392921,0.32222570654384114,8.54046568260128E-4,0.006748657913930406,0.0164696799479822,0.024006711513274437,0.030224976901124308,0.03583390721931848,0.04111445137904647,0.04605528257547619,0.050533267676234846,0.05446011397171153,0.057853803161423335,0.06085056606504451,0.06369452890824774,0.0667234407632963,0.07034729727265769,0.07501422245620805,0.08117182577604504,0.08924453644980257,0.09964172482264952,0.11278900742294007,0.12915019289510082,0.14918574271368792,0.17316335779020825,0.20067290337985355,0.22955350888816883,0.25355741179548014,0.2568924339073556,0.20074818202726297,0.02607608546685752,1.5078864523730438,3.2259633636851084,2.849719130479178,2.920971141335216,3.2236219727449407,3.6789155296505456,4.237455042516479,4.826518064360288,5.3403059871531795,5.67781247312974
81,0.3782877490432318,0.40113398697664626,0.4326111923991882,0.4747639221421024,0.5305529877931016,0.6042215223400197,0.7018092922425478,0.8317997689729879,1.0056968055312996,1.2377245993849197,1.5412373090553475,1.9163383669385923,2.3223192434542583,2.648242611636866,2.7470160721510957,2.5654993429467075,2.2048160215168355,1.8088903035753323,1.4619309068580997,1.186761660447603,0.977225533645183,0.8196037616739198,0.7009546822146753,0.6111571838374744,0.5428102676171654,0.49063599679736,0.45090180264918167,0.4209769703377006,0.39901905035874363,0.3837606803066876,0.3743690739239199,0.3703579088652887,0.37153861692772233,0.37800412794737653,0.3901433612822324,0.40869007545565933,0.43481629535683863,0.470290272038639,0.517734885289096,0.5810501400016304,0.6661131403236931,0.7819587375744019,0.9428012933101443,1.1714976876716146,1.5052166407704388,2.002981215452275,2.7463199545552066,3.786548190760266,4.9146647900597555,5.387065291048919,4.6972162740177605,3.490658222181643,2.46026729086798,1.7490431441382304,1.2819173130062453,0.9726335134912847,0.7624681952832877,0.6154028424426689,0.5096121644603124,0.4316477086940704,0.3730069040444284,0.32816561809221295,0.2934409590840875,0.26632031679124063,0.2450557283646111,0.22841262116615116,0.2155107097696226,0.20572142523892956,0.1986010565231706,0.19384722859795586,0.1912713121418251,0.190782412883813,0.19238059927374515,0.19615852278693363,0.20231194024332796,0.2111612187312405,0.22318817975531602,0.23909650086142595,0.2599112049052726,0.28714792142147527,0.323116975095942,0.3715135666460173,0.43868895245488715,0.5367964316772967,0.6931976258220591,0.987523082569891,1.78556229389507,8.490044044665794,14.72707987478594,0.2872443484166278,3.1724315147295647,0.8340225835426507,0.88256670797466,3.153718455207878,0.3627453621236084,0.021931749433898355,0.11157949003699118,0.345545144285481,0.5711735766901788,0.9092699362500464,0.9775864822916256,1.187269288793098,2.059306197603811,3.425899688082673,3.5578534261798014,3.1341810736384126,1.9005772339571674,0.34252099777949596,2.723466720641288,3.0886368621308185,2.949735562223011,2.82465801704766,2.769521201377807,2.7719488272286403,2.890192409417244,3.2363889410040114,3.8358297304997433,4.55976130411801,5.151569070921984,5.250704260373939,4.621458044814503,3.613075644934376,2.774401933524192,2.2499116322584753,1.9485696917305741,1.7717253444331336,1.656250227116213,1.5621824527001191,1.4661857609904863,1.3752187989842344,1.3609707768953416,1.7430355720205895,2.4420298750945455,0.01314928968057181,0.09649552014460233,0.12411726108738745,0.12859587630310299,0.125797568957482,0.12138846564228453,0.11717938904223292,0.11341302872362949,0.10978184139835671,0.10591813941009505,0.10158686151773981,0.0967250665371672,0.09142529099336254,0.08590141415720033,0.08043690919934383,0.07531351006443335,0.07073982240017496,0.0668103975617772,0.06350766283603736,0.06073070811642199,0.05832354198111396,0.05608316066848893,0.053739664093796685,0.050906431131240576,0.04699647598830773,0.04109384689771297,0.03178225046239946,0.01726096644050172,6.310898079665109E-4,0.11306650504024164,1.7951532419886362,0.6278458103687,0.39725247732919783,0.3241017760766549,0.2949718864100104,0.28513734023380766,0.2869438223467388,0.2978687850984869,0.317506636707899
82,0.33314580120723325,0.321160322724647,0.3141694154504102,0.31168977385550983,0.31349425166537703,0.31958338059488983,0.33018035807872137,0.34574858092793387,0.36703410996827446,0.395139273683515,0.43163857492742874,0.4787548863509361,0.5396232121947951,0.6186805059967925,0.7222278477614904,0.8591940619481568,1.0420151412622065,1.2871152562851722,1.6131779609449255,2.0322701305623885,2.524667258216032,2.9960177286086123,3.2679018183311137,3.1971467122673443,2.8311522693232996,2.3496559356918962,1.895982964043371,1.5254810349403638,1.2405536762081215,1.0258487258089513,0.8643360178456171,0.7420744006108381,0.6487118505364702,0.5768266484525734,0.5211514901000134,0.4779471085598373,0.44454994274272797,0.4190592440352658,0.4001245705514442,0.38680309310223304,0.3784654028944214,0.37473583971094265,0.37545871485606047,0.3806857664629654,0.3906833913720272,0.4059612556499004,0.42732745428866536,0.4559803486088589,0.4936549446937737,0.542854604661668,0.6072214314811556,0.6921391231535019,0.8057358949223146,0.960589491830199,1.176670289091409,1.4863950642218282,1.9427445720487815,2.628779727799166,3.649656474556487,5.019565759663194,6.2825910169610415,6.399218253991786,5.20285792148501,3.733165419079042,2.6085506752856165,1.8590499996539578,1.3699613884351802,1.0448655218044647,0.8223396387514613,0.6653681590223234,0.5515585908167419,0.46705425548153456,0.4030387667340459,0.353744701986528,0.31530120087214225,0.2850510612246617,0.26113564513974935,0.24223646340814625,0.2274111304368521,0.21598829234513475,0.20750180657162526,0.20165520064719508,0.19831891282561948,0.19758630353719395,0.19999045709441612,0.20731435888594635,0.22645284234163335,0.30200945397291945,3.34905081801082,0.3014410249997419,0.7725463842884643,0.3979683554048751,0.5303056267124345,1.2610318064659167,0.21963881792786127,0.002130702383441627,0.08249888031907292,0.11637023067326131,0.1250056907031403,0.15467003827476786,0.16385380951613487,0.17362011485576706,0.22148991733424936,0.3060336163100783,0.34318955594856837,0.29788421695388423,0.1784087396213458,0.060795705194385145,1.400081170120783,1.0611592624550985,1.0728924851553978,1.175125707606752,1.3987678180630734,1.8169098076128147,2.4075769400256957,2.923499736064315,3.203514142626079,3.387515831081423,3.6612403275004857,4.149016524416021,4.864706552806793,5.52227116006075,5.629271846860996,5.149901976402325,4.4379611000182315,3.723566816201373,3.080531681035649,2.5335292564613736,2.0885912271729112,1.7206195753262445,1.3576136257919333,0.8646840997351921,0.13613920209996588,1.486301257596079,6.760634502086221,7.038744451687563,6.772544493366754,6.609838436946348,6.406394624861337,6.074342177356572,5.640785693100911,5.179970070478348,4.739487197485895,4.322435000652463,3.903269651961481,3.4509237318110295,2.953021355290172,2.43178177829298,1.934692033121119,1.5047350074849783,1.1598791226268137,0.895306368043393,0.6957149355999052,0.5447103997731391,0.4286897227899002,0.3373966951261211,0.26324921266539747,0.2004861638771931,0.1445316089565409,0.09183482541849552,0.04116073992372805,0.0024153953423855655,0.06309228535310503,1.0586742905159487,2.8211853401022955,1.4103647617156472,0.861984545327475,0.6271887734663714,0.5007216612502228,0.42220109928020905,0.3691167126053975,0.3314292218670044
83,0.5577164915600817,0.4828592625384989,0.4259664037944285,0.3824892672158401,0.3491515375880653,0.323620385047917,0.30423874387592537,0.2898311724107315,0.27956933731149636,0.27288085759416025,0.26938868773467445,0.2688721089412527,0.27124352202542484,0.276537556228029,0.2849107617034776,0.2966515946727748,0.31220180321052143,0.3321918550245259,0.3574951272511634,0.3893084291775507,0.4292708093759206,0.4796390013060354,0.5435477385073916,0.6253968487529822,0.7314238399332986,0.8705309205925115,1.0554004491088407,1.3037211944904465,1.6385640852648036,2.0845995274897806,2.6515124412630366,3.291126314776032,3.8393222837073537,4.048211894746419,3.8027745264477026,3.2556350541481804,2.6459646408881965,2.113612263096071,1.6945716477366817,1.377550135516405,1.1399574411298523,0.9611272120996436,0.8251990595023486,0.7207140001992928,0.639550199251094,0.5759610996081478,0.5258576002732924,0.4863063842105092,0.45518752473306834,0.43096235500738705,0.41251615623295984,0.3990516439960125,0.39001744973592084,0.38506141458049464,0.38400234296639446,0.3868165654384451,0.3936377307344173,0.40477007812902877,0.42071739446053796,0.44223235996735066,0.47039464433464784,0.5067319389623169,0.5534079021752987,0.6135181025795745,0.6915659152182688,0.7942476219668024,0.9317848446901741,1.1202519753242632,1.3857432627696389,1.7719025314753787,2.352993967398891,3.2519014080346533,4.635302147024652,6.526794385926923,8.116503961119506,7.774239829310907,5.812342353034252,3.9114728010108792,2.6223490894847625,1.8157192832884,1.3062320173697017,0.9728175944272069,0.7454638586954686,0.5838234905296723,0.46385819896074926,0.37055986475398744,0.29443855445334066,0.23410848359533346,0.36731523460261456,0.12018600883872181,0.361461413826379,0.3148471235730183,1.113455466308589,0.9693782176985032,0.13142234563287444,0.059002607008425086,0.1775461096454857,0.20840164007964196,0.2561063628238378,0.23995205281349344,0.18866906262271496,0.16091233224188614,0.16691112130741675,0.19144420207899834,0.19709648036159938,0.17034002035698562,0.10697926992575452,0.0010901104151893402,0.7870860535150335,0.40855702306877617,0.32170854997653625,0.28832737463387315,0.28052715405326206,0.2933567006381169,0.32047306303724227,0.3485540668674022,0.3663511306691781,0.3727980627835099,0.37387336882022104,0.3779726612621573,0.39428630860421665,0.4314110730872276,0.49581149402551944,0.5942571249859308,0.7431670959233467,0.9867662421653847,1.4403626431494438,2.4062727977974285,4.145103391312339,2.9536450755993418,0.6741255308373344,0.07856943500934675,0.001907567883680942,0.0682976412046968,0.1802155318694973,0.31235251250787543,0.4653349508205928,0.652897089398692,0.8974931438856631,1.2287684207608514,1.6841944459223988,2.3118574893596726,3.1711284997743676,4.314781926866904,5.717276024652817,7.1367024461118485,8.090261933163351,8.233966191632707,7.731499323858597,6.993509946984737,6.299328376324247,5.7474415191690955,5.3451114552872605,5.073917647688043,4.917827782816347,4.874306993073793,4.9635560406655,5.249596877435864,5.907015860175481,7.454999803572403,10.034707693008048,0.7958119208928206,0.2932693432513349,1.0108711084354702,1.514098692599932,1.8934603682005322,2.2283242357825532,2.5692201585181627,2.9547430148128626,3.4207881254586274,4.004816401671995,4.745747884671205
84,1.8150088905164297,1.6943917367247259,1.4423141435656064,1.1745746317601733,0.9476186543739648,0.7715318407511541,0.638897327457403,0.5393494553712135,0.46408897879942007,0.40656266278171793,0.3620965558544927,0.3273928825609394,0.30011846906696915,0.27860913083641653,0.2616666659508559,0.2484213852671949,0.2382390654622114,0.23065780056931293,0.22534492023428754,0.22206766970139633,0.22067347429624048,0.22107714952719398,0.22325335718909642,0.22723333235110166,0.2331054014314161,0.2410192417977667,0.2511942394410805,0.2639327537143448,0.2796396688234684,0.2988503968091152,0.32227063679318385,0.35083290731947797,0.38577749615015755,0.4287695626545115,0.4820705476646452,0.5487921151966741,0.6332764011698572,0.7416692433367325,0.8827825762674527,1.069364577597456,1.3198485968273928,1.660306360400587,2.124965718491927,2.7494002047224577,3.540838006747858,4.404027876888317,5.060368404990948,5.164269289925323,4.665620258447549,3.8678628614459436,3.0791411160437705,2.4318461584785904,1.9387379857012208,1.5717881361982247,1.298792904138073,1.0937380399967984,0.9376858695976533,0.8173099112774372,0.7232926292383828,0.6490846021726876,0.5900351207669023,0.5428036651220416,0.504965115279473,0.4747444570934524,0.45083750365232955,0.4322891476348617,0.4184107292907188,0.4087247232211692,0.40292933175328854,0.4008785892005921,0.40257583636292466,0.4081803816760505,0.4180292596837543,0.43267877381604364,0.45297484436876395,0.4801687199922926,0.5161087563761544,0.5635672975890964,0.6268223438648975,0.7127536706938771,0.8330665347728623,1.0092534649592355,1.2851474495503035,1.7646516457669652,2.7573527798905286,5.604854750138092,18.25278609502395,4.6587339622163375,0.4494140625394132,0.9233813908604264,0.2574498360879594,0.17522597094934753,0.29328849270893326,1.640288688562225,0.013914456009472657,0.460605611251437,0.5195001672890376,0.4447389662486977,0.6270482098548176,1.6153409943995714,2.6273406500462833,1.5815864528767243,0.9246226598114738,0.7560865083610744,0.7096694227217196,0.6846137549013713,0.6472324831147832,0.05124541297256632,1.0821955060713622,1.852335180956495,1.5048223222056893,1.0323701807146286,0.7526937223713632,0.6106836690940802,0.5474027981709787,0.5211463768944595,0.5063714482131455,0.4926876229327177,0.4790503120719596,0.4674871097476851,0.458286398138014,0.4481332533541495,0.4343991849764357,0.41994422629644274,0.4108720142618022,0.41360578030440825,0.43637624270204867,0.4952067576370599,0.6348334205829277,1.0461300735626538,1.6707368286049729,0.024090889921697726,0.02911846049734867,0.08221823848968637,0.11778682578261059,0.14064782674042595,0.1560098190608483,0.16734219668634007,0.17687245025358317,0.18597171398476461,0.19545738428730586,0.2058675026885672,0.21767162649683156,0.2313773057456067,0.24752443590730147,0.2665848832611662,0.288807798584796,0.3140874364246179,0.34195431656955183,0.37174675375934757,0.4029086171852457,0.43527894183012966,0.4692715328643799,0.5059396373986362,0.5469784873665284,0.594703388199333,0.6519841883039995,0.7220296659700431,0.8076859861918002,0.9089438961896091,1.0118299550589078,1.0072407165446466,5.257481359654146,2.729540175203249,3.0608958533612904,3.7181063772813356,4.599042383434956,5.626589581231933,6.620569116069091,7.3031096568879645,7.456227503663567,7.091982605730782
85,0.33152132978015897,0.42347321714001535,0.5520019574889841,0.7337797893358812,0.9896855865305623,1.3346408433832302,1.7429826213744113,2.0927674195872874,2.1963199009720507,2.001488020994167,1.6553076032494394,1.312359004819302,1.0347631432883253,0.8260672059080602,0.6721818145468738,0.5582863624395805,0.47289932226778886,0.40787659005547655,0.35758367110001715,0.3181243170703289,0.2867780118485433,0.26161887382155613,0.24126310150888614,0.2247018421887453,0.2111897311558502,0.20016968034370977,0.19122145630852405,0.18402606228291793,0.17834077334756007,0.17398146917044982,0.17081005469755975,0.16872549939025128,0.1676575111389022,0.16756218562081088,0.16841919443310754,0.17023023336331397,0.1730185702845043,0.17682962730887147,0.18173261656197615,0.18782333376164273,0.19522830896067234,0.2041106310885533,0.21467791754619098,0.22719311354377897,0.2419891100032788,0.25948861246822674,0.2802313530620517,0.3049117351337744,0.33443153362800376,0.3699746687297171,0.41311486769557576,0.4659731408252586,0.5314519597353787,0.6135894160004304,0.7181036418735736,0.8532416032154648,1.0311138012463512,1.2697840969357526,1.5964299338851147,2.0515826894696954,2.692578228745446,3.5868978064184813,4.764583956333949,6.07333577460941,7.000255755458394,6.945822825231885,5.9783940563332365,4.7221290959275715,3.619624882114015,2.7826974007338636,2.176635421934845,1.7402255621856646,1.4224806021728702,1.18720933343985,1.0098872121922826,0.874018648764916,0.7684229183529373,0.6854234175734405,0.6196815415264957,0.567454301415887,0.5261285686540543,0.49394727690043155,0.46989807626732416,0.45381286610228233,0.44693161988404523,0.4540214999451432,0.4932920582421884,0.6857879923688259,18.67430184334934,0.5628341522356599,0.19411768601879786,0.08238409805590956,0.07514351635219767,0.048364344040881295,0.08737930649186362,0.7505167264977627,0.7894641324696212,0.6254655271005343,0.47348888717227655,0.4562899246348147,0.4878253628442963,0.5354107321201141,0.55878782869926,0.5164293849318351,0.4538056435694279,0.3931210649926524,0.3460099221962623,0.3652782960707901,0.30109361874184654,0.3602874962551888,0.4349175834242199,0.5254648325074327,0.6251408023520476,0.7030030867291095,0.7207871095162539,0.6892273135817945,0.6435687477713606,0.6027415842378585,0.5747883772529379,0.5684299044404578,0.5969194451987302,0.6771184313645618,0.8272442032042764,1.0650118004284523,1.4024273638853566,1.8233338318884273,2.233791075602181,2.4593674099699645,2.409157718051519,2.164901741192391,1.6541453754411681,0.25890564900751006,1.5875244036227232,1.6924528038223707,1.7211005454702915,1.7629259298706692,1.8236796993596642,1.882338830567513,1.8969120919453175,1.8279529180601597,1.6743570151617122,1.4751235596922743,1.274824536846746,1.0996281183940841,0.9576713044907755,0.8474669582683391,0.7639819217416431,0.7014544585991025,0.6544770346297974,0.6184232534472057,0.5896300891618727,0.5654200903174676,0.5439847852953799,0.524180760821546,0.5053066456972868,0.4869107587392967,0.4686424223272522,0.4501149762979092,0.43068160072845185,0.4088569888933374,0.3803798424386337,0.328637671005622,0.1111739927465353,0.7126546740207946,0.5312622484743015,0.4934349361590728,0.48094672235723906,0.4788701062154719,0.4829102222741145,0.4912754733938714,0.5030278032134413,0.5176284205775692
86,0.07571781088497453,0.08558922915129448,0.09749354865798163,0.1119958987739344,0.1298642355177982,0.15215963372221658,0.1803748364982683,0.21665091438715528,0.26412208637391704,0.3274719729574488,0.41383391301839045,0.534217326054339,0.7055766614793016,0.9529343225066463,1.3076887625521403,1.787578310401242,2.3286594143801524,2.6994985825934603,2.6460379005020216,2.236123318660929,1.743803842588005,1.3301895893188553,1.0233838105295827,0.8034979386565108,0.6455991877489603,0.5304222524830541,0.44472202634988395,0.3796585349945468,0.3293246771034623,0.28972039717754194,0.25808846070546804,0.23249199822971914,0.21154491592419725,0.19423772527094355,0.17982320115818437,0.16774001012371603,0.15756081103203876,0.14895639356058918,0.14167050542427845,0.1355019219611678,0.1302915019123853,0.1259127293031447,0.12226472918564797,0.1192670647293345,0.1168558359159771,0.11498074385620866,0.11360288338138148,0.11269309534739504,0.11223075892395722,0.11220293958628462,0.11260383499161217,0.11343448146348534,0.11470270063292051,0.1164232805722034,0.11861839991669691,0.12131831831358472,0.12456237346918621,0.12840034576105935,0.1328942780314681,0.13812087382334373,0.14417464635383137,0.151172059481432,0.15925700075094215,0.16860807071697825,0.1794483865342592,0.1920589205695169,0.20679689123279008,0.22412150217653695,0.2446305750167875,0.269113671464114,0.29863075681415086,0.33463145160987046,0.3791406556130118,0.43505625981632645,0.5066431726148362,0.6003857124131744,0.7265258217834892,0.9019863178319167,1.1562660642315605,1.5441444805496625,2.17497295617067,3.283022762575449,5.374784382031182,9.123292591688786,11.914249767704474,7.97488649346104,3.6807509727044407,1.5960984861888863,1.8011492652492191,0.5792105033082134,0.5399296853355846,0.11241784856142947,0.06039601746975538,0.004978732189119576,0.02244535168347872,0.10860700949612044,0.18805979154768063,0.3420887483670199,1.0650627677615572,2.3988899387112896,3.342043832900998,4.436426013453717,4.243893273073904,2.9262285962986065,2.2056940415256485,1.7924056715841301,1.4297662671459614,1.0931701814504289,0.8596365351469238,0.7375389652485898,0.6640655812550844,0.6086291062040713,0.5582669121785535,0.5078229482952534,0.4562497070825296,0.40519161727318226,0.35662650921810524,0.31177150420828514,0.2717781090270229,0.23819835664902575,0.21227176167529677,0.19366280660498253,0.1801588153401346,0.16878417199156265,0.15706282834153173,0.14335465393097824,0.12641666474896776,0.10481945993462226,0.0768176793168034,0.04158235998591896,0.005956781788241042,0.035488581932479966,0.9486242338289533,3.859038148183713,1.5171783057195314,0.8786138889439518,0.6386968920141982,0.520921323599309,0.4556539089525916,0.41797230937285584,0.3964898642968048,0.38510063936462813,0.3802253784429077,0.379638311252402,0.3818221570685749,0.38557183699923303,0.3897999055617234,0.3935408882412181,0.39609285815656714,0.397158394881903,0.39686670208427954,0.39567491662291826,0.3942336209661612,0.3932883973853154,0.39362892843218156,0.3960588760375992,0.4013591928317307,0.41023767117177723,0.42327952030873084,0.4409276363509899,0.4635381305358707,0.49170026401670414,0.5295531948583625,0.538402669143198,0.5895693953168618,0.6345987276096829,0.6812608166371706,0.729382429938795,0.7780914291305723,0.8264202470827533,0.8735939907358763,0.9192375118657176
87,0.030871431574973105,0.033076240087344874,0.03555603670737571,0.038355363083209575,0.041528111862577245,0.04513993702695279,0.049271414028242984,0.05402222542922392,0.05951676598774305,0.06591173780453763,0.07340657425053485,0.08225794491596014,0.09280024289303475,0.10547499349968699,0.12087381657332995,0.1398023847082427,0.1633776186064495,0.19317866069426062,0.23148683184229216,0.2816762335710203,0.34886412432368086,0.44101397501180706,0.570817336117085,0.7588158467141719,1.037932064291178,1.4565967187456217,2.0631695964654555,2.81410188217389,3.3811351416441737,3.3005229402861023,2.6741757871793412,1.9784803350733935,1.4406742103736097,1.0677548100070655,0.8135541230147766,0.6375963558772655,0.5126869112490404,0.4216220248184813,0.35354786422239987,0.3015001086197905,0.26090466361727616,0.22868245451933894,0.20271082501884388,0.1814935633392519,0.16395428837465892,0.14930412871156304,0.13695509863452657,0.12646219647400297,0.11748394108855101,0.10975498502294656,0.10306678886216868,0.09725377261180648,0.09218325039075446,0.08774801914893904,0.08386083631078567,0.08045026020488252,0.07745748644797185,0.07483392126177296,0.07253930672131013,0.07054026446104503,0.06880916073961009,0.06732322181016938,0.06606384749649562,0.06501608493574308,0.06416823515019286,0.06351157355659412,0.06304017254668659,0.06275082056589606,0.06264303831689855,0.06271919952211955,0.06298477198116409,0.06344870573938222,0.06412401106897093,0.06502859304968299,0.06618644782077451,0.06762938909295124,0.06939958349507193,0.07155337258385881,0.0741672387418269,0.0773475365390521,0.0812472553540139,0.08609690320869749,0.09226638895931046,0.10040305704838558,0.11178694093658689,0.1294518900175924,0.16307994699589848,0.26986344794933126,98.26866063765192,0.24877022562558765,0.5183918270538869,0.6247393997093011,0.09974437034009362,6.685461549996766E-4,0.009855160976940405,0.02304450431293102,0.029284913660850263,0.04134921213859888,0.06514473956368305,0.0798513278246056,0.08024375127786229,0.07665339730037868,0.08124451197700039,0.09245744166977449,0.1015756762814598,0.11028993270834463,0.12495170348492295,0.14489105817352918,0.21178057776582226,0.21917283336811602,0.2301905967590132,0.23919256247939386,0.25512207277929155,0.2892187568708665,0.35098435720355864,0.4463596351314035,0.5875458769760499,0.8130209995544786,1.2223598383237386,2.0437713132925315,3.534747787841746,4.46657284914742,3.126170332247221,1.6605109779798477,0.8418508480949516,0.4196590072777137,0.2009936003673436,0.08821359566411117,0.03197337574207182,0.006882899601389967,2.136212769059736E-5,0.005073133378161387,0.019298392038750067,0.04220194124392778,0.07523966099011052,0.12217055464648173,0.18987581205544846,0.2896149259135663,0.4389489835522434,0.6652196091640913,1.0126411237110853,1.5562952453216665,2.4244843890569654,3.8047955436889556,5.764168708636267,7.489161997200932,7.257009647440996,5.424715304872341,3.669277734162374,2.487797710752161,1.7483001884788958,1.2793393093253578,0.9711876754385054,0.7609451208031075,0.6126004768207326,0.5048954141648474,0.4247594110282047,0.3638119200379994,0.31647895141580856,0.27896383844023026,0.24868664590948597,0.22405824565651158,0.20520747302324338,0.017443250901005642,0.15936518537986477,0.14749554470051696,0.13548418213259594,0.12435507541476423,0.11417512666233359,0.1048783546538082,0.0963800521877937,0.08860198883035275
88,0.01755166414327139,0.018308633926712732,0.019134193183449087,0.020035728828607983,0.021021714450452082,0.022101899178512397,0.023287536596395788,0.02459166356109441,0.02602944161370704,0.0276185774108561,0.029379843612752265,0.031337728418699376,0.033521251128750006,0.0359649937577256,0.03871041623079709,0.041807547206962725,0.04531717806450425,0.04931373625367112,0.05388908993793441,0.05915763996075648,0.06526322147054876,0.07238857918674066,0.08076856607208942,0.09070881631866005,0.10261261753201496,0.11702031015195248,0.1346682478848659,0.15657903570822806,0.18420308833531898,0.21964678160549408,0.2660511362710466,0.32824041052924335,0.41386938746766516,0.535514338159487,0.714556709595848,0.9882755720724544,1.4210423129102865,2.109675066228085,3.109423067399745,4.078419293093039,4.109727992049683,3.180597439051071,2.189586210489612,1.4961835415780886,1.0555212729782004,0.7741761216188312,0.5885697052270965,0.46145003671726653,0.37127759238487623,0.30530052149718373,0.25571327077009076,0.21757131243168726,0.1876399042991747,0.16373995897838714,0.1443644426157021,0.12844634284799716,0.115214174624495,0.1040995536197666,0.09467660821561905,0.08662136558573458,0.07968396760658354,0.07366930796858501,0.06842330766343335,0.0638230351534505,0.05976949255839514,0.05618227942174109,0.052995597894926194,0.05015522913698963,0.047616221683472945,0.04534110785536936,0.04329851613672576,0.04146208365666514,0.03980959855609992,0.038322320507045524,0.03698444135216974,0.03578265855200514,0.03470584354211498,0.03374479733814005,0.03289210049842652,0.032142091877296934,0.031491070085311296,0.030937955958942498,0.030486040043793048,0.030147587527484653,0.029957003402999647,0.030014548474150235,0.030672345169289926,0.03378752927041756,0.08240509131606263,0.16273726821479034,0.12822709746525165,0.2910272880164901,0.1286619016214132,2.3105102377739487E-4,0.01013234336263066,0.014591649906009347,0.015805820236303243,0.02115120967069017,0.028770238253989115,0.030523474399271187,0.02776603564231381,0.024012467603155868,0.022227545297043533,0.0222710195361079,0.022396637005958706,0.022711377676126476,0.023510686312726195,0.02203454502457157,0.11289400487367576,0.04271099054608461,0.03790409278513342,0.034764042986621266,0.032521498329667484,0.031629815015473836,0.032230654079719416,0.03388726315245684,0.03621382532607506,0.039290413674711894,0.04352165587822855,0.049338418706571865,0.05691432529201294,0.06616274527975434,0.07740352079153055,0.09268707157543513,0.11846820548122351,0.17662207187677167,0.37597350085990916,0.5519810939833834,0.0486240398352935,0.0030193238880416055,1.74556344688991E-4,0.002445574486254922,0.005337541706481268,0.008154235597730625,0.010842761062525401,0.013465865160839488,0.016075178089614298,0.018669945072895332,0.021195702473566884,0.02357489048768862,0.0257488537000764,0.027704884057435694,0.02947959671805936,0.031148905538148038,0.03281675180014531,0.034606147775707474,0.03664999917156077,0.039080350813238275,0.042019888707043464,0.0455817939837583,0.04987981424728655,0.055043890449667746,0.061234170208429306,0.06864864912396808,0.07752393027780063,0.08813293299956983,0.1007880396999617,0.11586230589691192,0.13384166325455696,0.1554142773934871,0.18158638140513303,0.21375100525119323,0.25310353564971866,0.2830100531186346,0.4148589353638314,0.5135510133307081,0.6668253856176694,0.8823871807774057,1.1424768589506948,1.3284523347424495,1.255895454128961,0.9618128297247684
89,0.012645695164156538,0.013017930996639476,0.013419135816775143,0.013851621612209632,0.014317986594548348,0.014821153230658047,0.015364412862306248,0.015951478175668155,0.016586545070691093,0.017274365841307277,0.018020336033666345,0.018830597928316414,0.01971216433311523,0.0206730673091661,0.021722537713320632,0.02287122305776837,0.024131453062429444,0.02551756556604148,0.027046308403300114,0.02873733886869437,0.030613847598656145,0.03270334469958154,0.035038657244582494,0.03765920573739815,0.04061265209017587,0.04395704757868333,0.04776366129960496,0.052120746133731084,0.05713861330641494,0.06295655960936529,0.0697524582464606,0.07775624401954714,0.08726919750756848,0.09869203964013262,0.11256671083889903,0.12963992972215693,0.1509623617817637,0.17804777597268928,0.213136656215762,0.2596484677944773,0.3229885342938648,0.41205036877857704,0.5421402903472667,0.7409057232677504,1.0605572718012672,1.601111961555076,2.531632151942022,3.9307945734164975,4.929893303921921,4.161478368184151,2.727568358857819,1.7194517010921808,1.130186237110421,0.783783623113126,0.5700644437549707,0.43119414958378144,0.33670184632781447,0.26983974855725995,0.22094624535274096,0.18418710839815983,0.15589250131495608,0.13366978572762458,0.11590934249854837,0.10149816123496948,0.089647794881442,0.07978764411295766,0.07149683612420993,0.06445960550986334,0.05843538346040134,0.05323832178659427,0.04872300536027053,0.044774306003430006,0.041300058363058174,0.03822568956587092,0.0354902199991902,0.03304323637442946,0.030842558102224252,0.02885239667650298,0.02704185908948921,0.025383678924827742,0.023853078777074505,0.022426682201332683,0.02108142139831676,0.01979350136168558,0.018538008445887634,0.017292373084029783,0.016062422283517376,0.015077834620842404,0.016225190283462632,0.10338561941138319,0.11391238170057075,0.11608236539323437,0.09463798784222532,0.0011340927149165376,0.014579453297244237,0.015689994001820234,0.014639220276588042,0.018037637282230866,0.022492046689645922,0.022515200057848905,0.02001144641669653,0.017333031959368028,0.015760968345168578,0.014899301208927018,0.014052145976595761,0.013435352739721546,0.012880309506777028,0.010194339190187227,0.07763039592795212,0.03456860209256115,0.02531420020147519,0.02155163019783278,0.019276400336842987,0.018048898645141802,0.01764402486906222,0.01770537657634668,0.018021581989240504,0.018619119124810124,0.019606663053228106,0.021025703513687804,0.022766992542217056,0.024617468375454987,0.0264716153298564,0.028559201619004108,0.031631084005145936,0.03758321460997893,0.052971665729078556,0.12085346220105843,0.11154776532243689,0.0021042488764022155,3.6414529446836236E-4,0.002042926310625909,0.003562544016054465,0.004796398211829526,0.005839414139329043,0.006767128151001675,0.007615069768654245,0.008383348904183041,0.009050839475773965,0.009594986696591328,0.010007838683566387,0.010300929136742229,0.01050069707698567,0.010641226396405272,0.010758855886350501,0.010888959671288898,0.011063310005303473,0.011307278151713512,0.011637880514612023,0.01206412102500691,0.012589583545571428,0.013215505159899983,0.013942415310722827,0.014769636163930712,0.015693235538666712,0.016703746579447353,0.017785074882999196,0.018915391482758333,0.020069225337953214,0.021217301851926385,0.022315542112488703,0.023255432566274954,0.023621025205743416,0.020220565816797553,0.04712970288461495,0.03790871030819618,0.03926164315162837,0.042483514200914244,0.04716424997511723,0.05359834249290311,0.06244606929425532,0.0748172237655225
90,0.011104586595064438,0.011385447961526277,0.01168742196615687,0.012011999272682709,0.012360848563771027,0.012735837744083402,0.013139058639317192,0.013572855799569173,0.014039860145646487,0.014543028357679044,0.01508568910420766,0.015671597458795098,0.016304999164123788,0.01699070677619557,0.017734190292170684,0.01854168538145687,0.019420323152125392,0.020378286813457745,0.021425001307530202,0.022571364101765946,0.023830028206056238,0.025215750578206048,0.02674582423048423,0.0284406175813,0.030324252586797978,0.03242546391783994,0.03477869649319652,0.03742551988405958,0.04041646837849763,0.04381345927860857,0.04769300621857178,0.05215053989832094,0.057306293296390094,0.06331343121664722,0.07036945372170905,0.07873246341369947,0.08874480518602772,0.10086813084636564,0.11573660692904791,0.13423972791359218,0.1576549224024713,0.18786678363098022,0.22774279991112722,0.2818039775051883,0.3574774796139787,0.4675560686741799,0.635281965421413,0.9053125967875991,1.3672534330199393,2.1950257104517306,3.5956405759252523,5.002439935688467,4.50960930433594,2.9037418483942425,1.7591387896773858,1.1178664973343355,0.7557421551849622,0.5391302123070331,0.40162679235391474,0.30972577197176265,0.2456080181372325,0.19925198550558512,0.16472618610302533,0.1383593426415793,0.1177893895780789,0.10144476446972463,0.0882489104834838,0.07744530112167068,0.06849021628599743,0.060985003270788055,0.05463210304131622,0.04920579876797267,0.04453232297349237,0.040476052519046846,0.03692974559961356,0.03380751045539463,0.031039647196773868,0.02856878668800387,0.02634692933822636,0.024333099984504933,0.02249140533666909,0.020789322132985226,0.019196072263420173,0.017680996755154197,0.01621210746804461,0.01475644668105019,0.013292692548749301,0.011913124594181644,0.010192331931623645,0.07421262968930051,0.12532268187249662,0.08661496553398704,0.07230883812781295,0.001685312747733844,0.01713339514732475,0.01728234516387163,0.015089774137470025,0.01749839595362576,0.020453163124593422,0.01989014566951651,0.01769767535515904,0.015747123378829,0.014692341775583819,0.01381274110767849,0.01273336107942687,0.011841757352129964,0.010901719397253219,0.007967255637071458,0.012269775878304393,0.03628267425951417,0.023612351852280365,0.01945709855083122,0.01723807704773228,0.016111760334934996,0.01569437509825124,0.015604605576750573,0.015670936401488277,0.015941396982875815,0.01650357698030421,0.01736139092813386,0.018395383332752414,0.019429822240945586,0.02039302853376545,0.021446845483598844,0.023059672442644837,0.02630213251146436,0.034516528400518394,0.06689492390282478,0.1357348411800054,0.001864111168508233,4.4572806075194715E-4,0.00199954687231793,0.0032747494211481515,0.00425741208323941,0.005058070087922509,0.005748302908726309,0.0063590523708598416,0.0068913228250023165,0.007331190888522979,0.007666291459285296,0.007896915563434921,0.008037700866409116,0.008112748172196595,0.008149704477719616,0.008175873904328394,0.008216185861573773,0.008291682413794499,0.008417950836653492,0.008604190368135903,0.008853846406178926,0.009166644448909161,0.009540706757946221,0.009973475041282737,0.010461121139931355,0.01099703806955546,0.011570411714172845,0.012165784967030389,0.01276391375675497,0.013343001797615,0.013877556664871107,0.014328536540739355,0.01460482061800445,0.01439091351839101,0.011686740590295156,0.04101086185042719,0.0245045945931348,0.024066839859858982,0.02512396429587655,0.026972628632352724,0.029586041932418674,0.03313104757893497,0.03792089682424338
