% Model,spaceplate_double_3d_PA.mph
% Version,COMSOL 6.2.0.415
% Date,"Aug 5 2025, 16:35"
% Table,Table 4 - Surface Average 2
% freq (Hz),abs(acpr2.p_t)^2 (kg^2/(m^2*s^4))
10000,0.9937962206521985
10005,0.990742471552148
10010,0.9871017469680605
10015,0.9828843092780303
10020,0.9781024208486861
10025,0.9727702434308335
10030,0.9669037222099616
10035,0.9605204563166436
10040,0.9536395577735595
10045,0.9462815009828638
10050,0.9384679649385091
10055,0.9302216703710773
10060,0.9215662140177971
10065,0.9125259021443041
10070,0.9031255853427497
10075,0.8933904964933514
10080,0.8833460936078223
10085,0.8730179090881894
10090,0.8624314067257373
10095,0.851611847554661
10100,0.8405841654538498
10105,0.8293728531790892
10110,0.8180018592951105
10115,0.8064944962795387
10120,0.794873359893482
10125,0.7831602597383339
10130,0.7713761607766327
10135,0.7595411354637552
10140,0.7476743260345992
10145,0.7357939163914842
10150,0.7239171129830914
10155,0.7120601340042235
10160,0.7002382062202263
10165,0.6884655686937802
10170,0.676755482696792
10175,0.6651202470888762
10180,0.6535712184679312
10185,0.6421188354175995
10190,0.6307726462142148
10195,0.6195413393923
10200,0.6084327766017276
10205,0.5974540272443621
10210,0.586611404413598
10215,0.5759105017064926
10220,0.5653562305273803
10225,0.5549528575401315
10230,0.5447040419694112
10235,0.5346128724911494
10240,0.524681903489082
10245,0.5149131904899888
10250,0.5053083246213947
10255,0.49586846596221706
10260,0.48659437568928104
10265,0.4774864469411699
10270,0.4685447343422419
10275,0.4597689821532678
10280,0.45115865102652447
10285,0.4427129433575444
10290,0.43443082724403204
10295,0.4263110590631706
10300,0.41835220469732104
10305,0.4105526594373241
10310,0.4029106666032626
10315,0.39542433492464885
10320,0.3880916547278149
10325,0.3809105129780928
10330,0.3738787072284675
10335,0.3669939585259721
10340,0.36025392332947015
10345,0.35365620448880275
10350,0.3471983613393065
10355,0.3408779189613404
10360,0.33469237665500373
10365,0.3286392156775053
10370,0.3227159062915298
10375,0.3169199141675391
10380,0.3112487061855617
10385,0.30569975567570634
10390,0.30027054713654094
10395,0.2949585804718163
10400,0.2897613747766966
10405,0.28467647171030785
10410,0.27970143848439727
10415,0.27483387049803754
10420,0.2700713936475603
10425,0.2654116663361199
10430,0.2608523812084745
10435,0.2563912666339227
10440,0.2520260879584393
10445,0.24775464854557644
10450,0.2435747906259177
10455,0.23948439597088753
10460,0.23548138640783484
10465,0.23156372419083457
10470,0.2277294122409701
10475,0.22397649426896796
10480,0.2203030547914288
10485,0.21670721905224632
10490,0.2131871528583006
10495,0.2097410623391444
10500,0.20636719363902806
10505,0.20306383254882848
10510,0.19982930408518418
10515,0.19666197202297717
10520,0.193560238387918
10525,0.19052254291342613
10530,0.18754736246800263
10535,0.18463321045683231
10540,0.1817786362019399
10545,0.178982224304928
10550,0.17624259399521616
10555,0.17355839846700988
10560,0.1709283242081626
10565,0.16835109032283407
10570,0.16582544785060088
10575,0.16335017908403185
10580,0.1609240968863405
10585,0.15854604401087538
10590,0.1562148924240559
10595,0.15392954263259434
10600,0.15168892301673131
10605,0.1494919891699812
10610,0.14733772324648184
10615,0.1452251333168888
10620,0.14315325273306653
10625,0.14112113950256944
10630,0.13912787567308912
10635,0.13717256672745362
10640,0.1352543409894674
10645,0.13337234904085743
10650,0.1315257631495261
10655,0.12971377670936904
10660,0.12793560369160306
10665,0.12619047810794706
10670,0.12447765348529177
10675,0.12279640235246173
10680,0.12114601573830586
10685,0.1195258026818139
10690,0.11793508975355296
10695,0.11637322058874466
10700,0.11483955543165218
10705,0.1133334706913848
10710,0.11185435850853168
10715,0.11040162633298341
10720,0.10897469651245664
10725,0.10757300589163268
10730,0.10619600542169125
10735,0.10484315978016467
10740,0.10351394700069348
10745,0.10220785811283467
10750,0.10092439679128207
10755,0.0996630790146833
10760,0.0984234327336297
10765,0.09720499754764651
10770,0.09600732439108473
10775,0.09482997522752268
10780,0.09367252275265577
10785,0.09253455010539693
10790,0.09141565058681207
10795,0.09031542738718161
10800,0.0892334933202745
10805,0.0881694705653625
10810,0.08712299041629919
10815,0.08609369303756172
10820,0.08508122722731083
10825,0.08408525018694195
10830,0.08310542729725942
10835,0.08214143190080173
10840,0.08119294509042307
10845,0.08025965550375022
10850,0.07934125912349947
10855,0.07843745908340802
10860,0.07754796547958753
10865,0.07667249518727298
10870,0.07581077168273308
10875,0.07496252487012249
10880,0.07412749091334933
10885,0.07330541207259446
10890,0.07249603654542172
10895,0.07169911831245562
10900,0.07091441698726564
10905,0.07014169767066017
10910,0.06938073080882956
10915,0.06863129205572163
10920,0.06789316213910393
10925,0.06716612673043966
10930,0.06644997631841923
10935,0.06574450608593398
10940,0.06504951579065266
10945,0.0643648096487474
10950,0.06369019622199691
10955,0.06302548830769102
10960,0.06237050283287931
10965,0.061725060748650556
10970,0.061088986931029085
10975,0.06046211008192406
10980,0.05984426263384109
10985,0.05923528065704138
10990,0.058635003769306845
10995,0.05804327504809112
11000,0.05745994094515003
11005,0.05688485120344942
11010,0.05631785877637742
11015,0.055758819749116825
11020,0.05520759326222351
11025,0.05466404143715987
11030,0.0541280293039587
11035,0.053599424730745394
11040,0.053078098355215625
11045,0.05256392351795131
11050,0.05205677619748076
11055,0.051556534947133976
11060,0.05106308083350723
11065,0.05057629737665821
11070,0.05009607049184586
11075,0.04962228843276454
11080,0.04915484173633504
11085,0.048693623169025924
11090,0.04823852767433451
11095,0.04778945232206362
11100,0.04734629625835809
11105,0.04690896065774554
11110,0.04647734867578887
11115,0.04605136540315531
11120,0.045630917821464355
11125,0.045215914758902166
11130,0.04480626684881136
11135,0.0444018864876375
11140,0.0440026877951305
11145,0.043608586574940905
11150,0.04321950027648575
11155,0.0428353479577219
11160,0.04245605024884599
11165,0.04208152931694221
11170,0.041711708831535015
11175,0.041346513930959686
11180,0.04098587118964169
11185,0.04062970858615445
11190,0.040277955472094576
11195,0.03993054254175027
11200,0.039587401802467906
11205,0.039248466545831376
11210,0.038913671319532384
11215,0.038582951899822436
11220,0.0382562452648458
11225,0.03793348956859956
11230,0.03761462411521529
11235,0.03729958933435411
11240,0.03698832675681729
11245,0.03668077899099115
11250,0.036376889699813404
11255,0.03607660357769494
11260,0.03577986632979151
11265,0.03548662464919553
11270,0.03519682619683859
11275,0.03491041958072625
11280,0.034627354336152306
11285,0.03434758090615559
11290,0.034071050622546124
11295,0.03379771568732647
11300,0.03352752915460935
11305,0.03326044491292369
11310,0.032996417667944304
11315,0.03273540292560763
11320,0.03247735697567441
11325,0.03222223687563442
11330,0.031970000434971134
11335,0.03172060619986215
11340,0.031474013438134885
11345,0.031230182124654303
11350,0.030989072927023853
11355,0.03075064719158372
11360,0.030514866929759323
11365,0.03028169480471232
11370,0.03005109411832225
11375,0.029823028798410554
11380,0.02959746338628929
11385,0.02937436302460264
11390,0.02915369344542797
11395,0.028935420958603974
11400,0.02871951244041724
11405,0.028505935322419077
11410,0.028294657580633216
11415,0.02808564772487392
11420,0.02787887478834615
11425,0.027674308317550175
11430,0.02747191836227519
11435,0.027271675465911374
11440,0.027073550655946365
11445,0.02687751543467773
11450,0.0266835417700996
11455,0.026491602087020193
11460,0.026301669258361797
11465,0.02611371659664424
11470,0.02592771784566169
11475,0.02574364717232836
11480,0.02556147915871207
11485,0.025381188794228703
11490,0.025202751468005196
11495,0.02502614296141421
11500,0.02485133944076224
11505,0.024678317450120797
11510,0.024507053904331763
11515,0.02433752608214714
11520,0.024169711619520806
11525,0.02400358850302811
11530,0.023839135063437534
11535,0.023676329969413008
11540,0.02351515222134193
11545,0.02335558114530057
11550,0.02319759638713331
11555,0.02304117790667683
11560,0.022886305972067766
11565,0.022732961154200877
11570,0.022581124321296015
11575,0.022430776633543932
11580,0.02228189953791279
11585,0.022134474763024093
11590,0.021988484314123414
11595,0.02184391046823426
11600,0.021700735769266746
11605,0.02155894302336961
11610,0.021418515294290362
11615,0.021279435898848058
11620,0.021141688402516155
11625,0.021005256615058518
11630,0.02087012458629516
11635,0.020736276601910384
11640,0.020603697179370814
11645,0.02047237106391813
11650,0.020342283224638012
11655,0.020213418850608067
11660,0.020085763347120696
11665,0.01995930233198227
11670,0.019834021631885308
11675,0.01970990727884356
11680,0.019586945506708208
11685,0.019465122747744538
11690,0.019344425629273278
11695,0.019224840970387392
11700,0.019106355778717627
11705,0.018988957247268942
11710,0.01887263275132002
11715,0.018757369845373247
11720,0.0186431562601725
11725,0.01852997989976963
11730,0.018417828838650948
11735,0.018306691318925757
11740,0.018196555747543208
11745,0.01808741069359583
11750,0.017979244885645396
11755,0.01787204720911226
11760,0.017765806703718266
11765,0.017660512560959386
11770,0.01755615412164596
11775,0.01745272087347492
11780,0.01735020244865313
11785,0.01724858862156409
11790,0.017147869306472868
11795,0.01704803455528755
11800,0.016949074555335637
11805,0.01685097962721493
11810,0.016753740222653586
11815,0.016657346922427888
11820,0.016561790434310858
11825,0.016467061591055845
11830,0.01637315134842935
11835,0.016280050783259992
11840,0.01618775109153804
11845,0.016096243586543806
11850,0.016005519697010168
11855,0.015915570965316077
11860,0.015826389045716614
11865,0.015737965702601643
11870,0.015650292808786718
11875,0.015563362343830649
11880,0.015477166392387231
11885,0.015391697142589825
11890,0.015306946884455441
11895,0.015222908008315767
11900,0.015139573003294465
11905,0.015056934455784004
11910,0.014974985047969834
11915,0.014893717556381737
11920,0.014813124850436442
11925,0.01473319989106122
11930,0.014653935729292135
11935,0.014575325504923064
11940,0.014497362445170197
11945,0.014420039863358228
11950,0.01434335115763205
11955,0.014267289809689257
11960,0.014191849383537718
11965,0.014117023524266768
11970,0.014042805956845091
11975,0.01396919048494047
11980,0.013896170989753293
11985,0.013823741428876365
11990,0.01375189583516858
11995,0.013680628315655856
12000,0.013609933050433894
12005,0.013539804291607992
12010,0.013470236362247798
12015,0.013401223655343072
12020,0.013332760632795515
12025,0.013264841824413835
12030,0.013197461826950885
12035,0.013130615303106517
12040,0.01306429698060693
12045,0.012998501651253231
12050,0.012933224170014579
12055,0.012868459454114063
12060,0.012804202482147527
12065,0.012740448293207036
12070,0.01267719198602116
12075,0.012614428718108476
12080,0.012552153704947975
12085,0.012490362219156816
12090,0.01242904958969011
12095,0.012368211201041387
12100,0.012307842492473714
12105,0.012247938957241666
12110,0.012188496141843457
12115,0.012129509645277443
12120,0.012070975118309712
12125,0.012012888262757971
12130,0.011955244830781898
12135,0.011898040624187539
12140,0.0118412714937426
12145,0.011784933338501856
12150,0.011729022105141576
12155,0.011673533787313872
12160,0.011618464424990123
12165,0.011563810103843641
12170,0.011509566954616452
12175,0.011455731152509625
12180,0.01140229891657962
12185,0.011349266509144966
12190,0.01129663023519935
12195,0.011244386441837742
12200,0.011192531517689126
12205,0.011141061892356615
12210,0.01108997403587319
12215,0.01103926445815309
12220,0.010988929708465017
12225,0.010938966374906127
12230,0.010889371083886506
12235,0.010840140499615921
12240,0.01079127132360812
12245,0.010742760294188532
12250,0.010694604186002958
12255,0.010646799809543693
12260,0.010599344010676814
12265,0.010552233670178844
12270,0.010505465703280389
12275,0.010459037059215148
12280,0.010412944720775233
12285,0.010367185703877617
12290,0.010321757057133651
12295,0.010276655861420654
12300,0.010231879229471342
12305,0.010187424305457441
12310,0.01014328826459022
12315,0.010099468312713264
12320,0.010055961685917025
12325,0.010012765650149455
12330,0.0099698775008295
12335,0.009927294562478484
12340,0.009885014188344221
12345,0.009843033760043394
12350,0.00980135068718524
12355,0.009759962407041337
12360,0.009718866384175599
12365,0.009678060110110565
12370,0.009637541102983371
12375,0.009597306907217178
12380,0.009557355093186008
12385,0.009517683256892449
12390,0.00947828901964825
12395,0.009439170027759153
12400,0.00940032395221087
12405,0.009361748488369235
12410,0.009323441355669903
12415,0.009285400297327098
12420,0.009247623080037024
12425,0.009210107493691297
12430,0.0091728513510892
12435,0.009135852487656127
12440,0.009099108761171702
12445,0.009062618051488376
12450,0.009026378260271235
12455,0.008990387310724181
12460,0.008954643147332906
12465,0.008919143735607189
12470,0.008883887061823782
12475,0.008848871132774947
12480,0.00881409397552872
12485,0.008779553637169748
12490,0.008745248184577049
12495,0.008711175704177175
12500,0.00867733430169517
12505,0.008643722101959106
12510,0.008610337248649538
12515,0.008577177904070856
12520,0.008544242248944034
12525,0.00851152848217785
12530,0.008479034820659589
12535,0.008446759499042661
12540,0.008414700769534973
12545,0.008382856901692569
12550,0.008351226182215909
12555,0.008319806914751893
12560,0.008288597419691722
12565,0.00825759603397624
12570,0.008226801110904909
12575,0.008196211019945866
12580,0.008165824146541099
12585,0.008135638891937663
12590,0.00810565367298507
12595,0.008075866921965708
12600,0.008046277086422932
12605,0.008016882628970226
12610,0.007987682027129801
12615,0.007958673773158701
12620,0.007929856373879635
12625,0.007901228350516378
12630,0.007872788238526779
12635,0.00784453458744631
12640,0.007816465960719101
12645,0.007788580935552744
12650,0.007760878102749516
12655,0.007733356066564976
12660,0.007706013444548536
12665,0.007678848867396122
12670,0.007651860978805144
12675,0.007625048435323562
12680,0.007598409906212632
12685,0.007571944073301
12690,0.007545649630848333
12695,0.00751952528539267
12700,0.007493569755644315
12705,0.007467781772320038
12710,0.007442160078035299
12715,0.00741670342712897
12720,0.007391410585623002
12725,0.0073662803309846574
12730,0.007341311452073766
12735,0.007316502749003211
12740,0.007291853033001576
12745,0.007267361126304815
12750,0.007243025862033805
12755,0.007218846084072845
12760,0.00719482064695459
12765,0.007170948415747247
12770,0.007147228265938259
12775,0.0071236590833214375
12780,0.007100239763889798
12785,0.007076969213719045
12790,0.007053846348867891
12795,0.00703087009526531
12800,0.007008039388608108
12805,0.006985353174252195
12810,0.006962810407121257
12815,0.006940410051587389
12820,0.006918151081388526
12825,0.006896032479517887
12830,0.0068740532381299695
12835,0.006852212358448219
12840,0.006830508850657953
12845,0.006808941733827579
12850,0.006787510035813782
12855,0.006766212793122169
12860,0.006745049050950162
12865,0.006724017862897401
12870,0.006703118291058455
12875,0.006682349405822866
12880,0.006661710285851505
12885,0.006641200017960438
12890,0.006620817697056269
12895,0.006600562426014992
12900,0.0065804333156467025
12905,0.006560429484591949
12910,0.006540550059238126
12915,0.006520794173647601
12920,0.006501160969480854
12925,0.006481649595910236
12930,0.006462259209553976
12935,0.0064429889743742065
12940,0.006423838061697993
12945,0.0064048056499712595
12950,0.006385890924831461
12955,0.006367093079003806
12960,0.006348411312194875
12965,0.0063298448310533705
12970,0.0063113928490854945
12975,0.006293054586578306
12980,0.006274829270584054
12985,0.006256716134774056
12990,0.006238714419438203
12995,0.006220823371372934
13000,0.006203042243896353
13005,0.006185370296635257
13010,0.0061678067956108095
13015,0.00615035101315738
13020,0.006133002227778018
13025,0.00611575972399672
13030,0.00609862279272174
13035,0.00608159073067144
13040,0.0060646628406127966
13045,0.006047838431221229
13050,0.00603111681703668
13055,0.006014497318399729
13060,0.005997979261393959
13065,0.005981561977803067
13070,0.005965244805044077
13075,0.005949027086120581
13080,0.005932908169564152
13085,0.005916887409385848
13090,0.005900964165023037
13095,0.005885137801285034
13100,0.005869407688305428
13105,0.005853773201492662
13110,0.005838233721475154
13115,0.005822788634057484
13120,0.00580743733016924
13125,0.005792179205818462
13130,0.00577701366203865
13135,0.005761940104856136
13140,0.005746957945221431
13145,0.0057320665989817575
13150,0.005717265486833383
13155,0.00570255403426507
13160,0.00568793167153867
13165,0.005673397833597406
13170,0.005658951960085836
13175,0.005644593495256883
13180,0.00563032188795113
13185,0.005616136591554543
13190,0.0056020370639508835
13195,0.005588022767484192
13200,0.0055740931689181135
13205,0.005560247739396075
13210,0.0055464859544018235
13215,0.005532807293718371
13220,0.005519211241392309
13225,0.0055056972856942716
13230,0.005492264919079797
13235,0.005478913638156578
13240,0.0054656429436393305
13245,0.005452452340321905
13250,0.005439341337036437
13255,0.0054263094466175735
13260,0.005413356185870348
13265,0.005400481075531136
13270,0.005387683640236904
13275,0.005374963408487178
13280,0.005362319912614861
13285,0.005349752688748491
13290,0.005337261276782247
13295,0.005324845220341601
13300,0.005312504066752096
13305,0.005300237367006293
13310,0.0052880446757336535
13315,0.005275925551167911
13320,0.005263879555117015
13325,0.00525190625293215
13330,0.005240005213477969
13335,0.005228176009102941
13340,0.005216418215608034
13345,0.005204731412220166
13350,0.005193115181561965
13355,0.005181569109620858
13360,0.005170092785727003
13365,0.005158685802518814
13370,0.005147347755916972
13375,0.005136078245101107
13380,0.005124876872478014
13385,0.005113743243656061
13390,0.005102676967422382
13395,0.005091677655708511
13400,0.005080744923572936
13405,0.0050698783891713105
13410,0.005059077673732635
13415,0.005048342401531549
13420,0.005037672199867822
13425,0.005027066699038947
13430,0.005016525532313486
13435,0.005006048335913978
13440,0.004995634748989392
13445,0.004985284413587664
13450,0.004974996974639082
13455,0.004964772079930944
13460,0.004954609380082772
13465,0.004944508528527186
13470,0.004934469181485083
13475,0.004924490997944902
13480,0.00491457363964147
13485,0.004904716771030625
13490,0.004894920059277391
13495,0.004885183174214851
13500,0.004875505788357568
13505,0.004865887576842767
13510,0.004856328217434503
13515,0.004846827390494639
13520,0.00483738477896646
13525,0.004828000068351772
13530,0.004818672946696401
13535,0.00480940310456009
13540,0.004800190235010572
13545,0.004791034033597696
13550,0.004781934198333571
13555,0.004772890429677635
13560,0.004763902430517182
13565,0.00475496990614929
13570,0.004746092564258931
13575,0.004737270114911259
13580,0.004728502270521431
13585,0.004719788745848036
13590,0.004711129257968694
13595,0.004702523526266207
13600,0.004693971272412939
13605,0.004685472220355259
13610,0.004677026096277473
13615,0.004668632628628755
13620,0.004660291548063548
13625,0.004652002587446796
13630,0.00464376548183636
13635,0.004635579968456236
13640,0.00462744578670685
13645,0.004619362678118487
13650,0.0046113303863573344
13655,0.004603348657202524
13660,0.004595417238533613
13665,0.004587535880313735
13670,0.004579704334580388
13675,0.004571922355420625
13680,0.004564189698971444
13685,0.004556506123393521
13690,0.004548871388861784
13695,0.00454128525755466
13700,0.0045337474936308925
13705,0.004526257863233452
13710,0.004518816134455629
13715,0.0045114220773431295
13720,0.004504075463873925
13725,0.0044967760679485835
13730,0.004489523665374673
13735,0.004482318033857199
13740,0.00447515895298403
13745,0.004468046204214088
13750,0.004460979570865331
13755,0.004453958838103032
13760,0.0044469837929271205
13765,0.00444005422416125
13770,0.0044331699224389705
13775,0.004426330680197673
13780,0.0044195362916596695
13785,0.004412786552824213
13790,0.004406081261457509
13795,0.004399420217084537
13800,0.004392803220968762
13805,0.004386230076108619
13810,0.004379700587226824
13815,0.00437321456075674
13820,0.0043667718048327146
13825,0.00436037212928066
13830,0.004354015345607158
13835,0.00434770126699007
13840,0.004341429708266752
13845,0.004335200485926019
13850,0.004329013418097477
13855,0.0043228683245416
13860,0.00431676502664101
13865,0.004310703347389414
13870,0.0043046831113838875
13875,0.00429870414481502
13880,0.004292766275456716
13885,0.004286869332658698
13890,0.004281013147336461
13895,0.004275197551962647
13900,0.004269422380559617
13905,0.0042636874686848
13910,0.004257992653361998
13915,0.004252337773346086
13920,0.004246722668694392
13925,0.0042411471810428905
13930,0.004235611153518386
13935,0.004230114430755195
13940,0.004224656858841204
13945,0.004219238285359579
13950,0.004213858559352202
13955,0.004208517531317146
13960,0.004203215053204319
13965,0.004197950978407334
13970,0.004192725161752838
13975,0.004187537459494797
13980,0.004182387729310431
13985,0.004177275830286234
13990,0.004172201622916371
13995,0.004167164969093848
14000,0.004162165732102726
14005,0.004157203776612279
14010,0.004152278968669508
14015,0.0041473911756922275
14020,0.004142540266463711
14025,0.004137726111124496
14030,0.004132948581166037
14035,0.004128207549425068
14040,0.0041235028900769655
14045,0.0041188344786289854
14050,0.004114202191914811
14055,0.004109605908087354
14060,0.004105045506613531
14065,0.004100520868268326
14070,0.004096031875127744
14075,0.00409157841056479
14080,0.004087160359241746
14085,0.004082777607106954
14090,0.00407843004138461
14095,0.004074117550575127
14100,0.004069840024445057
14105,0.004065597354023716
14110,0.004061389431598066
14115,0.004057216150705957
14120,0.004053077406131698
14125,0.004048973093901473
14130,0.004044903111277707
14135,0.004040867356753356
14140,0.00403686573004856
14145,0.0040328981321043015
14150,0.004028964465078062
14155,0.004025064632339853
14160,0.00402119853846634
14165,0.004017366089236928
14170,0.0040135671916284735
14175,0.004009801753812206
14180,0.004006069685147699
14185,0.00400237089618173
14190,0.003998705298632346
14195,0.003995072805407854
14200,0.003991473330578433
14205,0.003987906789385598
14210,0.003984373098233815
14215,0.00398087217468753
14220,0.0039774039374676695
14225,0.003973968306446508
14230,0.003970565202644226
14235,0.003967194548226282
14240,0.0039638562664997936
14245,0.003960550281906263
14250,0.003957276520021835
14255,0.0039540349075548094
14260,0.003950825372339815
14265,0.00394764784332772
14270,0.003944502250600347
14275,0.003941388525349224
14280,0.003938306599879878
14285,0.003935256407609842
14290,0.00393223788306268
14295,0.003929250961865606
14300,0.003926295580748197
14305,0.00392337167753706
14310,0.0039204791911549115
14315,0.003917618061614834
14320,0.00391478823002377
14325,0.003911989638572461
14330,0.003909222230535347
14335,0.003906485950270962
14340,0.0039037807432161426
14345,0.00390110655588417
14350,0.003898463335862659
14355,0.0038958510318115942
14360,0.003893269593460094
14365,0.0038907189716047333
14370,0.003888199118107441
14375,0.0038857099858899983
14380,0.003883251528948341
14385,0.0038808237023170798
14390,0.0038784264620999073
14395,0.0038760597654549636
14400,0.003873723570590507
14405,0.0038714178367682275
14410,0.0038691425242979504
14415,0.003866897594538398
14420,0.0038646830098938443
14425,0.003862498733812971
14430,0.003860344730787894
14435,0.0038582209663517186
14440,0.003856127407078346
14445,0.0038540640205796213
14450,0.0038520307755051573
14455,0.0038500276415410414
14460,0.0038480545894075896
14465,0.003846111590859081
14470,0.00384419861868257
14475,0.0038423156466964965
14480,0.0038404626497504537
14485,0.003838639603722673
14490,0.003836846485521464
14495,0.003835083273080348
14500,0.0038333499453649463
14505,0.0038316464823624006
14510,0.003829972865087921
14515,0.0038283290755816587
14520,0.003826715096908227
14525,0.00382513091315676
14530,0.0038235765094393826
14535,0.003822051871892024
14540,0.00382055698767362
14545,0.003819091844965539
14550,0.003817656432972032
14555,0.003816250741919411
14560,0.0038148747630555135
14565,0.0038135284886525516
14570,0.003812211912002798
14575,0.0038109250274216823
14580,0.003809667830247083
14585,0.0038084403168390205
14590,0.0038072424845817616
14595,0.003806074331880496
14600,0.003804935858164898
14605,0.0038038270638930927
14610,0.003802747950538233
14615,0.003801698520605505
14620,0.0038006787776245733
14625,0.0037996887261504244
14630,0.0037987283717651273
14635,0.0037977977210789425
14640,0.003796896781730067
14645,0.0037960255623871006
14650,0.003795184072748229
14655,0.003794372323543809
14660,0.003793590326536569
14665,0.0037928380945229435
14670,0.003792115641334195
14675,0.0037914229818381356
14680,0.003790760131939871
14685,0.0037901271085845865
14690,0.003789523929756169
14695,0.0037889506144813986
14700,0.0037884071828307216
14705,0.0037878936559200068
14710,0.0037874100559115594
14715,0.0037869564060174056
14720,0.003786532730499159
14725,0.003786139054671579
14730,0.0037857754049040885
14735,0.003785441808622784
14740,0.0037851382943121315
14745,0.0037848648915181976
14750,0.00378462163084993
14755,0.0037844085439823305
14760,0.003784225663658037
14765,0.0037840730236896837
14770,0.003783950658964518
14775,0.0037838586054440735
14780,0.003783796900169105
14785,0.0037837655812610494
14790,0.0037837646879258567
14795,0.0037837942604560387
14800,0.0037838543402341153
14805,0.0037839449697360497
14810,0.00378406619253375
14815,0.003784218053298033
14820,0.003784400597803165
14825,0.00378461387292877
14830,0.0037848579266650077
14835,0.0037851328081141534
14840,0.0037854385674957495
14845,0.0037857752561495056
14850,0.0037861429265389802
14855,0.0037865416322567214
14860,0.003786971428026381
14865,0.003787432369707998
14870,0.0037879245143015244
14875,0.003788447919951507
14880,0.00378900264595065
14885,0.0037895887527456184
14890,0.0037902063019385267
14895,0.0037908553562959663
14900,0.0037915359797489434
14905,0.0037922482374011294
14910,0.0037929921955317802
14915,0.003793767921600654
14920,0.0037945754842552333
14925,0.003795414953331614
14930,0.0037962863998651447
14935,0.0037971898960897908
14940,0.003798125515448138
14945,0.0037990933325949714
14950,0.003800093423402526
14955,0.003801125864967798
14960,0.0038021907356150936
14965,0.003803288114906137
14970,0.0038044180836428717
14975,0.0038055807238740703
14980,0.003806776118902947
14985,0.0038080043532936316
14990,0.003809265512869428
14995,0.003810559684736578
15000,0.003811886957273825
15005,0.0038132474201489908
15010,0.003814641164315761
15015,0.0038160682820378945
15020,0.0038175288668788406
15025,0.0038190230137179317
15030,0.0038205508187548714
15035,0.0038221123795182457
15040,0.003823707794872322
15045,0.003825337165025445
15050,0.0038270005915360984
15055,0.0038286981773251374
15060,0.0038304300266773163
15065,0.0038321962452499978
15070,0.0038339969400920737
15075,0.0038358322196379037
15080,0.0038377021937261147
15085,0.0038396069735966336
15090,0.00384154667191858
15095,0.00384352140277843
15100,0.0038455312817026314
15105,0.0038475764256602238
15110,0.0038496569530761726
15115,0.003851772983836893
15120,0.0038539246393029737
15125,0.0038561120423170497
15130,0.0038583353172147203
15135,0.0038605945898336097
15140,0.0038628899875246003
15145,0.003865221639160771
15150,0.003867589675148992
15155,0.00386999422743988
15160,0.003872435429538611
15165,0.003874913416516172
15170,0.0038774283250200088
15175,0.0038799802932853334
15180,0.003882569461146548
15185,0.003885195970048887
15190,0.003887859963059829
15195,0.003890561584881281
15200,0.0038933009818612582
15205,0.003896078302006322
15210,0.0038988936949941933
15215,0.003901747312185797
15220,0.0039046393066379777
15225,0.003907569833117168
15230,0.003910539048111559
15235,0.003913547109844979
15240,0.003916594178290148
15245,0.00391968041518208
15250,0.003922805984032433
15255,0.003925971050143158
15260,0.003929175780620883
15265,0.003932420344391107
15270,0.003935704912213384
15275,0.003939029656695362
15280,0.003942394752308492
15285,0.003945800375402923
15290,0.003949246704222905
15295,0.003952733918922963
15300,0.003956262201582851
15305,0.003959831736224736
15310,0.003963442708828839
15315,0.003967095307349689
15320,0.003970789721734067
15325,0.003974526143936676
15330,0.0039783047679379634
15335,0.003982125789763156
15340,0.003985989407495706
15345,0.00398989582130038
15350,0.003993845233437717
15355,0.003997837848283342
15360,0.004001873872350906
15365,0.0040059535143016686
15370,0.004010076984973486
15375,0.0040142444973946985
15380,0.004018456266805525
15385,0.004022712510677797
15390,0.004027013448735816
15395,0.00403135930297596
15400,0.00403575029768855
15405,0.00404018665947792
15410,0.004044668617285076
15415,0.004049196402408328
15420,0.00405377024852578
15425,0.004058390391718229
15430,0.004063057070490163
15435,0.004067770525794855
15440,0.004072531001055212
15445,0.004077338742189489
15450,0.00408219399763425
15455,0.004087097018368263
15460,0.0040920480579376296
15465,0.004097047372480427
15470,0.004102095220751868
15475,0.0041071918641501235
15480,0.004112337566741659
15485,0.004117532595288344
15490,0.00412277721927351
15495,0.004128071710929113
15500,0.00413341634526295
15505,0.0041388114000866635
15510,0.004144257156043876
15515,0.004149753896638241
15520,0.004155301908263099
15525,0.004160901480229929
15530,0.004166552904798845
15535,0.004172256477208316
15540,0.004178012495705617
15545,0.004183821261577901
15550,0.004189683079183942
15555,0.004195598255985206
15560,0.004201567102578718
15565,0.004207589932728423
15570,0.004213667063404095
15575,0.004219798814803256
15580,0.004225985510398017
15585,0.00423222747695954
15590,0.004238525044602103
15595,0.004244878546811604
15600,0.004251288320483871
15605,0.004257754705961757
15610,0.004264278047071479
15615,0.004270858691161319
15620,0.004277496989137947
15625,0.004284193295505968
15630,0.004290947968408063
15635,0.004297761369662138
15640,0.004304633864804208
15645,0.004311565823128169
15650,0.004318557617726186
15655,0.004325609625533646
15660,0.004332722227365629
15665,0.004339895807971099
15670,0.004347130756065434
15675,0.0043544274643770855
15680,0.004361786329698499
15685,0.0043692077529278
15690,0.004376692139114276
15695,0.00438423989750743
15700,0.004391851441602943
15705,0.00439952718919298
15710,0.004407267562413026
15715,0.004415072987793578
15720,0.00442294389630925
15725,0.0044308807234310224
15730,0.0044388839091770846
15735,0.004446953898166553
15740,0.0044550911396721085
15745,0.004463296087674639
15750,0.004471569200918324
15755,0.004479910942965969
15760,0.004488321782256155
15765,0.004496802192159934
15770,0.004505352651040346
15775,0.004513973642309692
15780,0.004522665654491785
15785,0.0045314291812804325
15790,0.004540264721602983
15795,0.004549172779682443
15800,0.0045581538651003955
15805,0.004567208492862767
15810,0.004576337183464156
15815,0.004585540462954776
15820,0.004594818863008042
15825,0.004604172920988442
15830,0.004613603180022048
15835,0.004623110189065214
15840,0.00463269450297789
15845,0.004642356682595248
15850,0.004652097294801472
15855,0.004661916912605104
15860,0.004671816115213514
15865,0.004681795488112145
15870,0.004691855623140772
15875,0.0047019971185738784
15880,0.004712220579200603
15885,0.004722526616407778
15890,0.0047329158482611695
15895,0.004743388899591708
15900,0.004753946402079333
15905,0.004764588994341573
15910,0.004775317322020233
15915,0.0047861320378724025
15920,0.004797033801859894
15925,0.004808023281243327
15930,0.00481910115067436
15935,0.004830268092292254
15940,0.004841524795819368
15945,0.00485287195866042
15950,0.004864310286001439
15955,0.004875840490911678
15960,0.004887463294446066
15965,0.004899179425749702
15970,0.004910989622164382
15975,0.004922894629335911
15980,0.004934895201324169
15985,0.0049469921007130055
15990,0.004959186098725324
15995,0.004971477975335234
16000,0.004983868519387636
16005,0.004996358528713554
16010,0.005008948810252691
16015,0.005021640180175324
16020,0.0050344334640030014
16025,0.005047329496743145
16030,0.005060329123006757
16035,0.005073433197146009
16040,0.0050866425833849035
16045,0.005099958155950472
16050,0.005113380799215938
16055,0.005126911407831847
16060,0.005140550886874755
16065,0.005154300151984661
16070,0.005168160129514079
16075,0.005182131756675584
16080,0.005196215981692202
16085,0.005210413763949659
16090,0.00522472607415371
16095,0.005239153894486875
16100,0.005253698218770437
16105,0.00526836005262635
16110,0.0052831404136448054
16115,0.005298040331553032
16120,0.005313060848385753
16125,0.005328203018661485
16130,0.0053434679095594045
16135,0.005358856601099684
16140,0.005374370186327218
16145,0.0053900097714986986
16150,0.005405776476272368
16155,0.0054216714339001175
16160,0.005437695791425233
16165,0.005453850709882215
16170,0.00547013736449783
16175,0.005486556944900398
16180,0.005503110655327899
16185,0.005519799714843163
16190,0.005536625357550685
16195,0.005553588832816669
16200,0.005570691405497636
16205,0.005587934356164869
16210,0.005605318981340711
16215,0.005622846593734451
16220,0.005640518522483476
16225,0.005658336113397097
16230,0.005676300729211629
16235,0.005694413749837232
16240,0.005712676572621748
16245,0.005731090612611457
16250,0.005749657302821262
16255,0.005768378094504114
16260,0.0057872544574308765
16265,0.005806287880172898
16270,0.005825479870387704
16275,0.005844831955114063
16280,0.005864345681067264
16285,0.0058840226149459735
16290,0.005903864343737402
16295,0.005923872475034922
16300,0.005944048637355851
16305,0.00596439448046908
16310,0.0059849116757280775
16315,0.006005601916405395
16320,0.0060264669180403905
16325,0.0060475084187892
16330,0.006068728179781435
16335,0.0060901279854825305
16340,0.006111709644069077
16345,0.006133474987800276
16350,0.006155425873407626
16355,0.006177564182482828
16360,0.006199891821879741
16365,0.00622241072412127
16370,0.006245122847806816
16375,0.006268030178047215
16380,0.006291134726883924
16385,0.006314438533731582
16390,0.006337943665824137
16395,0.006361652218671399
16400,0.006385566316521746
16405,0.006409688112836656
16410,0.006434019790768374
16415,0.006458563563659365
16420,0.006483321675535018
16425,0.006508296401621175
16430,0.006533490048857737
16435,0.006558904956438312
16440,0.006584543496343331
16445,0.006610408073898362
16450,0.006636501128331904
16455,0.006662825133352504
16460,0.006689382597733671
16465,0.006716176065910414
16470,0.0067432081185890905
16475,0.006770481373366949
16480,0.0067979984853679025
16485,0.006825762147887282
16490,0.006853775093051567
16495,0.00688204009249218
16500,0.006910559958030736
16505,0.006939337542379416
16510,0.006968375739858715
16515,0.006997677487120827
16520,0.00702724576389979
16525,0.007057083593769525
16530,0.00708719404491594
16535,0.007117580230934879
16540,0.007148245311631207
16545,0.0071791924938534755
16550,0.007210425032328499
16555,0.007241946230523846
16560,0.0072737594415261935
16565,0.007305868068934691
16570,0.007338275567779582
16575,0.007370985445455061
16580,0.00740400126267611
16585,0.007437326634442077
16590,0.007470965231054512
16595,0.007504920779114447
16600,0.007539197062568231
16605,0.007573797923772046
16610,0.007608727264570954
16615,0.007643989047412082
16620,0.007679587296472543
16625,0.0077155260996127776
16630,0.007751809606393249
16635,0.007788442034017671
16640,0.007825427665419932
16645,0.007862770851311587
16650,0.007900476011472089
16655,0.007938547636069463
16660,0.00797699028700756
16665,0.008015808599306342
16670,0.008055007282511776
16675,0.008094591122137448
16680,0.008134564981139925
16685,0.00817493380142651
16690,0.008215702605398304
16695,0.008256876497527297
16700,0.00829846066597133
16705,0.008340460384226372
16710,0.008382881012812414
16715,0.008425728001004364
16720,0.008469006888602942
16725,0.008512723307739625
16730,0.008556882984734492
16735,0.008601491741984317
16740,0.008646555499922918
16745,0.008692080278971894
16750,0.008738072201608205
16755,0.008784537494432216
16760,0.008831482490298706
16765,0.00887891363050209
16770,0.00892683746700986
16775,0.008975260664753574
16780,0.009024190003973224
16785,0.009073632382617425
16790,0.009123594818806124
16795,0.009174084453346533
16800,0.009225108552320994
16805,0.009276674509727564
16810,0.009328789850193626
16815,0.00938146223175569
16820,0.009434699448703577
16825,0.009488509434501514
16830,0.009542900264779178
16835,0.009597880160400104
16840,0.009653457490603534
16845,0.009709640776232506
16850,0.00976643869303606
16855,0.00982386007506325
16860,0.00988191391813877
16865,0.009940609383430932
16870,0.00999995580110889
16875,0.010059962674101919
16880,0.010120639681938551
16885,0.010181996684714074
16890,0.010244043727132654
16895,0.010306791042677272
16900,0.010370249057874236
16905,0.010434428396687505
16910,0.010499339885011245
16915,0.010564994555292837
16920,0.010631403651282264
16925,0.010698578632899471
16930,0.010766531181240546
16935,0.010835273203719176
16940,0.010904816839341773
16945,0.010975174464134626
16950,0.011046358696714253
16955,0.011118382404011772
16960,0.01119125870715875
16965,0.011265000987530215
16970,0.011339622892962926
16975,0.011415138344140725
16980,0.011491561541164003
16985,0.011568906970299732
16990,0.01164718941092841
16995,0.011726423942679616
17000,0.011806625952779436
17005,0.011887811143607565
17010,0.011969995540455372
17015,0.012053195499536972
17020,0.012137427716205268
17025,0.012222709233422651
17030,0.012309057450470036
17035,0.012396490131921498
17040,0.012485025416870946
17045,0.012574681828437578
17050,0.012665478283560492
17055,0.012757434103069875
17060,0.012850569022072055
17065,0.012944903200639395
17070,0.01304045723483511
17075,0.013137252168051717
17080,0.013235309502713564
17085,0.013334651212325585
17090,0.01343529975390167
17095,0.01353727808076408
17100,0.013640609655751413
17105,0.013745318464835454
17110,0.013851429031143666
17115,0.013958966429460032
17120,0.014067956301146144
17125,0.014178424869552512
17130,0.014290398955922936
17135,0.01440390599579369
17140,0.014518974055921532
17145,0.014635631851778807
17150,0.014753908765580621
17155,0.014873834864920827
17160,0.014995440922013206
17165,0.015118758433561558
17170,0.015243819641280923
17175,0.01537065755310533
17180,0.015499305965096457
17185,0.01562979948409056
17190,0.01576217355109785
17195,0.015896464465491592
17200,0.016032709410031327
17205,0.016170946476712834
17210,0.016311214693528475
17215,0.016453554052126364
17220,0.016598005536451084
17225,0.016744611152338038
17230,0.016893413958180604
17235,0.01704445809665125
17240,0.017197788827541687
17245,0.017353452561768654
17250,0.017511496896581193
17255,0.017671970652044514
17260,0.017834923908808108
17265,0.01800040804725547
17270,0.018168475788069873
17275,0.01833918123427997
17280,0.018512579914819634
17285,0.018688728829769137
17290,0.018867686497151363
17295,0.019049513001576993
17300,0.019234270044655184
17305,0.019422020997301708
17310,0.019612830954021405
17315,0.019806766789295042
17320,0.020003897216051926
17325,0.02020429284640907
17330,0.020408026254802872
17335,0.020615172043474395
17340,0.02082580691065266
17345,0.02104000972115
17350,0.02125786158007269
17355,0.02147944590921522
17360,0.021704848526546257
17365,0.021934157728927883
17370,0.02216746437812517
17375,0.02240486199029872
17380,0.022646446829153153
17385,0.02289231800288908
17390,0.023142577565149026
17395,0.02339733062013032
17400,0.023656685432096376
17405,0.023920753539434788
17410,0.02418964987356163
17415,0.024463492882805558
17420,0.02474240466161988
17425,0.025026511085278213
17430,0.025315941950408215
17435,0.025610831121585808
17440,0.02591131668432602
17445,0.02621754110478284
17450,0.026529651396466958
17455,0.02684779929438276
17460,0.027172141436906636
17465,0.02750283955584025
17470,0.02784006067502599
17475,0.028183977317996402
17480,0.028534767725099778
17485,0.02889261608060249
17490,0.029257712750276936
17495,0.029630254530076557
17500,0.030010444906413018
17505,0.030398494328699677
17510,0.030794620494819527
17515,0.031199048650190284
17520,0.03161201190117457
17525,0.03203375154362796
17530,0.0324645174074133
17535,0.0329045682177257
17540,0.03335417197423502
17545,0.03381360634895453
17550,0.03428315910400006
17555,0.0347631285302035
17560,0.03525382390794959
17565,0.03575556599139175
17570,0.03626868751741095
17575,0.03679353374077396
17580,0.03733046299704436
17585,0.037879847294800616
17590,0.03844207293895573
17595,0.03901754118700851
17600,0.03960666894022952
17605,0.04020988947176975
17610,0.04082765319409252
17615,0.04146042846806984
17620,0.042108702456120216
17625,0.0427729820224518
17630,0.043453794683045416
17635,0.04415168960859915
17640,0.04486723868377357
17645,0.04560103762630574
17650,0.04635370716972548
17655,0.0471258943138862
17660,0.04791827364755542
17665,0.04873154874784369
17670,0.04956645366138569
17675,0.050423754472783605
17680,0.05130425096592181
17685,0.052208778384475484
17690,0.0531382092981721
17695,0.0540934555819223
17700,0.05507547051550746
17705,0.05608525101200814
17710,0.05712383998382326
17715,0.058192328855707603
17720,0.05929186023509172
17725,0.06042363075057445
17730,0.06158889407045896
17735,0.06278896411393432
17740,0.06402521846855735
17745,0.06529910202885254
17750,0.06661213087161445
17755,0.06796589638519702
17760,0.06936206967086052
17765,0.07080240623618898
17770,0.07228875100157224
17775,0.07382304364292216
17780,0.07540732429504339
17785,0.07704373964241806
17790,0.0787345494258306
17795,0.08048213339584732
17800,0.0822889987460183
17805,0.08415778806167316
17810,0.08609128782262915
17815,0.08809243750091737
17820,0.09016433929789708
17825,0.09231026856827929
17830,0.09453368498201643
17835,0.09683824447851126
17840,0.09922781207182363
17845,0.10170647556877797
17850,0.10427856026691128
17855,0.10694864470238286
17860,0.10972157752331263
17865,0.11260249556744525
17870,0.11559684322751998
17875,0.11871039319242288
17880,0.12194926865433982
17885,0.12531996707746407
17890,0.12882938562444723
17895,0.1324848483395562
17900,0.13629413518736133
17905,0.14026551304388007
17910,0.14440776873391784
17915,0.14873024420086933
17920,0.15324287388527413
17925,0.15795622437133877
17930,0.1628815363412495
17935,0.16803076884531895
17940,0.17341664585791874
17945,0.17905270503845827
17950,0.18495334854882206
17955,0.19113389569628572
17960,0.19761063706223053
17965,0.20440088964235842
17970,0.2115230523554378
17975,0.21899666106767438
17980,0.22684244201862633
17985,0.2350823622146956
17990,0.243739674963308
17995,0.252838958238563
18000,0.26240614298980786
18005,0.2724685277957021
18010,0.28305477542285457
18015,0.29419488583544334
18020,0.3059201390050801
18025,0.3182629994601559
18030,0.3312569728762847
18035,0.3449364031217354
18040,0.3593361960415185
18045,0.3744914538793333
18050,0.39043700167537165
18055,0.40720678426809054
18060,0.42483310984891615
18065,0.4433457135417897
18070,0.462770612540633
18075,0.48312872336605156
18080,0.5044342124007515
18085,0.5266925538476667
18090,0.5498982756099761
18095,0.5740323845703438
18100,0.5990594797220532
18105,0.6249245860686207
18110,0.6515497754913357
18115,0.6788306838179221
18120,0.7066330861144385
18125,0.7347897532982559
18130,0.7630978788085726
18135,0.7913174276609959
18140,0.8191708116629245
18145,0.8463443204189439
18150,0.8724917220813327
18155,0.8972403743661891
18160,0.9202000424324468
18165,0.9409744012253966
18170,0.9591749147301917
18175,0.9744364593489511
18180,0.9864337371234438
18185,0.9948972636803126
18190,0.9996275751697372
18195,1.000506325890799
18200,0.9975031647176837
18205,0.9906776677631418
18210,0.9801761128655202
18215,0.9662234264719327
18220,0.949111124320847
18225,0.9291824258359875
18230,0.9068159007219456
18235,0.8824089961057182
18240,0.8563626208929659
18245,0.8290676824682317
18250,0.800894140209393
18255,0.7721828161502398
18260,0.7432399266253774
18265,0.7143340927145804
18270,0.6856954576748726
18275,0.6575164795518121
18280,0.629953962640772
18285,0.6031319256748735
18290,0.577144961615534
18295,0.5520618106371201
18300,0.5279289347787017
18305,0.5047739437317416
18310,0.48260877309465744
18315,0.46143255810476796
18320,0.4412341775975474
18325,0.4219944659112806
18330,0.4036881060484092
18335,0.3862852271943014
18340,0.36975273506340367
18345,0.3540554057294512
18350,0.3391567735782635
18355,0.325019842581059
18360,0.3116076477943171
18365,0.2988836912775212
18370,0.2868122737532192
18375,0.27535874052813614
18380,0.26448965754567433
18385,0.2541729310275294
18390,0.24437788201089622
18395,0.23507528519936133
18400,0.22623737991790333
18405,0.21783785956572813
18410,0.2098518447845634
18415,0.20225584456769083
18420,0.19502770870966263
18425,0.18814657431300152
18430,0.18159280850377724
18435,0.1753479490459151
18440,0.16939464416727737
18445,0.16371659260526206
18450,0.15829848463119467
18455,0.15312594461659856
18460,0.1481854755438356
18465,0.1434644057394744
18470,0.13895083800874403
18475,0.1346336012722797
18480,0.13050220474644886
18485,0.12654679466236537
18490,0.12275811348458962
18495,0.11912746156492474
18500,0.11564666114829725
18505,0.1123080226356099
18510,0.10910431299961298
18515,0.10602872624623297
18520,0.10307485581097653
18525,0.10023666878111981
18530,0.09750848183496363
18535,0.09488493879346091
18540,0.09236098968232292
18545,0.08993187120726856
18550,0.08759308854958811
18555,0.08534039839390904
18560,0.0831697931049605
18565,0.08107748597495205
18570,0.0790598974677466
18575,0.07711364239097784
18580,0.07523551793135354
18585,0.07342249249303198
18590,0.07167169528252669
18595,0.06998040658796044
18600,0.0683460487038162
18605,0.06676617745580667
18610,0.06523847428366569
18615,0.06376073884287352
18620,0.062330882088755674
18625,0.060946919809366326
18630,0.05960696657583622
18635,0.05830923008105936
18640,0.05705200583988356
18645,0.055833672225812626
18650,0.05465268582099744
18655,0.0535075770580508
18660,0.0523969461338213
18665,0.0513194591764808
18670,0.05027384464898027
18675,0.04925888997267906
18680,0.04827343835674774
18685,0.04731638581920617
18690,0.04638667838715049
18695,0.04548330946427301
18700,0.044605317354603186
18705,0.0437517829323829
18710,0.04292182744844799
18715,0.0421146104643948
18720,0.041329327906261204
18725,0.040565210230099825
18730,0.03982152069233495
18735,0.03909755371826777
18740,0.03839263336255465
18745,0.03770611185597768
18750,0.037037368232994354
18755,0.03638580703532646
18760,0.03575085708662346
18765,0.0351319703341045
18770,0.034528620752997896
18775,0.033940303310012396
18780,0.03336653298230578
18785,0.03280684382864245
18790,0.03226078810963252
18795,0.03172793545422311
18800,0.031207872069610235
18805,0.030700199992197884
18810,0.030204536377089388
18815,0.029720512823998513
18820,0.02924777473745463
18825,0.028785980719317456
18830,0.02833480199186236
18835,0.027893921849640915
18840,0.027463035138553134
18845,0.027041847760603904
18850,0.026630076202920336
18855,0.026227447089737663
18860,0.025833696756041958
18865,0.025448570841736944
18870,0.025071823905238873
18875,0.024703219055397296
18880,0.02434252760084006
18885,0.02398952871576882
18890,0.0236440091213664
18895,0.023305762781972883
18900,0.022974590615279223
18905,0.022650300215826875
18910,0.022332705591089658
18915,0.02202162690951653
18920,0.021716890259954873
18925,0.021418327421791363
18930,0.021125775645399213
18935,0.020839077442245436
18940,0.020558080384272488
18945,0.020282636912051726
18950,0.02001260415127035
18955,0.01974784373719169
18960,0.019488221646633826
18965,0.019233608037159886
18970,0.018983877093104392
18975,0.018738906878108683
18980,0.018498579193866133
18985,0.018262779444780053
18990,0.018031396508240337
18995,0.0178043226102952
19000,0.017581453206406094
19005,0.017362686867113702
19010,0.017147925168337314
19015,0.016937072586134444
19020,0.016730036395685335
19025,0.01652672657433123
19030,0.016327055708478717
19035,0.016130938904184596
19040,0.01593829370128356
19045,0.01574903999086248
19050,0.015563099935979688
19055,0.015380397895434725
19060,0.0152008603505079
19065,0.015024415834498456
19070,0.014850994864958509
19075,0.014680529878509692
19080,0.014512955168115816
19085,0.014348206822731384
19090,0.014186222669194134
19095,0.014026942216297435
19100,0.013870306600926358
19105,0.013716258536185556
19110,0.013564742261431754
19115,0.01341570349413078
19120,0.013269089383462331
19125,0.01312484846560746
19130,0.012982930620646867
19135,0.0128432870309934
19140,0.012705870141321494
19145,0.012570633619895922
19150,0.01243753232130458
19155,0.01230652225045075
19160,0.012177560527849081
19165,0.012050605356102383
19170,0.011925615987555078
19175,0.011802552693048132
19180,0.011681376731762963
19185,0.011562050322084825
19190,0.011444536613457838
19195,0.01132879965918238
19200,0.011214804390177652
19205,0.011102516589546762
19210,0.010991902868055521
19215,0.010882930640394023
19220,0.0107755681022368
19225,0.01066978420805368
19230,0.01056554864964808
19235,0.010462831835395198
19240,0.010361604870164536
19245,0.010261839535872938
19250,0.010163508272686231
19255,0.010066584160804184
19260,0.009971040902844
19265,0.009876852806773884
19270,0.009783994769381407
19275,0.009692442260283124
19280,0.009602171306416494
19285,0.009513158477025031
19290,0.009425380869108371
19295,0.009338816093326763
19300,0.009253442260334714
19305,0.009169237967541433
19310,0.009086182286268963
19315,0.009004254749309363
19320,0.008923435338850549
19325,0.00884370447477652
19330,0.008765043003312828
19335,0.008687432186015214
19340,0.008610853689084829
19345,0.008535289573003783
19350,0.00846072228247656
19355,0.008387134636665473
19360,0.00831450981971799
19365,0.008242831371565252
19370,0.00817208317899287
19375,0.008102249466968766
19380,0.00803331479022412
19385,0.007965264025070832
19390,0.00789808236146255
19395,0.00783175529527074
19400,0.007766268620795024
19405,0.0077016084234718864
19410,0.007637761072796502
19415,0.007574713215443395
19420,0.007512451768576429
19425,0.007450963913348754
19430,0.007390237088582997
19435,0.00733025898462345
19440,0.007271017537361118
19445,0.007212500922422118
19450,0.007154697549514003
19455,0.007097596056926917
19460,0.007041185306184065
19465,0.006985454376838372
19470,0.006930392561407206
19475,0.00687598936044506
19480,0.00682223447774464
19485,0.006769117815671945
19490,0.006716629470620838
19495,0.006664759728586301
19500,0.006613499060861653
19505,0.006562838119838538
19510,0.006512767734929929
19515,0.006463278908585005
19520,0.006414362812419958
19525,0.00636601078344021
19530,0.006318214320367054
19535,0.006270965080053381
19540,0.006224254873992216
19545,0.006178075664920784
19550,0.006132419563499589
19555,0.0060872788250853705
19560,0.006042645846581886
19565,0.005998513163368753
19570,0.005954873446311472
19575,0.005911719498839159
19580,0.0058690442514614735
19585,0.005826840769592039
19590,0.005785102234898981
19595,0.005743821953326206
19600,0.00570299334984224
19605,0.005662609965935414
19610,0.005622665457158931
19615,0.005583153590743317
19620,0.005544068243264587
19625,0.005505403398366153
19630,0.005467153144539646
19635,0.005429311672956368
19640,0.0053918732753515455
19645,0.005354832341958883
19650,0.005318183359495109
19655,0.005281920909189335
19660,0.005246039664862638
19665,0.005210534391052111
19670,0.005175399941175444
19675,0.005140631255742659
19680,0.005106223360608011
19685,0.005072171365261205
19690,0.005038470461161569
19695,0.005005115920105357
19700,0.004972103092635855
19705,0.0049394274064878535
19710,0.0049070843650670815
19715,0.004875069545964487
19720,0.00484337859950479
19725,0.004812007247328623
19730,0.004780951281005275
19735,0.004750206560677118
19740,0.004719769013734086
19745,0.004689634633518778
19750,0.0046597994780631395
19755,0.004630259668841258
19760,0.004601011389566752
19765,0.004572050885006606
19770,0.004543374459820938
19775,0.004514978477431877
19780,0.004486859358915826
19785,0.00445901358191845
19790,0.004431437679595322
19795,0.004404128239575602
19800,0.0043770819029464655
19805,0.004350295363258047
19810,0.004323765365557653
19815,0.004297488705432871
19820,0.004271462228084366
19825,0.0042456828274161015
19830,0.004220147445141274
19835,0.004194853069912493
19840,0.004169796736466422
19845,0.004144975524788423
19850,0.004120386559294723
19855,0.004096027008029359
19860,0.004071894081881902
19865,0.004047985033816967
19870,0.004024297158124386
19875,0.004000827789680319
19880,0.0039775743032263436
19885,0.003954534112664454
19890,0.003931704670361846
19895,0.003909083466475883
19900,0.003886668028287826
19905,0.0038644559195528303
19910,0.003842444739863274
19915,0.003820632124022715
19920,0.003799015741434856
19925,0.003777593295503546
19930,0.0037563625230453822
19935,0.0037353211937130285
19940,0.00371446710943226
19945,0.003693798103846789
19950,0.0036733120417778054
19955,0.0036530068186913962
19960,0.0036328803601784077
19965,0.0036129306214419126
19970,0.0035931555867988185
19975,0.003573553269186912
19980,0.0035541217096857316
19985,0.003534858977040467
19990,0.0035157631672039545
19995,0.003496832402880042
20000,0.0034780648330780934
20005,0.00345945863267827
20010,0.0034410120020010684
20015,0.0034227231663896333
20020,0.003404590375795939
20025,0.003386611904377916
20030,0.003368786050101435
20035,0.003351111134352738
20040,0.0033335855015576496
20045,0.003316207518804268
20050,0.0032989755754760292
20055,0.0032818880828958917
20060,0.003264943473965462
20065,0.0032481402028243065
20070,0.0032314767445042174
20075,0.0032149515945972436
20080,0.0031985632689281525
20085,0.0031823103032297116
20090,0.0031661912528293274
20095,0.0031502046923364427
20100,0.003134349215339007
20105,0.0031186234341034295
20110,0.0031030259792819916
20115,0.003087555499623165
20120,0.003072210661689528
20125,0.003056990149579268
20130,0.0030418926646525127
20135,0.003026916925264638
20140,0.003012061666501633
20145,0.002997325639922425
20150,0.0029827076133039313
20155,0.002968206370392819
20160,0.002953820710659578
20165,0.002939549449057747
20170,0.002925391415788502
20175,0.0029113454560669863
20180,0.002897410429895224
20185,0.002883585211837888
20190,0.002869868690801176
20195,0.002856259769817437
20200,0.002842757365831543
20205,0.0028293604094934166
20210,0.0028160678449507875
20215,0.002802878629648755
20220,0.0027897917341313037
20225,0.0027768061418463703
20230,0.002763920848954223
20235,0.0027511348641386197
20240,0.002738447208423291
20245,0.0027258569149888907
20250,0.0027133630289938
20255,0.0027009646074000614
20260,0.0026886607187987842
20265,0.0026764504432417106
20270,0.0026643328720729197
20275,0.0026523071077665123
20280,0.002640372263762407
20285,0.0026285274643100594
20290,0.0026167718443118773
20295,0.002605104549168477
20300,0.0025935247346292904
20305,0.0025820315666428106
20310,0.0025706242212120826
20315,0.0025593018842494848
20320,0.0025480637514368803
20325,0.0025369090280857156
20330,0.0025258369290011274
20335,0.002514846678347706
20340,0.0025039375095160976
20345,0.0024931086649944085
20350,0.0024823593962394765
20355,0.0024716889635507397
20360,0.0024610966359474313
20365,0.002450581691046
20370,0.002440143414940238
20375,0.002429781102084045
20380,0.002419494055174107
20385,0.0024092815850373225
20390,0.0023991430105168594
20395,0.0023890776583626126
20400,0.0023790848631223805
20405,0.0023691639670339174
20410,0.0023593143199202565
20415,0.0023495352790858285
20420,0.0023398262092143404
20425,0.0023301864822680976
20430,0.0023206154773893163
20435,0.002311112580802541
20440,0.0023016771857189595
20445,0.0022923086922418522
20450,0.0022830065072738572
20455,0.0022737700444255505
20460,0.0022645987239251005
20465,0.002255491972529941
20470,0.0022464492234392625
20475,0.0022374699162080194
20480,0.0022285534966628804
20485,0.0022196994168180452
20490,0.002210907135559851
20495,0.0022021761154978293
20500,0.002193505827492556
20505,0.0021848957475022624
20510,0.0021763453572749038
20515,0.002167854144272386
20520,0.002159421601595836
20525,0.0021510472279116996
20530,0.0021427305273792074
20535,0.0021344710095787477
20540,0.0021262681894415447
20545,0.002118121587180105
20550,0.0021100307282198457
20555,0.002101995143131997
20560,0.002094014367566865
20565,0.002086087942188507
20570,0.0020782154126108596
20575,0.0020703963293335435
20580,0.0020626302476798755
20585,0.0020549167277349087
20590,0.002047255334285095
20595,0.002039645636758119
20600,0.0020320872091641744
20605,0.002024579630037999
20610,0.00201712248238139
20615,0.0020097153536068613
20620,0.0020023578354823276
20625,0.001995049524076001
20630,0.0019877900197025292
20635,0.0019805789268699282
20640,0.001973415854227142
20645,0.0019663004145119446
20650,0.001959232224500631
20655,0.0019522109049574165
20660,0.0019452360805849748
20665,0.001938307379975748
20670,0.001931424435563864
20675,0.0019245868835776694
20680,0.0019177943639928656
20685,0.0019110465204868366
20690,0.001904343000392794
20695,0.0018976834546554208
20700,0.0018910675377860665
20705,0.001884494907819976
20710,0.001877965226273042
20715,0.0018714781580992824
20720,0.001865033371649295
20725,0.0018586305386294392
20730,0.001852269334060655
20735,0.0018459494362388477
20740,0.0018396705266954677
20745,0.0018334322901582569
20750,0.0018272344145134755
20755,0.0018210765907672964
20760,0.00181495851300916
20765,0.001808879878374747
20770,0.0018028403870095299
20775,0.001796839742033155
20780,0.0017908776495041614
20785,0.001784953818384961
20790,0.001779067960507651
20795,0.001773219790540154
20800,0.0017674090259528542
20805,0.0017616353869848395
20810,0.0017558985966130767
20815,0.0017501983805185521
20820,0.0017445344670558825
20825,0.0017389065872210649
20830,0.0017333144746216817
20835,0.0017277578654457996
20840,0.0017222364984322285
20845,0.0017167501148411116
20850,0.0017112984584243195
20855,0.0017058812753972074
20860,0.001700498314409815
20865,0.0016951493265188642
20870,0.0016898340651601827
20875,0.0016845522861215893
20880,0.001679303747515588
20885,0.0016740882097530227
20890,0.001668905435516917
20895,0.0016637551897363636
20900,0.001658637239561356
20905,0.001653551354337513
20910,0.0016484973055802443
20915,0.0016434748669517361
20920,0.00163848381423591
20925,0.0016335239253144533
20930,0.0016285949801435782
20935,0.0016236967607303847
20940,0.0016188290511100051
20945,0.0016139916373231818
20950,0.0016091843073933704
20955,0.0016044068513051543
20960,0.001599659060981894
20965,0.0015949407302647122
20970,0.00159025165489082
20975,0.0015855916324729105
20980,0.0015809604624780775
20985,0.00157635794620767
20990,0.0015717838867765504
20995,0.0015672380890944023
21000,0.0015627203598443274
21005,0.0015582305074648107
21010,0.001553768342130146
21015,0.0015493336757309854
21020,0.0015449263218561802
21025,0.0015405460957751674
21030,0.0015361928144167663
21035,0.0015318662963554575
21040,0.001527566361789821
21045,0.0015232928325271682
21050,0.001519045531965592
21055,0.0015148242850766015
21060,0.001510628918389399
21065,0.0015064592599710923
21070,0.0015023151394156263
21075,0.0014981963878219029
21080,0.0014941028377810377
21085,0.0014900343233594886
21090,0.0014859906800837605
21095,0.001481971744924429
21100,0.0014779773562814025
21105,0.001474007353968208
21110,0.0014700615791980506
21115,0.0014661398745679846
21120,0.001462242084045293
21125,0.0014583680529524571
21130,0.0014545176279536101
21135,0.0014506906570401136
21140,0.001446886989516445
21145,0.0014431064759877646
21150,0.0014393489683447347
21155,0.0014356143197515841
21160,0.0014319023846323306
21165,0.0014282130186575352
21170,0.001424546078732272
21175,0.0014209014229826314
21180,0.0014172789107436176
21185,0.0014136784025466395
21190,0.0014100997601073759
21195,0.0014065428463134843
21200,0.0014030075252130353
21205,0.0013994936620023632
21210,0.0013960011230144712
21215,0.0013925297757078168
21220,0.0013890794886545934
21225,0.0013856501315297263
21230,0.001382241575099675
21235,0.0013788536912114364
21240,0.0013754863527818283
21245,0.0013721394337867577
21250,0.0013688128092506104
21255,0.001365506355235769
21260,0.0013622199488324276
21265,0.0013589534681483185
21270,0.001355706792298567
21275,0.001352479801395801
21280,0.0013492723765404686
21285,0.0013460843998107017
21290,0.0013429157542532168
21295,0.0013397663238735196
21300,0.0013366359936266494
21305,0.0013335246494075624
21310,0.0013304321780429095
21315,0.001327358467280534
21320,0.0013243034057820375
21325,0.0013212668831129692
21330,0.0013182487897343412
21335,0.001315249016994282
21340,0.001312267457118982
21345,0.001309304003204704
21350,0.0013063585492093805
21355,0.001303430989944277
21360,0.0013005212210656957
21365,0.001297629139067456
21370,0.0012947546412725094
21375,0.0012918976258253104
21380,0.0012890579916836804
21385,0.0012862356386118105
21390,0.0012834304671718788
21395,0.0012806423787174717
21400,0.001277871275385331
21405,0.0012751170600886483
21410,0.001272379636509243
21415,0.0012696589090912167
21420,0.0012669547830332641
21425,0.0012642671642816557
21430,0.0012615959595236215
21435,0.001258941076180826
21440,0.001256302422401821
21445,0.0012536799070559878
21450,0.001251073439726978
21455,0.0012484829307055163
21460,0.0012459082909840392
21465,0.001243349432249334
21470,0.0012408062668770353
21475,0.0012382787079247683
21480,0.0012357666691263616
21485,0.0012332700648858017
21490,0.0012307888102710825
21495,0.0012283228210083373
21500,0.0012258720134760478
21505,0.0012234363046990347
21510,0.0012210156123431118
21515,0.0012186098547087468
21520,0.0012162189507263735
21525,0.0012138428199501585
21530,0.0012114813825528147
21535,0.0012091345593199874
21540,0.0012068022716453229
21545,0.0012044844415245446
21550,0.0012021809915511246
21555,0.0011998918449102494
21560,0.001197616925373957
21565,0.0011953561572965684
21570,0.0011931094656092336
21575,0.001190876775814872
21580,0.0011886580139838536
21585,0.001186453106748599
21590,0.001184261981299196
21595,0.0011820845653786971
21600,0.001179920787278033
21605,0.0011777705758322233
21610,0.0011756338604147407
21615,0.0011735105709341027
21620,0.0011714006378285469
21625,0.0011693039920624782
21630,0.0011672205651212472
21635,0.0011651502890073758
21640,0.0011630930962363136
21645,0.0011610489198322221
21650,0.0011590176933235295
21655,0.0011569993507392813
21660,0.0011549938266046645
21665,0.001153001055937311
21670,0.0011510209742432035
21675,0.0011490535175129775
21680,0.001147098622217563
21685,0.0011451562253043323
21690,0.0011432262641950291
21695,0.0011413086767789239
21700,0.0011394034014116808
21705,0.0011375103769109766
21710,0.001135629542552523
21715,0.0011337608380669606
21720,0.0011319042036359425
21725,0.001130059579888819
21730,0.001128226907899339
21735,0.0011264061291817536
21740,0.0011245971856884958
21745,0.001122800019805439
21750,0.0011210145743487535
21755,0.001119240792564304
21760,0.001117478618122449
21765,0.0011157279951108498
21770,0.001113988868038783
21775,0.0011122611818297893
21780,0.0011105448818188352
21785,0.0011088399137500903
21790,0.0011071462237738638
21795,0.0011054637584426835
21800,0.0011037924647094117
21805,0.0011021322899247047
21810,0.0011004831818324733
21815,0.001098845088568006
21820,0.0010972179586562646
21825,0.0010956017410066986
21830,0.0010939963849128903
21835,0.0010924018400483378
21840,0.001090818056465469
21845,0.0010892449845898069
21850,0.0010876825752213664
21855,0.0010861307795281912
21860,0.001084589549048269
21865,0.0010830588356820626
21870,0.0010815385916937567
21875,0.0010800287696193158
21880,0.0010785293226165413
21885,0.0010770402039336911
21890,0.001075561367259833
21895,0.0010740927666356918
21900,0.0010726343564489364
21905,0.001071186091433733
21910,0.0010697479266676808
21915,0.0010683198175696679
21920,0.0010669017198980933
21925,0.0010654935897483125
21930,0.0010640953835502468
21935,0.001062707058067043
21940,0.0010613285703923447
21945,0.0010599598779480485
21950,0.0010586009384837716
21955,0.0010572517100720538
21960,0.0010559121511091807
21965,0.0010545822203117288
21970,0.001053261876714797
21975,0.0010519510796702571
21980,0.001050649788844962
21985,0.001049357964218828
21990,0.0010480755660823224
21995,0.0010468025550357414
22000,0.0010455388919868283
22005,0.0010442845381488017
22010,0.0010430394550390765
22015,0.0010418036044768434
22020,0.0010405769485826106
22025,0.0010393594497748362
22030,0.0010381510707695343
22035,0.0010369517745787932
22040,0.0010357615245073306
22045,0.0010345802841531763
22050,0.0010334080174045834
22055,0.0010322446884389344
22060,0.001031090261721642
22065,0.001029944702003376
22070,0.0010288079743199798
22075,0.0010276800439906848
22080,0.001026560876615584
22085,0.0010254504380750409
22090,0.001024348694528567
22095,0.0010232556124130769
22100,0.0010221711584411483
22105,0.0010210952995997826
22110,0.0010200280031495402
22115,0.001018969236623209
22120,0.0010179189678236904
22125,0.001016877164823044
22130,0.0010158437959621252
22135,0.001014818829847663
22140,0.0010138022353525986
22145,0.001012793981614638
22150,0.001011794038033731
22155,0.0010108023742715388
22160,0.0010098189602483743
22165,0.0010088437661555242
22170,0.0010078767624199876
22175,0.0010069179197603575
22180,0.0010059672091130797
22185,0.0010050246016950275
22190,0.001004090068969575
22195,0.0010031635826540223
22200,0.0010022451147171517
22205,0.0010013346373797484
22210,0.001000432123110795
22215,9.995375446314192E-4
22220,9.986508749056328E-4
22225,9.977720871512702E-4
22230,9.969011548248698E-4
22235,9.960380516356594E-4
22240,9.951827515315217E-4
22245,9.943352287055808E-4
22250,9.93495457593983E-4
22255,9.926634128741465E-4
22260,9.918390694641558E-4
22265,9.910224025220873E-4
22270,9.902133874450474E-4
22275,9.894119998688452E-4
22280,9.88618215666045E-4
22285,9.878320109465654E-4
22290,9.87053362056243E-4
22295,9.862822455755779E-4
22300,9.855186383200757E-4
22305,9.847625173385875E-4
22310,9.840138599132781E-4
22315,9.832726435582083E-4
22320,9.825388460196734E-4
22325,9.818124452741013E-4
22330,9.810934195285765E-4
22335,9.803817472199558E-4
22340,9.796774070137684E-4
22345,9.789803778041451E-4
22350,9.7829063871265E-4
22355,9.77608169087966E-4
22360,9.769329485061864E-4
22365,9.762649567677641E-4
22370,9.756041739000465E-4
22375,9.749505801542691E-4
22380,9.743041560065677E-4
22385,9.73664882156592E-4
22390,9.730327395270125E-4
22395,9.724077092639759E-4
22400,9.717897727351827E-4
22405,9.711789115301475E-4
22410,9.705751074602757E-4
22415,9.699783425571743E-4
22420,9.693885990730922E-4
22425,9.688058594810495E-4
22430,9.682301064722895E-4
22435,9.676613229572471E-4
22440,9.670994920667407E-4
22445,9.665445971479218E-4
22450,9.659966217671818E-4
22455,9.654555497078714E-4
22460,9.649213649717427E-4
22465,9.643940517743654E-4
22470,9.638735945514764E-4
22475,9.633599779545962E-4
22480,9.628531868477072E-4
22485,9.623532063143621E-4
22490,9.618600216520395E-4
22495,9.613736183716586E-4
22500,9.608939822009083E-4
22505,9.604210990820296E-4
22510,9.599549551690666E-4
22515,9.594955368337312E-4
22520,9.590428306588944E-4
22525,9.58596823440729E-4
22530,9.58157502190317E-4
22535,9.577248541308833E-4
22540,9.57298866698563E-4
22545,9.56879527542886E-4
22550,9.564668245251137E-4
22555,9.560607457194903E-4
22560,9.556612794121435E-4
22565,9.552684141014839E-4
22570,9.54882138497836E-4
22575,9.545024415233423E-4
22580,9.541293123117267E-4
22585,9.537627402086218E-4
22590,9.534027147708659E-4
22595,9.530492257669714E-4
22600,9.527022631764598E-4
22605,9.523618171905309E-4
22610,9.520278782112139E-4
22615,9.517004368522122E-4
22620,9.513794839380493E-4
22625,9.510650105029859E-4
22630,9.507570077951775E-4
22635,9.504554672716205E-4
22640,9.501603806015099E-4
22645,9.498717396640182E-4
22650,9.495895365504097E-4
22655,9.493137635622957E-4
22660,9.490444132127505E-4
22665,9.48781478226019E-4
22670,9.485249515371994E-4
22675,9.482748262930721E-4
22680,9.480310958514783E-4
22685,9.477937537818415E-4
22690,9.475627938648428E-4
22695,9.47338210092916E-4
22700,9.471199966699699E-4
22705,9.469081480119222E-4
22710,9.467026587465111E-4
22715,9.465035237134161E-4
22720,9.463107379645792E-4
22725,9.46124296764349E-4
22730,9.459441955892349E-4
22735,9.457704301286417E-4
22740,9.456029962847706E-4
22745,9.454418901727316E-4
22750,9.452871081207471E-4
22755,9.451386466705651E-4
22760,9.449965025773364E-4
22765,9.448606728101618E-4
22770,9.447311545520971E-4
22775,9.446079452003804E-4
22780,9.444910423668471E-4
22785,9.443804438780998E-4
22790,9.442761477755358E-4
22795,9.44178152315988E-4
22800,9.440864559721035E-4
22805,9.440010574316181E-4
22810,9.439219555992762E-4
22815,9.438491495954065E-4
22820,9.437826387578439E-4
22825,9.437224226410461E-4
22830,9.436685010167506E-4
22835,9.436208738751002E-4
22840,9.435795414232689E-4
22845,9.435445040884114E-4
22850,9.435157625137307E-4
22855,9.434933175649635E-4
22860,9.434771703255129E-4
22865,9.434673220986418E-4
22870,9.434637744087469E-4
22875,9.434665290004949E-4
22880,9.434755878399396E-4
22885,9.434909531144337E-4
22890,9.435126272337649E-4
22895,9.435406128299701E-4
22900,9.435749127582363E-4
22905,9.436155300969744E-4
22910,9.436624681484749E-4
22915,9.437157304395696E-4
22920,9.437753207218457E-4
22925,9.438412429722166E-4
22930,9.439135013938357E-4
22935,9.439921004156717E-4
22940,9.440770446940334E-4
22945,9.441683391126187E-4
22950,9.442659887831176E-4
22955,9.443699990458725E-4
22960,9.444803754703364E-4
22965,9.445971238556579E-4
22970,9.44720250231495E-4
22975,9.448497608582317E-4
22980,9.449856622279087E-4
22985,9.451279610646335E-4
22990,9.452766643253907E-4
22995,9.45431779185263E-4
23000,9.455933130996047E-4
23005,9.457612737118176E-4
23010,9.459356689169678E-4
23015,9.461165068455523E-4
23020,9.463037958650992E-4
23025,9.464975445806095E-4
23030,9.4669776183525E-4
23035,9.469044567112775E-4
23040,9.471176385304085E-4
23045,9.473373168548808E-4
23050,9.475635014881933E-4
23055,9.477962024754818E-4
23060,9.480354301049867E-4
23065,9.482811949082084E-4
23070,9.485335076610254E-4
23075,9.487923793844087E-4
23080,9.490578213454264E-4
23085,9.493298450577847E-4
23090,9.496084622829135E-4
23095,9.498936850306707E-4
23100,9.501855255604291E-4
23105,9.504839963816806E-4
23110,9.507891102551707E-4
23115,9.511008801936317E-4
23120,9.514193194629255E-4
23125,9.517444415827788E-4
23130,9.520762603276129E-4
23135,9.524147897279889E-4
23140,9.527600440712596E-4
23145,9.531120379023016E-4
23150,9.534707860249195E-4
23155,9.53836303502957E-4
23160,9.542086056606893E-4
23165,9.545877080846763E-4
23170,9.549736266241537E-4
23175,9.553663773923663E-4
23180,9.557659767678375E-4
23185,9.561724413950632E-4
23190,9.565857881859546E-4
23195,9.570060343207222E-4
23200,9.574331972493073E-4
23205,9.578672946922036E-4
23210,9.583083446417384E-4
23215,9.587563653635691E-4
23220,9.592113753974135E-4
23225,9.59673393558396E-4
23230,9.601424389385496E-4
23235,9.606185309076931E-4
23240,9.61101689114923E-4
23245,9.615919334899508E-4
23250,9.620892842439988E-4
23255,9.625937618716149E-4
23260,9.63105387151704E-4
23265,9.636241811489184E-4
23270,9.641501652150357E-4
23275,9.646833609903837E-4
23280,9.652237904051126E-4
23285,9.657714756808192E-4
23290,9.663264393316687E-4
23295,9.668887041661842E-4
23300,9.674582932884093E-4
23305,9.680352300996569E-4
23310,9.686195382998088E-4
23315,9.692112418889022E-4
23320,9.698103651688439E-4
23325,9.704169327444602E-4
23330,9.710309695258219E-4
23335,9.716525007292288E-4
23340,9.722815518791093E-4
23345,9.72918148809594E-4
23350,9.73562317666248E-4
23355,9.742140849074567E-4
23360,9.748734773066501E-4
23365,9.755405219535765E-4
23370,9.762152462560958E-4
23375,9.768976779424168E-4
23380,9.77587845061999E-4
23385,9.782857759883217E-4
23390,9.789914994200732E-4
23395,9.797050443831402E-4
23400,9.804264402327025E-4
23405,9.8115571665493E-4
23410,9.818929036688538E-4
23415,9.826380316285788E-4
23420,9.833911312250013E-4
23425,9.841522334878123E-4
23430,9.84921369787824E-4
23435,9.856985718385432E-4
23440,9.864838716985773E-4
23445,9.872773017738205E-4
23450,9.88078894818986E-4
23455,9.888886839406338E-4
23460,9.897067025985214E-4
23465,9.905329846083702E-4
23470,9.913675641437655E-4
23475,9.922104757385819E-4
23480,9.930617542891545E-4
23485,9.939214350567333E-4
23490,9.947895536697247E-4
23495,9.956661461259801E-4
23500,9.965512487954157E-4
23505,9.97444898422263E-4
23510,9.983471321275445E-4
23515,9.992579874116407E-4
23520,0.0010001775021567217
23525,0.0010011057146293802
23530,0.0010020426634832456
23535,0.0010029883877613092
23540,0.0010039429268989797
23545,0.0010049063207265212
23550,0.0010058786094716843
23555,0.0010068598337627938
23560,0.001007850034631173
23565,0.0010088492535140516
23570,0.0010098575322576053
23575,0.001010874913119562
23580,0.0010119014387722808
23585,0.0010129371523057355
23590,0.0010139820972303395
23595,0.0010150363174802046
23600,0.0010160998574159877
23605,0.0010171727618281993
23610,0.0010182550759401461
23615,0.0010193468454111094
23620,0.0010204481163399203
23625,0.0010215589352677592
23630,0.0010226793491817736
23635,0.0010238094055182363
23640,0.0010249491521661523
23645,0.0010260986374702563
23650,0.0010272579102351635
23655,0.0010284270197279718
23660,0.0010296060156827964
23665,0.0010307949483038422
23670,0.0010319938682688554
23675,0.0010332028267332582
23680,0.0010344218753336944
23685,0.0010356510661917403
23690,0.0010368904519180383
23695,0.001038140085615606
23700,0.0010394000208844769
23705,0.0010406703118250812
23710,0.001041951013042598
23715,0.0010432421796509749
23720,0.0010445438672769642
23725,0.0010458561320644837
23730,0.001047179030678405
23735,0.0010485126203097184
23740,0.0010498569586789104
23745,0.0010512121040408898
23750,0.0010525781151894237
23755,0.0010539550514615545
23760,0.0010553429727417855
23765,0.0010567419394677461
23770,0.0010581520126336829
23775,0.0010595732537958037
23780,0.0010610057250771748
23785,0.0010624494891722876
23790,0.0010639046093521651
23795,0.0010653711494690657
23800,0.001066849173962241
23805,0.0010683387478618986
23810,0.0010698399367956692
23815,0.0010713528069925995
23820,0.0010728774252898117
23825,0.0010744138591364059
23830,0.0010759621766004374
23835,0.0010775224463725544
23840,0.0010790947377741183
23845,0.0010806791207598721
23850,0.0010822756659266163
23855,0.0010838844445168322
23860,0.0010855055284255083
23865,0.0010871389902060125
23870,0.0010887849030759326
23875,0.00109044334092382
23880,0.0010921143783139094
23885,0.0010937980904939272
23890,0.0010954945534014026
23895,0.001097203843668134
23900,0.001098926038629652
23905,0.0011006612163291711
23910,0.0011024094555261072
23915,0.0011041708357015804
23920,0.0011059454370661922
23925,0.0011077333405665364
23930,0.0011095346278922433
23935,0.0011113493814833278
23940,0.0011131776845370736
23945,0.0011150196210156249
23950,0.001116875275653176
23955,0.0011187447339640662
23960,0.0011206280822493335
23965,0.0011225254076055262
23970,0.0011244367979317187
23975,0.0011263623419379548
23980,0.0011283021291529358
23985,0.001130256249932071
23990,0.0011322247954661656
23995,0.0011342078577894752
24000,0.0011362055297877325
24005,0.0011382179052076174
24010,0.0011402450786647026
24015,0.001142287145652566
24020,0.001144344202551556
24025,0.0011464163466378917
24030,0.0011485036760927843
24035,0.001150606290011703
24040,0.0011527242884138188
24045,0.0011548577722513003
24050,0.0011570068434194624
24055,0.001159171604765881
24060,0.0011613521601006958
24065,0.001163548614206746
24070,0.0011657610728494172
24075,0.0011679896427869653
24080,0.0011702344317813952
24085,0.0011724955486085954
24090,0.0011747731030691952
24095,0.0011770672059995863
24100,0.0011793779692826302
24105,0.0011817055058595063
24110,0.0011840499297398476
24115,0.001186411356014723
24120,0.0011887899008669062
24125,0.0011911856815836042
24130,0.0011935988165680126
24135,0.0011960294253513528
24140,0.0011984776286054944
24145,0.001200943548155211
24150,0.0012034273069907117
24155,0.001205929029280719
24160,0.001208448840385268
24165,0.0012109868668685436
24170,0.001213543236513087
24175,0.0012161180783328937
24180,0.0012187115225861481
24185,0.00122132370079095
24190,0.0012239547457380997
24195,0.0012266047915058006
24200,0.0012292739734740697
24205,0.0012319624283398797
24210,0.001234670294130784
24215,0.0012373977102221774
24220,0.0012401448173504478
24225,0.0012429117576296977
24230,0.0012456986745673642
24235,0.0012485057130799176
24240,0.0012513330195094725
24245,0.0012541807416398512
24250,0.001257049028713253
24255,0.001259938031447555
24260,0.0012628479020533837
24265,0.0012657787942509124
24270,0.0012687308632882471
24275,0.0012717042659590213
24280,0.0012746991606204933
24285,0.0012777157072120754
24290,0.0012807540672737005
24295,0.0012838144039655388
24300,0.0012868968820865083
24305,0.0012900016680938418
24310,0.0012931289301228784
24315,0.0012962788380078542
24320,0.0012994515632665828
24325,0.0013026472792598504
24330,0.001305866161005301
24335,0.001309108385337641
24340,0.0013123741308933704
24345,0.0013156635781347613
24350,0.0013189769093711196
24355,0.0013223143087815854
24360,0.001325675962438231
24365,0.001329062058328354
24370,0.0013324727863799491
24375,0.0013359083384832748
24380,0.0013393689085167404
24385,0.0013428546923712997
24390,0.0013463658879748863
24395,0.0013499026953178986
24400,0.0013534653164797422
24405,0.001357053955653874
24410,0.001360668819174915
24415,0.0013643101155459841
24420,0.0013679780554652027
24425,0.001371672851852971
24430,0.0013753947198827763
24435,0.001379143877005982
24440,0.0013829205429854352
24445,0.0013867249399196321
24450,0.0013905572922761511
24455,0.0013944178269231782
24460,0.001398306773156638
24465,0.0014022243627325774
24470,0.0014061708299024655
24475,0.0014101464114395605
24480,0.001414151346677596
24485,0.0014181858775401631
24490,0.001422250248575916
24495,0.0014263447069928158
24500,0.0014304695026930844
24505,0.0014346248883083871
24510,0.0014388111192360498
24515,0.001443028453675554
24520,0.0014472771526660348
24525,0.0014515574801227259
24530,0.0014558697028768963
24535,0.0014602140907134748
24540,0.001464590916411637
24545,0.0014690004557840822
24550,0.001473442987718453
24555,0.001477918794218068
24560,0.0014824281604450184
24565,0.0014869713747620104
24570,0.0014915487287764173
24575,0.0014961605173843158
24580,0.0015008070388150873
24585,0.0015054885946776367
24590,0.0015102054900060083
24595,0.00151495803330738
24600,0.00151974653660841
24605,0.001524571315506266
24610,0.0015294326892153897
24615,0.0015343309806194181
24620,0.0015392665163228244
24625,0.0015442396267004194
24630,0.0015492506459525157
24635,0.0015542999121579543
24640,0.001559387767326791
24645,0.0015645145574594772
24650,0.0015696806325984276
24655,0.0015748863468911794
24660,0.0015801320586417088
24665,0.0015854181303776142
24670,0.0015907449289021898
24675,0.0015961128253611228
24680,0.0016015221953037298
24685,0.0016069734187451796
24690,0.001612466880231969
24695,0.0016180029689063004
24700,0.0016235820785737425
24705,0.0016292046077711457
24710,0.0016348709598335992
24715,0.0016405815429673212
24720,0.0016463367703191756
24725,0.0016521370600490668
24730,0.001657982835404587
24735,0.0016638745247962107
24740,0.001669812561872518
24745,0.001675797385598556
24750,0.0016818294403354729
24755,0.0016879091759195728
24760,0.0016940370477455638
24765,0.00170021351684889
24770,0.00170643904999073
24775,0.0017127141197442366
24780,0.0017190392045821198
24785,0.0017254147889669933
24790,0.0017318413634405136
24795,0.001738319424717408
24800,0.0017448494757791194
24805,0.0017514320259692
24810,0.0017580675910914868
24815,0.0017647566935097773
24820,0.001771499862247644
24825,0.001778297633093708
24830,0.0017851505487036527
24835,0.0017920591587084857
24840,0.0017990240198237889
24845,0.0018060456959598087
24850,0.0018131247583325892
24855,0.0018202617855830885
24860,0.0018274573638879243
24865,0.0018347120870841206
24870,0.0018420265567872516
24875,0.0018494013825149367
24880,0.0018568371818138757
24885,0.0018643345803896038
24890,0.0018718942122315082
24895,0.001879516719751762
24900,0.0018872027539171812
24905,0.0018949529743893705
24910,0.0019027680496641463
24915,0.0019106486572152469
24920,0.0019185954836409072
24925,0.0019266092248117518
24930,0.0019346905860229576
24935,0.0019428402821497048
24940,0.0019510590378031538
24945,0.001959347587492858
24950,0.0019677066757883763
24955,0.0019761370574884144
24960,0.0019846394977887445
24965,0.001993214772460128
24970,0.0020018636680172435
24975,0.0020105869819065183
24980,0.002019385522685532
24985,0.002028260110214101
24990,0.002037211575842855
24995,0.00204624076260784
25000,0.0020553485254313536
25005,0.002064535731322522
25010,0.002073803259587258
25015,0.002083152002036376
25020,0.002092582863202479
25025,0.0021020967605578766
25030,0.002111694624740869
25035,0.0021213773997831517
25040,0.0021311460433424095
25045,0.002141001526941682
25050,0.0021509448362107934
25055,0.0021609769711352996
25060,0.002171098946309333
25065,0.0021813117911926596
25070,0.002191616550375223
25075,0.002202014283845961
25080,0.002212506067266655
25085,0.0022230929922531575
25090,0.002233776166660468
25095,0.002244556714876017
25100,0.0022554357781172743
25105,0.0022664145147358603
25110,0.002277494100529985
25115,0.002288675729060845
25120,0.0022999606119774364
25125,0.002311349979348228
25130,0.002322845079999459
25135,0.0023344471818602876
25140,0.0023461575723168395
25145,0.0023579775585727885
25150,0.0023699084680177556
25155,0.0023819516486042144
25160,0.0023941084692326586
25165,0.002406380320144423
25170,0.0024187686133240087
25175,0.002431274782910246
25180,0.002443900285615678
25185,0.002456646601156011
25190,0.0024695152326898702
25195,0.002482507707265211
25200,0.0024956255762807766
25205,0.0025088704159526823
25210,0.002522243827795394
25215,0.0025357474391120034
25220,0.00254938290349518
25225,0.0025631519013402824
25230,0.002577056140370429
25235,0.0025910973561723725
25240,0.0026052773127467803
25245,0.002619597803069237
25250,0.0026340606496636034
25255,0.002648667705192342
25260,0.0026634208530579174
25265,0.002678322008013575
25270,0.0026933731168039318
25275,0.00270857615880189
25280,0.0027239331466632666
25285,0.0027394461270222833
25290,0.0027551171811632832
25295,0.0027709484257394676
25300,0.00278694201349866
25305,0.00280310013401715
25310,0.0028194250144726596
25315,0.002835918920423945
25320,0.0028525841565818885
25325,0.002869423067668059
25330,0.0028864380392181594
25335,0.0029036314984618823
25340,0.0029210059151897005
25345,0.0029385638026571508
25350,0.002956307718506453
25355,0.0029742402657180096
25360,0.0029923640935717636
25365,0.003010681898646774
25370,0.0030291964258403795
25375,0.003047910469405464
25380,0.0030668268740301936
25385,0.003085948535932358
25390,0.003105278403984005
25395,0.003124819480870257
25400,0.003144574824267968
25405,0.0031645475480680803
25410,0.0031847408236168597
25415,0.0032051578809974236
25420,0.003225802010333014
25425,0.00324667656315968
25430,0.0032677849537699577
25435,0.003289130660662046
25440,0.00331071722798335
25445,0.003332548267023556
25450,0.003354627457754158
25455,0.003376958550400006
25460,0.003399545367058851
25465,0.0034223918033621675
25470,0.003445501830179959
25475,0.003468879495375432
25480,0.003492528925604864
25485,0.00351645432816599
25490,0.0035406599928999565
25495,0.0035651502941431855
25500,0.0035899296927345667
25505,0.003615002738079134
25510,0.003640374070268208
25515,0.003666048422257851
25520,0.003692030622112437
25525,0.0037183255953075456
25530,0.003744938367099949
25535,0.0037718740649667994
25540,0.0037991379211156705
25545,0.0038267352750483976
25550,0.003854671576217338
25555,0.0038829523868130103
25560,0.00391158338446972
25565,0.003940570365236195
25570,0.003969919246533846
25575,0.003999636070207809
25580,0.00402972700569233
25585,0.0040601983532519426
25590,0.0040910565473516155
25595,0.004122308160057043
25600,0.004153959904624064
25605,0.004186018639139092
25610,0.0042184913702897784
25615,0.004251385257241336
25620,0.004284707615640308
25625,0.004318465921747884
25630,0.004352667816675977
25635,0.004387321110776856
25640,0.0044224337881654295
25645,0.004458014011379623
25650,0.004494070126175331
25655,0.004530610666506695
25660,0.004567644359622987
25665,0.004605180131356748
25670,0.0046432271115763365
25675,0.004681794639793573
25680,0.0047208922709831656
25685,0.004760529781568779
25690,0.004800717175611768
25695,0.004841464691202811
25700,0.004882782807061248
25705,0.0049246822493567806
25710,0.004967173998747131
25715,0.005010269297691376
25720,0.0050539796578541575
25725,0.005098316868113871
25730,0.005143293002373257
25735,0.005188920427982863
25740,0.005235211814326086
25745,0.005282180141709301
25750,0.0053298387105548675
25755,0.005378201150932293
25760,0.005427281432391494
25765,0.005477093874188363
25770,0.005527653155787873
25775,0.005578974327856017
25780,0.005631072823520481
25785,0.005683964470112997
25790,0.005737665501321072
25795,0.005792192569759728
25800,0.00584756275995487
25805,0.0059037936019411385
25810,0.005960903085247274
25815,0.0060189096733294445
25820,0.0060778323187312125
25825,0.006137690478673479
25830,0.006198504131229235
25835,0.006260293792169457
25840,0.0063230805324018275
25845,0.006386885996081492
25850,0.0064517324193887745
25855,0.006517642650110143
25860,0.006584640167906741
25865,0.006652749105330425
25870,0.006721994269782694
25875,0.006792401166235535
25880,0.0068639960208886335
25885,0.00693680580576551
25890,0.0070108582642846055
25895,0.007086181937859424
25900,0.007162806193579325
25905,0.007240761253008967
25910,0.00732007822216301
25915,0.007400789122726294
25920,0.007482926924544493
25925,0.007566525579485757
25930,0.007651620056704398
25935,0.007738246379397449
25940,0.007826441663113094
25945,0.007916244155691157
25950,0.008007693278916652
25955,0.0081008296719644
25960,0.008195695236733396
25965,0.008292333185154642
25970,0.008390788088576517
25975,0.008491105929334473
25980,0.008593334154607625
25985,0.008697521732691478
25990,0.008803719211795005
25995,0.008911978781506277
26000,0.009022354337061571
26005,0.009134901546556322
26010,0.009249677921263173
26015,0.00936674288922198
26020,0.009486157872264298
26025,0.009607986366669163
26030,0.009732294027644221
26035,0.009859148757828543
26040,0.009988620800059458
26045,0.010120782834616013
26050,0.010255710081199618
26055,0.010393480405913235
26060,0.010534174433518305
26065,0.010677875665294802
26070,0.01082467060274167
26075,0.010974648877591418
26080,0.011127903388334236
26085,0.011284530443818788
26090,0.011444629914156639
26095,0.011608305389501614
26100,0.011775664347122093
26105,0.01194681832722094
26110,0.012121883118114267
26115,0.01230097895131415
26120,0.012484230707033148
26125,0.012671768130895825
26130,0.012863726062453649
26135,0.013060244676232288
26140,0.013261469736240549
26145,0.01346755286462938
26150,0.013678651825407652
26155,0.013894930824507613
26160,0.014116560826628878
26165,0.014343719890714621
26170,0.014576593524687724
26175,0.01481537506106902
26180,0.01506026605471423
26185,0.015311476704295304
26190,0.015569226302050746
26195,0.015833743695502934
26200,0.016105267808132016
26205,0.016384048161082826
26210,0.016670345442864224
26215,0.016964432111560353
26220,0.017266593035064434
26225,0.01757712617206657
26230,0.017896343296795156
26235,0.01822457077071755
26240,0.018562150364711212
26245,0.018909440135401683
26250,0.01926681535990941
26255,0.019634669533314556
26260,0.0200134154337341
26265,0.020403486260271025
26270,0.02080533684949411
26275,0.021219444976672983
26280,0.02164631274861728
26285,0.022086468095313217
26290,0.022540466368563532
26295,0.023008892056331318
26300,0.023492360622355376
26305,0.02399152048157536
26310,0.024507055122772653
26315,0.025039685390995454
26320,0.025590171943548116
26325,0.026159317894610772
26330,0.026747971665030915
26335,0.027357030055518032
26340,0.027987441563235526
26345,0.028640209963793278
26350,0.02931639818291193
26355,0.03001713248448947
26360,0.030743607004597908
26365,0.03149708866399221
26370,0.03227892249516672
26375,0.03309053742386148
26380,0.033933452549181446
26385,0.03480928397134052
26390,0.03571975222134963
26395,0.03666669035310677
26400,0.037652052765031384
26405,0.03867792482600911
26410,0.03974653338897503
26415,0.040860258285101696
26420,0.042021644902269346
26425,0.04323341796393121
26430,0.04449849663796227
26435,0.04582001112097968
26440,0.04720132086090015
26445,0.04864603460060492
26450,0.05015803244807081
26455,0.05174149020368699
26460,0.05340090620475844
26465,0.0551411309796195
26470,0.05696740004137048
26475,0.058885370193326715
26480,0.060901159766517964
26485,0.06302139326384469
26490,0.06525325094790618
26495,0.06760452397933084
26500,0.07008367579285221
26505,0.0726999104882079
26510,0.07546324911610555
26515,0.07838461485446237
26520,0.08147592820110681
26525,0.08475021345535177
26530,0.0882217179245454
26535,0.09190604547399027
26540,0.09582030623921757
26545,0.09998328453867934
26550,0.10441562726146887
26555,0.10914005525282577
26560,0.11418160047668593
26565,0.11956787198479375
26570,0.12532935395114567
26575,0.1314997392115656
26580,0.13811630183842924
26585,0.14522031222875967
26590,0.15285749789369243
26595,0.1610785525008953
26600,0.16993969455210572
26605,0.17950327514054298
26610,0.18983843117864244
26615,0.2010217758387241
26620,0.2131381110511769
26625,0.22628113685060283
26630,0.24055411794356796
26635,0.25607044747475394
26640,0.2729540194969481
26645,0.2913392824692571
26650,0.3113707930257841
26655,0.33320201871155053
26660,0.35699304687967126
26665,0.38290674211374714
26670,0.4111027571242554
26675,0.4417286494622034
26680,0.4749072084722711
26685,0.5107189946867127
26690,0.549179111093834
26695,0.5902074813633642
26700,0.633592575501484
26705,0.6789498105501807
26710,0.7256779614500499
26715,0.7729199038537983
26720,0.8195375781536461
26725,0.8641142854368703
26730,0.9049985764918863
26735,0.9404007893922343
26740,0.9685438646212566
26745,0.987854678994252
26750,0.9971647482104411
26755,0.9958771890090635
26760,0.9840579782248198
26765,0.9624265579470769
26770,0.9322482953035695
26775,0.8951577156469928
26780,0.8529559104022235
26785,0.8074240330651692
26790,0.7601812627742013
26795,0.7125980367960645
26800,0.6657607533761685
26805,0.6204758184746342
26810,0.5772986192171592
26815,0.5365746966710452
26820,0.4984838083717193
26825,0.46308111381871314
26830,0.43033259307263305
26835,0.4001437392658063
26840,0.372381795327771
26845,0.34689232218213495
26850,0.3235111237223432
26855,0.30207252656042166
26860,0.28241489622662963
26865,0.2643841173587889
26870,0.24783561200565102
26875,0.2326353345976543
26880,0.2186600701883207
26885,0.20579727411118037
26890,0.19394462343855579
26895,0.18300939991464663
26900,0.1729077867749665
26905,0.1635641349112307
26910,0.15491023461095724
26915,0.14688461557415752
26920,0.13943188852441793
26925,0.13250213533134766
26930,0.1260503502832237
26935,0.12003593236691537
26940,0.11442222667253853
26945,0.10917611201930925
26950,0.10426763136516316
26955,0.09966966135331588
26960,0.09535761734841686
26965,0.09130919044805752
26970,0.08750411316265662
26975,0.08392395070696494
26980,0.08055191511023319
26985,0.07737269961773155
26990,0.07437233111177871
26995,0.07153803852022457
27000,0.06885813540255153
27005,0.06632191510522054
27010,0.06391955706180012
27015,0.06164204297586448
27020,0.059481081772207525
27025,0.05742904233085587
27030,0.05547889313421618
27035,0.05362414805898171
27040,0.0518588176346902
27045,0.0501773651688379
27050,0.048574667210566844
27055,0.04704597788271027
27060,0.045586896669558924
27065,0.044193339292541385
27070,0.04286151134932607
27075,0.041587884427842364
27080,0.040369174439635135
27085,0.039202321945025397
27090,0.038084474268194134
27095,0.03701296922217977
27100,0.035985320283530985
27105,0.034999203073668994
27110,0.03405244301939834
27115,0.03314300407837011
27120,0.032268978427594415
27125,0.031428577023613596
27130,0.030620120952382725
27135,0.029842033495392654
27140,0.02909283284605605
27145,0.028371125416937832
27150,0.027675599684436294
27155,0.027005020522839495
27160,0.026358223984296176
27165,0.025734112485462715
27170,0.02513165036563123
27175,0.024549859784139212
27180,0.023987816928113748
27185,0.02344464850440334
27190,0.022919528491716582
27195,0.022411675131517456
27200,0.021920348137917385
27205,0.021444846108746893
27210,0.02098450412157881
27215,0.020538691499852445
27220,0.020106809735625626
27225,0.0196882905566505
27230,0.01928259412648118
27235,0.01888920736737647
27240,0.018507642396585235
27245,0.01813743506739784
27250,0.017778143607068756
27255,0.017429347344436203
27260,0.017090645520514203
27265,0.016761656176072826
27270,0.01644201511051909
27275,0.01613137490699929
27280,0.015829404018948015
27285,0.015535785913744755
27290,0.015250218269455254
27295,0.014972412220953555
27300,0.014702091652010045
27305,0.014438992530174707
27310,0.014182862281580078
27315,0.013933459202906512
27320,0.01369055190808264
27325,0.013453918807365621
27330,0.01322334761668008
27335,0.012998634895249108
27340,0.012779585609630674
27345,0.012566012722540102
27350,0.012357736804777695
27355,0.012154585683371636
27360,0.011956394037166295
27365,0.011763003157861393
27370,0.011574260581811656
27375,0.011390019812489827
27380,0.011210140043839856
27385,0.011034485898396885
27390,0.010862927179308568
27395,0.010695338635400516
27400,0.010531599738530599
27405,0.010371594472494878
27410,0.010215211132808355
27415,0.010062342136736088
27420,0.009912883842972394
27425,0.009766736380419609
27430,0.009623803485545621
27435,0.009483992347831788
27440,0.009347213462871361
27445,0.009213380492657984
27450,0.009082410132710475
27455,0.008954221985611908
27460,0.008828738440644466
27465,0.008705884559176915
27470,0.008585587965485406
27475,0.008467778742729748
27480,0.008352389333799707
27485,0.008239354446792675
27490,0.008128610964836962
27495,0.00802009786008548
27500,0.007913756111622686
27505,0.007809528627104069
27510,0.007707360167924767
27515,0.007607197277742649
27520,0.007508988214214747
27525,0.007412682883669594
27530,0.0073182327787714805
27535,0.007225590918822415
27540,0.007134711792695126
27545,0.007045551304221959
27550,0.006958066719937271
27555,0.00687221661903736
27560,0.006787960845480342
27565,0.0067052604620935615
27570,0.006624077706610648
27575,0.006544375949547955
27580,0.006466119653811721
27585,0.006389274335989228
27590,0.006313806529210501
27595,0.006239683747534965
27600,0.006166874451772512
27605,0.006095348016686394
27610,0.006025074699511295
27615,0.005956025609719718
27620,0.005888172679995179
27625,0.0058214886383395024
27630,0.005755946981282082
27635,0.005691521948127796
27640,0.005628188496204134
27645,0.005565922277063367
27650,0.005504699613598512
27655,0.005444497478031837
27660,0.005385293470735366
27665,0.005327065799850867
27670,0.005269793261687344
27675,0.005213455221826189
27680,0.005158031596955772
27685,0.005103502837352933
27690,0.005049849910033025
27695,0.00499705428248862
27700,0.004945097907047848
27705,0.004893963205777206
27710,0.004843633055941705
27715,0.004794090775980142
27720,0.004745320111983284
27725,0.004697305224649307
27730,0.004650030676703526
27735,0.004603481420755028
27740,0.00455764278758432
27745,0.004512500474836829
27750,0.00446804053609362
27755,0.004424249370353287
27760,0.004381113711837115
27765,0.004338620620156229
27770,0.004296757470826718
27775,0.0042555119460869146
27780,0.004214872026023252
27785,0.0041748259800091884
27790,0.004135362358419733
27795,0.004096469984614552
27800,0.004058137947200646
27805,0.004020355592535641
27810,0.003983112517485026
27815,0.0039463985624113304
27820,0.003910203804391609
27825,0.003874518550655146
27830,0.0038393333322295354
27835,0.0038046388977903615
27840,0.0037704262077107357
27845,0.003736686428295662
27850,0.0037034109261906583
27855,0.003670591262990565
27860,0.003638219189986187
27865,0.003606286643096533
27870,0.003574785737948515
27875,0.003543708765113353
27880,0.003513048185482911
27885,0.0034827966257955007
27890,0.003452946874292596
27895,0.003423491876509345
27900,0.0033944247311902473
27905,0.003365738686332693
27910,0.0033374271353427396
27915,0.003309483613310244
27920,0.0032819017933921482
27925,0.00325467548330433
27930,0.0032277986219159845
27935,0.0032012652759435384
27940,0.00317506963674384
27945,0.003149206017194607
27950,0.003123668848673185
27955,0.0030984526781168606
27960,0.0030735521651707952
27965,0.0030489620794144213
27970,0.003024677297669081
27975,0.003000692801384079
27980,0.002977003674091728
27985,0.002953605098939753
27990,0.002930492356285972
27995,0.0029076608213689224
28000,0.002885105962035124
28005,0.002862823336536758
28010,0.0028408085913832182
28015,0.0028190574592552604
28020,0.002797565756978991
28025,0.0027763293835492094
28030,0.002755344318210878
28035,0.002734606618592333
28040,0.0027141124188862485
28045,0.0026938579280824486
28050,0.002673839428246404
28055,0.0026540532728439375
28060,0.0026344958851112397
28065,0.0026151637564673946
28070,0.002596053444968061
28075,0.002577161573802033
28080,0.0025584848298251116
28085,0.002540019962132672
28090,0.0025217637806705636
28095,0.0025037131548806555
28100,0.0024858650123817283
28105,0.0024682163376841854
28110,0.0024507641709386628
28115,0.0024335056067154217
28120,0.002416437792814871
28125,0.0023995579291098313
28130,0.0023828632664139216
28135,0.0023663511053822065
28140,0.002350018795436558
28145,0.002333863733718934
28150,0.0023178833640714294
28155,0.0023020751760402065
28160,0.002286436703904909
28165,0.0022709655257313554
28170,0.0022556592624496685
28175,0.0022405155769514564
28180,0.002225532173211786
28185,0.0022107067954314713
28190,0.0021960372272003667
28195,0.0021815212906802542
28200,0.002167156845808481
28205,0.0021529417895202675
28210,0.0021388740549882373
28215,0.002124951610882704
28220,0.002111172460647551
28225,0.0020975346417930027
28230,0.0020840362252072726
28235,0.0020706753144819727
28240,0.002057450045254348
28245,0.002044358584565443
28250,0.002031399130231743
28255,0.0020185699102332508
28260,0.0020058691821134684
28265,0.0019932952323950966
28270,0.0019808463760092663
28275,0.001968520955736013
28280,0.0019563173416578873
28285,0.0019442339306289032
28290,0.0019322691457506393
28295,0.0019204214358655742
28300,0.0019086892750565915
28305,0.001897071162161121
28310,0.001885565620296459
28315,0.001874171196392667
28320,0.0018628864607386953
28325,0.001851710006536891
28330,0.0018406404494684776
28335,0.0018296764272687518
28340,0.0018188165993085162
28345,0.001808059646190555
28350,0.001797404269348588
28355,0.0017868491906594351
28360,0.0017763931520623922
28365,0.00176603491518434
28370,0.001755773260977591
28375,0.001745606989359577
28380,0.0017355349188694668
28385,0.0017255558863199345
28390,0.0017156687464662866
28395,0.0017058723716789782
28400,0.00169616565162115
28405,0.0016865474929368888
28410,0.001677016818943758
28415,0.0016675725693311165
28420,0.0016582136998668452
28425,0.001648939182108469
28430,0.001639748003122015
28435,0.0016306391652036068
28440,0.0016216116856093347
28445,0.0016126645962926728
28450,0.0016037969436417474
28455,0.001595007788225618
28460,0.0015862962045467485
28465,0.0015776612807943751
28470,0.0015691021186078795
28475,0.0015606178328408822
28480,0.0015522075513322389
28485,0.0015438704146812096
28490,0.001535605576026495
28495,0.001527412200830881
28500,0.0015192894666693538
28505,0.0015112365630212006
28510,0.0015032526910668685
28515,0.0014953370634892688
28520,0.001487488904276862
28525,0.001479707448534021
28530,0.0014719919422910394
28535,0.0014643416423221732
28540,0.0014567558159635588
28545,0.0014492337409351037
28550,0.0014417747051717307
28555,0.0014343780066468988
28560,0.0014270429532102172
28565,0.00141976886242084
28570,0.001412555061388532
28575,0.0014054008866156745
28580,0.00139830568384234
28585,0.0013912688078951503
28590,0.0013842896225384216
28595,0.0013773675003280472
28600,0.0013705018224685686
28605,0.0013636919786727212
28610,0.001356937367023385
28615,0.00135023739383843
28620,0.0013435914735381142
28625,0.0013369990285145895
28630,0.0013304594890044118
28635,0.0013239722929624046
28640,0.001317536885939417
28645,0.001311152720960468
28650,0.0013048192584070616
28655,0.0012985359658991122
28660,0.001292302318184148
28665,0.0012861177970178975
28670,0.0012799818904736689
28675,0.0012738940951901902
28680,0.0012678539127161461
28685,0.0012618608517791867
28690,0.0012559144275869978
28695,0.0012500141617277484
28700,0.0012441595820718197
28705,0.0012383502226736758
28710,0.0012325856236763868
28715,0.0012268653312191493
28720,0.0012211888973442378
28725,0.001215555879906898
28730,0.0012099658424863616
28735,0.001204418354298833
28740,0.0011989129901119687
28745,0.0011934493301597817
28750,0.0011880269600613778
28755,0.0011826454707377604
28760,0.0011773044583336823
28765,0.001172003524137551
28770,0.001166742274505938
28775,0.0011615203207861666
28780,0.0011563372792427545
28785,0.0011511927709837043
28790,0.0011460864218887418
28795,0.001141017862669938
28800,0.001135986728274432
28805,0.001130992658609696
28810,0.0011260352979459913
28815,0.001121114294982866
28820,0.0011162293027844612
28825,0.0011113799787153518
28830,0.0011065659843781078
28835,0.0011017869855509928
28840,0.0010970426521276163
28845,0.0010923326580569409
28850,0.0010876566812847673
28855,0.0010830144036955837
28860,0.001078405511056128
28865,0.0010738296929593831
28870,0.0010692866427693003
28875,0.0010647760575671506
28880,0.001060297638098234
28885,0.001055851088719316
28890,0.00105143611734744
28895,0.0010470524354089653
28900,0.0010426997577903975
28905,0.0010383778027885356
28910,0.0010340862920629396
28915,0.0010298249505880772
28920,0.0010255935066067873
28925,0.0010213916915846227
28930,0.0010172192401640184
28935,0.0010130758901203388
28940,0.0010089613823180815
28945,0.0010048754606675526
28950,0.0010008178720825299
28955,9.967883664387155E-4
28960,9.927866965325932E-4
28965,9.888126180409439E-4
28970,9.848658894810857E-4
28975,9.809462721716501E-4
28980,9.77053530194327E-4
28985,9.731874303555305E-4
28990,9.693477421493964E-4
28995,9.655342377206218E-4
29000,9.61746691828637E-4
29005,9.579848818117589E-4
29010,9.542485875520303E-4
29015,9.505375914408818E-4
29020,9.46851678344979E-4
29025,9.431906355726395E-4
29030,9.395542528412349E-4
29035,9.359423222436779E-4
29040,9.323546382181379E-4
29045,9.287909975149015E-4
29050,9.252511991661108E-4
29055,9.217350444550947E-4
29060,9.182423368867233E-4
29065,9.147728821565198E-4
29070,9.113264881230411E-4
29075,9.079029647777418E-4
29080,9.04502124217562E-4
29085,9.011237806167222E-4
29090,8.977677501991413E-4
29095,8.944338512116429E-4
29100,8.911219038967911E-4
29105,8.878317304671474E-4
29110,8.845631550790699E-4
29115,8.813160038073452E-4
29120,8.780901046199819E-4
29125,8.748852873535629E-4
29130,8.717013836888185E-4
29135,8.685382271264268E-4
29140,8.653956529620482E-4
29145,8.622734982683997E-4
29150,8.59171601863612E-4
29155,8.560898042964082E-4
29160,8.530279478185168E-4
29165,8.499858763659426E-4
29170,8.469634355359331E-4
29175,8.439604725652377E-4
29180,8.409768363098505E-4
29185,8.380123772238022E-4
29190,8.350669473389861E-4
29195,8.321404002445962E-4
29200,8.292325910675622E-4
29205,8.263433764528987E-4
29210,8.23472614544324E-4
29215,8.206201649651415E-4
29220,8.177858887997576E-4
29225,8.149696485747396E-4
29230,8.121713082412122E-4
29235,8.093907331559689E-4
29240,8.06627790064664E-4
29245,8.0388234708378E-4
29250,8.011542736835163E-4
29255,7.984434406710208E-4
29260,7.957497201731626E-4
29265,7.930729856204571E-4
29270,7.904131117306784E-4
29275,7.877699744926397E-4
29280,7.851434511504806E-4
29285,7.825334201881128E-4
29290,7.799397613137458E-4
29295,7.773623554446274E-4
29300,7.748010846922855E-4
29305,7.72255832347506E-4
29310,7.697264828660023E-4
29315,7.672129218539777E-4
29320,7.647150360538811E-4
29325,7.622327133304667E-4
29330,7.597658426572669E-4
29335,7.573143141025616E-4
29340,7.548780188163733E-4
29345,7.524568490170656E-4
29350,7.500506979783606E-4
29355,7.476594600163491E-4
29360,7.452830304772324E-4
29365,7.42921305724114E-4
29370,7.405741831251328E-4
29375,7.382415610415837E-4
29380,7.359233388151194E-4
29385,7.336194167565018E-4
29390,7.313296961336808E-4
29395,7.290540791603634E-4
29400,7.267924689847199E-4
29405,7.245447696778487E-4
29410,7.223108862229427E-4
29415,7.200907245045189E-4
29420,7.178841912972736E-4
29425,7.156911942557348E-4
29430,7.135116419036917E-4
29435,7.113454436237999E-4
29440,7.091925096474595E-4
29445,7.070527510445863E-4
29450,7.049260797139221E-4
29455,7.028124083732238E-4
29460,7.007116505491033E-4
29465,6.986237205680261E-4
29470,6.965485335466337E-4
29475,6.944860053825907E-4
29480,6.924360527452341E-4
29485,6.903985930667029E-4
29490,6.883735445327143E-4
29495,6.863608260741621E-4
29500,6.843603573582001E-4
29505,6.823720587793E-4
29510,6.803958514515935E-4
29515,6.784316571996489E-4
29520,6.764793985508529E-4
29525,6.745389987268343E-4
29530,6.72610381496362E-4
29535,6.706934717257782E-4
29540,6.687881945317684E-4
29545,6.668944758344594E-4
29550,6.650122422090039E-4
29555,6.63141420878499E-4
29560,6.612819397061034E-4
29565,6.594337271880868E-4
29570,6.575967124463947E-4
29575,6.557708252213888E-4
29580,6.539559958651037E-4
29585,6.521521553339616E-4
29590,6.503592351820851E-4
29595,6.485771675545006E-4
29600,6.468058851802949E-4
29605,6.450453213660233E-4
29610,6.432954099893108E-4
29615,6.415560854927555E-4
29620,6.398272828764865E-4
29625,6.381089376926326E-4
29630,6.364009860394351E-4
29635,6.347033645545342E-4
29640,6.330160104090055E-4
29645,6.31338861301512E-4
29650,6.296718554522783E-4
29655,6.280149315977002E-4
29660,6.263680289838953E-4
29665,6.247310873617381E-4
29670,6.231040469805641E-4
29675,6.214868485833298E-4
29680,6.19879433400601E-4
29685,6.182817434753431E-4
29690,6.166937203375433E-4
29695,6.151153069797485E-4
29700,6.135464465304263E-4
29705,6.119870825800083E-4
29710,6.10437159175091E-4
29715,6.088966208138328E-4
29720,6.073654124411432E-4
29725,6.058434794432768E-4
29730,6.043307676433701E-4
29735,6.028272232969336E-4
29740,6.013327930866041E-4
29745,5.998474241179024E-4
29750,5.983710639144951E-4
29755,5.969036604136884E-4
29760,5.95445161962077E-4
29765,5.939955173109162E-4
29770,5.925546756119673E-4
29775,5.911225864131404E-4
29780,5.89699199654186E-4
29785,5.882844656625268E-4
29790,5.868783351491184E-4
29795,5.854807592044437E-4
29800,5.840916892943919E-4
29805,5.827110772560479E-4
29810,5.813388752942334E-4
29815,5.79975035977169E-4
29820,5.78619512232927E-4
29825,5.772722573453951E-4
29830,5.759332249505471E-4
29835,5.746023690330496E-4
29840,5.732796439222511E-4
29845,5.719650042886328E-4
29850,5.706584051403129E-4
29855,5.693598018195823E-4
29860,5.680691499988084E-4
29865,5.667864056783923E-4
29870,5.655115251817166E-4
29875,5.642444651529616E-4
29880,5.629851825530661E-4
29885,5.617336346568961E-4
29890,5.60489779049808E-4
29895,5.592535736245291E-4
29900,5.580249765777534E-4
29905,5.568039464077588E-4
29910,5.555904419099303E-4
29915,5.54384422175232E-4
29920,5.531858465863179E-4
29925,5.519946748146508E-4
29930,5.508108668172573E-4
29935,5.496343828358033E-4
29940,5.484651833900949E-4
29945,5.473032292783971E-4
29950,5.461484815735122E-4
29955,5.450009016197206E-4
29960,5.438604510304823E-4
29965,5.427270916855769E-4
29970,5.41600785728497E-4
29975,5.404814955637072E-4
29980,5.393691838540337E-4
29985,5.38263813518296E-4
29990,5.371653477284878E-4
29995,5.360737499069892E-4
30000,5.349889837261462E-4
30005,5.339110131016553E-4
30010,5.328398021942122E-4
30015,5.317753154051412E-4
30020,5.307175173746374E-4
30025,5.296663729787077E-4
30030,5.286218473278061E-4
30035,5.275839057638815E-4
30040,5.265525138581006E-4
30045,5.255276374093545E-4
30050,5.245092424411152E-4
30055,5.234972951998222E-4
30060,5.224917621525319E-4
30065,5.214926099848476E-4
30070,5.204998055987993E-4
30075,5.195133161107808E-4
30080,5.185331088494848E-4
30085,5.175591513537955E-4
30090,5.165914113709531E-4
30095,5.156298568544392E-4
30100,5.146744559619762E-4
30105,5.137251770537708E-4
30110,5.127819886903003E-4
30115,5.118448596310848E-4
30120,5.109137588317184E-4
30125,5.09988655443043E-4
30130,5.090695188088474E-4
30135,5.081563184641067E-4
30140,5.072490241333704E-4
30145,5.06347605728657E-4
30150,5.054520333481216E-4
30155,5.045622772740445E-4
30160,5.036783079712301E-4
30165,5.028000960853548E-4
30170,5.019276124413097E-4
30175,5.010608280414408E-4
30180,5.001997140640772E-4
30185,4.993442418617918E-4
30190,4.984943829601179E-4
30195,4.976501090554374E-4
30200,4.968113920139455E-4
30205,4.95978203869905E-4
30210,4.95150516824224E-4
30215,4.943283032428058E-4
30220,4.935115356551886E-4
30225,4.927001867531981E-4
30230,4.918942293892583E-4
30235,4.910936365751215E-4
30240,4.902983814804638E-4
30245,4.895084374315017E-4
30250,4.887237779095324E-4
30255,4.879443765496876E-4
30260,4.871702071395103E-4
30265,4.864012436176811E-4
30270,4.856374597958263E-4
30275,4.8487883046475583E-4
30280,4.841253297318062E-4
30285,4.8337693212724555E-4
30290,4.826336123260606E-4
30295,4.818953451468063E-4
30300,4.81162105550231E-4
30305,4.804338686382785E-4
30310,4.797106096527521E-4
30315,4.7899230397419946E-4
30320,4.782789271207836E-4
30325,4.775704547470133E-4
30330,4.768668626428378E-4
30335,4.761681267322946E-4
30340,4.7547422307258E-4
30345,4.7478512785281056E-4
30350,4.7410081739319846E-4
30355,4.7342126814356943E-4
30360,4.727464566828979E-4
30365,4.7207635971765213E-4
30370,4.7141095408118565E-4
30375,4.707502167326772E-4
30380,4.700941247559497E-4
30385,4.6944265535868413E-4
30390,4.687957858713174E-4
30395,4.6815349374620057E-4
30400,4.675157565565481E-4
30405,4.668825519954864E-4
30410,4.662538578753992E-4
30415,4.6562965212654077E-4
30420,4.6500991279656913E-4
30425,4.643946180494626E-4
30430,4.637837461647517E-4
30435,4.6317727553645677E-4
30440,4.6257518467242694E-4
30445,4.619774521934558E-4
30450,4.6138405683241997E-4
30455,4.607949774334394E-4
30460,4.6021019295123064E-4
30465,4.5962968245028126E-4
30470,4.5905342510331026E-4
30475,4.584814001921362E-4
30480,4.579135871052505E-4
30485,4.57349965337965E-4
30490,4.567905144915396E-4
30495,4.56235214272244E-4
30500,4.556840444908227E-4
30505,4.551369850616669E-4
30510,4.545940160023083E-4
30515,4.540551174324219E-4
30520,4.535202695734355E-4
30525,4.5298945274767214E-4
30530,4.524626473778714E-4
30535,4.519398339862941E-4
30540,4.5142099319431017E-4
30545,4.5090610572164736E-4
30550,4.5039515238578663E-4
30555,4.49888114101366E-4
30560,4.49384971879569E-4
30565,4.488857068277177E-4
30570,4.4839030014816555E-4
30575,4.478987331383358E-4
30580,4.4741098718980286E-4
30585,4.4692704378786126E-4
30590,4.4644688451095095E-4
30595,4.459704910300599E-4
30600,4.454978451083159E-4
30605,4.450289286003837E-4
30610,4.4456372345198965E-4
30615,4.441022116993652E-4
30620,4.4364437546884925E-4
30625,4.43190196976359E-4
30630,4.4273965852688677E-4
30635,4.422927425139874E-4
30640,4.4184943141963793E-4
30645,4.4140970781318727E-4
30650,4.4097355435156096E-4
30655,4.4054095377843607E-4
30660,4.40111888923906E-4
30665,4.396863427040721E-4
30670,4.3926429812077885E-4
30675,4.388457382608801E-4
30680,4.384306462961909E-4
30685,4.3801900548291436E-4
30690,4.376107991613447E-4
30695,4.3720601075544714E-4
30700,4.368046237726064E-4
30705,4.364066218030627E-4
30710,4.36011988519761E-4
30715,4.356207076780294E-4
30720,4.352327631150955E-4
30725,4.348481387498613E-4
30730,4.344668185826825E-4
30735,4.340887866947871E-4
30740,4.3371402724832786E-4
30745,4.333425244858527E-4
30750,4.3297426273005264E-4
30755,4.326092263836371E-4
30760,4.32247399928889E-4
30765,4.318887679273996E-4
30770,4.315333150201223E-4
30775,4.3118102592671075E-4
30780,4.3083188544548696E-4
30785,4.3048587845323044E-4
30790,4.3014298990496003E-4
30795,4.2980320483367447E-4
30800,4.2946650835002043E-4
30805,4.2913288564237057E-4
30810,4.288023219764075E-4
30815,4.2847480269505987E-4
30820,4.2815031321819923E-4
30825,4.2782883904255245E-4
30830,4.275103657415331E-4
30835,4.271948789650438E-4
30840,4.2688236443939957E-4
30845,4.265728079671265E-4
30850,4.262661954266523E-4
30855,4.259625127725736E-4
30860,4.256617460351298E-4
30865,4.2536388132032634E-4
30870,4.2506890480971176E-4
30875,4.2477680276028617E-4
30880,4.244875615044716E-4
30885,4.2420116744990266E-4
30890,4.239176070794521E-4
30895,4.236368669510131E-4
30900,4.233589336975398E-4
30905,4.2308379402698846E-4
30910,4.228114347220562E-4
30915,4.2254184264024156E-4
30920,4.222750047141747E-4
30925,4.2201090795114895E-4
30930,4.217495394325859E-4
30935,4.214908863149928E-4
30940,4.2123493582964174E-4
30945,4.2098167528197304E-4
30950,4.207310920524761E-4
30955,4.204831735959643E-4
30960,4.202379074417813E-4
30965,4.199952811940102E-4
30970,4.197552825311638E-4
30975,4.195178992063488E-4
30980,4.1928311904739364E-4
30985,4.1905092995664145E-4
30990,4.1882131991110346E-4
30995,4.185942769624315E-4
31000,4.1836978923713006E-4
31005,4.181478449363075E-4
31010,4.179284323360053E-4
31015,4.1771153978709244E-4
31020,4.174971557152718E-4
31025,4.172852686213536E-4
31030,4.1707586708114147E-4
31035,4.168689397456097E-4
31040,4.1666447534076075E-4
31045,4.1646246266816565E-4
31050,4.1626289060457786E-4
31055,4.160657481022275E-4
31060,4.158710241889495E-4
31065,4.1567870796823173E-4
31070,4.1548878861931914E-4
31075,4.1530125539734E-4
31080,4.1511609763339067E-4
31085,4.1493330473471715E-4
31090,4.1475286618475977E-4
31095,4.145747715433496E-4
31100,4.143990104468385E-4
31105,4.1422557260807207E-4
31110,4.140544478168478E-4
31115,4.138856259397517E-4
31120,4.1371909692044677E-4
31125,4.1355485077981634E-4
31130,4.133928776161578E-4
31135,4.1323316760519913E-4
31140,4.130757110004498E-4
31145,4.129204981331977E-4
31150,4.1276751941289076E-4
31155,4.1261676532680023E-4
31160,4.1246822644116555E-4
31165,4.123218934002739E-4
31170,4.1217775692739013E-4
31175,4.1203580782464463E-4
31180,4.1189603697326904E-4
31185,4.117584353339169E-4
31190,4.116229939466094E-4
31195,4.1148970393107106E-4
31200,4.113585564871135E-4
31205,4.1122954289447985E-4
31210,4.111026545133077E-4
31215,4.109778827842865E-4
31220,4.1085521922882407E-4
31225,4.107346554493093E-4
31230,4.1061618312929194E-4
31235,4.1049979403381585E-4
31240,4.1038548000944683E-4
31245,4.1027323298462894E-4
31250,4.1016304497001313E-4
31255,4.100549080583759E-4
31260,4.099488144252409E-4
31265,4.0984475632888437E-4
31270,4.097427261102966E-4
31275,4.0964271619423894E-4
31280,4.0954471908859696E-4
31285,4.094487273853599E-4
31290,4.0935473376007615E-4
31295,4.0926273097285595E-4
31300,4.091727118682857E-4
31305,4.090846693754826E-4
31310,4.089985965088344E-4
31315,4.0891448636779E-4
31320,4.088323321374208E-4
31325,4.087521270884633E-4
31330,4.086738645777532E-4
31335,4.0859753804834846E-4
31340,4.085231410299101E-4
31345,4.0845066713882377E-4
31350,4.083801100786419E-4
31355,4.0831146364015065E-4
31360,4.082447217017709E-4
31365,4.0817987822977655E-4
31370,4.081169272785771E-4
31375,4.080558629909969E-4
31380,4.079966795984033E-4
31385,4.0793937142126577E-4
31390,4.078839328690601E-4
31395,4.078303584409061E-4
31400,4.077786427255403E-4
31405,4.0772878040173867E-4
31410,4.076807662385499E-4
31415,4.07634595095567E-4
31420,4.075902619231851E-4
31425,4.0754776176295883E-4
31430,4.075070897476762E-4
31435,4.0746824110183644E-4
31440,4.07431211141839E-4
31445,4.0739599527619036E-4
31450,4.073625890059005E-4
31455,4.073309879246428E-4
31460,4.0730118771911255E-4
31465,4.0727318416928154E-4
31470,4.072469731483897E-4
31475,4.0722255062385917E-4
31480,4.0719991265689213E-4
31485,4.071790554030925E-4
31490,4.071599751126313E-4
31495,4.071426681305627E-4
31500,4.0712713089701937E-4
31505,4.071133602800925E-4
31510,4.071013522463561E-4
31515,4.07091103854956E-4
31520,4.070826119291733E-4
31525,4.0707587338870274E-4
31530,4.070708852499392E-4
31535,4.0706764462618804E-4
31540,4.0706614872801914E-4
31545,4.0706639486341696E-4
31550,4.070683804381104E-4
31555,4.070721029558274E-4
31560,4.0707756001842236E-4
31565,4.0708474932632505E-4
31570,4.070936686786814E-4
31575,4.071043159735117E-4
31580,4.0711668920816435E-4
31585,4.071307864793951E-4
31590,4.0714660598369383E-4
31595,4.0716414601747584E-4
31600,4.071834049773178E-4
31605,4.072043813603292E-4
31610,4.07227073764142E-4
31615,4.072514808873911E-4
31620,4.072776015297585E-4
31625,4.073054345923825E-4
31630,4.073349790778903E-4
31635,4.073662340907954E-4
31640,4.0739919883766093E-4
31645,4.074338726272664E-4
31650,4.0747025487085256E-4
31655,4.075083450825102E-4
31660,4.075481428790532E-4
31665,4.075896479806213E-4
31670,4.0763286021057085E-4
31675,4.076777794959005E-4
31680,4.0772440586732303E-4
31685,4.0777273945956073E-4
31690,4.078227805115173E-4
31695,4.0787452936649776E-4
31700,4.07927986472339E-4
31705,4.0798315238168144E-4
31710,4.080400277522026E-4
31715,4.0809861334658155E-4
31720,4.0815891003310995E-4
31725,4.0822091878543E-4
31730,4.082846406829805E-4
31735,4.083500769111407E-4
31740,4.084172287613366E-4
31745,4.084860976313615E-4
31750,4.0855668502534095E-4
31755,4.086289925541708E-4
31760,4.087030219354859E-4
31765,4.087787749938486E-4
31770,4.0885625366101963E-4
31775,4.089354599761699E-4
31780,4.090163960856577E-4
31785,4.0909906424376147E-4
31790,4.091834668123973E-4
31795,4.092696062614383E-4
31800,4.0935748516893086E-4
31805,4.094471062210771E-4
31810,4.0953847221254737E-4
31815,4.0963158604655003E-4
31820,4.097264507349129E-4
31825,4.0982306939839965E-4
31830,4.099214452667024E-4
31835,4.100215816785819E-4
31840,4.101234820821208E-4
31845,4.102271500347728E-4
31850,4.1033258920337534E-4
31855,4.104398033646006E-4
31860,4.1054879640475107E-4
31865,4.106595723201623E-4
31870,4.1077213521698E-4
31875,4.108864893115999E-4
31880,4.110026389307453E-4
31885,4.1112058851144005E-4
31890,4.11240342601112E-4
31895,4.113619058579348E-4
31900,4.114852830507165E-4
31905,4.1161047905906507E-4
31910,4.1173749887359073E-4
31915,4.1186634759590366E-4
31920,4.119970304387329E-4
31925,4.1212955272598224E-4
31930,4.1226391989310587E-4
31935,4.12400137486811E-4
31940,4.125382111653249E-4
31945,4.126781466986977E-4
31950,4.128199499684599E-4
31955,4.129636269681726E-4
31960,4.131091838031933E-4
31965,4.1325662669094743E-4
31970,4.1340596196086463E-4
31975,4.1355719605458326E-4
31980,4.1371033552607136E-4
31985,4.138653870415817E-4
31990,4.140223573798286E-4
31995,4.141812534320151E-4
32000,4.143420822019834E-4
32005,4.1450485080621243E-4
32010,4.1466956647390283E-4
32015,4.148362365472281E-4
32020,4.1500486848125546E-4
32025,4.151754698438523E-4
32030,4.1534804831622185E-4
32035,4.1552261169260486E-4
32040,4.156991678803721E-4
32045,4.1587772490042093E-4
32050,4.1605829088683737E-4
32055,4.1624087408724156E-4
32060,4.16425482862801E-4
32065,4.1661212568825723E-4
32070,4.1680081115201377E-4
32075,4.1699154795629207E-4
32080,4.1718434491706433E-4
32085,4.173792109643143E-4
32090,4.1757615514192656E-4
32095,4.17775186607857E-4
32100,4.179763146342167E-4
32105,4.1817954860738263E-4
32110,4.183848980278588E-4
32115,4.1859237251066936E-4
32120,4.1880198178518955E-4
32125,4.1901373569540784E-4
32130,4.1922764419993124E-4
32135,4.1944371737175177E-4
32140,4.1966196539910245E-4
32145,4.198823985847272E-4
32150,4.201050273464815E-4
32155,4.2032986221701674E-4
32160,4.2055691384443994E-4
32165,4.2078619299171753E-4
32170,4.2101771053732286E-4
32175,4.2125147747489326E-4
32180,4.2148750491380213E-4
32185,4.217258040788258E-4
32190,4.21966386310421E-4
32195,4.2220926306477753E-4
32200,4.224544459140409E-4
32205,4.2270194654623456E-4
32210,4.229517767654632E-4
32215,4.2320394849205E-4
32220,4.2345847376259874E-4
32225,4.237153647300584E-4
32230,4.2397463366396123E-4
32235,4.242362929504825E-4
32240,4.2450035509245985E-4
32245,4.2476683270960736E-4
32250,4.2503573853877884E-4
32255,4.2530708543389264E-4
32260,4.2558088636605277E-4
32265,4.258571544239016E-4
32270,4.2613590281354523E-4
32275,4.264171448584387E-4
32280,4.267008940009178E-4
32285,4.269871638000325E-4
32290,4.2727596793366455E-4
32295,4.275673201978834E-4
32300,4.278612345071611E-4
32305,4.281577248945936E-4
32310,4.284568055121089E-4
32315,4.287584906305296E-4
32320,4.290627946398663E-4
32325,4.2936973204951587E-4
32330,4.2967931748822265E-4
32335,4.299915657046362E-4
32340,4.3030649156712965E-4
32345,4.306241100642771E-4
32350,4.309444363049489E-4
32355,4.312674855185337E-4
32360,4.315932730551974E-4
32365,4.3192181438599434E-4
32370,4.322531251032465E-4
32375,4.325872209206055E-4
32380,4.329241176735025E-4
32385,4.3326383131923196E-4
32390,4.336063779371996E-4
32395,4.339517737292494E-4
32400,4.343000350199583E-4
32405,4.346511782567919E-4
32410,4.350052200104463E-4
32415,4.3536217697513947E-4
32420,4.357220659688745E-4
32425,4.3608490393374225E-4
32430,4.364507079361387E-4
32435,4.3681949516736584E-4
32440,4.371912829434606E-4
32445,4.3756608870599065E-4
32450,4.379439300221533E-4
32455,4.383248245849808E-4
32460,4.3870879021408216E-4
32465,4.3909584485555853E-4
32470,4.394860065827045E-4
32475,4.3987929359607324E-4
32480,4.4027572422424113E-4
32485,4.4067531692365514E-4
32490,4.410780902795468E-4
32495,4.414840630060181E-4
32500,4.418932539464865E-4
32505,4.4230568207421003E-4
32510,4.427213664927332E-4
32515,4.431403264359477E-4
32520,4.435625812690989E-4
32525,4.439881504889248E-4
32530,4.4441705372389926E-4
32535,4.448493107351132E-4
32540,4.452849414166537E-4
32545,4.457239657957924E-4
32550,4.4616640403390064E-4
32555,4.4661227642667396E-4
32560,4.470616034046292E-4
32565,4.475144055337502E-4
32570,4.4797070351624283E-4
32575,4.484305181904162E-4
32580,4.48893870531898E-4
32585,4.4936078165392756E-4
32590,4.49831272807875E-4
32595,4.503053653838114E-4
32600,4.507830809114471E-4
32605,4.512644410602087E-4
32610,4.517494676402333E-4
32615,4.5223818260287655E-4
32620,4.52730608041358E-4
32625,4.532267661913463E-4
32630,4.5372667943174833E-4
32635,4.542303702853168E-4
32640,4.5473786141917794E-4
32645,4.552491756459087E-4
32650,4.557643359237783E-4
32655,4.562833653577961E-4
32660,4.568062872004801E-4
32665,4.573331248520921E-4
32670,4.5786390186208336E-4
32675,4.583986419294307E-4
32680,4.589373689035034E-4
32685,4.594801067848855E-4
32690,4.6002687972616983E-4
32695,4.605777120327227E-4
32700,4.6113262816360935E-4
32705,4.61691652732475E-4
32710,4.6225481050805926E-4
32715,4.6282212641562796E-4
32720,4.6339362553737075E-4
32725,4.639693331134168E-4
32730,4.6454927454311424E-4
32735,4.6513347538530925E-4
32740,4.657219613598854E-4
32745,4.6631475834828435E-4
32750,4.669118923947048E-4
32755,4.6751338970717237E-4
32760,4.6811927665807576E-4
32765,4.687295797859024E-4
32770,4.6934432579550224E-4
32775,4.6996354155983E-4
32780,4.705872541202666E-4
32785,4.7121549068853227E-4
32790,4.7184827864703706E-4
32795,4.724856455504023E-4
32800,4.731276191263718E-4
32805,4.737742272772792E-4
32810,4.744254980807303E-4
32815,4.750814597909511E-4
32820,4.757421408404199E-4
32825,4.764075698402747E-4
32830,4.7707777558221625E-4
32835,4.777527870393798E-4
32840,4.784326333675985E-4
32845,4.791173439070282E-4
32850,4.7980694818286707E-4
32855,4.8050147590714365E-4
32860,4.812009569799247E-4
32865,4.81905421490472E-4
32870,4.826148997188218E-4
32875,4.8332942213705926E-4
32880,4.8404901941078555E-4
32885,4.847737224007072E-4
32890,4.855035621634843E-4
32895,4.862385699536798E-4
32900,4.8697877722529454E-4
32905,4.877242156328626E-4
32910,4.884749170337647E-4
32915,4.892309134884855E-4
32920,4.899922372633058E-4
32925,4.907589208318399E-4
32930,4.91530996875465E-4
32935,4.923084982862478E-4
32940,4.930914581680347E-4
32945,4.938799098383279E-4
32950,4.946738868295694E-4
32955,4.954734228912865E-4
32960,4.962785519914819E-4
32965,4.970893083187218E-4
32970,4.979057262836815E-4
32975,4.98727840521012E-4
32980,4.995556858908841E-4
32985,5.003892974821808E-4
32990,5.012287106116777E-4
32995,5.020739608287583E-4
33000,5.02925083915772E-4
33005,5.037821158902495E-4
33010,5.046450930071747E-4
33015,5.055140517605856E-4
33020,5.063890288860088E-4
33025,5.072700613618232E-4
33030,5.081571864125324E-4
33035,5.090504415093582E-4
33040,5.099498643736396E-4
33045,5.108554929784548E-4
33050,5.117673655500477E-4
33055,5.126855205720926E-4
33060,5.136099967856359E-4
33065,5.145408331929033E-4
33070,5.154780690586697E-4
33075,5.16421743913375E-4
33080,5.173718975547102E-4
33085,5.183285700506258E-4
33090,5.192918017413063E-4
33095,5.202616332418716E-4
33100,5.212381054448187E-4
33105,5.222212595221926E-4
33110,5.232111369288365E-4
33115,5.242077794040896E-4
33120,5.252112289751939E-4
33125,5.262215279590577E-4
33130,5.272387189658727E-4
33135,5.282628449012141E-4
33140,5.292939489687406E-4
33145,5.303320746734176E-4
33150,5.313772658237375E-4
33155,5.324295665350931E-4
33160,5.334890212321896E-4
33165,5.345556746523785E-4
33170,5.356295718482888E-4
33175,5.367107581908568E-4
33180,5.377992793727823E-4
33185,5.388951814101847E-4
33190,5.399985106481285E-4
33195,5.411093137614927E-4
33200,5.422276377591186E-4
33205,5.433535299869894E-4
33210,5.444870381314443E-4
33215,5.456282102221077E-4
33220,5.467770946368072E-4
33225,5.479337401018796E-4
33230,5.490981956975887E-4
33235,5.502705108645267E-4
33240,5.514507353996945E-4
33245,5.526389194667908E-4
33250,5.538351135971303E-4
33255,5.55039368693268E-4
33260,5.562517360331435E-4
33265,5.574722672736193E-4
33270,5.587010144544551E-4
33275,5.599380300018545E-4
33280,5.611833667324439E-4
33285,5.624370778575638E-4
33290,5.636992169863115E-4
33295,5.649698381309934E-4
33300,5.662489957099913E-4
33305,5.675367445523757E-4
33310,5.6883313990202E-4
33315,5.701382374219148E-4
33320,5.714520931987005E-4
33325,5.727747637464137E-4
33330,5.741063060108656E-4
33335,5.754467773754706E-4
33340,5.767962356642818E-4
33345,5.781547391469309E-4
33350,5.795223465434168E-4
33355,5.80899117028956E-4
33360,5.822851102386362E-4
33365,5.836803862719895E-4
33370,5.850850056982825E-4
33375,5.864990295611712E-4
33380,5.879225193837464E-4
33385,5.893555371738984E-4
33390,5.907981454290624E-4
33395,5.922504071416343E-4
33400,5.937123858043653E-4
33405,5.951841454154146E-4
33410,5.966657504840917E-4
33415,5.98157266036132E-4
33420,5.996587576192983E-4
33425,6.011702913091147E-4
33430,6.026919337144738E-4
33435,6.042237519835302E-4
33440,6.057658138093978E-4
33445,6.073181874363619E-4
33450,6.088809416655001E-4
33455,6.104541458612894E-4
33460,6.120378699572816E-4
33465,6.136321844629836E-4
33470,6.15237160469293E-4
33475,6.168528696559704E-4
33480,6.184793842972832E-4
33485,6.201167772692603E-4
33490,6.217651220559965E-4
33495,6.234244927567326E-4
33500,6.250949640922117E-4
33505,6.267766114124205E-4
33510,6.284695107029588E-4
33515,6.301737385926168E-4
33520,6.318893723604622E-4
33525,6.336164899432669E-4
33530,6.35355169942812E-4
33535,6.371054916337871E-4
33540,6.388675349710466E-4
33545,6.406413805976101E-4
33550,6.424271098525405E-4
33555,6.442248047789285E-4
33560,6.460345481317289E-4
33565,6.478564233863627E-4
33570,6.496905147467822E-4
33575,6.515369071538196E-4
33580,6.533956862941527E-4
33585,6.55266938608445E-4
33590,6.571507513005254E-4
33595,6.590472123459815E-4
33600,6.609564105017055E-4
33605,6.628784353143664E-4
33610,6.648133771298122E-4
33615,6.667613271032918E-4
33620,6.68722377208412E-4
33625,6.706966202463457E-4
33630,6.726841498564149E-4
33635,6.746850605257385E-4
33640,6.766994475993537E-4
33645,6.787274072905836E-4
33650,6.807690366911837E-4
33655,6.828244337818779E-4
33660,6.848936974434982E-4
33665,6.869769274671733E-4
33670,6.890742245658785E-4
33675,6.91185690385078E-4
33680,6.933114275144103E-4
33685,6.954515394990993E-4
33690,6.976061308514919E-4
33695,6.997753070628795E-4
33700,7.019591746153748E-4
33705,7.041578409943537E-4
33710,7.063714147003791E-4
33715,7.086000052620258E-4
33720,7.108437232485222E-4
33725,7.131026802822659E-4
33730,7.153769890524068E-4
33735,7.176667633276654E-4
33740,7.19972117970012E-4
33745,7.222931689480812E-4
33750,7.246300333510375E-4
33755,7.269828294033978E-4
33760,7.29351676477054E-4
33765,7.317366951096884E-4
33770,7.34138007014547E-4
33775,7.365557350987674E-4
33780,7.389900034778086E-4
33785,7.414409374900658E-4
33790,7.439086637129745E-4
33795,7.463933099785459E-4
33800,7.488950053892592E-4
33805,7.514138803350493E-4
33810,7.539500665088956E-4
33815,7.565036969243319E-4
33820,7.590749059316012E-4
33825,7.6166382923599E-4
33830,7.64270603914321E-4
33835,7.668953684334918E-4
33840,7.695382626682091E-4
33845,7.721994279190679E-4
33850,7.748790069318257E-4
33855,7.775771439157711E-4
33860,7.802939845628008E-4
33865,7.830296760674666E-4
33870,7.857843671463087E-4
33875,7.885582080578036E-4
33880,7.91351350623266E-4
33885,7.941639482472418E-4
33890,7.969961559383139E-4
33895,7.998481303306515E-4
33900,8.027200297058605E-4
33905,8.05612014014893E-4
33910,8.085242443580415E-4
33915,8.114568851728199E-4
33920,8.144101010140495E-4
33925,8.173840587377444E-4
33930,8.203789269819021E-4
33935,8.233948761966005E-4
33940,8.264320786613953E-4
33945,8.294907085163159E-4
33950,8.325709417839639E-4
33955,8.356729563968473E-4
33960,8.38796932222103E-4
33965,8.419430510884672E-4
33970,8.451114968141411E-4
33975,8.48302455232873E-4
33980,8.515161142224521E-4
33985,8.547526637326763E-4
33990,8.580122958147654E-4
33995,8.612952046492886E-4
34000,8.646015865772694E-4
34005,8.679316401287839E-4
34010,8.712855660548336E-4
34015,8.746635673578117E-4
34020,8.780658493231308E-4
34025,8.814926195514836E-4
34030,8.849440879915864E-4
34035,8.884204669728489E-4
34040,8.919219712397135E-4
34045,8.954488179852987E-4
34050,8.990012268874643E-4
34055,9.025794201419912E-4
34060,9.061836225006292E-4
34065,9.098140613067211E-4
34070,9.134709665325749E-4
34075,9.171545708172367E-4
34080,9.208651095050849E-4
34085,9.246028206842113E-4
34090,9.283679452269714E-4
34095,9.321607268300811E-4
34100,9.359814120554771E-4
34105,9.398302503720209E-4
34110,9.437074941982561E-4
34115,9.476133989453329E-4
34120,9.515482230607644E-4
34125,9.555122280735175E-4
34130,9.595056786388473E-4
34135,9.635288425847614E-4
34140,9.675819909587025E-4
34145,9.71665398075642E-4
34150,9.75779341566428E-4
34155,9.799241024270903E-4
34160,9.840999650690603E-4
34165,9.883072173702892E-4
34170,9.925461507276695E-4
34175,9.968170601090788E-4
34180,0.0010011202441076207
34185,0.0010054560049968194
34190,0.0010098246487851444
34195,0.0010142264852734345
34200,0.0010186618281121404
34205,0.0010231309948619453
34210,0.0010276343070489697
34215,0.0010321720902301266
34220,0.0010367446740521
34225,0.001041352392315849
34230,0.001045995583039286
34235,0.0010506745885232392
34240,0.0010553897554176589
34245,0.0010601414347885467
34250,0.001064929982187279
34255,0.0010697557577205026
34260,0.0010746191261205614
34265,0.001079520456818794
34270,0.001084460124019423
34275,0.001089438506772051
34280,0.0010944559890537205
34285,0.0010995129598401381
34290,0.001104609813189783
34295,0.0011097469483219487
34300,0.0011149247697010616
34305,0.0011201436871177398
34310,0.0011254041157766294
34315,0.0011307064763817383
34320,0.0011360511952248334
34325,0.0011414387042762268
34330,0.0011468694412766927
34335,0.0011523438498288008
34340,0.0011578623794950304
34345,0.0011634254858928351
34350,0.001169033630793935
34355,0.0011746872822251298
34360,0.0011803869145705235
34365,0.0011861330086764257
34370,0.001191926051957254
34375,0.0011977665385044562
34380,0.0012036549691968996
34385,0.0012095918518146666
34390,0.0012155777011509034
34395,0.0012216130391322973
34400,0.0012276983949365836
34405,0.0012338343051138396
34410,0.0012400213137121275
34415,0.0012462599724020816
34420,0.0012525508406064966
34425,0.0012588944856319847
34430,0.0012652914828024163
34435,0.0012717424155954254
34440,0.0012782478757822652
34445,0.001284808463568892
34450,0.0012914247877413676
34455,0.0012980974658139386
34460,0.0013048271241786038
34465,0.001311614398259139
34470,0.0013184599326685582
34475,0.0013253643813677198
34480,0.0013323284078293823
34485,0.0013393526852039984
34490,0.0013464378964895731
34495,0.001353584734704902
34500,0.0013607939030664358
34505,0.0013680661151681355
34510,0.0013754020951658847
34515,0.0013828025779649422
34520,0.001390268309411872
34525,0.0013978000464897591
34530,0.0014053985575189054
34535,0.00141306462235882
34540,0.0014207990326177728
34545,0.0014286025918643784
34550,0.0014364761158460635
34555,0.0014444204327071946
34560,0.001452436383218646
34565,0.001460524821006667
34570,0.0014686866127890843
34575,0.0014769226386162281
34580,0.0014852337921168334
34585,0.0014936209807489302
34590,0.001502085126056704
34595,0.0015106271639326832
34600,0.0015192480448849625
34605,0.0015279487343113497
34610,0.0015367302127784902
34615,0.0015455934763077416
34620,0.0015545395366667915
34625,0.0015635694216679162
34630,0.001572684175473283
34635,0.0015818848589054463
34640,0.0015911725497665225
34645,0.0016005483431643952
34650,0.0016100133518439394
34655,0.0016195687065281527
34660,0.0016292155562656187
34665,0.0016389550687863697
34670,0.0016487884308664625
34675,0.0016587168486977607
34680,0.0016687415482709357
34685,0.001678863775761626
34690,0.0016890847979306079
34695,0.0016994059025317082
34700,0.0017098283987232626
34705,0.0017203536175011875
34710,0.0017309829121289165
34715,0.0017417176585874836
34720,0.0017525592560294176
34725,0.0017635091272472678
34730,0.0017745687191512655
34735,0.0017857395032588998
34740,0.0017970229761956045
34745,0.0018084206602078658
34750,0.0018199341036878437
34755,0.0018315648817118638
34760,0.00184331459658911
34765,0.0018551848784275158
34770,0.001867177385709104
34775,0.0018792938058827314
34780,0.0018915358559687368
34785,0.001903905283179621
34790,0.0019164038655557474
34795,0.0019290334126159767
34800,0.001941795766025992
34805,0.001954692800280421
34810,0.001967726423405028
34815,0.0019808985776736386
34820,0.0019942112403449033
34825,0.002007666424415904
34830,0.0020212661793972265
34835,0.0020350125921040144
34840,0.0020489077874703346
34845,0.002062953929383155
34850,0.0020771532215365066
34855,0.002091507908307829
34860,0.0021060202756600075
34865,0.0021206926520624626
34870,0.0021355274094373828
34875,0.0021505269641318592
34880,0.002165693777914181
34885,0.00218103035899643
34890,0.0021965392630846105
34895,0.002212223094455458
34900,0.002228084507062235
34905,0.0022441262056705972
34910,0.0022603509470234696
34915,0.0022767615410383755
34920,0.0022933608520356945
34925,0.002310151800002221
34930,0.0023271373618858507
34935,0.0023443205729277564
34940,0.002361704528031825
34945,0.0023792923831684625
34950,0.0023970873568194
34955,0.002415092731461599
34960,0.002433311855093744
34965,0.0024517481428021335
34970,0.002470405078374391
34975,0.0024892862159544655
34980,0.0025083951817481166
34985,0.0025277356757732075
34990,0.0025473114736623034
34995,0.002567126428515392
35000,0.0025871844728060658
35005,0.0026074896203423883
35010,0.002628045968284398
35015,0.0026488576992211342
35020,0.0026699290833053176
35025,0.0026912644804549554
35030,0.0027128683426153205
35035,0.0027347452160889434
35040,0.00275689974393693
35045,0.0027793366684480815
35050,0.002802060833683818
35055,0.002825077188100071
35060,0.0028483907872450835
35065,0.0028720067965433294
35070,0.0028959304941595754
35075,0.002920167273952963
35080,0.0029447226485216967
35085,0.0029696022523386114
35090,0.002994811844988469
35095,0.003020357314500565
35100,0.003046244680789305
35105,0.003072480099199476
35110,0.003099069864167284
35115,0.003126020412989671
35120,0.0031533383297235617
35125,0.003181030338494125
35130,0.003209103350323842
35135,0.0032375644035987864
35140,0.0032664207108940597
35145,0.003295679652965139
35150,0.0033253487834607244
35155,0.0033554358337874843
35160,0.003385948718134102
35165,0.0034168955386642314
35170,0.0034482845908801875
35175,0.0034801243691655495
35180,0.003512423572514971
35185,0.0035451911104551082
35190,0.0035784361091713815
35195,0.003612167917833566
35200,0.0036463961151482474
35205,0.003681130516130166
35210,0.0037163811791089416
35215,0.003752158412976922
35220,0.00378847278469827
35225,0.003825335127067119
35230,0.003862756546751704
35235,0.0039007484326157786
35240,0.003939322464342097
35245,0.003978490621354527
35250,0.004018265192073228
35255,0.004058658783493706
35260,0.004099684331120136
35265,0.004141355109257397
35270,0.004183684741682404
35275,0.004226687212708415
35280,0.004270376878659889
35285,0.004314768479774081
35290,0.004359877152548242
35295,0.004405718442554072
35300,0.004452308317733913
35305,0.004499663182203973
35310,0.004547799890589376
35315,0.004596735762901965
35320,0.004646488600006472
35325,0.00469707669967373
35330,0.004748518873272116
35335,0.004800834463114053
35340,0.004854043360481122
35345,0.004908166024376573
35350,0.00496322350101662
35355,0.005019237444115536
35360,0.0050762301359846525
35365,0.005134224509490359
35370,0.005193244170912974
35375,0.005253313423745487
35380,0.005314457293472313
35385,0.005376701553385374
35390,0.005440072751476457
35395,0.005504598238473856
35400,0.005570306197041951
35405,0.005637225672251414
35410,0.005705386603346016
35415,0.005774819856868591
35420,0.005845557261248582
35425,0.005917631642873893
35430,0.0059910768637663385
35435,0.006065927860914065
35440,0.006142220687357077
35445,0.006219992555104964
35450,0.006299281879998682
35455,0.006380128328596857
35460,0.006462572867202669
35465,0.006546657813146818
35470,0.006632426888430874
35475,0.0067199252758775195
35480,0.006809199677895668
35485,0.006900298378028095
35490,0.006993271315188579
35495,0.007088170112264784
35500,0.0071850482050372835
35505,0.007283960877812854
35510,0.007384965350854734
35515,0.00748812086202408
35520,0.007593488752462656
35525,0.0077011325565320855
35530,0.007811118096257627
35535,0.007923513580538406
35540,0.008038389709397761
35545,0.008155819783568123
35550,0.008275879819710582
35555,0.008398648671634836
35560,0.008524208157843592
35565,0.008652643195787435
35570,0.008784041943256998
35575,0.00891849594732488
35580,0.009056100301304118
35585,0.00919695381022043
35590,0.009341159165341105
35595,0.009488823128292804
35600,0.009640056725446272
35605,0.009794975453091962
35610,0.00995369949427326
35615,0.010116353947880852
35620,0.010283069070873301
35625,0.01045398053449537
35630,0.010629229695385288
35635,0.010808963882628395
35640,0.01099333670168613
35645,0.011182508356572843
35650,0.011376645991316612
35655,0.011575924052129113
35660,0.011780524671755535
35665,0.01199063807746735
35670,0.012206463024453044
35675,0.012428207256386402
35680,0.012656087995112588
35685,0.012890332461598342
35690,0.013131178430401718
35695,0.013378874820170698
35700,0.013633682322816802
35705,0.013895874074309143
35710,0.01416573637021562
35715,0.014443569429410313
35720,0.014729688209734366
35725,0.015024423279559931
35730,0.015328121749706151
35735,0.01564114827053412
35740,0.015963886099374224
35745,0.016296738244019164
35750,0.01664012868848757
35755,0.01699450370785009
35760,0.017360333279520645
35765,0.017738112599145275
35770,0.018128363709938606
35775,0.01853163725526827
35780,0.018948514365062376
35785,0.01937960868787892
35790,0.01982556858138237
35795,0.020287079475512174
35800,0.020764866423805838
35805,0.02125969686015165
35810,0.021772383579818293
35815,0.02230378796567856
35820,0.022854823482759367
35825,0.02342645946657619
35830,0.02401972523358231
35835,0.024635714544997973
35840,0.025275590458825364
35845,0.02594059060863551
35850,0.026632032951989938
35855,0.027351322036257602
35860,0.028099955835149175
35865,0.02887953321509317
35870,0.029691762097916137
35875,0.03053846839387303
35880,0.03142160578788004
35885,0.032343266471921296
35890,0.0333056929279569
35895,0.0343112908783077
35900,0.035362643535369546
35905,0.03646252729875278
35910,0.037613929067216015
35915,0.03882006535416414
35920,0.04008440341960518
35925,0.0414106846604375
35930,0.04280295053197067
35935,0.044265571311230295
35940,0.04580327805398448
35945,0.04742119814609575
35950,0.049124894905057497
35955,0.05092041175129474
35960,0.05281432154197403
35965,0.05481378174413472
35970,0.05692659622108826
35975,0.059161284517415175
35980,0.06152715965621376
35985,0.06403441560993758
35990,0.06669422577634802
35995,0.06951885398559236
36000,0.07252177978868127
36005,0.0757178400331757
36010,0.07912338902347697
36015,0.08275647989483746
36020,0.08663707020245956
36025,0.09078725514620042
36030,0.0952315323116913
36035,0.09999710231288829
36040,0.10511421025546747
36045,0.11061653349003944
36050,0.11654162165998744
36055,0.12293139551953128
36060,0.1298327113254548
36065,0.1372979976705889
36070,0.14538597124428662
36075,0.15416243689804182
36080,0.163701175154415
36085,0.1740849163247037
36090,0.18540639383114715
36095,0.19776945889023967
36100,0.21129022264681774
36105,0.22609816761357487
36110,0.24233713441874113
36115,0.2601660376759421
36120,0.2797590901070817
36125,0.3013052091377162
36130,0.3250061360867737
36135,0.3510726058067455
36140,0.3797176582732247
36145,0.4111458865108999
36150,0.445537091768692
36155,0.48302253204767287
36160,0.5236518393535056
36165,0.5673489874412403
36170,0.6138567977968372
36175,0.6626718880456776
36180,0.7129762075232646
36185,0.7635775400166528
36190,0.812878775782953
36195,0.8589017836155279
36200,0.8993916453754232
36205,0.9320152430713238
36210,0.9546419349949757
36215,0.9656585740166954
36220,0.9642419077076599
36225,0.9505079897847588
36230,0.9254901613289858
36235,0.89095300594495
36240,0.849101741157426
36245,0.8022697477224273
36250,0.7526555243177782
36255,0.7021477415776345
36260,0.6522428748413519
36265,0.6040372083907225
36270,0.5582666245667198
36275,0.5153695625444698
36280,0.4755552423366449
36285,0.4388665095985535
36290,0.4052324009040371
36295,0.37450926774662935
36300,0.34651133296694964
36305,0.3210324173900573
36310,0.2978607496622523
36315,0.27678860334257216
36320,0.25761820425286913
36325,0.24016503219412805
36330,0.224259356997804
36335,0.20974661721874077
36340,0.1964870709062028
36345,0.1843550148140696
36350,0.17323777205071578
36355,0.1630345798400443
36360,0.15365546150752304
36365,0.1450201342120748
36370,0.13705698201278557
36375,0.1297021093478845
36380,0.12289848064052121
36385,0.11659514588116507
36390,0.11074654853392737
36395,0.10531191016889421
36400,0.10025468530848772
36405,0.09554207969947566
36410,0.09114462535159677
36415,0.08703580604115324
36420,0.08319172745704444
36425,0.07959082670320931
36430,0.07621361640662053
36435,0.07304245920561285
36440,0.07006136887956874
36445,0.06725583482612937
36450,0.06461266699842821
36455,0.06211985877139183
36460,0.05976646552637701
36465,0.057542497023889826
36470,0.055438821879088204
36475,0.05344708267124082
36480,0.051559620404089276
36485,0.04976940719887549
36490,0.04806998624236273
36495,0.046455418136785484
36500,0.04492023290482886
36505,0.043459386996672095
36510,0.04206822472684248
36515,0.04074244363892252
36520,0.03947806335784153
36525,0.038271397542353446
36530,0.03711902859722807
36535,0.03601778484500999
36540,0.03496471989268956
36545,0.03395709395956223
36550,0.03299235695965761
36555,0.03206813315579868
36560,0.031182207223165715
36565,0.030332511578549104
36570,0.029517114847330522
36575,0.028734211354666448
36580,0.027982111539447914
36585,0.02725923320081429
36590,0.026564093496570306
36595,0.025895301621462183
36600,0.02525155210081479
36605,0.024631618641789626
36610,0.024034348490478745
36615,0.02345865724819225
36620,0.02290352410533184
36625,0.022367987455077256
36630,0.0218511408530102
36635,0.021352129292207738
36640,0.02087014576612196
36645,0.02040442809436349
36650,0.019954255988851123
36655,0.019518948339914827
36660,0.019097860703822196
36665,0.018690382974979797
36670,0.0182959372275763
36675,0.01791397571278798
36680,0.017543978998982437
36685,0.0171854542434325
36690,0.016837933585096027
36695,0.016500972648908496
36700,0.016174149152928186
36705,0.015857061610343344
36710,0.015549328119093268
36715,0.015250585232428487
36720,0.014960486904331034
36725,0.014678703504221041
36730,0.01440492089581906
36735,0.014138839575402193
36740,0.013880173865256116
36745,0.013628651158219407
36750,0.013384011209759303
36755,0.013146005474158432
36760,0.012914396481736319
36765,0.01268895725423208
36770,0.012469470755736045
36775,0.01225572937669818
36780,0.01204753444879121
36785,0.011844695788532119
36790,0.011647031267750858
36795,0.011454366409110834
36800,0.011266534005044756
36805,0.0110833737585573
36810,0.010904731944502933
36815,0.010730461089998384
36820,0.010560419672756036
36825,0.010394471836213457
36830,0.010232487120383067
36835,0.010074340207461773
36840,0.009919910681276732
36845,0.009769082799696408
36850,0.009621745279267407
36855,0.00947779109128154
36860,0.009337117268634707
36865,0.009199624722766512
36870,0.009065218070170411
36875,0.008933805467834385
36880,0.008805298457140521
36885,0.00867961181570197
36890,0.008556663416697438
36895,0.008436374095265198
36900,0.00831866752156873
36905,0.008203470080127805
36910,0.00809071075511233
36915,0.007980321021210116
36920,0.007872234739808765
36925,0.007766388060170584
36930,0.007662719325335959
36935,0.007561168982516912
36940,0.007461679497707533
36945,0.0073641952742772975
36950,0.007268662575423809
36955,0.007175029450162011
36960,0.007083245662728099
36965,0.0069932626252301
36970,0.00690503333334365
36975,0.006818512304907317
36980,0.00673365552128077
36985,0.006650420371317394
36990,0.006568765597812833
36995,0.006488651246311661
37000,0.006410038616160362
37005,0.006332890213681243
37010,0.006257169707368562
37015,0.006182841885028614
37020,0.006109872612720474
37025,0.006038228795463204
37030,0.005967878339591495
37035,0.005898790116688423
37040,0.005830933929029808
37045,0.00576428047645614
37050,0.005698801324606067
37055,0.005634468874460743
37060,0.005571256333124103
37065,0.005509137685783746
37070,0.005448087668811223
37075,0.005388081743925143
37080,0.005329096073398956
37085,0.0052711074962361396
37090,0.005214093505298399
37095,0.005158032225316397
37100,0.0051029023917631595
37105,0.005048683330549818
37110,0.004995354938493033
37115,0.004942897664543628
37120,0.004891292491721413
37125,0.004840520919732981
37130,0.004790564948260394
37135,0.004741407060857292
37140,0.004693030209456063
37145,0.004645417799453463
37150,0.004598553675333653
37155,0.0045524221068373415
37160,0.004507007775617688
37165,0.004462295762396042
37170,0.004418271534573747
37175,0.004374920930846822
37180,0.004332230163511814
37185,0.004290185786584405
37190,0.004248774698978093
37195,0.004207984130692505
37200,0.00416780163284229
37205,0.004128215068041155
37210,0.004089212601109321
37215,0.004050782690112249
37220,0.004012914077703365
37225,0.003975595782761547
37230,0.003938817092316987
37235,0.003902567553746381
37240,0.0038668369672388244
37245,0.0038316153785082174
37250,0.0037968930709657107
37255,0.0037626605620628794
37260,0.00372890859196259
37265,0.0036956281203540517
37270,0.0036628103194943614
37275,0.003630446568258149
37280,0.003598528446370758
37285,0.003567047728835164
37290,0.0035359963805353008
37295,0.003505366551012136
37300,0.003475150569408323
37305,0.0034453409395694126
37310,0.0034159303353084912
37315,0.0033869115958079874
37320,0.0033582777211768238
37325,0.003330021868137713
37330,0.0033021373458539233
37335,0.003274617611882354
37340,0.0032474562682532028
37345,0.003220647057666297
37350,0.003194183859806944
37355,0.0031680606877746843
37360,0.0031422716846140723
37365,0.003116811119957531
37370,0.0030916733867626346
37375,0.003066852998152092
37380,0.003042344584343408
37385,0.0030181428896721464
37390,0.0029942427697012006
37395,0.002970639188417464
37400,0.002947327215508022
37405,0.0029243020237163905
37410,0.00290155888627657
37415,0.0028790931744192595
37420,0.0028569003549526305
37425,0.0028349759879083463
37430,0.0028133157242592626
37435,0.002791915303697884
37440,0.002770770552482503
37445,0.0027498773813376255
37450,0.00272923178341944
37455,0.0027088298323355614
37460,0.0026886676802185686
37465,0.002668741555856023
37470,0.0026490477628696193
37475,0.002629582677945957
37480,0.0026103427491161397
37485,0.002591324494079597
37490,0.0025725244985761223
37495,0.002553939414803793
37500,0.0025355659598727065
37505,0.0025174009143096978
37510,0.002499441120593857
37515,0.0024816834817316443
37520,0.002464124959904462
37525,0.0024467625750577166
37530,0.0024295934036567294
37535,0.0024126145773758993
37540,0.0023958232818575625
37545,0.0023792167555083035
37550,0.002362792288314498
37555,0.0023465472206980038
37560,0.0023304789423923664
37565,0.0023145848913552554
37570,0.0022988625527055767
37575,0.0022833094576868874
37580,0.0022679231826597717
37585,0.00225270134811873
37590,0.0022376416177313594
37595,0.0022227416974057736
37600,0.0022079993343792556
37605,0.0021934123163287775
37610,0.0021789784705063095
37615,0.002164695662892051
37620,0.0021505617973737005
37625,0.002136574814939417
37630,0.002122732692895084
37635,0.002109033444105958
37640,0.0020954751162268258
37645,0.002082055791017504
37650,0.0020687735835879083
37655,0.0020556266417300195
37660,0.002042613145234339
37665,0.002029731305230453
37670,0.002016979363540952
37675,0.0020043555920558143
37680,0.0019918582921131683
37685,0.0019794857939033103
37690,0.0019672364558808147
37695,0.0019551086641944864
37700,0.001943100832125828
37705,0.0019312113995471093
37710,0.0019194388323859203
37715,0.001907781622105314
37720,0.0018962382851953395
37725,0.0018848073626775044
37730,0.001873487419616452
37735,0.001862277044648162
37740,0.00185117484951549
37745,0.0018401794686155012
37750,0.0018292895585557316
37755,0.0018185037977232995
37760,0.0018078208858595753
37765,0.0017972395436503805
37770,0.0017867585123162882
37775,0.00177637655322248
37780,0.0017660924474873726
37785,0.0017559049956129419
37790,0.0017458130171029383
37795,0.0017358153501130806
37800,0.0017259108510908397
37805,0.0017160983944314904
37810,0.0017063768721406532
37815,0.0016967451935012313
37820,0.0016872022847524966
37825,0.001677747088770829
37830,0.0016683785647622247
37835,0.0016590956879565376
37840,0.0016498974493129343
37845,0.0016407828552282078
37850,0.001631750927253021
37855,0.0016228007018134463
37860,0.0016139312299393665
37865,0.0016051415769968238
37870,0.0015964308224279086
37875,0.001587798059494974
37880,0.0015792423950309552
37885,0.0015707629491937547
37890,0.0015623588552263268
37895,0.0015540292592234604
37900,0.0015457733198998695
37905,0.0015375902083655886
37910,0.0015294791079059227
37915,0.0015214392137632958
37920,0.0015134697329323215
37925,0.0015055698839386812
37930,0.0014977388966533971
37935,0.0014899760120826028
37940,0.0014822804821683678
37945,0.0014746515696140068
37950,0.0014670885476822798
37955,0.001459590700017257
37960,0.0014521573204643579
37965,0.001444787712892267
37970,0.0014374811910277474
37975,0.0014302370782746374
37980,0.0014230547075477534
37985,0.0014159334211381533
37990,0.0014088725705074712
37995,0.0014018715161704907
38000,0.001394929627521812
38005,0.0013880462826931198
38010,0.0013812208684024462
38015,0.0013744527798129351
38020,0.0013677414203878218
38025,0.0013610862017547052
38030,0.001354486543565642
38035,0.001347941873367319
38040,0.0013414516264674999
38045,0.0013350152458065914
38050,0.0013286321818337895
38055,0.0013223018923795723
38060,0.0013160238425384769
38065,0.0013097975045466405
38070,0.001303622357667303
38075,0.001297497888074938
38080,0.0012914235887418989
38085,0.001285398959332743
38090,0.0012794235060894711
38095,0.0012734967417271461
38100,0.0012676181853365212
38105,0.0012617873622703894
38110,0.0012560038040510875
38115,0.0012502670482691393
38120,0.0012445766384870775
38125,0.0012389321241438821
38130,0.0012333330604633289
38135,0.0012277790083595243
38140,0.001222269534348785
38145,0.0012168042104629172
38150,0.0012113826141619325
38155,0.0012060043282458152
38160,0.0012006689407737853
38165,0.0011953760449760222
38170,0.0011901252391937143
38175,0.001184916126772243
38180,0.001179748316001696
38185,0.0011746214200309567
38190,0.0011695350568061865
38195,0.0011644888489781339
38200,0.0011594824238451346
38205,0.001154515413274671
38210,0.0011495874536386313
38215,0.0011446981857425888
38220,0.0011398472547512338
38225,0.0011350343101372928
38230,0.0011302590056032162
38235,0.0011255209990249206
38240,0.0011208199523841426
38245,0.0011161555317122627
38250,0.001111527407023157
38255,0.0011069352522600142
38260,0.0011023787452337903
38265,0.0010978575675632473
38270,0.0010933714046256606
38275,0.0010889199454934462
38280,0.0010845028828852844
38285,0.001080119913108878
38290,0.001075770736009737
38295,0.0010714550549204874
38300,0.0010671725766083376
38305,0.0010629230112236584
38310,0.0010587060722551226
38315,0.0010545214764778612
38320,0.0010503689439061046
38325,0.0010462481977476673
38330,0.001042158964357229
38335,0.001038100973191633
38340,0.0010340739567642658
38345,0.0010300776506029384
38350,0.0010261117932056636
38355,0.001022176125998856
38360,0.0010182703932956677
38365,0.001014394342255155
38370,0.0010105477228420923
38375,0.00100673028778712
38380,0.0010029417925483785
38385,9.991819952725608E-4
38390,9.954506567578139E-4
38395,9.91747540416426E-4
38400,9.880724122386382E-4
38405,9.844250407564784E-4
38410,9.80805197008685E-4
38415,9.772126545060475E-4
38420,9.736471891972926E-4
38425,9.701085794352191E-4
38430,9.665966059443322E-4
38435,9.631110517873516E-4
38440,9.596517023341991E-4
38445,9.562183452297311E-4
38450,9.528107703634491E-4
38455,9.494287698384376E-4
38460,9.460721379417409E-4
38465,9.427406711146071E-4
38470,9.394341679234377E-4
38475,9.361524290315082E-4
38480,9.32895257170396E-4
38485,9.296624571124297E-4
38490,9.26453835643491E-4
38495,9.232692015360761E-4
38500,9.20108365522846E-4
38505,9.169711402709536E-4
38510,9.138573403554359E-4
38515,9.107667822353007E-4
38520,9.076992842277697E-4
38525,9.046546664841338E-4
38530,9.016327509658913E-4
38535,8.986333614204535E-4
38540,8.956563233584888E-4
38545,8.927014640304228E-4
38550,8.897686124043202E-4
38555,8.86857598984715E-4
38560,8.839682564234036E-4
38565,8.811004185500047E-4
38570,8.782539209821394E-4
38575,8.754286009465066E-4
38580,8.726242972585244E-4
38585,8.698408503016508E-4
38590,8.670781020075714E-4
38595,8.643358958363906E-4
38600,8.616140767571752E-4
38605,8.589124912288498E-4
38610,8.562309871812449E-4
38615,8.535694139964454E-4
38620,8.509276224908877E-4
38625,8.483054648965671E-4
38630,8.457027948440008E-4
38635,8.431194673442598E-4
38640,8.405553387718558E-4
38645,8.380102668476741E-4
38650,8.354841106222742E-4
38655,8.329767304593651E-4
38660,8.304879880194971E-4
38665,8.280177462439499E-4
38670,8.255658693389092E-4
38675,8.231322227601627E-4
38680,8.207166731974107E-4
38685,8.183190885592647E-4
38690,8.159393379583322E-4
38695,8.135772916964196E-4
38700,8.112328212503065E-4
38705,8.08905799256724E-4
38710,8.065960994997036E-4
38715,8.043035968947594E-4
38720,8.020281674768308E-4
38725,7.997696883854667E-4
38730,7.975280378533419E-4
38735,7.953030951909132E-4
38740,7.930947407751404E-4
38745,7.909028560357473E-4
38750,7.887273234432236E-4
38755,7.865680264963694E-4
38760,7.844248497095441E-4
38765,7.822976786013877E-4
38770,7.801863996818286E-4
38775,7.780909004424203E-4
38780,7.760110693403643E-4
38785,7.739467957947034E-4
38790,7.718979701661342E-4
38795,7.698644837525002E-4
38800,7.678462287749421E-4
38805,7.658430983676242E-4
38810,7.638549865676951E-4
38815,7.618817883035908E-4
38820,7.59923399385673E-4
38825,7.579797164955748E-4
38830,7.560506371761974E-4
38835,7.541360598217144E-4
38840,7.522358836677578E-4
38845,7.503500087817063E-4
38850,7.484783360531504E-4
38855,7.466207671845847E-4
38860,7.447772046819105E-4
38865,7.429475518452443E-4
38870,7.411317127596946E-4
38875,7.393295922873683E-4
38880,7.375410960570031E-4
38885,7.357661304566933E-4
38890,7.340046026244114E-4
38895,7.322564204397516E-4
38900,7.305214925154867E-4
38905,7.287997281898558E-4
38910,7.27091037518182E-4
38915,7.253953312633777E-4
38920,7.237125208903423E-4
38925,7.220425185569917E-4
38930,7.2038523710604E-4
38935,7.187405900582906E-4
38940,7.171084916045772E-4
38945,7.154888565986449E-4
38950,7.138816005491162E-4
38955,7.122866396132246E-4
38960,7.107038905889915E-4
38965,7.0913327090824E-4
38970,7.07574698630029E-4
38975,7.060280924330709E-4
38980,7.044933716096129E-4
38985,7.029704560584131E-4
38990,7.014592662781033E-4
38995,6.999597233607468E-4
39000,6.98471748985307E-4
39005,6.96995265411335E-4
39010,6.955301954727571E-4
39015,6.940764625713675E-4
39020,6.926339906711096E-4
39025,6.912027042917399E-4
39030,6.897825285029451E-4
39035,6.883733889183088E-4
39040,6.869752116898942E-4
39045,6.855879235019593E-4
39050,6.842114515655706E-4
39055,6.828457236130971E-4
39060,6.814906678923591E-4
39065,6.801462131615375E-4
39070,6.788122886834309E-4
39075,6.77488824220404E-4
39080,6.761757500289335E-4
39085,6.748729968545614E-4
39090,6.735804959267412E-4
39095,6.722981789537124E-4
39100,6.710259781175722E-4
39105,6.697638260691789E-4
39110,6.685116559236604E-4
39115,6.672694012552686E-4
39120,6.660369960927229E-4
39125,6.648143749146024E-4
39130,6.636014726445714E-4
39135,6.623982246469768E-4
39140,6.612045667222788E-4
39145,6.600204351027254E-4
39150,6.588457664476638E-4
39155,6.576804978393484E-4
39160,6.565245667789159E-4
39165,6.553779111818146E-4
39170,6.5424046937381E-4
39175,6.531121800868309E-4
39180,6.519929824549219E-4
39185,6.508828160102426E-4
39190,6.497816206790432E-4
39195,6.486893367779518E-4
39200,6.476059050098826E-4
39205,6.465312664604466E-4
39210,6.454653625940135E-4
39215,6.444081352503151E-4
39220,6.433595266404463E-4
39225,6.423194793430722E-4
39230,6.412879363018817E-4
39235,6.402648408210968E-4
39240,6.392501365623756E-4
39245,6.382437675412647E-4
39250,6.372456781239871E-4
39255,6.362558130242496E-4
39260,6.352741172995385E-4
39265,6.343005363484001E-4
39270,6.333350159068813E-4
39275,6.323775020455419E-4
39280,6.314279411663916E-4
39285,6.304862799997356E-4
39290,6.295524656013647E-4
39295,6.286264453493277E-4
39300,6.277081669412374E-4
39305,6.267975783912509E-4
39310,6.258946280273492E-4
39315,6.249992644883982E-4
39320,6.241114367215542E-4
39325,6.232310939794754E-4
39330,6.223581858175864E-4
39335,6.214926620915767E-4
39340,6.206344729546746E-4
39345,6.197835688552562E-4
39350,6.189399005341572E-4
39355,6.181034190223069E-4
39360,6.17274075638281E-4
39365,6.164518219859334E-4
39370,6.156366099517886E-4
39375,6.148283917032173E-4
39380,6.140271196854679E-4
39385,6.132327466204042E-4
39390,6.124452255029238E-4
39395,6.116645096001648E-4
39400,6.108905524485447E-4
39405,6.101233078518088E-4
39410,6.093627298789995E-4
39415,6.086087728626585E-4
39420,6.078613913963987E-4
39425,6.071205403332722E-4
39430,6.063861747837018E-4
39435,6.056582501136003E-4
39440,6.049367219425927E-4
39445,6.042215461421019E-4
39450,6.035126788334794E-4
39455,6.0281007638651E-4
39460,6.0211369541752E-4
39465,6.014234927875226E-4
39470,6.007394256009386E-4
39475,6.00061451203637E-4
39480,5.993895271816005E-4
39485,5.987236113590239E-4
39490,5.980636617971814E-4
39495,5.974096367927851E-4
39500,5.967614948761399E-4
39505,5.961191948103942E-4
39510,5.954826955896404E-4
39515,5.948519564376639E-4
39520,5.942269368066146E-4
39525,5.936075963758513E-4
39530,5.929938950502711E-4
39535,5.923857929593939E-4
39540,5.917832504561919E-4
39545,5.911862281154648E-4
39550,5.905946867328105E-4
39555,5.900085873242067E-4
39560,5.894278911239034E-4
39565,5.88852559584028E-4
39570,5.882825543728797E-4
39575,5.877178373744755E-4
39580,5.87158370687622E-4
39585,5.866041166243422E-4
39590,5.860550377096219E-4
39595,5.855110966800282E-4
39600,5.849722564827481E-4
39605,5.844384802752129E-4
39610,5.839097314243893E-4
39615,5.833859735049623E-4
39620,5.828671702993041E-4
39625,5.823532857968082E-4
39630,5.818442841930887E-4
39635,5.813401298887821E-4
39640,5.808407874895852E-4
39645,5.803462218051967E-4
39650,5.798563978486368E-4
39655,5.793712808358349E-4
39660,5.788908361851655E-4
39665,5.784150295165592E-4
39670,5.779438266512171E-4
39675,5.774771936110164E-4
39680,5.770150966180974E-4
39685,5.765575020943416E-4
39690,5.761043766609291E-4
39695,5.756556871382207E-4
39700,5.752114005448803E-4
39705,5.747714840975535E-4
39710,5.743359052112335E-4
39715,5.739046314981464E-4
39720,5.734776307677156E-4
39725,5.730548710264613E-4
39730,5.726363204774628E-4
39735,5.722219475203537E-4
39740,5.718117207509643E-4
39745,5.714056089612488E-4
39750,5.710035811390549E-4
39755,5.706056064679052E-4
39760,5.702116543269949E-4
39765,5.698216942909242E-4
39770,5.69435696129899E-4
39775,5.690536298091161E-4
39780,5.686754654896752E-4
39785,5.683011735271786E-4
39790,5.679307244730664E-4
39795,5.67564089073543E-4
39800,5.672012382705514E-4
39805,5.668421432009626E-4
39810,5.664867751972349E-4
39815,5.661351057870017E-4
39820,5.657871066936358E-4
39825,5.654427504479767E-4
39830,5.651020079415257E-4
39835,5.64764852096064E-4
39840,5.644312554181804E-4
39845,5.641011906107E-4
39850,5.6377463057284E-4
39855,5.634515484003267E-4
39860,5.631319173857338E-4
39865,5.628157110187489E-4
39870,5.625029029862363E-4
39875,5.621934671725929E-4
39880,5.618873776601638E-4
39885,5.61584608729306E-4
39890,5.612851348585777E-4
39895,5.609889307254748E-4
39900,5.606959712066747E-4
39905,5.604062313778233E-4
39910,5.601196865141026E-4
39915,5.598363120914735E-4
39920,5.595560837857401E-4
39925,5.592789774736761E-4
39930,5.590049692333115E-4
39935,5.587340353441015E-4
39940,5.584661522877102E-4
39945,5.58201296748063E-4
39950,5.579394456118012E-4
39955,5.576805759692788E-4
39960,5.574246651142143E-4
39965,5.571716905447059E-4
39970,5.569216299630719E-4
39975,5.566744612780253E-4
39980,5.564301626015892E-4
39985,5.561887122543641E-4
39990,5.559500887615652E-4
39995,5.557142708568846E-4
40000,5.554812374807847E-4
