% Model,spaceplate_final_3d_TA.mph
% Version,COMSOL 6.2.0.415
% Date,"Aug 15 2025, 17:59"
% Table,Table 35 - Surface Average 2
% theta0 (deg),"freq=5000 Hz, abs(acpr.p_t)^2 (kg^2/(m^2*s^4))","freq=5150 Hz, abs(acpr.p_t)^2 (kg^2/(m^2*s^4))","freq=5300 Hz, abs(acpr.p_t)^2 (kg^2/(m^2*s^4))","freq=5450 Hz, abs(acpr.p_t)^2 (kg^2/(m^2*s^4))","freq=5600 Hz, abs(acpr.p_t)^2 (kg^2/(m^2*s^4))","freq=5750 Hz, abs(acpr.p_t)^2 (kg^2/(m^2*s^4))","freq=5900 Hz, abs(acpr.p_t)^2 (kg^2/(m^2*s^4))","freq=6050 Hz, abs(acpr.p_t)^2 (kg^2/(m^2*s^4))","freq=6200 Hz, abs(acpr.p_t)^2 (kg^2/(m^2*s^4))","freq=6350 Hz, abs(acpr.p_t)^2 (kg^2/(m^2*s^4))","freq=6500 Hz, abs(acpr.p_t)^2 (kg^2/(m^2*s^4))","freq=6650 Hz, abs(acpr.p_t)^2 (kg^2/(m^2*s^4))","freq=6800 Hz, abs(acpr.p_t)^2 (kg^2/(m^2*s^4))","freq=6950 Hz, abs(acpr.p_t)^2 (kg^2/(m^2*s^4))","freq=7100 Hz, abs(acpr.p_t)^2 (kg^2/(m^2*s^4))","freq=7250 Hz, abs(acpr.p_t)^2 (kg^2/(m^2*s^4))","freq=7400 Hz, abs(acpr.p_t)^2 (kg^2/(m^2*s^4))","freq=7550 Hz, abs(acpr.p_t)^2 (kg^2/(m^2*s^4))","freq=7700 Hz, abs(acpr.p_t)^2 (kg^2/(m^2*s^4))","freq=7850 Hz, abs(acpr.p_t)^2 (kg^2/(m^2*s^4))","freq=8000 Hz, abs(acpr.p_t)^2 (kg^2/(m^2*s^4))","freq=8150 Hz, abs(acpr.p_t)^2 (kg^2/(m^2*s^4))","freq=8300 Hz, abs(acpr.p_t)^2 (kg^2/(m^2*s^4))","freq=8450 Hz, abs(acpr.p_t)^2 (kg^2/(m^2*s^4))","freq=8600 Hz, abs(acpr.p_t)^2 (kg^2/(m^2*s^4))","freq=8750 Hz, abs(acpr.p_t)^2 (kg^2/(m^2*s^4))","freq=8900 Hz, abs(acpr.p_t)^2 (kg^2/(m^2*s^4))","freq=9050 Hz, abs(acpr.p_t)^2 (kg^2/(m^2*s^4))","freq=9200 Hz, abs(acpr.p_t)^2 (kg^2/(m^2*s^4))","freq=9350 Hz, abs(acpr.p_t)^2 (kg^2/(m^2*s^4))","freq=9500 Hz, abs(acpr.p_t)^2 (kg^2/(m^2*s^4))","freq=9650 Hz, abs(acpr.p_t)^2 (kg^2/(m^2*s^4))","freq=9800 Hz, abs(acpr.p_t)^2 (kg^2/(m^2*s^4))","freq=9950 Hz, abs(acpr.p_t)^2 (kg^2/(m^2*s^4))","freq=10100 Hz, abs(acpr.p_t)^2 (kg^2/(m^2*s^4))","freq=10250 Hz, abs(acpr.p_t)^2 (kg^2/(m^2*s^4))","freq=10400 Hz, abs(acpr.p_t)^2 (kg^2/(m^2*s^4))","freq=10550 Hz, abs(acpr.p_t)^2 (kg^2/(m^2*s^4))","freq=10700 Hz, abs(acpr.p_t)^2 (kg^2/(m^2*s^4))","freq=10850 Hz, abs(acpr.p_t)^2 (kg^2/(m^2*s^4))","freq=11000 Hz, abs(acpr.p_t)^2 (kg^2/(m^2*s^4))","freq=11150 Hz, abs(acpr.p_t)^2 (kg^2/(m^2*s^4))","freq=11300 Hz, abs(acpr.p_t)^2 (kg^2/(m^2*s^4))","freq=11450 Hz, abs(acpr.p_t)^2 (kg^2/(m^2*s^4))","freq=11600 Hz, abs(acpr.p_t)^2 (kg^2/(m^2*s^4))","freq=11750 Hz, abs(acpr.p_t)^2 (kg^2/(m^2*s^4))","freq=11900 Hz, abs(acpr.p_t)^2 (kg^2/(m^2*s^4))","freq=12050 Hz, abs(acpr.p_t)^2 (kg^2/(m^2*s^4))","freq=12200 Hz, abs(acpr.p_t)^2 (kg^2/(m^2*s^4))","freq=12350 Hz, abs(acpr.p_t)^2 (kg^2/(m^2*s^4))","freq=12500 Hz, abs(acpr.p_t)^2 (kg^2/(m^2*s^4))","freq=12650 Hz, abs(acpr.p_t)^2 (kg^2/(m^2*s^4))","freq=12800 Hz, abs(acpr.p_t)^2 (kg^2/(m^2*s^4))","freq=12950 Hz, abs(acpr.p_t)^2 (kg^2/(m^2*s^4))","freq=13100 Hz, abs(acpr.p_t)^2 (kg^2/(m^2*s^4))","freq=13250 Hz, abs(acpr.p_t)^2 (kg^2/(m^2*s^4))","freq=13400 Hz, abs(acpr.p_t)^2 (kg^2/(m^2*s^4))","freq=13550 Hz, abs(acpr.p_t)^2 (kg^2/(m^2*s^4))","freq=13700 Hz, abs(acpr.p_t)^2 (kg^2/(m^2*s^4))","freq=13850 Hz, abs(acpr.p_t)^2 (kg^2/(m^2*s^4))","freq=14000 Hz, abs(acpr.p_t)^2 (kg^2/(m^2*s^4))","freq=14150 Hz, abs(acpr.p_t)^2 (kg^2/(m^2*s^4))","freq=14300 Hz, abs(acpr.p_t)^2 (kg^2/(m^2*s^4))","freq=14450 Hz, abs(acpr.p_t)^2 (kg^2/(m^2*s^4))","freq=14600 Hz, abs(acpr.p_t)^2 (kg^2/(m^2*s^4))","freq=14750 Hz, abs(acpr.p_t)^2 (kg^2/(m^2*s^4))","freq=14900 Hz, abs(acpr.p_t)^2 (kg^2/(m^2*s^4))","freq=15050 Hz, abs(acpr.p_t)^2 (kg^2/(m^2*s^4))","freq=15200 Hz, abs(acpr.p_t)^2 (kg^2/(m^2*s^4))","freq=15350 Hz, abs(acpr.p_t)^2 (kg^2/(m^2*s^4))","freq=15500 Hz, abs(acpr.p_t)^2 (kg^2/(m^2*s^4))","freq=15650 Hz, abs(acpr.p_t)^2 (kg^2/(m^2*s^4))","freq=15800 Hz, abs(acpr.p_t)^2 (kg^2/(m^2*s^4))","freq=15950 Hz, abs(acpr.p_t)^2 (kg^2/(m^2*s^4))","freq=16100 Hz, abs(acpr.p_t)^2 (kg^2/(m^2*s^4))","freq=16250 Hz, abs(acpr.p_t)^2 (kg^2/(m^2*s^4))","freq=16400 Hz, abs(acpr.p_t)^2 (kg^2/(m^2*s^4))","freq=16550 Hz, abs(acpr.p_t)^2 (kg^2/(m^2*s^4))","freq=16700 Hz, abs(acpr.p_t)^2 (kg^2/(m^2*s^4))","freq=16850 Hz, abs(acpr.p_t)^2 (kg^2/(m^2*s^4))","freq=17000 Hz, abs(acpr.p_t)^2 (kg^2/(m^2*s^4))","freq=17150 Hz, abs(acpr.p_t)^2 (kg^2/(m^2*s^4))","freq=17300 Hz, abs(acpr.p_t)^2 (kg^2/(m^2*s^4))","freq=17450 Hz, abs(acpr.p_t)^2 (kg^2/(m^2*s^4))","freq=17600 Hz, abs(acpr.p_t)^2 (kg^2/(m^2*s^4))","freq=17750 Hz, abs(acpr.p_t)^2 (kg^2/(m^2*s^4))","freq=17900 Hz, abs(acpr.p_t)^2 (kg^2/(m^2*s^4))","freq=18050 Hz, abs(acpr.p_t)^2 (kg^2/(m^2*s^4))","freq=18200 Hz, abs(acpr.p_t)^2 (kg^2/(m^2*s^4))","freq=18350 Hz, abs(acpr.p_t)^2 (kg^2/(m^2*s^4))","freq=18500 Hz, abs(acpr.p_t)^2 (kg^2/(m^2*s^4))","freq=18650 Hz, abs(acpr.p_t)^2 (kg^2/(m^2*s^4))","freq=18800 Hz, abs(acpr.p_t)^2 (kg^2/(m^2*s^4))","freq=18950 Hz, abs(acpr.p_t)^2 (kg^2/(m^2*s^4))","freq=19100 Hz, abs(acpr.p_t)^2 (kg^2/(m^2*s^4))","freq=19250 Hz, abs(acpr.p_t)^2 (kg^2/(m^2*s^4))","freq=19400 Hz, abs(acpr.p_t)^2 (kg^2/(m^2*s^4))","freq=19550 Hz, abs(acpr.p_t)^2 (kg^2/(m^2*s^4))","freq=19700 Hz, abs(acpr.p_t)^2 (kg^2/(m^2*s^4))","freq=19850 Hz, abs(acpr.p_t)^2 (kg^2/(m^2*s^4))","freq=20000 Hz, abs(acpr.p_t)^2 (kg^2/(m^2*s^4))","freq=20150 Hz, abs(acpr.p_t)^2 (kg^2/(m^2*s^4))","freq=20300 Hz, abs(acpr.p_t)^2 (kg^2/(m^2*s^4))","freq=20450 Hz, abs(acpr.p_t)^2 (kg^2/(m^2*s^4))","freq=20600 Hz, abs(acpr.p_t)^2 (kg^2/(m^2*s^4))","freq=20750 Hz, abs(acpr.p_t)^2 (kg^2/(m^2*s^4))","freq=20900 Hz, abs(acpr.p_t)^2 (kg^2/(m^2*s^4))","freq=21050 Hz, abs(acpr.p_t)^2 (kg^2/(m^2*s^4))","freq=21200 Hz, abs(acpr.p_t)^2 (kg^2/(m^2*s^4))","freq=21350 Hz, abs(acpr.p_t)^2 (kg^2/(m^2*s^4))","freq=21500 Hz, abs(acpr.p_t)^2 (kg^2/(m^2*s^4))","freq=21650 Hz, abs(acpr.p_t)^2 (kg^2/(m^2*s^4))","freq=21800 Hz, abs(acpr.p_t)^2 (kg^2/(m^2*s^4))","freq=21950 Hz, abs(acpr.p_t)^2 (kg^2/(m^2*s^4))","freq=22100 Hz, abs(acpr.p_t)^2 (kg^2/(m^2*s^4))","freq=22250 Hz, abs(acpr.p_t)^2 (kg^2/(m^2*s^4))","freq=22400 Hz, abs(acpr.p_t)^2 (kg^2/(m^2*s^4))","freq=22550 Hz, abs(acpr.p_t)^2 (kg^2/(m^2*s^4))","freq=22700 Hz, abs(acpr.p_t)^2 (kg^2/(m^2*s^4))","freq=22850 Hz, abs(acpr.p_t)^2 (kg^2/(m^2*s^4))","freq=23000 Hz, abs(acpr.p_t)^2 (kg^2/(m^2*s^4))","freq=23150 Hz, abs(acpr.p_t)^2 (kg^2/(m^2*s^4))","freq=23300 Hz, abs(acpr.p_t)^2 (kg^2/(m^2*s^4))","freq=23450 Hz, abs(acpr.p_t)^2 (kg^2/(m^2*s^4))","freq=23600 Hz, abs(acpr.p_t)^2 (kg^2/(m^2*s^4))","freq=23750 Hz, abs(acpr.p_t)^2 (kg^2/(m^2*s^4))","freq=23900 Hz, abs(acpr.p_t)^2 (kg^2/(m^2*s^4))","freq=24050 Hz, abs(acpr.p_t)^2 (kg^2/(m^2*s^4))","freq=24200 Hz, abs(acpr.p_t)^2 (kg^2/(m^2*s^4))","freq=24350 Hz, abs(acpr.p_t)^2 (kg^2/(m^2*s^4))","freq=24500 Hz, abs(acpr.p_t)^2 (kg^2/(m^2*s^4))","freq=24650 Hz, abs(acpr.p_t)^2 (kg^2/(m^2*s^4))","freq=24800 Hz, abs(acpr.p_t)^2 (kg^2/(m^2*s^4))","freq=24950 Hz, abs(acpr.p_t)^2 (kg^2/(m^2*s^4))","freq=25100 Hz, abs(acpr.p_t)^2 (kg^2/(m^2*s^4))","freq=25250 Hz, abs(acpr.p_t)^2 (kg^2/(m^2*s^4))","freq=25400 Hz, abs(acpr.p_t)^2 (kg^2/(m^2*s^4))","freq=25550 Hz, abs(acpr.p_t)^2 (kg^2/(m^2*s^4))","freq=25700 Hz, abs(acpr.p_t)^2 (kg^2/(m^2*s^4))","freq=25850 Hz, abs(acpr.p_t)^2 (kg^2/(m^2*s^4))","freq=26000 Hz, abs(acpr.p_t)^2 (kg^2/(m^2*s^4))","freq=26150 Hz, abs(acpr.p_t)^2 (kg^2/(m^2*s^4))","freq=26300 Hz, abs(acpr.p_t)^2 (kg^2/(m^2*s^4))","freq=26450 Hz, abs(acpr.p_t)^2 (kg^2/(m^2*s^4))","freq=26600 Hz, abs(acpr.p_t)^2 (kg^2/(m^2*s^4))","freq=26750 Hz, abs(acpr.p_t)^2 (kg^2/(m^2*s^4))","freq=26900 Hz, abs(acpr.p_t)^2 (kg^2/(m^2*s^4))","freq=27050 Hz, abs(acpr.p_t)^2 (kg^2/(m^2*s^4))","freq=27200 Hz, abs(acpr.p_t)^2 (kg^2/(m^2*s^4))","freq=27350 Hz, abs(acpr.p_t)^2 (kg^2/(m^2*s^4))","freq=27500 Hz, abs(acpr.p_t)^2 (kg^2/(m^2*s^4))","freq=27650 Hz, abs(acpr.p_t)^2 (kg^2/(m^2*s^4))","freq=27800 Hz, abs(acpr.p_t)^2 (kg^2/(m^2*s^4))","freq=27950 Hz, abs(acpr.p_t)^2 (kg^2/(m^2*s^4))","freq=28100 Hz, abs(acpr.p_t)^2 (kg^2/(m^2*s^4))","freq=28250 Hz, abs(acpr.p_t)^2 (kg^2/(m^2*s^4))","freq=28400 Hz, abs(acpr.p_t)^2 (kg^2/(m^2*s^4))","freq=28550 Hz, abs(acpr.p_t)^2 (kg^2/(m^2*s^4))","freq=28700 Hz, abs(acpr.p_t)^2 (kg^2/(m^2*s^4))","freq=28850 Hz, abs(acpr.p_t)^2 (kg^2/(m^2*s^4))","freq=29000 Hz, abs(acpr.p_t)^2 (kg^2/(m^2*s^4))","freq=29150 Hz, abs(acpr.p_t)^2 (kg^2/(m^2*s^4))","freq=29300 Hz, abs(acpr.p_t)^2 (kg^2/(m^2*s^4))","freq=29450 Hz, abs(acpr.p_t)^2 (kg^2/(m^2*s^4))","freq=29600 Hz, abs(acpr.p_t)^2 (kg^2/(m^2*s^4))","freq=29750 Hz, abs(acpr.p_t)^2 (kg^2/(m^2*s^4))","freq=29900 Hz, abs(acpr.p_t)^2 (kg^2/(m^2*s^4))"
0,0.1327750144342499,0.10688298097653509,0.08686568595511454,0.07127151761274592,0.05901615660805957,0.04929626609850469,0.04151713340409688,0.035236870522882546,0.030125039810252937,0.02593254530447611,0.02246989782276485,0.01959155771522033,0.0171846401224082,0.015160738095920175,0.013449972598260944,0.011996635253716921,0.01075597334752605,0.00969179695811127,0.008774680443974057,0.0079805958260108,0.00728986180057115,0.006686324826292583,0.006156711981360324,0.00569011196026733,0.005277552684630952,0.004911652910890522,0.004586331821448926,0.00429656544500735,0.004038182220776863,0.0038076923532499303,0.0036021470237471713,0.0034190242616613867,0.003256138566062006,0.00311157142252226,0.002983619849979115,0.002870760143654782,0.002771624093267792,0.0026849851418747936,0.0026097521748254544,0.0025449688544637436,0.0024898166255637177,0.0024436197150912403,0.0024058506651910097,0.002376135206603308,0.0023542556297041946,0.0023401522488429756,0.0023339230614129254,0.0023358222319162826,0.0023462585309335458,0.0023657952887715075,0.002395153771936206,0.0024352221837966683,0.0024870727926104967,0.0025519900942390723,0.0026315135392904494,0.0027274993323838214,0.002842207316682265,0.002978421230749185,0.0031396140407509063,0.003330175223143738,0.0035557248356913383,0.0038235517313453056,0.004143233383529464,0.004527527853272221,0.004993684088662803,0.005565412965291993,0.006275932899888775,0.007172820053248284,0.008326000019307745,0.009841437223364948,0.01188566053038648,0.014732076834160644,0.018854082711981676,0.02512698888052741,0.03530853080595623,0.05332138480019957,0.089185867824681,0.1728463195667886,0.39499399228949433,0.6760294308053296,0.3808543062917708,0.16840250540892798,0.08808155852705192,0.05326049371596705,0.03561469443814709,0.025575596139390807,0.01936339390099648,0.015272038731587593,0.01244703706605876,0.010424109782911903,0.008934135494641476,0.00781275654626722,0.006955238079540667,0.006292494404139602,0.005777689388750636,0.00537842295071464,0.005072016099420694,0.004842592604778825,0.004679248686737862,0.004574914394841152,0.004525683778621344,0.00453049444748779,0.004591106679698742,0.004712389397999619,0.004902981946095178,0.005176486201190459,0.005553484652224173,0.006064937760156363,0.006758018875538216,0.007706497409921814,0.009030120524459869,0.010933042423898674,0.013785980141728434,0.018319354242521506,0.0261366125387846,0.041320891597612354,0.07673023352732396,0.18698980454862524,0.5907640248050756,0.3912520522061978,0.11966218341896008,0.051457184300642424,0.02775477385474624,0.01715821905947253,0.011600698001751751,0.008356117244341944,0.006311772384109608,0.004948517671791812,0.003998933530622464,0.0033143780594083027,0.002807102239578029,0.0024227169395112736,0.0021261310798739055,0.0018939375248318282,0.001710083855517048,0.0015633069272714456,0.0014455579164081237,0.0013510056196712492,0.0012753890705528798,0.0012155877731184238,0.0011693315141670711,0.0011350023971421436,0.001111499879772633,0.0010981507289931356,0.001094652904662868,0.0011010471802341672,0.0011177138736537771,0.001145395130772779,0.0011852463942934946,0.0012389246659975839,0.0013087268198219352,0.001397799952555346,0.0015104599984945121,0.001652679049178505,0.0018328445913997078,0.002062972423610374,0.0023607054812557044,0.0027527330599861934,0.0032809060768250018,0.004013773483295678,0.005069800213312883,0.006667982980337542,0.009249952625387452,0.013816329368381083,0.023038342263872656,0.04605065354955414,0.12968835747340932
1,0.13296126435965944,0.10702341269533333,0.08697037722551544,0.07134950206243389,0.05907496865326739,0.049341845692518475,0.041553923932310326,0.035268013349912364,0.030152603500882537,0.025957767309164912,0.022493405776810985,0.01961356653276717,0.01720511528046623,0.015179524059100214,0.013466888276896566,0.012011537118584372,0.010768793340683687,0.009702559553187549,0.008783500826410322,0.007987668527432391,0.007295440391116623,0.006690698238477647,0.0061601797489214865,0.0056929607212653395,0.005280036716817182,0.00491397940244704,0.004588651617049025,0.0042989705115408505,0.0040407077636719045,0.0038103244153587295,0.0036048328665685848,0.003421685103394179,0.003258682815663226,0.0031139073483711574,0.0029856663910057053,0.002872455544086929,0.0027729318740792974,0.002685896762656645,0.002610287096492944,0.002545171596509494,0.0024897517730999123,0.00244336495907953,0.0024054887934223425,0.002375745791021031,0.002353907044921839,0.0023398948750012315,0.0023337842427141103,0.002335803440728926,0.0023463348686571326,0.0023659172332786316,0.002395250861293408,0.0024352084841581675,0.0024868533513144318,0.0025514677120668343,0.002630595643287232,0.002726104186686266,0.0028402686432154804,0.0029758910029578887,0.0031364627656399486,0.0033263889670136723,0.0035512981742295904,0.003818475887663789,0.004137478700818219,0.004521019032773563,0.004986265235950709,0.005556798749106477,0.006265637527433246,0.007160049015837889,0.008309477440325168,0.009819111193319947,0.011854173332282275,0.014685746389886309,0.01878280049020545,0.025011501866573645,0.035108722988420646,0.05294332592035576,0.0883746836316616,0.17079711396461694,0.3896660932027956,0.6762837707168812,0.38609317666923987,0.17042781287872022,0.0889088265185318,0.05366387527068555,0.03584073119756214,0.025715670319004926,0.01945669219763212,0.015337446481266406,0.012494548932326524,0.010459443669150772,0.008960791429338696,0.007833010920820718,0.0069706551273161586,0.006304202006101667,0.005786534220095532,0.005385059013014122,0.005076956202871274,0.004846237721917299,0.0046819040137099956,0.0045767969462313695,0.004526924423452805,0.004531135767268513,0.0045910970237270695,0.004711571987211538,0.004901076729460164,0.0051730596844390235,0.0055478987221224355,0.006056261752122048,0.0067448735198746695,0.007686768035679412,0.00900040391416489,0.010887511525570806,0.013713859018663548,0.018198693111721603,0.025916721250255556,0.040862889178606365,0.07554897284813501,0.18275620714129917,0.5795930494474707,0.40220896134108364,0.12233867987191786,0.05228220009559185,0.028097771826485013,0.017330521517339926,0.011698516717167585,0.008416428245661425,0.006351161312578667,0.004975328438548266,0.004017753078407072,0.003327911835153436,0.0028170384103489276,0.002430157038663118,0.0021318192176274587,0.001898390163319848,0.0017136683403290618,0.0015662927400166432,0.0014481475226088107,0.0013533259423175769,0.00127744406155746,0.0012173212811122348,0.001170737902415609,0.0011361046741167494,0.0011123145911604516,0.0010986823939307,0.0010948971120849998,0.0011009934315512175,0.0011173467463740268,0.0011446938509931778,0.0011841829658282995,0.00123746049955151,0.0013068075551168252,0.0013953478346303851,0.0015073626112875628,0.0016487723374747146,0.0018278865702234554,0.0020566010339459315,0.0023523684203772136,0.00274156572984805,0.003265508353165101,0.003991776575561943,0.005036964491135795,0.006616146905853522,0.009161819913993206,0.013650116215062633,0.02267229275321313,0.04501173715362209,0.12504549821561153
2,0.13352219614673982,0.10744647718056405,0.08728579096817649,0.07158441085156014,0.059252045735385575,0.049478978620896674,0.04166450529097825,0.0353615181343052,0.03023529488571954,0.02603340037864302,0.02256389905913937,0.019679586711458377,0.01726657071637897,0.01523594968918287,0.013517734506780319,0.012056364235660927,0.010807386807897381,0.00973498082502459,0.008810086549634041,0.008008995183349521,0.007312264424157487,0.006703883682580701,0.006170624268383613,0.005701525103382445,0.005287486115436577,0.004920938925927733,0.004595579714487176,0.004306148411343515,0.004048247560034095,0.003818189391368731,0.0036128690372090677,0.003429658374272186,0.0032663190054212908,0.0031209300364237295,0.002991830240443182,0.0028775725167913464,0.0027768890539426813,0.002688665430572195,0.0026119223780048544,0.002545804334925271,0.0024895733925046383,0.0024426067375769647,0.002404398335614762,0.0023745618829787533,0.0023528362355972553,0.002339090830814884,0.002333332559683845,0.002335712626516085,0.0023465341611542947,0.0023662614844181242,0.002395531535038219,0.002435169349637839,0.002486209850520067,0.002549927812489624,0.002627880286734603,0.002721965688188283,0.002834505122033476,0.00296835485568531,0.0031270617072985075,0.003315076960119537,0.003538055282474463,0.0038032738364390077,0.0041202288006903995,0.004501498929690986,0.004964016079455329,0.005530980193255888,0.006234816455468783,0.007121880132521399,0.008260190428900603,0.00975264328265965,0.01176060887054782,0.014548325365399255,0.018571759355165567,0.024670289914470633,0.03451988303789709,0.05183296827298207,0.08600333521283253,0.164837474961733,0.3740231462828653,0.6754712836070019,0.40215734086501287,0.17669782596766354,0.09145561266558914,0.0548993889405471,0.03653051272665295,0.026142037640958137,0.01974019830939474,0.015535989528856348,0.012638682762602146,0.010566604776667772,0.009041630222956558,0.00789444151920149,0.007017420613269446,0.006339718721389269,0.005813363749903305,0.0054051794925515624,0.005091918969424783,0.004857257434671992,0.004689907884601307,0.004582448499363969,0.004530630043331171,0.004533038588609457,0.004591058773425578,0.004709140615904693,0.004895432613866346,0.005162926313088532,0.005531392928248836,0.006030635491271211,0.006706057307793241,0.0076285329621940175,0.008912748882718525,0.01075336163271603,0.013501751631315237,0.01784483472333725,0.025274685483100454,0.039534899348734054,0.07216236069322503,0.17080431450834765,0.5447200004666626,0.4363930456944182,0.13086486732227234,0.05487009030183377,0.029162819763281438,0.017862147263056835,0.011999076846088428,0.008601218440452479,0.006471605796860597,0.005057187880492132,0.004075142428711315,0.003369134807272029,0.00284726603876051,0.0024527582703308477,0.002149067564578307,0.0019118628288070099,0.0017244874171190932,0.0015752825061586871,0.0014559304215882778,0.0013602990197665121,0.001283630304938664,0.0012225505917475433,0.0011749887623265637,0.0011394447869316083,0.0011147939034288513,0.001100314896044945,0.001095669719591328,0.001100874554482127,0.0011162899688024438,0.0011426368562805964,0.0011810421431970378,0.0012331210837300747,0.0013011084808077361,0.001388059342671622,0.0014981531844695652,0.0016371589470219531,0.0018131576698571265,0.0020376933895965153,0.0023276624743383957,0.0027085305880810667,0.003220054474900867,0.003927004404397901,0.004940569597300624,0.006464553284185975,0.008905375871886959,0.01316991101292998,0.021626210931789014,0.04209715770708258,0.11244435363057043
3.0000000000000004,0.13446453659155477,0.108157659100794,0.08781614276803137,0.07197931336596719,0.05954948810412643,0.049708996293513816,0.04184963272981883,0.03551774836230906,0.030373233638353998,0.026159455298477047,0.022681380221767345,0.019789686397983876,0.017369175217897204,0.015330293761846449,0.013602883961601324,0.012131553371250176,0.01087222056656919,0.009789524097764813,0.008854871539726908,0.008044959741149585,0.007340653981430695,0.006726129783302165,0.0061882198159332906,0.005715907417472076,0.005299938238322606,0.004932516030782613,0.004607062419835752,0.004318026129450367,0.004060727298402191,0.003831228185778315,0.0036262238242304404,0.003442947585405384,0.003279087793094192,0.0031327144582399837,0.003002214301821857,0.002886233222839277,0.002783627681203572,0.002693423051371112,0.0026147805678087975,0.002546971885023539,0.0024893612313443437,0.0024413946838357,0.002402595978962935,0.0023725679382542125,0.0023509993686471,0.0023376756172796896,0.002332493345979137,0.002335476835098667,0.002346797466293338,0.002366794027457493,0.0023959948733863587,0.0024351423066834785,0.0024852202111912223,0.0025474872329854133,0.002623519163659391,0.00271526394826533,0.002825116739654966,0.002956022467993847,0.0031116186725831003,0.0032964338388251097,0.003516167653171513,0.003778087536560183,0.004091597237237964,0.0044690646208420375,0.004927044114146856,0.00548812213359387,0.006183767292056411,0.007058857500999989,0.008179105458566049,0.009643702467525538,0.011607810170353113,0.014324682415869944,0.018229513840655933,0.02411913318146798,0.03357342166281724,0.050060095489718744,0.08225173425446566,0.1555081285868055,0.34917450137563355,0.6690328371306099,0.4300483620210949,0.1878405142356717,0.09593163519200691,0.05704848335762037,0.03772142684116687,0.026874395349846324,0.020225516758247113,0.015875152496412463,0.012884621764227687,0.010749377724258938,0.009179517357608788,0.007999265881543309,0.007097267039970132,0.006400395506702543,0.005859218195760219,0.005439565090382285,0.005117466840081287,0.004876032567078569,0.004703495821912257,0.004591997722122788,0.004536864679131916,0.004536248913126929,0.0045910712518742935,0.004705264359071168,0.00488637135555441,0.005146634850222713,0.005504837389201705,0.0059893829933408095,0.00664355229042884,0.00753477285502577,0.008771745421613618,0.01053797337173245,0.013162319118549638,0.017281571555149623,0.024261273062926504,0.03746668801576356,0.06700219761031478,0.15315169011446064,0.4851682997254524,0.49673127867936023,0.14693253894327427,0.05959661063444377,0.03106777246420706,0.018800700939425763,0.012525235063196586,0.008922879357411637,0.006680433447000479,0.005198705700892502,0.004174128052417787,0.0034400887925437095,0.0028991816780437603,0.00249147679555044,0.0021785226200762647,0.00193478043569557,0.0017428073963683646,0.0015904334653571923,0.0014690012117976993,0.0013720073105418355,0.0012940540735751809,0.0012314028357119091,0.0011822188575049755,0.001145161463572991,0.0011190817954403547,0.0011031991656537598,0.0010971294446684092,0.0011008571795751761,0.0011147180066331138,0.0011394067949841596,0.001176016202107896,0.0012261117063830877,0.0012918542292863183,0.001376189224679189,0.0014831339732708914,0.001618216035006163,0.0017891528904966706,0.0020069302760144336,0.0022875640467857313,0.0026550832738452086,0.0031468002417607234,0.0038231064516486453,0.004786836104325347,0.006224544623383287,0.008503275454531486,0.012427172287926273,0.020041610872552327,0.03783470283921553,0.09515087306410153
4,0.13579960635561042,0.10916622382530575,0.0885685614424393,0.07253940097901661,0.0599708695688946,0.05003418434692523,0.042110622165402734,0.03573733470940256,0.030566634261563745,0.026335948966223804,0.022845847970229018,0.01994396441679788,0.017513195856458236,0.015463004889281776,0.013722945606962767,0.012237826721226532,0.010964071584861882,0.009866967580000361,0.008918586320189914,0.008096210716429686,0.007381151846060371,0.006757860492050468,0.006213266787228251,0.005736287860705904,0.0053174642779605825,0.004948691009519943,0.004623015289024746,0.0043344833601455255,0.004078021551549042,0.0038493381488798523,0.003644839339954748,0.003461552454877276,0.00329705097176215,0.0031493808296075483,0.0030169868372841306,0.0028986397555441773,0.0027933673938443475,0.0027003906720398873,0.0026190683811142634,0.0025488524800789353,0.0024892532778726106,0.0024398174375346265,0.0024001160534954237,0.0023697441419512776,0.002348328583073835,0.0023355453449919947,0.0023311429783957056,0.0023349727479709996,0.0023470221722790086,0.0023674515769533996,0.0023966318442278367,0.002435181860254906,0.002484006222449151,0.0025443336233213327,0.0026177591583065674,0.0027062947806774573,0.0028124344403677496,0.0029392433320569815,0.0030904831409526074,0.003270790067153138,0.003485929933448408,0.0037431648648960127,0.004051784853803571,0.004423886706399491,0.004875530645855382,0.0054284906666793396,0.006112958909990458,0.006971835554361827,0.008067742713518577,0.009494918731295267,0.011400261603694017,0.014022486566782448,0.017769489355937817,0.02338264018789431,0.032317848693475724,0.047731018197945264,0.07738917133653213,0.14360915261077487,0.31704136392459326,0.6500389997451246,0.4710374835213908,0.20503302364596526,0.10272809242490494,0.06026026800324357,0.039480806708403066,0.027947744422319915,0.02093304890431636,0.016367985318430853,0.01324135090527025,0.01101429991565173,0.009379394869148683,0.008151308304969624,0.007213185898581302,0.006488571440859238,0.005925905960554616,0.005489582304215393,0.005154594244906014,0.004903246671674534,0.004723099671385245,0.004605687086400365,0.00454574991236716,0.004540843466664936,0.004591250627635091,0.004700191886012382,0.004874378447014028,0.00512502917014523,0.005469586997351822,0.005934580738937655,0.0065604755470099075,0.007410171438489123,0.00858457841288184,0.010252818883796382,0.01271503676773417,0.01654496143377259,0.022951811538063804,0.034844922784023284,0.06066161839292505,0.13244504455058098,0.40614356886143643,0.5816458926797237,0.17411191747330568,0.06722190706175034,0.034041058969644815,0.020235795595117265,0.013319162402437447,0.00940395475155636,0.006990845261444194,0.005408131388006837,0.004320103531866016,0.0035444050463844757,0.002975268826409746,0.0025480162303552155,0.0022213409705982056,0.0019679077979165398,0.0017691110339810693,0.0016120311310117924,0.0014875268560215942,0.0013885862667213237,0.001308885709709027,0.0012440832844663097,0.001192647012970911,0.001153480610071129,0.0011254133645124337,0.0011075824713176635,0.0010995373423070326,0.0011012164374021533,0.0011129199064598212,0.0011353070138502303,0.0011694248252280817,0.0012167733453194876,0.00127941658742674,0.0013601564156861348,0.001462797613742856,0.0015925518881067186,0.0017566619686385783,0.0019653867539756995,0.002233600783388765,0.0025834817388306138,0.003049214970464558,0.0036856425965483943,0.004585132729289723,0.005912950638096372,0.007988452698395081,0.011494529570087876,0.01810935640618069,0.03288423886664357,0.07676463429960673
5,0.1375434662776967,0.11048538301611671,0.08955326177791458,0.07327215372090198,0.06052135406577172,0.050457867036877276,0.04244940179857962,0.036021228237858215,0.030815830078820158,0.026562914836003253,0.023057283643758558,0.02014252909715783,0.0176989701091975,0.015634681778605657,0.013878750258624848,0.012376183634713656,0.011084028157512466,0.009968407560671626,0.00900226787505594,0.008163674091439267,0.00743453854915323,0.006799690633012702,0.006246207290643356,0.005762938891468273,0.0053401818194170675,0.004969451550571533,0.004643329478160146,0.004355355400866807,0.00409995190128727,0.0038723669837500405,0.003668621885694745,0.0034854588223367463,0.0033202820159706583,0.003171086250251055,0.003036375467372487,0.002915070663999478,0.0028064148903282913,0.002709879787461227,0.0026250802997743765,0.0025517035173824305,0.0024894528022495004,0.0024380110014791574,0.0023970198995871593,0.002366075920506452,0.002344740355069207,0.0023325619297088107,0.002329111414787183,0.002334025019280613,0.0023470563671533083,0.002368132848783124,0.0023974137219734725,0.0024353471056195717,0.0024827216564408034,0.0025407142545917196,0.0026109332366240734,0.0026954628855847713,0.002796916165652194,0.0029185062935523183,0.0030641499291085015,0.0032386204816726998,0.003447772988838333,0.003698875804445827,0.0040010969741734285,0.004366223494130692,0.004809736590362107,0.005352442556380966,0.006022997800368186,0.006861908146693063,0.00792805065684575,0.00930967404560498,0.011143736048642642,0.013651594200847647,0.01720884946552284,0.022491977553163782,0.030813731984640973,0.04497577465097149,0.07173616001071462,0.13007196950126879,0.2802406928828301,0.6114859219073601,0.5254693464922015,0.23022332742245422,0.11249332732861612,0.06477528356268555,0.04191465204094626,0.029416088052219642,0.021893761685278075,0.017034047770185464,0.013722217513862838,0.011371028610061113,0.009648543593901795,0.008356200958188594,0.007369589572861379,0.006607708896514376,0.006016120102781228,0.005557284551715752,0.005204815968421361,0.004939961864253831,0.004749410255941324,0.0046239197556928536,0.004557492791325655,0.004546935752851077,0.004591731798392824,0.00469420786906787,0.004860032531284334,0.005099148399046456,0.005427346272508781,0.005868873482565146,0.006460819057247185,0.007260725851639878,0.008360399142041666,0.009912364123653225,0.012184088210218253,0.015678803279574015,0.021434956384390184,0.03187929648706046,0.05376119691093223,0.11122171681582932,0.32028050255607093,0.6654556653583663,0.21939301023345503,0.0791717522231511,0.03848462661671216,0.022318268452498288,0.014449697814351603,0.010080460405855323,0.007423614768716613,0.005698313105097141,0.004521413693595472,0.0036876820456462345,0.0030793539522184867,0.0026250074151983175,0.002279318302352071,0.0020124426149662495,0.0018041625412067888,0.0016405304125826274,0.0015117657128379312,0.00141022479667603,0.0013283510585359686,0.0012608659345008902,0.0012065674741229158,0.0011647071100812322,0.0011341070503216655,0.001113801444582751,0.0011032508976144412,0.001102331364825358,0.0011112959991640015,0.0011307593299380166,0.0011617134453753078,0.0012055807190496175,0.0012643108739970636,0.0013405366471374905,0.0014378126852518105,0.001560979492037328,0.0017167232434796118,0.00191445406689055,0.002167720984108081,0.002496567145107368,0.00293160650443135,0.003521417681207125,0.004346729845047536,0.005549571102179024,0.007398490339954457,0.010451288116478519,0.01602408200784374,0.027844527333415924,0.059911741751229965
6.000000000000001,0.1397171304705889,0.11213255550724036,0.09078378689676993,0.07418752448584345,0.06120786328515835,0.050984535465104654,0.042868623162987306,0.036370762388092934,0.031121313909794467,0.026840409363927325,0.023315640979259703,0.020385473107479124,0.017926875469931772,0.015846037347730758,0.014071324897388828,0.012547887427438134,0.011233486005989734,0.010095266570409838,0.00910727391078225,0.008248571588870789,0.007501852263530736,0.006852447050096932,0.00628764548074707,0.005796246270497926,0.0053682738719446595,0.0049948076573963435,0.004667882961314187,0.00438043741174116,0.004126285883342952,0.003900106597060849,0.003697430959637768,0.00351462499324325,0.0033488521046731285,0.003198013309902312,0.003060658680515217,0.002935875652683671,0.002823162135359704,0.0027222943643267425,0.002633203219218708,0.002555868654652054,0.0024902381546716332,0.0024361711554677845,0.00239340909206277,0.0023615674899554505,0.0023401472206449436,0.002328562841367885,0.002326186265283163,0.0023324049519308767,0.002346692043072744,0.002368686488028041,0.0023982771488379245,0.0024356845557340773,0.0024815348253555518,0.0025369202455332914,0.0026034466305910144,0.0026832712322795394,0.002779140107128068,0.002894437427973614,0.003033262604805789,0.003200553793544292,0.003402280154063714,0.0036457340442219363,0.0039399673177458626,0.004296442926146571,0.004730014581764134,0.005260418533895119,0.00591458847851942,0.006730323119729112,0.007762250590068117,0.009091837761270432,0.010844853510112247,0.013223291233187011,0.01656712300337215,0.021482184147686753,0.02912788834143499,0.041933922691176066,0.06562391008586264,0.11582357348824375,0.24170481102682503,0.5504693533353999,0.5896184082792222,0.2664720608384442,0.12627047845189612,0.07096771390514961,0.04518262997966444,0.03135861958003562,0.023152078097962808,0.01790091477495557,0.014345800384545516,0.011832898068796406,0.009996975160129576,0.008621681684177353,0.007572550496616772,0.006762592217277547,0.006133607651954772,0.005645559535877612,0.005270296062334384,0.004987731145917742,0.004783471600205677,0.0046473335064550194,0.004572435342639841,0.004554696518507265,0.004592655889997084,0.004687584509625253,0.004843918658693574,0.00507009928687232,0.005379994275826944,0.00579523790272883,0.006349121316708364,0.007093265228261141,0.008109569908771196,0.009532785734397777,0.011595985340701,0.014729742489257977,0.01980124494795655,0.02877090314666468,0.04683965301103697,0.09137778304649455,0.2412241891485715,0.6759624159575116,0.29600694093361934,0.09816458437380449,0.045102884480051966,0.025296914619450994,0.01602570733477984,0.011007687823293033,0.008009971883730146,0.006088288180785547,0.004790306334236217,0.0038780925406626944,0.0032170133269190707,0.0027262916638108666,0.0023550920686587784,0.0020701621442340648,0.0018491122740805436,0.0016766251752666308,0.0015421045638863303,0.0014371734442010665,0.0013527232619475011,0.0012820817747427576,0.0012243381466865845,0.0011792130007510526,0.001145552967492472,0.0011222710953654594,0.0011087144265043525,0.0011046770311713152,0.0011103518784985327,0.0011262996652256795,0.0011534499394672407,0.0011931390869928454,0.0012471912795374116,0.0013180537984477012,0.001409007361253168,0.0015244866671142634,0.0016705713316596928,0.001855750656499772,0.0020921447777836177,0.0023975153533573653,0.0027987008608271516,0.003337750202872554,0.004083469224580831,0.005154599340808594,0.006770190078989875,0.009370637049320209,0.013949361580046662,0.023140806420650063,0.04585678982575722
7,0.14234685146686743,0.11412968629908171,0.09227730666653353,0.07529822840895058,0.062039307846722944,0.05162003686884529,0.04337178577061816,0.036787749481288996,0.03148379030750777,0.02716853482114124,0.02362083391213069,0.020672837628652706,0.018197280526200784,0.016097857453055343,0.01430185848040226,0.012754444326086193,0.011414143466344054,0.01024930050176587,0.009235298722953299,0.008352442952985524,0.007584414330687384,0.006917195493690327,0.006338376196843767,0.005836734936242475,0.00540201393117842,0.00502481307247397,0.004696555674260329,0.004409494116625619,0.004156736601781581,0.003932283868193426,0.0037310655139891884,0.0035489639590608113,0.0033828123906898314,0.0032303534996969917,0.003090153022072055,0.0029614682520027083,0.0028440836383537807,0.0027381319369353717,0.002643921402233986,0.0025617866811702508,0.0024919744660741945,0.0024345671614790453,0.0023894418520877037,0.002356258824606993,0.0023344744511690357,0.0023233735636526876,0.002322120978913645,0.0023298314268747674,0.002345658186502887,0.0023688977054579954,0.0023991045650587676,0.0024362060771607507,0.0024806056438834204,0.002533264634275183,0.002595758012607577,0.0026703062027613406,0.0027597945882393993,0.002867795694299372,0.002998615361121425,0.0031573821596842353,0.0033502044930629766,0.0035844217359476097,0.0038689881737681334,0.004215052236017564,0.00463683046323084,0.00515294440645947,0.0057885010367907525,0.006578393860771592,0.007572667459429486,0.008845476938746323,0.010510597588492182,0.01274947210075188,0.01586474826611881,0.02038940923919311,0.027327673526606554,0.0387413318112312,0.05935922162087631,0.10167349441465767,0.20414804062243475,0.4716172182230436,0.6495993427130158,0.31832983031192974,0.14574373098072477,0.07941944036585845,0.04952337744870395,0.033889793356966354,0.024770433497521165,0.0190064748278065,0.015137197943443644,0.012417721751123701,0.010437984748712608,0.00895800715893629,0.007830130008987498,0.006959600322464905,0.006283400746379242,0.005758328907367325,0.005354022837451435,0.005048751517528531,0.004826813515655314,0.0046769095870528785,0.004591135284371825,0.004564400064851525,0.0045941758266354535,0.004680541154244962,0.004826538377307398,0.005038913452145881,0.005329384040337084,0.005716711268493622,0.006230097916357226,0.0069149261325619615,0.00784287019507433,0.009130678149753288,0.010977286182090323,0.01374286760180398,0.018133697290588776,0.025689765243553767,0.04029425036874906,0.07399233295069871,0.17684030313425464,0.5600072884319196,0.4246502916757154,0.12967045392821677,0.05517600642666126,0.02958972354369109,0.01822032553964477,0.012270217815931501,0.008796387829266353,0.006605842882945447,0.005144428348790018,0.00412732033804213,0.0033961918215110304,0.0028573467506305926,0.0024524441024135757,0.0021436425724628526,0.0019056558030437873,0.0017213590317973456,0.0015791251481402553,0.0014697694349625546,0.0013823203450409156,0.0013081073210615085,0.0012463668560395314,0.0011974223270761468,0.001160196895326099,0.001133469027821812,0.0011164445116107276,0.0011088120050190072,0.0011106882542700133,0.0011225701866049804,0.0011453185909901372,0.0011801790646649704,0.0012288449366755032,0.0012935708988599207,0.0013773535411441456,0.0014842075926298729,0.0016195871541459775,0.001791036848575858,0.0020092212465297583,0.002289599710446024,0.0026552469949833925,0.003141802815219617,0.003806595892534985,0.0047464958364537785,0.006135491924858121,0.008311390631600567,0.012000947978816295,0.019005145083287572,0.034812382640416924
8,0.14546438513612583,0.1165036364936132,0.09405502933653988,0.07662008105039432,0.06302685346013849,0.05237178506767307,0.043963413329682365,0.037274603752167505,0.03190425352695321,0.027547468348851984,0.023972730770866604,0.021004577813017795,0.018510495773656068,0.016390943081649612,0.014571652919585652,0.01299757144896506,0.011627989127132995,0.010432605668407861,0.009388393249555753,0.008477174191030327,0.007683861743921163,0.006995274651785108,0.0063994178072940945,0.005885103222580352,0.005441796876258894,0.005059592698735342,0.004729251854135339,0.004442271791575529,0.004190966803215754,0.003968555396327603,0.003769248210590286,0.003588322965910225,0.003422170145324159,0.0032682856473847835,0.00312519640372131,0.0029923138234245516,0.002869730378618347,0.0027579835005678024,0.002657821728988965,0.0025700004283127293,0.0024951269531284697,0.002433559074035891,0.0023853524070205205,0.002350246855921354,0.002327680531150763,0.002316826293163566,0.002316647412908778,0.0023259761552191067,0.0023436166881534376,0.002368474198618043,0.0023997031550104246,0.002436862038276874,0.0024800569960490002,0.002530054828086338,0.0025883545872814303,0.0026572168778873765,0.0027396626397532898,0.0028394637432158903,0.002961151439605779,0.0031100679358432187,0.0032924853117553728,0.003515815779365662,0.0037889446666040934,0.004122735817625761,0.004530796379474241,0.0050306475980806155,0.005645552033881099,0.006407425102440981,0.007361570531738668,0.008574568518462158,0.010147831417423286,0.01224183366342605,0.015121688429064006,0.019248400770078326,0.025476078776710587,0.03551975813854745,0.05319988813209645,0.08824403053067277,0.1696190632000451,0.3857969271593051,0.6764468195543804,0.3916480843513423,0.1736778775418967,0.09105229253902418,0.05529771198743942,0.03717582594299568,0.026836463828589938,0.020402430682564383,0.01612991838937925,0.013148925156090894,0.010988907177465193,0.009378508764321603,0.008152814960936611,0.007207065711661383,0.006472120847852942,0.005900809939084292,0.005460036832317921,0.005126064962987571,0.0048816278746622544,0.004714124286145567,0.0046144881068590745,0.004576509746340095,0.004596496362778972,0.0046732301137463236,0.0048082345889926765,0.0050064067961433385,0.005277132479321727,0.00563610416836884,0.006108257059203774,0.006732627130824281,0.0075707419374529735,0.008721895683268258,0.010352692011103788,0.012758375511767917,0.01650168213471013,0.02276382254005433,0.0343702419887059,0.05944216601072827,0.1283859362765259,0.3880967708502468,0.6032594901281813,0.18545161790578243,0.07118053173745625,0.035929108950007484,0.02131646708763877,0.013999579586542564,0.009852611107532565,0.007291649695643043,0.0056091727174782426,0.004451996368422771,0.003628134319836202,0.0030259189434537655,0.0025767448013200053,0.0022365796545582746,0.001976268726867317,0.0017762947741889747,0.0016237160369727416,0.0015084923654531,0.0014175181289019004,0.0013393588913848396,0.00127309863909337,0.001219794059605867,0.0011785202027280548,0.00114791408157368,0.0011270091846109127,0.0011153594993279,0.0011129848399526181,0.0011203061718868964,0.0011381096271627672,0.0011675480244781006,0.0012101839505814825,0.001268080647551859,0.0013439527659486327,0.001441399233429244,0.0015652573203537895,0.0017221454421137592,0.001921312037389461,0.0021759989466080478,0.002505702482303512,0.002940068560612242,0.0035259142167976326,0.004340596130984265,0.005519219773155445,0.007314802277064651,0.010246095455595086,0.015514946352120083,0.026434205734218168
9,0.14910737609519237,0.11928666084575643,0.09614267031598737,0.07817242469020912,0.06418429410118393,0.05324905184593929,0.04464927182727856,0.03783449939686677,0.03238409310332821,0.02797751631337384,0.024371156908521277,0.02138052455509078,0.01886670907050319,0.016726037429412324,0.014882059797613258,0.013279154171518759,0.011877280990529515,0.010647618390775916,0.009568984290705684,0.008625027775676723,0.007802184714694954,0.007088336847362937,0.006472053955534155,0.0059422621126976796,0.005488176879133228,0.005099376792692845,0.004765927624383876,0.004478518688441786,0.004228597148071593,0.004008503320193395,0.0038116105592806305,0.0036324590439373327,0.003466861421474711,0.0033119486193297857,0.003166123820951958,0.003028913056594661,0.0029007213743652764,0.002782532207054047,0.0026755980590193896,0.0025811667600099215,0.0025002747685644246,0.0024336151802755424,0.0023814729076248823,0.00234370989175352,0.0023197830819076384,0.002308783671465154,0.002309495145899872,0.002320474225029001,0.0023401625295708653,0.002367035014063961,0.0023997820927991334,0.0024375108967927155,0.0024799397200582778,0.0025275569601269374,0.002581719919016804,0.0026446879621620893,0.0027196011581290852,0.0028104334769663564,0.002921956341773235,0.003059745702297724,0.003230260339312581,0.0034410119245516474,0.0037008501794652524,0.0040203998242415145,0.004412717434229797,0.004894292212330299,0.005486611676204697,0.006218666175480892,0.007131042386028128,0.008282745756333173,0.009762858430684427,0.011711150657993444,0.014356232134174033,0.01809045772128617,0.023628077357443534,0.03237007419887577,0.04734226288523606,0.07594835299155459,0.13931268377868825,0.30447812123319684,0.6387293891630708,0.490263681927666,0.2146811212908053,0.1073716155198975,0.0630645861724344,0.041462345875674565,0.02947457027542624,0.022159710619659136,0.0173686782795856,0.014057152771581575,0.011672146847943383,0.009900326210887864,0.008554087657000765,0.007515740738548665,0.0067083707868507035,0.006079851563121248,0.005593722587905506,0.005223815019938053,0.004950996689077303,0.0047611508611931815,0.004643901149096206,0.004591816786425679,0.004599966494035936,0.004665770079725621,0.004789154489590809,0.004973064171055846,0.0052244227117855925,0.005555717519382237,0.005987522972837593,0.0065525749227800766,0.007302625420409573,0.008320618516694503,0.00974367428541737,0.011809526016831462,0.014958173993581113,0.020077849133152827,0.029182941764103756,0.04764025613471032,0.09346660189277592,0.24854646285621618,0.6786372306346752,0.29144082394724935,0.09832890675716911,0.04568022474998876,0.025797074165414723,0.016406706616374216,0.011285587075693231,0.00820610467158843,0.00622141706532295,0.004875922576028046,0.003928797280762801,0.00324296415261566,0.0027356053756766537,0.0023542549916465145,0.002064548057033139,0.0018437661903951406,0.001677250629179997,0.0015540700067266597,0.0014587935760249414,0.0013763022891472476,0.0013050101755495843,0.0012468068196483566,0.0012010175208816169,0.0011661396960548104,0.0011409998929822439,0.0011249803591620933,0.001117976099249665,0.0011203153141181165,0.0011327021346507454,0.0011561961584975644,0.0011922335636278367,0.0012426942950414495,0.001310023554416897,0.0013974237223486935,0.0015091462485302381,0.0016509354400064597,0.0018307143423103923,0.0020596711920323175,0.0023540325319431153,0.002738059897141238,0.0032493284835680937,0.0039484984039633055,0.004938525939318925,0.006405345348912701,0.008712440914990521,0.012648897723612938,0.020194876386545144
10,0.15331964262881653,0.12251695263960061,0.09857103848503222,0.079978656642911,0.06552847721178592,0.054263311658471376,0.04543663634036941,0.03847157215630585,0.03292522971626783,0.02845919219076178,0.024815914373732546,0.02180035493956553,0.01926591884075872,0.01710374687093743,0.015234401265425879,0.013601182251901786,0.01216451269875633,0.010897110164304807,0.009779891891823891,0.008798677776047053,0.007941769741150108,0.007198394632833718,0.006557881984393454,0.006009382876510929,0.005541912901533247,0.005144543360933874,0.004806628098990593,0.004518012988230197,0.004269222511693165,0.0040516372377797875,0.0038576807477917335,0.0036810146586547564,0.003516718108183709,0.0033614061558262403,0.003213237447258291,0.003071778695369549,0.002937728879282419,0.0028125475046139785,0.0026980536431720162,0.002596065201638913,0.0025081253696542434,0.002435331501518422,0.0023782564927887074,0.002336934895734263,0.0023108881883315883,0.0022991689220087956,0.0023004183363211426,0.0023129440396895897,0.002334831659975679,0.00236410394278747,0.002398932294891294,0.002437886542092462,0.0024801928216419983,0.0025259536863813823,0.002576292922610298,0.0026334038501721773,0.0027005116593891137,0.0027817847239174883,0.0028822440458019694,0.0030077173916327124,0.0031648715690482505,0.0033613426223874586,0.0036059792677710437,0.00390921933286467,0.004283648221740257,0.004744836498075627,0.0053126426698558585,0.006013306992388612,0.006882900293593955,0.007973103555747305,0.009361067723361286,0.011166686514297025,0.013584058626867882,0.016941964786457597,0.02182837210412354,0.029369190053718717,0.041919627412828564,0.06500705669094456,0.11364357193231751,0.2349369141510327,0.536981553197957,0.6023952667607969,0.27634534636763575,0.13092997834896786,0.07371987473273074,0.04712229985619651,0.032865042592849614,0.02437704783469154,0.018913649316231154,0.015182585098970322,0.012516589972202185,0.010545376143635751,0.00905116030575447,0.007899393855922579,0.007003236375467017,0.006304362687940714,0.005762178416005535,0.0053475700222989425,0.005039179419601418,0.004821118827685028,0.004681526950781623,0.0046116438633064015,0.004605242199784631,0.00465835160955319,0.004769280108311474,0.004938980228267991,0.005171847489322282,0.005477087940069763,0.0058708866533323046,0.006379820100273931,0.007046408950547629,0.007938671685447193,0.009167649650249281,0.010921801651403086,0.01353976489569392,0.017678862476303785,0.024753279214461785,0.03826306418732676,0.06876908288437926,0.15848646581758774,0.49884237103722606,0.4887645273392732,0.14875534814395333,0.0616060331814091,0.03253740876276886,0.019845039607097558,0.013264665045381199,0.009441027785881814,0.0070356402367912204,0.0054335867243961574,0.004321022122199255,0.0035240683606073877,0.0029398457087836333,0.0025042181353127297,0.002175707091920449,0.0019272451334261277,0.0017418577141244166,0.0016076590880918507,0.0015068206792210473,0.0014194941675980694,0.0013426226403545057,0.001278953170443705,0.0012281769713623997,0.0011886643350049282,0.0011589964555807142,0.0011383366648711182,0.0011264165803563683,0.0011234467369336297,0.0011300375781389787,0.00114715442075476,0.0011761140000858857,0.0012186264470982779,0.001276887999015166,0.0013537350375424112,0.0014528803394436368,0.0015792697544588505,0.0017396264129629195,0.0019432999862979514,0.002203629508488311,0.002540202389864244,0.0029827421681002456,0.0035781045357939183,0.004403563280069757,0.0055937605993311825,0.00740004474744638,0.010335471458667908,0.015581203655065075
11,0.15815151060871416,0.12623921818793798,0.10137670619820648,0.08206685570975782,0.06707983752782976,0.055428662012638956,0.04633462130333036,0.0391911685908033,0.033530294546553326,0.028993321371700017,0.025306825498292097,0.02226357244267481,0.01970786768253361,0.017524438836952965,0.015629866040700057,0.01396566602155269,0.012492358737987607,0.011184170089866906,0.010024343541652844,0.009001245578561488,0.0081054494501944,0.007327875969952782,0.00665886641419185,0.006087951311024268,0.0056040214704092955,0.005195668143247139,0.004851532563526398,0.004560600427367176,0.004312438325989883,0.004097405123256045,0.0039068756597338125,0.0037334934476695417,0.003571431444646299,0.0034166056954249686,0.003266765907472023,0.003121402791652782,0.0029814571595932556,0.0028488749807670114,0.0027261005455525168,0.002615605578771731,0.0025195281929769188,0.0024394505325204857,0.0023763013608521723,0.0023303460259523224,0.0023012240475361193,0.002288001817475226,0.002289230860192042,0.002303016675704445,0.002327119808339958,0.002359113015160835,0.0023966110370808595,0.00243756668003238,0.002480598626540102,0.0025252931471944056,0.002572417285478384,0.0026240028241929316,0.002683301902369303,0.0027546546397143046,0.0028433348503195412,0.0029554384819843287,0.003097860989564019,0.0032783861070616095,0.0035058922310763573,0.003790681616040245,0.0041449562175077115,0.004583508583491877,0.005124775075630807,0.005792527642525929,0.0066186871054990425,0.0076480944581691955,0.008946690552889068,0.010615774513557474,0.012817601816855508,0.015823524889291625,0.020110447979773082,0.026570027413911176,0.03700827273791506,0.055486914258679056,0.09246596878791623,0.17943236574944635,0.4103111118808786,0.6744706539638402,0.36978449764840304,0.16622940750947365,0.08876163127916507,0.05474239345833249,0.03727684118299651,0.02719504700739839,0.020847115555067422,0.016578387485720308,0.01355958421895439,0.011341635826392108,0.009665915650195528,0.00837556401619359,0.007370921017601945,0.006585855568307064,0.005974684305151963,0.005504728953605318,0.005151971145165836,0.004898437383090576,0.0047305619887494325,0.0046381213766908905,0.004613533080968986,0.0046514372785630784,0.004748557833008812,0.004903894107039839,0.0051193319238177805,0.005400794565553942,0.005760106533252344,0.006217873034911882,0.006807987965274742,0.007585071133008357,0.008637620137055881,0.010112994582082972,0.012268467994611626,0.015584487049269843,0.021042988482879426,0.030909359981518753,0.051366092993337956,0.10387944504242608,0.2884932420286733,0.6816903087044723,0.25311336092657066,0.08992320154731726,0.04325346372436903,0.02494223875139562,0.01606992272965524,0.011140625911405544,0.008134300370000243,0.0061758773720967395,0.004837958590081512,0.003891632868138845,0.003204955974878702,0.0026972994115371557,0.0023172987994690476,0.0020318731080881097,0.0018208193948179296,0.0016711320158420923,0.0015626484767179262,0.0014696791643939726,0.0013865514272164315,0.0013167574791023526,0.001260473252407174,0.001215965444910584,0.0011815281719458489,0.001156046189603978,0.0011390341400722512,0.0011305468715165049,0.001131080528578855,0.0011415009815439398,0.0011630125497142944,0.0011971723572053892,0.0012459538568277092,0.0013118657044567446,0.00139813931175826,0.0015090113373588468,0.001650149126883811,0.0018293035898408578,0.0020573381907895384,0.0023499010350046946,0.0027302370314790892,0.0032341100095100482,0.003918838201607384,0.004880870270393286,0.006292507643119188,0.008485826366809918,0.012167920151912322
12.000000000000002,0.16366003295855702,0.1305053320446141,0.10460279275349141,0.08447053121168165,0.06886302909391158,0.056762341088212286,0.04735458121873378,0.040000153819218155,0.03420285523734855,0.029581200190373323,0.025843808915036817,0.02276951176632184,0.020191978810714727,0.017988139261830027,0.01606938687213916,0.014374523627868686,0.012863597255833756,0.011512167326694843,0.01030597687533994,0.009236332906155166,0.008296553736450607,0.007479684967243263,0.006777405867330753,0.006179831387633831,0.005675837735493494,0.0052535826600518315,0.004901009680931735,0.004606243347557467,0.004357878556495982,0.004145215258802258,0.003958503874404118,0.0037892416068772404,0.003630515588277844,0.003477329850142248,0.00332681409256533,0.0031782131864142734,0.0030326100423280077,0.0028924181721656623,0.002760754396307205,0.002640832615009793,0.002535487065586484,0.0024468795492561916,0.002376374368406163,0.002324534275582514,0.0022911758608622677,0.0022754393004438935,0.002275850160179626,0.002290377857345762,0.0023165155550206517,0.0023514194052729775,0.002392138786803666,0.00243594622960953,0.002480737481380246,0.0025254312842502243,0.002570279889749795,0.0026170186646821063,0.0026688349122497438,0.0027301961668001044,0.0028066226011225145,0.00290449330871911,0.003030954835851772,0.0031939609594799404,0.0034024460281807107,0.003666619552608875,0.003998381396773335,0.0044118939050691594,0.004924413569967189,0.005557605395916209,0.006339747310583214,0.007309535544813145,0.00852270293496263,0.010063590495939415,0.012065712394789247,0.014749625845741599,0.018496675448649386,0.024003640932197354,0.03263779879012024,0.04734636824462944,0.07531457351148202,0.13695075594742706,0.29706619700583464,0.6307874968905138,0.5026795650154018,0.2214261723367469,0.11082219767465229,0.06528667276603563,0.043126155861703624,0.030820137141901478,0.023284317713691816,0.018316045900985164,0.014849811456890289,0.012324882152152801,0.010426114974132537,0.008966506826547283,0.00782954111729019,0.0069391319287346815,0.00624329464343829,0.005705033362114451,0.0052971481603886926,0.004999193257098361,0.00479561453951109,0.004674538125711363,0.00462693847058591,0.004646071361833099,0.004727156331799381,0.004867361113258068,0.0050661861511863745,0.00532637441375728,0.005655493111202284,0.006068390991570295,0.006590915843614484,0.007265736015030718,0.008162133310232002,0.009393868178929692,0.011154371730329949,0.013791637819636215,0.017982627917136892,0.02518914216238857,0.039048393703246254,0.0706136816229282,0.16439798177553044,0.5160308406691261,0.47402843120103727,0.146530372557301,0.061671762343009265,0.03290044207755716,0.02019158778211302,0.013541278043137052,0.009646282417416878,0.007179723383726256,0.005528613784794645,0.00437831685208382,0.0035533519163465747,0.002949145443203504,0.0025002924923851573,0.002165237278424291,0.001919146979548066,0.0017475068929465505,0.0016279975064976506,0.0015279757034611543,0.0014376199347734546,0.001360839775744562,0.0012983915236454196,0.0012484705641919965,0.0012090398311569773,0.0011786319584385899,0.0011564714700514145,0.0011423999479760881,0.0011367629844875292,0.0011403119296854597,0.0011541416199256005,0.0011796733860074855,0.00121868741809997,0.0012734077414318541,0.0013466470289919302,0.0014420273770899307,0.0015643093014147498,0.0017198874050084732,0.0019175559162275533,0.00216972683057324,0.002494432052557631,0.002918735101448613,0.003484793738685467,0.004261190593984491,0.005365458617433259,0.007012431950372846,0.009628603065765467
13,0.16990906189727537,0.13537497046725044,0.10829984142764501,0.08722950526585163,0.07090770635339298,0.058285346307342965,0.04851059966747735,0.04090729210182508,0.03494770857530975,0.030224796467396176,0.026426999377290258,0.023317372011915537,0.020717311453992793,0.018494420503290355,0.016553495922483716,0.014829437613586939,0.013280994790040647,0.011884686941143661,0.010628826844626986,0.009508052445053958,0.008518967615360314,0.007657273484032215,0.006916404350975624,0.00628733692431439,0.005759084676277141,0.005319442312701765,0.004955682759107187,0.004655081736386235,0.004405268420932629,0.004194474878750481,0.004011782014457511,0.003847438316558499,0.003693272386008009,0.00354314331692881,0.0033933023339053512,0.0032425150923490343,0.003091845477014279,0.0029441089986979732,0.002803121223697722,0.002672926177642286,0.0025571701128737035,0.002458707365074898,0.002379433860391872,0.0023202858490976924,0.0022813217237969796,0.0022618186270408104,0.0022603472190177946,0.002274821131026455,0.002302549755650305,0.0023403419186267846,0.0023847123747254054,0.002432223498494966,0.002479946525879621,0.00252596977228336,0.0025698378686363544,0.002612807441805913,0.002657863347150267,0.0027095230867033118,0.002773529976346115,0.002856559104487866,0.0029660344121778697,0.003110105924696114,0.0032977866621595785,0.003539224389955029,0.003846080848782537,0.004232020377139145,0.004713364277282058,0.0053100740708039995,0.006047392984357956,0.006958741976745772,0.008090890825720622,0.009513138137773823,0.011333607296358007,0.013728745455459861,0.016999146646673576,0.021682524992239778,0.028802668062640806,0.040477149006416656,0.06159464526002244,0.10515935009902207,0.2114116979833269,0.4866340986053576,0.6413169752522111,0.31080262604527,0.14478205483033274,0.08042335610307907,0.0510861368673842,0.03556712478001625,0.026391879277685614,0.020494026332827812,0.01645166793489021,0.01354113441891085,0.011366966662561047,0.009700368644027627,0.008402106510148737,0.0073831393986647596,0.006583588656089566,0.0059612173125183346,0.005485028377961975,0.005131640383511373,0.004883148552658211,0.004725764766267889,0.004648868012180273,0.004644300459148415,0.004705868977031366,0.004829098434841669,0.005011344881768894,0.005252413168629557,0.005555835090295066,0.005930967397811734,0.006396134121278116,0.0069832956869229895,0.007745399026365725,0.00876904944432651,0.010198410428788059,0.012284012918213117,0.01549087106791016,0.020762841774271772,0.030258895698298403,0.04980021204448868,0.09922932344598398,0.2692482962863444,0.6819663708521121,0.27647174896204135,0.09702735331787726,0.04626043079309884,0.02655321047892657,0.017052602245152964,0.011781657805991197,0.008565127706589185,0.00646717573526375,0.005032614981510419,0.004017939623797363,0.0032826032647938477,0.0027407168014575802,0.00233852846078513,0.0020444182881448176,0.0018415720723011628,0.0017057174160884975,0.0015961911024081885,0.0014970737667828811,0.0014120576886642515,0.0013425105030206905,0.001286589403319858,0.00124188096266195,0.0012064788622208461,0.0011792217167842034,0.0011596538339048665,0.001147909455998455,0.001144591704858333,0.0011506775958852109,0.0011674653877103535,0.0011965717080839645,0.0012399814389130869,0.0013001532716074714,0.0013801891061396222,0.0014840865652099603,0.0016171126951468624,0.0017863679288577777,0.0020016625387499986,0.002276923054472585,0.00263252695763852,0.003099326082175264,0.0037258899979874436,0.004592254107394351,0.005837770071676324,0.007722306813942742
14,0.1769690870486958,0.1409162196316599,0.11252679920179193,0.09039094606586921,0.07324942492016931,0.06002318222588276,0.04982007740305154,0.04192369925305866,0.03577122690789572,0.030927013658080066,0.027056926905544516,0.023906299881026133,0.021282543409281523,0.01904229706553753,0.017082161721172676,0.015331674680537116,0.013747151729891428,0.012305429416580476,0.010997286982881256,0.009821043365289111,0.008777186721231333,0.007864715705463841,0.007079356229345052,0.006413314891484854,0.005855953541101039,0.005394802527408529,0.005016504156334746,0.0047075061164948626,0.0044544925790849545,0.004244645709180164,0.004065870374311277,0.003907102890576493,0.0037587664402888403,0.003613338964094117,0.0034658947720408225,0.003314417885430171,0.003159711950812271,0.0030048632785778288,0.0028543727098073453,0.0027131946482483182,0.0025859160302257344,0.002476219679406545,0.0023866503402893867,0.0023186089098658777,0.00227246641898743,0.0022477012748997774,0.002243000768823468,0.0022563110776839396,0.0022848618154109163,0.002325219485208718,0.002373444135966118,0.002425407802623167,0.0024772908025537483,0.0025261949803430258,0.0025707366367364176,0.0026114586012006085,0.002650945309076496,0.002693636979957829,0.0027454486273381057,0.0028133562152401763,0.0029050939239891964,0.0030290428832226305,0.0031943205380924387,0.0034110339821284683,0.00369064646191154,0.004046422205883617,0.00449396038702012,0.005051915483407827,0.005743148783662063,0.0065967946078633825,0.0076520982369451245,0.008965456437412811,0.010623088169049612,0.012763794122479624,0.015620935315560835,0.01960431024397099,0.025472985289147113,0.03473693560012487,0.05070312533431873,0.08159533257997477,0.15129062009427166,0.3349536138107883,0.661728430356615,0.452277484376249,0.2001177188513639,0.10321766866704811,0.06230411245770116,0.04193843580073521,0.03042052317172574,0.023252507838901412,0.018452334486770847,0.015050293850758277,0.012533234856693642,0.010612641620808922,0.009117702039354329,0.007942016708850185,0.0070156093419738086,0.006289835564401627,0.005729186027590051,0.005306812815209346,0.005002021115414321,0.004798750846533115,0.004684534497455352,0.004649687747476651,0.004686652925579492,0.004789521606195576,0.004953843698442744,0.005176889364018173,0.005458555708149021,0.005803093095834498,0.006221803564255413,0.006736940963801545,0.007387415847325712,0.00823786852964392,0.00939476283682096,0.011037783900132433,0.013486220078450387,0.017351808434414646,0.023930951037795058,0.036369256242148186,0.06388483064664094,0.1417618922946673,0.43407820815029,0.5607343827614345,0.1761028120156024,0.07113504914328155,0.03707013576501529,0.02243772822511103,0.014902088101297868,0.010527097470998326,0.007769416309970597,0.005928210699447127,0.004647904044104008,0.003731514363482692,0.0030622356327870714,0.002568323073189546,0.0022080269029687537,0.0019607889495328805,0.0018004599108973145,0.0016773136779373412,0.0015669388555043214,0.001471767117921242,0.0013936833898583881,0.0013308231670994433,0.0012803501146417854,0.001239822335196848,0.00120757474185339,0.00118273925296892,0.0011651439852822152,0.0011551796550226673,0.0011536746400318803,0.0011618035644803267,0.0011810437338966842,0.0012131855249182032,0.001260398510368044,0.0013253558387593773,0.0014114260402177743,0.0015229543219499903,0.0016656769090701814,0.0018473474926236173,0.0020787157037206014,0.0023751082150893243,0.00275907462609204,0.003264988979565609,0.003947421476916812,0.004897227297495119,0.006274637661259338
14.999999999999998,0.18491668487838298,0.14720603277999558,0.11735204798761444,0.09401056508417663,0.07593075514567067,0.062006780383740176,0.05130444475107163,0.04306340431553778,0.03668179785892733,0.03169202694619404,0.027734756621280124,0.024535528599142032,0.02188600123475012,0.0196301456933489,0.01765461870996088,0.015881871217589986,0.014264297513483234,0.012778054613002804,0.011416030827832374,0.01018046581268213,0.009076366371522244,0.00810679151610106,0.0072704407669392885,0.0065612409543485475,0.005969194038334383,0.005481705371101349,0.005084840379543763,0.004764242505553556,0.004505678961808663,0.004295321762135494,0.0041199326739037225,0.0039671250797778945,0.0038258171996055556,0.0036868905156930763,0.00354392198897741,0.003393743434397342,0.003236563280040254,0.0030755139239261255,0.0029157052658893984,0.0027630571947932217,0.0026232343103354656,0.002500910515198185,0.0023994257142050143,0.002320758110201445,0.0022656724811532356,0.002233913301529111,0.002224351435030581,0.0022350525234548025,0.002263280257755882,0.002305494633590954,0.0023574317511081346,0.002414358650752495,0.002471560161077677,0.00252502903601496,0.002572224608804122,0.002612690071535929,0.002648337614105353,0.0026833318650475537,0.0027236596162267717,0.0027765832967956354,0.002850184190377103,0.0029531247288411065,0.003094664864882535,0.0032848910761340594,0.0035350850241133536,0.0038581642034630115,0.004269157690937471,0.004785749909410321,0.005429045814379928,0.0062249217544480305,0.00720666116805656,0.008420069885100674,0.009933030245626131,0.011852825138738858,0.014357558064691085,0.017755301213127937,0.022603416246657546,0.029972081773141722,0.042091811286807695,0.06415708815242131,0.1101308751454425,0.22352958651645943,0.5121704617460511,0.6238931512653473,0.29508708592197347,0.13968523067226316,0.07885965869113841,0.0507798647438204,0.03576594535457844,0.026799689340680787,0.020973886106698703,0.016931981151378846,0.013982268374213147,0.011748001691106656,0.010012875575225939,0.008646322982090723,0.00756500671715727,0.006712309155229152,0.00604737306389659,0.005539312431692184,0.005164151459712222,0.004903112542689237,0.00474151087034018,0.004667891738967182,0.004673268082231667,0.004750448815588111,0.004893547013415417,0.005097839731489324,0.005360210561423215,0.005680412052391205,0.006063325734381517,0.006522333728814595,0.007084018724484933,0.007794944426424613,0.008732598397612734,0.010025412520675849,0.011893121223251828,0.01473488915723157,0.019339801842036413,0.027452868769837463,0.04356454862119425,0.08197935196546526,0.20349835196922295,0.613920605824357,0.3806862566772065,0.12492297359389562,0.05625364419132887,0.031260197352390974,0.01967670546352126,0.013400110615970955,0.009623322599872475,0.007180377213435308,0.005518415036716041,0.004346907739391972,0.0035002920939933278,0.002879415632779908,0.0024271209032106,0.002116631683317999,0.001919652054895212,0.0017762411188601776,0.0016505736130328229,0.0015422475495168037,0.0014533624013630944,0.001381998215115572,0.0013248410853381706,0.0012788118677200257,0.0012416084343649316,0.001211805644548862,0.0011887906700232427,0.00117263477146895,0.0011639490543058396,0.0011637563823200128,0.0011734027094352454,0.001194521265739473,0.0012290545452206107,0.0012793346162277381,0.0013482238879915461,0.001439326234462439,0.0015572927881835192,0.0017082706451196578,0.001900581730431026,0.002145786942220963,0.002460414284105595,0.0028688680302869666,0.0034085222932891727,0.004139059393853214,0.0051605792578238415
16,0.19383346456572337,0.15433049070738702,0.12285448648109243,0.0981539753159932,0.07900258655565723,0.06427358039008517,0.052990039300714935,0.044344022409000046,0.03769035049553744,0.03252570707142136,0.028462613634742947,0.0252045981885517,0.022525754858562393,0.020255664321557273,0.01826920443863173,0.016479786354522675,0.01483402408809665,0.013305964031214222,0.011889877180088104,0.010591960193747833,0.009422356805651209,0.008389070587020358,0.007494628635327433,0.006735329971637327,0.006102220033402754,0.0055827782353293125,0.005162566896242405,0.0048264480273330765,0.004559296920248187,0.004346326369957851,0.004173223773415018,0.004026326851721751,0.0038930187022913265,0.0037624221259781785,0.003626304165131213,0.003479921056439291,0.003322447087362758,0.0031567167657159992,0.002988274376608892,0.0028240090267289846,0.0026707960451399604,0.0025344899616220862,0.0024194100445358354,0.0023282563641162106,0.002262287234102985,0.0022215806905158003,0.002205251027869432,0.0022115586967082707,0.0022379127195813506,0.0022808179292509827,0.0023358626821468787,0.002397868323938536,0.0024613058776923862,0.002521008554556255,0.0025730756421297367,0.002615731722826895,0.002649865039723506,0.0026790703329614978,0.0027092278456181495,0.0027478313840430487,0.0028033408642841613,0.002884768938932002,0.0030015801546072187,0.0031638735898242743,0.0033827566998940735,0.0036708106821394474,0.004042569070537922,0.004514979748193924,0.005107913084157866,0.005844952991919538,0.006755001265140123,0.007875678804971932,0.009260152529089344,0.01098998751086338,0.013198507574834926,0.016113559196877163,0.02013990425231644,0.026031675510619006,0.035291758950212734,0.05121093392631755,0.0819648028041789,0.15126145713113773,0.3337205838465699,0.6607590299460072,0.45549158680668445,0.20234163638735292,0.1048007716149437,0.06360664120327914,0.04308812978054683,0.03146100985263271,0.024195188600444402,0.019295644060589156,0.015788798281519044,0.013162797188719995,0.011133249870205588,0.009534402364427553,0.008264357327802665,0.007256203147555684,0.006462697829903912,0.00584833914720435,0.00538538794152877,0.005051857982202471,0.0048303666403972335,0.004707286620511816,0.00467195861998567,0.004715902382167321,0.004832079585371888,0.005014357891419172,0.005257421928227557,0.005557435332861172,0.005913733297885635,0.006331700347149576,0.006826870081434292,0.007430427606634302,0.008197045357033413,0.009217761368487298,0.01064430285339713,0.012739637737987327,0.01599163676952246,0.02139389630580129,0.031234808509374445,0.05174551915993918,0.10442268080100871,0.2875452090944221,0.6785957808453795,0.266311495811609,0.09669945074967436,0.047155824569558843,0.027467505123326554,0.01780083865858783,0.012350875487695256,0.008976515116225985,0.00674760620608619,0.005207405972565143,0.004108935566055998,0.0033094501148655375,0.0027277383482281685,0.002326674171812624,0.002074934303932874,0.0019008383380583103,0.001753478486196826,0.001627342155897722,0.0015241138382155635,0.0014416747342090605,0.0013761480021437314,0.0013237099470594644,0.0012812828763748858,0.0012467214598738448,0.001218800758633569,0.0011971157121925535,0.001181937981476987,0.001174063371817732,0.0011746800058092866,0.0011852806846445669,0.0012076326342550221,0.0012438085505334174,0.0012962783845339334,0.0013680634284247732,0.0014629629032044161,0.0015858789220671665,0.0017432911455483528,0.0019439743601584502,0.002200124854561122,0.0025291947629574453,0.0029569911116286264,0.0035231243294835037,0.004291043468751582
17,0.20380424927766982,0.16238462599878187,0.12912451488940363,0.10289820370629447,0.08252566732633569,0.06686887571125781,0.05490915224631388,0.04578757017244814,0.0388109968211422,0.033436125529686736,0.029243992971807697,0.025913667552122644,0.023199803078610897,0.020915902418906236,0.018923228151673657,0.017124043164913193,0.015456966384290987,0.01389200066131674,0.01242357650312369,0.011061548451512887,0.009821710898760818,0.00871799176995435,0.007757799859538186,0.00694066418563309,0.006259231847925752,0.005701346537146632,0.005252173822962006,0.004895815564011416,0.00461626742405381,0.0043978293994709206,0.004225205239904682,0.004083560993481435,0.003958799359344007,0.003838210260592914,0.0037114889389601516,0.003571873617048828,0.0034169681630342357,0.0032488205973591516,0.0030730946983083688,0.0028975606074161573,0.0027304083020291965,0.0025788838495966557,0.0024485155413214647,0.002342915545014838,0.002263966262308839,0.002212158603941953,0.002186903085445999,0.0021867127791018195,0.002209234468620302,0.0022511658512333805,0.002308150998412037,0.0023747931838294187,0.0024449356638322362,0.002512313609966282,0.0025715407605286992,0.0026192114261878265,0.0026547678485348085,0.002680824503335877,0.002702861229408981,0.0027284695445994865,0.002766493390228647,0.0028263780855758694,0.0029178896322295377,0.0030512053644611687,0.003237276679310733,0.0034883341521403594,0.0038184163034251165,0.004243840389737972,0.004783594670407429,0.005459760618992543,0.0062983139125995105,0.007331063824830415,0.008600080314090156,0.010166754291913578,0.012128852503718712,0.014651475688144655,0.018024330358791956,0.022775014764784742,0.029915610410865677,0.041542085247554705,0.06248601917866359,0.10556771914008015,0.2103607637879896,0.4822197437723729,0.6452467961210511,0.31685679368605063,0.14864745102011817,0.08333863796174398,0.05355998734038309,0.03777590434204466,0.0283934276636665,0.022299254067653013,0.01805339627060919,0.014928889006384406,0.012535491873928377,0.010653797843122861,0.009154547832067716,0.007956683474241671,0.007005079657502253,0.006259034453808041,0.005686665871353898,0.005262339121798215,0.0049654448563010226,0.004779638412086997,0.004692132954753437,0.004692907852039174,0.004773835469489786,0.004927833063564826,0.0051482543116708555,0.0054288514658100235,0.005764696941058589,0.006154382749156538,0.006603595745031301,0.007129979742626442,0.0077693983870195235,0.008584733949885707,0.009680643952592598,0.011232323326339985,0.013546946515390259,0.017205411123765543,0.02342325709550753,0.03510584691912658,0.06058542103440773,0.13073033392693362,0.38861354116294716,0.609370562759932,0.20172455749831017,0.08016075429417666,0.0414250458678629,0.024982212681104024,0.01654532114293997,0.011637770777878687,0.008528104623012093,0.006437400652536357,0.004972352494101308,0.003916666403620012,0.0031500510474947035,0.002618019213201927,0.002284399249582198,0.0020635061468796713,0.0018844684032172175,0.0017333787164841583,0.0016103711662002447,0.0015127753230175331,0.001435983137592437,0.0013752938725184658,0.0013267149482247287,0.001287216869785994,0.001254773253271615,0.0012283038766314563,0.0012075583598108472,0.0011929638558111555,0.0011854650303939024,0.0011863871488169378,0.0011973469356634828,0.0012202247510110596,0.0012572013312985187,0.001310857683331664,0.0013843388839035022,0.0014815917799920666,0.0016077029028199017,0.0017693892855060126,0.0019757382025257144,0.0022393671299274147,0.0025783132829872955,0.0030192293793432894,0.003603009779210962
18,0.21491436226039018,0.17147163121556375,0.13626484593865595,0.1083333401634291,0.08657242035724864,0.06984742315207132,0.05710133407272853,0.047421472315313636,0.04006180531749433,0.034434179084379325,0.03008427539128848,0.026663921521894857,0.023906362341809338,0.021607388500524388,0.0196129022930798,0.017811876917979173,0.01613242946892207,0.01453805671950514,0.01302149620045028,0.011595450750603519,0.010281637608132846,0.009100924571093818,0.008066866933598201,0.007183338256047168,0.006445361690056952,0.005841566230713653,0.00535688626531982,0.0049746901128755695,0.004678083658824459,0.004450479235153521,0.004275687378499293,0.004137849719190424,0.004021531805612209,0.003912234065840271,0.003797422636313756,0.0036679109754615747,0.0035191297804051903,0.0033516970404412244,0.0031708953739016154,0.0029851383761807125,0.0028039627899162064,0.00263622002685105,0.002488925688248286,0.002366855519214597,0.002272695373793276,0.0022074543668214102,0.00217089279122196,0.0021618144623517894,0.0021781657966926443,0.0022169585212925545,0.002274094681266489,0.0023442325538163486,0.002420877239613303,0.002496872233183443,0.002565359935885605,0.002621066823440994,0.002661539193035679,0.002687881450200793,0.0027047230614058453,0.002719489173810742,0.0027413439882112644,0.0027802437702852336,0.0028463897716291386,0.0029501547195663544,0.0031023923349274463,0.0033149735262753047,0.0036013939727540215,0.003977324898799382,0.004461021611254682,0.005073583346679665,0.005839230787101021,0.006786109292833167,0.007948675583093074,0.009373468731209164,0.011131002784733135,0.01333798659003479,0.016197549261822097,0.020074591221425863,0.025649223443163296,0.0342644889372554,0.04881318821206624,0.07632260523630076,0.13666045379701008,0.29280076387886084,0.6244701518076614,0.5141487488823916,0.22948390207865055,0.11610024910776885,0.0694254852936701,0.04669934487570948,0.034026543709399004,0.026185616654237076,0.020918695741495498,0.01714061082951176,0.014290186125102503,0.012062679606397314,0.010286002779773387,0.008857962438225385,0.007712898147380962,0.006804163851621802,0.006095554098781615,0.005557558992677099,0.005165903658799125,0.004900922555039025,0.004747059090973646,0.004692216067708619,0.004726900229592841,0.0048432161818764835,0.005033863169993806,0.005291420833877248,0.0056083542162697975,0.005978230323352043,0.006398497652324137,0.006874834340007996,0.007426788763275379,0.008094719587450186,0.008949383002082083,0.010108347843849418,0.011768971737052634,0.01428056874997525,0.018314547102563767,0.025308814103393182,0.03881168787208109,0.06946413129270469,0.1590482632646124,0.48864425491117885,0.5096911162923748,0.1649875105181805,0.0702273461180007,0.037847047030349204,0.023414857997267717,0.015756918303151905,0.011190738896372348,0.00824070656209221,0.006225005191534699,0.004793125217574318,0.00375734415917804,0.003033179053605186,0.0025763018706664448,0.0022836374797768244,0.002057422734697853,0.0018704937469030997,0.001719494036323335,0.0016004742344595901,0.0015077447344150107,0.0014355129726824592,0.0013787101167967916,0.0013332664709938924,0.0012961735349834196,0.0012654635138039608,0.0012401361142525965,0.0012200370330196528,0.0012057005828855938,0.0011981829693496785,0.0011989186178998068,0.0012096262662043237,0.0012322794768924183,0.001269144921233111,0.0013228863273312332,0.0013967339574156162,0.0014947286690169385,0.0016220661748591865,0.0017855935371630285,0.0019945532812869387,0.002261745697598973,0.0026054174920871714,0.0030524507682879167
19,0.22724564824597307,0.18170113128739857,0.1443909151168101,0.11456421523826758,0.09122902534453205,0.0732753916491821,0.05961498699980451,0.04927978950776374,0.04146574853730669,0.03553434042027219,0.030991343636269358,0.0274581058734713,0.024644287851251355,0.02232639089366593,0.020333389565956272,0.01853893448904501,0.01685799176550677,0.015244586611794455,0.013687174803321692,0.012199781925998545,0.010809876296211962,0.009546194588587914,0.0084298974265046,0.00747062765145408,0.006666843476494892,0.0060085798976276545,0.005480802873962392,0.005066194825415484,0.004746938560159988,0.004505543146462627,0.004324991242043668,0.004188560769090466,0.004079698567886055,0.0039822931410435315,0.0038815811090503424,0.0037656553999099148,0.0036271696447683207,0.003464531331390785,0.0032819178984817557,0.003087930066174472,0.0028933432255463104,0.0027087907928354097,0.0025430951828902108,0.0024025222464966437,0.00229081317510152,0.002209647984999314,0.0021592071204575235,0.00213860971577617,0.0021461270540236712,0.0021791594795398314,0.0022340333258872905,0.00230574070388213,0.002387813270594538,0.002472562617843622,0.002551871297430779,0.0026185258570437,0.0026677824914567503,0.002698621544507055,0.0027141903537688103,0.002721288378349029,0.002729200327168148,0.002748422432184605,0.0027897499823330723,0.002863932687012649,0.0029818541790197096,0.003155063404241418,0.0033964617013811497,0.0037209766880860464,0.004146089614669158,0.004692121581960236,0.005382288735971077,0.006242771497298618,0.007303517517960813,0.008601217854614542,0.010186788281831503,0.012140721803659424,0.014601428386578717,0.017816380177001927,0.02223935137135419,0.028734620301832853,0.03905858723217932,0.057146480124200025,0.09306604130991114,0.17690841218180725,0.39920453394794936,0.6767079375899946,0.38646605110669185,0.1759385294604059,0.09536864821581759,0.06005319581478594,0.041905704744362185,0.031355757303288864,0.024602124471207035,0.01992893715369117,0.016487290688868877,0.013831647732286949,0.01171950429995863,0.010014336649640644,0.008634543839033601,0.007526022773179915,0.006648228918383676,0.005967970853906677,0.0054572006453214705,0.005092458012636275,0.004854701356302437,0.004728978052675937,0.004703773809744808,0.004770050305771741,0.0049200637502334185,0.005146160694061839,0.005439912537076359,0.00579213985118129,0.00619444306198198,0.006642628155096137,0.007141901385085092,0.0077132979731453855,0.008401185221750216,0.009283380897604884,0.010488813446854333,0.012234036458223066,0.014904831477931058,0.01925195354132162,0.026912709232246347,0.042030360796073446,0.0774730480049908,0.18592377855848044,0.565464893416459,0.43457597030021805,0.1441845670074991,0.06444887876160901,0.03578113316614352,0.022548783758842797,0.01534855801995723,0.010968664818799273,0.008088794628982363,0.006087896110698616,0.004651666795702355,0.0036404517615894337,0.002995535160153158,0.0025917216422874137,0.0022940620240019826,0.0020546258794232894,0.0018632813200038436,0.001713418379273847,0.0015975636195258343,0.0015084218211982921,0.0014395935809379192,0.0013857928399644934,0.0013428684474036253,0.001307776779372848,0.0012785370521375917,0.0012541565126328485,0.0012345115570907735,0.0012201897940532678,0.0012123180401993148,0.0012124103436391503,0.0012222655185101727,0.0012439311058051138,0.0012797381605205503,0.0013324045038672105,0.0014052053218480747,0.0015022186378896918,0.0016286692716230109,0.0017914207485186934,0.0019997064285138407,0.0022662636149177124,0.002609166262206722
20,0.24087117205834171,0.19318617154039996,0.15363054844893714,0.12171196957639469,0.09659778459154225,0.07723270107692784,0.06250933498804231,0.05140474647530705,0.04305185662468092,0.03675555265025471,0.03197633427189519,0.028301170169171275,0.025413632680319934,0.02306933754047637,0.021078995775203894,0.019299183446652282,0.017629123876132972,0.01601003939514914,0.014422730201362427,0.012880087894160038,0.011414438491479571,0.010063032132069055,0.008856214502611313,0.007811167380845076,0.0069312174986266885,0.0062087081756375,0.005629061290712288,0.005174375770971663,0.004825860413786715,0.004565053846180493,0.004374120230814633,0.004235610927649267,0.004132112517549584,0.004046204504303361,0.0039610872132113195,0.0038620342972990993,0.0037384181407306384,0.003585584352928035,0.0034056506891852016,0.003206655357202669,0.0030002685938974117,0.00279897324211361,0.0026137295658583315,0.002452702018593952,0.00232103662061734,0.0022213150214679864,0.0021542498736472604,0.0021193035351693675,0.0021150657189704845,0.0021393413716711885,0.0021889801548453684,0.00225954131348518,0.0023449675971686373,0.0024375204533011513,0.002528257164568209,0.002608212527249502,0.0026701418182827753,0.0027103014097405245,0.0027295609248187322,0.002733380005040299,0.0027307346995031003,0.002732561320777407,0.002750390118593621,0.0027955900592944696,0.002879297364637971,0.003012866270882008,0.003208605552737652,0.0034805854257903123,0.003845342314538731,0.004322334445351318,0.004934042966927665,0.005705739799550812,0.006665277697986013,0.007843894741911061,0.009279942042404593,0.011028461482491762,0.013180604335333447,0.015898936628477817,0.01948098419519563,0.024482083515817998,0.03198156032042968,0.04423496658178504,0.06649433656687538,0.11287250900653614,0.22728045940220448,0.516727410697268,0.6225971468269192,0.2962978882559625,0.14220101232278423,0.0816334923680218,0.05358186480538081,0.03852393753502199,0.029463921951855463,0.023491795289618096,0.019248451026855327,0.01604753150698882,0.013526714594942453,0.011490264475193,0.009829235163978248,0.008478135412250919,0.007391713508270052,0.006533824368008974,0.005873210868758177,0.005382609015348447,0.005038952786719619,0.004823568463305529,0.004721958521192056,0.00472311422772128,0.004818416706873995,0.005000244593192859,0.005260517197989404,0.005589616516108974,0.005976379312892397,0.006409933602514448,0.0068838219507773475,0.007402121230558521,0.007986682485357478,0.008685073787210135,0.009580900601930266,0.010812098985948185,0.01260983083690637,0.015387009284796528,0.019953380502320754,0.028096427142397695,0.044416952501205184,0.0835423526348162,0.20684438084299217,0.6094672451071635,0.39062846716651806,0.13347102990057655,0.0616039110299375,0.03489164026071394,0.022270628615071966,0.015276119759025987,0.010948306206019316,0.008049742201886883,0.006001670918596647,0.004552591755271205,0.003615338163210911,0.003036580856485486,0.002628651481102924,0.0023107381196372265,0.002060280798139352,0.001865469731240187,0.0017157087598138688,0.0016014017115624968,0.001514331927845624,0.001447707023637199,0.001396050571644727,0.0013550889388066639,0.00132167627499833,0.0012937412000648826,0.0012702191762913474,0.0012509436692114664,0.0012364935116304522,0.0012280185550023553,0.0012270787023428186,0.0012355291364534924,0.0012554722547435076,0.001289282996321591,0.0013397058435285015,0.0014100213995937017,0.0015042880312220335,0.0016276792262610714,0.0017869615604665327,0.0019911975649641064,0.0022528249171874268
21,0.25584832078126063,0.2060384522153459,0.16412254652154906,0.12991529110114033,0.1027996693034586,0.08181581666950241,0.06585685215149022,0.05384863446723851,0.044856653363208515,0.03812233118676623,0.03305451818266421,0.02920104793430419,0.02621634976754469,0.023833415156937335,0.021843574252393978,0.02008500023650758,0.018438901914874312,0.016830252537555563,0.015228112735050994,0.013640671106957247,0.01210316484413263,0.010661400739083777,0.009356447140433696,0.008215137246407371,0.0072475650962134834,0.00644968280788024,0.005808041578072132,0.005304370564905341,0.0049188603744292885,0.004631956240671179,0.004424932593577845,0.004279682601762616,0.00417817928224296,0.004102079891432515,0.004032939989304144,0.003953384576144202,0.003849229140462171,0.003711961507756584,0.003540506058957404,0.0033412437887557814,0.003126043980841597,0.002909080563890437,0.002703726315907447,0.0025205219138495745,0.0023664891685511546,0.0022454570254678194,0.0021588604641015565,0.0021065647591804364,0.002087457017090173,0.002099707436916482,0.002140701168987092,0.0022067042827237614,0.002292399996151276,0.002390526733601968,0.0024919429634293272,0.0025864382043420072,0.002664388440771205,0.0027189106126833647,0.0027477405468561496,0.0027540154416269245,0.0027456401052807864,0.002733637739914077,0.0027303071617795793,0.002747903404186731,0.00279814096822026,0.0028924352762569093,0.003042617535492832,0.0032618495672757123,0.003565520782265168,0.003971949376128063,0.004502722278954378,0.0051825417523908976,0.006038617261912969,0.007100093075878677,0.00839885235878848,0.009974159430274233,0.011884703742029504,0.014232604329552997,0.017206312799571213,0.021157658899777235,0.026753464433607814,0.03531409627007579,0.04967289972878105,0.0766716401581536,0.1355235022648419,0.28695064673599663,0.6159371110817567,0.5270124983132849,0.23716996648621758,0.12023166287389031,0.07229551788033502,0.04906645160247026,0.03615295502952777,0.028159596314528624,0.022755801069869182,0.01882387767001928,0.015791999326090392,0.01335926231513679,0.01136613314146737,0.00972577908695122,0.008385762810770046,0.007307831668442538,0.006459050883478822,0.005809313004149431,0.005331613858545576,0.005002930331937148,0.004804726417149164,0.0047228218724284544,0.0047466527360241605,0.004868020930715486,0.005079461801038714,0.0053724804636272674,0.005736177692548677,0.0061571195279808,0.00662142613335717,0.0071196181098695625,0.007653751656815128,0.008245532902774248,0.008944603628842833,0.009838692705855401,0.011071758559841653,0.012883682233599932,0.015702128179970975,0.020367591925107606,0.02874521584623304,0.045673274784181456,0.08669476164263626,0.21757649829073827,0.6254533662388339,0.3734118749194948,0.13014414015613698,0.061122816539541915,0.035027887427015486,0.022537547744185954,0.015525774525115384,0.011113452364191633,0.00809415410675724,0.005961081369195857,0.0045590131672079235,0.0036986182643600493,0.003116375853319228,0.002678372915642486,0.0023396124974302576,0.002078424589010777,0.0018786096274328325,0.0017267739849216274,0.0016119405916591035,0.001525232853423149,0.0014595178120190941,0.0014091045893188765,0.0013695435933496869,0.0013375178639247513,0.0013107860188426351,0.0012881270388809508,0.001269248759351243,0.0012546481993838984,0.0012454401644099713,0.0012431885877555236,0.0012497766343519026,0.0012673410319957047,0.0012982812498183879,0.0013453436634360428,0.001411778145057672,0.0015015703328193609,0.0016197663291223552,0.0017729288668900758,0.0019697997003999975
22,0.27221051084106945,0.22036142939966605,0.17601347973042492,0.13933087915763304,0.10997695029120251,0.08714100360370479,0.06974625439365131,0.05667621249864937,0.04692595613073529,0.03966609950358277,0.03424635873012761,0.03016955836025449,0.027057138749268843,0.024617361063666507,0.022621169871085697,0.020887508924405135,0.019277906373991564,0.01769789169515725,0.016100232677681247,0.014483678882823708,0.01288302002337865,0.011351622885948365,0.009942470953205905,0.008694420135046524,0.007626774747594146,0.006740930529431693,0.006025622576715001,0.005462619517908969,0.005031103178084746,0.004710258707095924,0.004480304257828784,0.004322434452057908,0.0042181776166017836,0.004148668261239478,0.004094362894943249,0.004035709141355925,0.003955046408409241,0.0038394474322100184,0.0036834703855633043,0.0034904148573150925,0.003271186434316806,0.0030411040696129896,0.002816044330865411,0.002609418244157615,0.0024307254378653142,0.0022855436257355117,0.002176346089089901,0.0021035341036797685,0.002066289313541435,0.002063071516300806,0.0020917270629422207,0.002149243664675785,0.0022312465025164023,0.002331414653006841,0.002441123268366094,0.0025497173539193443,0.002645757975396076,0.0027192152149136412,0.002763993963587351,0.0027797513032363436,0.002772159442266628,0.002751563164964402,0.0027308012750364955,0.0027232120386702936,0.002741490674052242,0.0027975207438390094,0.0029029381095278255,0.0030700876929012884,0.003313088365780134,0.0036487941445210556,0.0040974657362139785,0.004682953995969184,0.005432223166471148,0.006374266879844653,0.007539077437152962,0.00895842548298756,0.010671555994864758,0.012740005570097655,0.015276565296551498,0.018496096840545196,0.022806575677395798,0.028991365681755053,0.03862770689292332,0.05518298011418481,0.08730970621255454,0.1602177247173013,0.35219505182676514,0.6692219480242888,0.44006587774915756,0.1986286229405889,0.1055930372185589,0.06588182798736807,0.0459369316828113,0.034538483948144086,0.027317616451587833,0.022329080292426876,0.018620992200986685,0.015703241593389344,0.013321073669728853,0.011343778538641885,0.009702954711671128,0.008357260567737747,0.007274282700575673,0.006423522597486118,0.005775459798490919,0.005302924025521321,0.004982611418012472,0.004795888100528188,0.004728742135557736,0.004770995780531697,0.004914904820352776,0.00515326926940939,0.005477308596826409,0.005874887129732243,0.006330119695946686,0.006825592221162151,0.0073479089754167675,0.007895947007798245,0.008489979873961362,0.009180287206301006,0.010056777753512483,0.011266091368682351,0.013050224398471255,0.01583746686838913,0.02046617104416363,0.028792714018356095,0.04562309236185454,0.08634646650064372,0.2156877547059541,0.6197258704186769,0.3799784635797751,0.13331557649864145,0.06285205213324561,0.036174785923623526,0.023364154114086717,0.016103687214614783,0.011438454072683665,0.008201377116476444,0.006041323696359992,0.00471481624362989,0.0038487756824584487,0.0032216474412264965,0.0027476888244768586,0.0023866441842540225,0.002112115356321556,0.0019041747517930764,0.0017473345791985638,0.0016295044335540116,0.0015411989445535477,0.0014749196665616495,0.0014247143685686301,0.0013859023179312341,0.0013549311689916022,0.001329313618277439,0.001307585769601503,0.0012892391780398994,0.0012746031868019665,0.0012646849101353884,0.0012609973940477608,0.0012654141974663615,0.0012800814372744094,0.0013074037862909108,0.0013501081913123067,0.0014113834762824844,0.001495096938201617,0.0016061005435901116,0.0017506587419833437
23,0.2899577772317232,0.23624088662453385,0.1894521002354305,0.1501325488792073,0.11829558737529075,0.09334803586642174,0.0742861679577006,0.05996772146106235,0.04931716092152469,0.04142687859538324,0.035578783532959964,0.031223468245474204,0.027944425076681795,0.025422424016135044,0.02340691681438843,0.021697251683142654,0.02013443224422578,0.018602057017104982,0.017032043946928352,0.015407943772101704,0.01375905110162511,0.012143705112589493,0.010627158335492522,0.009262687073938946,0.008081816788175034,0.007093915122686041,0.00629150616482561,0.005657135897991185,0.005169116926783305,0.004805199775828788,0.004544285190011608,0.004366690161801433,0.0042535270656792875,0.004185727792168904,0.004143254972888831,0.004105111008678102,0.004050677099134862,0.003962499405353076,0.003829802141358087,0.0036511829721369063,0.0034349010298244534,0.003196294775983258,0.002953450128707371,0.0027230352929767995,0.0025177328701665243,0.0023455625319471836,0.0022105356847016778,0.0021138534320726326,0.0020550543869112896,0.0020328132194790587,0.002045299668941586,0.0020901113975959357,0.0021638414182698316,0.002261400215519313,0.0023753263996065745,0.0024954798615179747,0.002609610519977223,0.0027051361473319764,0.0027719137761432412,0.0028050548828473785,0.002806502389567581,0.002784606059136707,0.002752030780412356,0.0027231415626954437,0.0027120004807518637,0.0027315046575749407,0.0027935814728258833,0.002910062733981255,0.00309385516114481,0.003360130587661433,0.0037273349553330684,0.004217813883532562,0.004857806463728821,0.005676579496466521,0.006704760853106144,0.007972730547742137,0.009511313211790485,0.011358602949230471,0.013577757072435841,0.016291090839088553,0.01973873108149036,0.02438331592678523,0.031122837433593505,0.04179128872545475,0.06050565452067502,0.09783168398741646,0.18542687266988503,0.4163613270736951,0.6753083672008766,0.375499496754766,0.17341192346565032,0.09578540139628805,0.06152169742051902,0.043837297126529576,0.033515132291069935,0.026854937206865253,0.022169024080587883,0.018618970791628952,0.015772670850973704,0.013410265571279095,0.011424595302742802,0.009763336204511617,0.008395202697860893,0.007293075087222183,0.0064284847741812885,0.0057721188066577065,0.00529627705970932,0.004977047119488196,0.004795429607040926,0.004737397051626998,0.004793081689410693,0.004955244611583972,0.0052171318068645845,0.005569944902646391,0.006000547349258728,0.0064906073048560855,0.007018734897110306,0.007566624770115268,0.008128529298890965,0.008721628529575436,0.009395090254258585,0.010238897606638826,0.011399014199027085,0.013112997321958957,0.015795653960953716,0.02025021001578427,0.028237761376751474,0.04426390152499261,0.08251572779796937,0.2014686424358008,0.5908066795234234,0.4109387676137301,0.14348368754889793,0.06699055184782798,0.03844711414036032,0.024820841112934717,0.01701636430262362,0.011888000825927765,0.008451089029558654,0.00632768433910804,0.004983121612945284,0.004047767531184549,0.0033604234628062846,0.002845347298111195,0.00245721626272471,0.002164543595454328,0.0019441677511925464,0.0017787025375707048,0.001654942393204671,0.0015627260752584448,0.0014941171187349612,0.001442840568296445,0.0014039313861493434,0.001373547048620692,0.0013488884090906497,0.0013281672868105247,0.001310564835926082,0.001296144921321969,0.0012857167633958245,0.0012806689858721203,0.001282812440933732,0.0012942679343555183,0.0013174227560637155,0.0013549657297773222,0.001410001487649331,0.00148624414261281,0.001588298619445704
24.000000000000004,0.30904703433186403,0.2537328647936083,0.2045804725005687,0.16250811184769456,0.1279468638105026,0.10060421738087283,0.0796095474686544,0.06382270750124645,0.05210217103771449,0.043455417081364224,0.03708675411218311,0.03238572392164266,0.028891470792479064,0.02625348624296973,0.024198185658445413,0.02250521757781978,0.020995126191912444,0.019528246100042387,0.018011734939519804,0.016407641141726492,0.014732956596317638,0.013046237185094093,0.011423805230425639,0.009935314446471326,0.008627986639733286,0.007522527074898458,0.006617625541592921,0.005897860649348248,0.005341069023263015,0.004923450325643097,0.004622256581793691,0.004416598473535858,0.00428701430553001,0.004214378301532733,0.004178693068116879,0.0041583876467672625,0.004130821322769526,0.004074511491410167,0.003972901760870433,0.0038183688026796254,0.003614414421363522,0.003374535870980994,0.003118070097227731,0.002864992056405099,0.0026318718431317663,0.0024300617046125656,0.002265857961966065,0.00214172998744211,0.0020577670421457715,0.002012838576095877,0.0020052812942181,0.0020330935291756466,0.002093682034896093,0.002183235437315416,0.0022958708939484597,0.0024228540674025964,0.0025523928939966698,0.0026705879202375887,0.0027638286722470027,0.0028221558266563855,0.0028422581199611546,0.0028286265233888946,0.0027923152925282057,0.002748111934741598,0.0027116059614694173,0.0026973047213902867,0.0027181222414180044,0.00278594578580625,0.002912794868705233,0.0031121776096570595,0.0034003899030723215,0.0037975668904209428,0.004328258425768724,0.0050212145798490745,0.005908073044282372,0.007021000313376406,0.008390352810132277,0.010045153912845205,0.012021014463009629,0.014380965513133663,0.017254632133704113,0.02090422472314387,0.025841543657188572,0.033068642803635084,0.0446551759787867,0.06532524292690223,0.10747350730394799,0.20893579888773434,0.47176793987570165,0.6548757505519179,0.3317411085786088,0.15712973887770218,0.08936233426569586,0.058685294273539544,0.0425402426350683,0.03297353536013598,0.026715996418031993,0.022248182153317256,0.018806518080867456,0.015998517955161485,0.013630308430799973,0.01161435798411271,0.00991309640570917,0.008505089190010412,0.007368574083838181,0.006477078150401288,0.005801292881079105,0.005312670774389522,0.004986337694233644,0.004802604432008397,0.004747182873641454,0.004810393119748557,0.004985544195884684,0.005266564908604196,0.005645054356918159,0.006107353617449688,0.006632976883158346,0.00719632963580003,0.007773200286778996,0.008351498089677778,0.0089432164463295,0.00959429644421889,0.010392598644053844,0.011480356101322493,0.013084968868230596,0.015595507847445367,0.019751729188106987,0.02714701401115793,0.04177176029734079,0.07582556554322875,0.1778438475878101,0.5317236489941186,0.4694802892607632,0.1627178345885748,0.07415938797589718,0.04212684514850141,0.027031153140785375,0.0182454184503615,0.012531863542380563,0.008987318794866273,0.006800983232516164,0.005342464170432802,0.004305925710828417,0.003545783766003276,0.0029804479585411716,0.0025573289528862384,0.0022398293462355828,0.002001537712983953,0.001823028564045647,0.0016898057203389054,0.0015908774094536852,0.0015177532066239883,0.001463756505915741,0.001423584682791485,0.0013930616239941254,0.0013690268861397414,0.0013493008510517782,0.001332665914577357,0.0013188165942228398,0.0013082571742444589,0.0013021554518454163,0.0013021835944387406,0.0013103846509040016,0.0013290961609860594,0.001360948821634205,0.0014089462410205018,0.0014766268438486118
25,0.3293834157046748,0.272849349216595,0.22152106300136615,0.1766528357027704,0.13914745996578043,0.10910840905068873,0.0858789041306826,0.06836480615901841,0.05537117775515706,0.04581595627122091,0.03881524435756766,0.033686933957731154,0.029917620919526874,0.02712029762682295,0.02499592317215948,0.023304228453350125,0.021846140143829584,0.020458855986855613,0.01902226788724061,0.017470916992253328,0.015801268940883597,0.014064739395989725,0.012345062079500037,0.010728989396267397,0.009283031335761251,0.008043496594162555,0.007018647217905274,0.0061971291708992175,0.005557141208127271,0.0050733847207253486,0.004721115829426373,0.0044777763872425585,0.004322960361387311,0.004237383241627257,0.004201408698212938,0.004193718089168507,0.004190855029134109,0.004168447202652025,0.004104524805094971,0.003984277991666134,0.0038042435444323374,0.0035734803241249664,0.0033106624953288294,0.003038421291593987,0.002777679290588675,0.0025441420636714996,0.002347430273028188,0.002192044751345021,0.002079037818836246,0.0020075828314582295,0.001976070414422004,0.0019826493698622484,0.002025246790379678,0.002101125327637948,0.002206058568337426,0.002333299884208327,0.0024727252923665206,0.0026107742588180835,0.0027318619042703465,0.0028214660425947185,0.00287007287631744,0.002876236580346328,0.0028471495459638026,0.0027965072983313485,0.0027409897551132047,0.002697133403315105,0.0026796664717318713,0.0027013852986516483,0.002774078971628882,0.0029099442726232805,0.003123104559166216,0.003431010864527732,0.0038555423091607673,0.004423544732349747,0.005166407594984815,0.006118267994598577,0.007312851617530602,0.008780215548576819,0.010546783355863388,0.012644180883925712,0.015132985108500148,0.018146715607984688,0.021964254239508808,0.02713676731403854,0.03475042603859909,0.04706586279384567,0.06930311706047035,0.11536873220077884,0.22814662996606572,0.5125603486617004,0.6295480222098908,0.30453773531459183,0.14723317344369335,0.08547863470271039,0.05704825646358794,0.04190016306206292,0.03284099968128288,0.026863396265342367,0.022549201244284743,0.019178977128591835,0.016384273312903326,0.013989367252731675,0.011923152107297125,0.010162276908587422,0.008695767298932958,0.0075079533458317005,0.006574759296245146,0.0058668900065388715,0.005354687291383258,0.005011925587608379,0.00481782391035721,0.0047574982687928645,0.00482125137938666,0.005002929874840127,0.00529739483652804,0.005697182798865334,0.006188865443250157,0.0067504976463243676,0.007352452411925876,0.007963801853154645,0.008564208163253062,0.009157896093058924,0.009784974142224557,0.010528850508413182,0.01152547592158652,0.012987838369352099,0.015270358626794819,0.019029261215605775,0.025642030937414385,0.0384559724984971,0.0672961266438159,0.1493028639429004,0.4421750840480612,0.5547758518112398,0.19554100456359458,0.08566542540363173,0.04776231047606451,0.030141561311838507,0.019850745118121002,0.013590283350445579,0.009835306856672445,0.00744192453676561,0.005808207899022726,0.004643494894723199,0.003792988038197842,0.003163711313348746,0.00269466896288983,0.0023436554173155467,0.002080578680664153,0.0018835871547543855,0.0017365759026830919,0.001627481397167302,0.001547090278651314,0.0014882161503931436,0.0014451561603467183,0.0014133647741238523,0.0013892904372836599,0.0013703190010259747,0.001354764945101138,0.0013418562617908442,0.0013316762978900565,0.0013250534761835382,0.001323416702009962,0.001328651425622442,0.001342992960953393,0.0013689842045708559,0.0014095119707185995
26,0.35081435848524084,0.29354279331084093,0.24035939365726863,0.19275808955851392,0.1521366153528459,0.11909435975768956,0.09329222712612578,0.07374771991282637,0.05923754869487719,0.04858985838928359,0.04082180798158839,0.03516720229117763,0.031049743116217225,0.028038813917580667,0.0258061213790675,0.024090620311685372,0.022674828910836706,0.021374415374123636,0.020041579960304506,0.018578793926692424,0.01695328534548752,0.015199371749128951,0.013401153803639921,0.011660778226751187,0.010066999736945624,0.008676753242471162,0.007512553298596783,0.006570274766124574,0.005830044266751481,0.005265465177209692,0.004849531058729166,0.004557463455273071,0.00436733968604362,0.004259328507738483,0.004214153285898595,0.004211320045063709,0.0042277728010075,0.0042378606610952736,0.004215510733804528,0.00413879950436696,0.00399559965234956,0.003787518294711882,0.0035295421114392707,0.0032451524717955742,0.0029594156655248045,0.0026933171519561254,0.002461117256675961,0.0022704958009762094,0.0021242150682458435,0.0020220900466586082,0.0019625785161893564,0.0019437631454919252,0.0019637326443667827,0.002020428363335973,0.0021110141044730075,0.0022308496656621166,0.002372276938239884,0.002523692402524459,0.002669671575203396,0.0027929098609896495,0.002878057432579209,0.002916232734543586,0.0029080376205091185,0.0028634191021460237,0.0027985975031325967,0.0027319233180262566,0.0026806545316147047,0.002659576019425672,0.00268127255244929,0.0027573879555578963,0.0029002668959220742,0.003124621390528517,0.003449034031302508,0.0038971276646202983,0.004498097369868274,0.00528611009657083,0.0062980186198542416,0.007569311201605496,0.00912971237817037,0.011002423699504297,0.01321349393754547,0.015818151813045432,0.0189491625818078,0.022894488797518417,0.02823083301217562,0.03609984491933737,0.04888618979685299,0.07212796815355008,0.1206951476725363,0.24060070739133413,0.5361082916553527,0.6122851932317303,0.29062046721897405,0.14231767129417855,0.08365947314188622,0.056420234215214506,0.041826953348324904,0.033069895278936036,0.02727168277238732,0.023060958798459257,0.019735820327335417,0.016937217761839807,0.014499701342079644,0.012365433825350351,0.010525257062134585,0.008980081017781251,0.007721865970951495,0.0067299092598611,0.005975243061806763,0.005426930819918954,0.005056976073412908,0.004843010890769214,0.004769099791248099,0.004825196344232725,0.0050055618955999375,0.005306177980999683,0.0057211138684648425,0.006238178539329382,0.006835155602363574,0.007479194998899475,0.008132344767644179,0.008764162302841943,0.009368033891053886,0.009974934502828641,0.010661133943574907,0.011554219303320267,0.012850278307761608,0.014864308551916663,0.018158929560111278,0.023875373556551456,0.03468310593033837,0.058035887266434896,0.120328422845523,0.33781658929507774,0.6377709425476368,0.25090178282086617,0.10420701537825633,0.05632241139774227,0.034354669589087575,0.02215504092721338,0.015189809400116154,0.010996137352698762,0.00827807846869181,0.006413241790934142,0.005086252246347601,0.00412083401017871,0.0034089448095537466,0.0028795882020478804,0.0024839249582677267,0.0021874042228456946,0.0019651427325470157,0.001798964167632407,0.001675391482958566,0.0015842479867161318,0.0015176812336176997,0.0014694991105745853,0.0014347459850733082,0.001409464334024083,0.0013905914774168257,0.0013759381786586367,0.0013641944629302274,0.0013549156034596038,0.0013484607973524244,0.0013458836454746511,0.0013487973455869695,0.001359249915772183,0.0013796435463981486
27,0.3731287813883705,0.31569147227871097,0.2611224056206453,0.2109936614813993,0.1671685710095075,0.13083228286279866,0.10208928114688172,0.08016248465382393,0.06384414311871671,0.05188039373349935,0.043179969797191964,0.036878480296991985,0.03232392905876352,0.029032638334891333,0.026641340657431917,0.024866080102475565,0.02347189931368394,0.022255631413110308,0.02104376779942375,0.019704806264951562,0.018169089331930722,0.016442069118925144,0.01459717863674517,0.01274634826024315,0.011001557447315263,0.00944558045022561,0.008121252711250814,0.007036379642725847,0.006175713532386828,0.005512792184691846,0.005018320873918114,0.004664743620106002,0.004427886087345156,0.004286702713072889,0.004221893984884543,0.004213942025105844,0.004241110235385979,0.00427819373529599,0.004297101378376705,0.004270206862659303,0.004176277622257526,0.004006801630955094,0.0037691818959215834,0.003484408780355339,0.0031801734036181854,0.0028830894564907308,0.0026134653724307973,0.0023837370704978796,0.00219959316707963,0.002062194932164711,0.0019703170425361565,0.0019218846750792917,0.0019148164253696123,0.0019472471886543066,0.002017209763353032,0.0021218226056428954,0.0022560585106741514,0.0024113379792021473,0.002574526179144803,0.0027282591231389294,0.0028534585298023306,0.0029339605715731298,0.002961590777996611,0.0029390615683613647,0.0028790469127161172,0.0028001605957774984,0.002722246116031104,0.002663126889237113,0.002637539584228491,0.0026577941921523806,0.0027353393596208837,0.0028826080041579635,0.0031148204768462326,0.003451600524337121,0.003918242386942627,0.00454628971057852,0.005372822564709645,0.00643772802569165,0.007778705681992235,0.009425478033830974,0.011397747961606268,0.013714468047988638,0.01642216641540393,0.01964708226774566,0.023676767742300795,0.029096454224072192,0.037068175933423396,0.05001740548395406,0.07357343426222702,0.12285130657617199,0.2445490342829321,0.5419623086911961,0.6087333723280668,0.28831591284895985,0.14174827951523383,0.08368685659798489,0.05670891328731202,0.04227227311304367,0.03363101438675292,0.027923129132285444,0.023775308695354026,0.02047807331619987,0.017666648110485846,0.015176804194829016,0.012960008654428085,0.01102132369053893,0.009375737282482113,0.008025370946948308,0.006954683413049366,0.006135829905485777,0.005536620193740986,0.005126871183380929,0.004882036072937745,0.004784526431254769,0.004823443555759374,0.004993158408921076,0.0052907985117014245,0.005712489969191022,0.006248432451850831,0.006877826746961025,0.00756627318768581,0.008269438742589025,0.008945430958867108,0.009573425563589982,0.01017104412201711,0.01080392518386068,0.011589302852854609,0.01270549368417712,0.014427425182120025,0.017223648248535645,0.022003714881082225,0.03080020862753138,0.048975130613368535,0.09413587505852278,0.24118253296286443,0.6318301737613067,0.3449747121577054,0.13563692426275464,0.06931468352289231,0.04028409083602284,0.025533662083737904,0.017414142712681154,0.012532345306779196,0.009367567697926151,0.007202225221382244,0.005667038180927836,0.004553685383052652,0.0037345404289627956,0.0031261787377691143,0.0026715622771353712,0.002330563748099419,0.002074435992516684,0.001882306350584755,0.001738819956025839,0.0016325016914976456,0.0015546045664400457,0.001498307640810693,0.0014581774225740027,0.001429833919993332,0.0014097745924521064,0.0013953109404696103,0.0013845687935597126,0.0013765032712475993,0.0013708879125185105,0.0013682569665569284,0.0013698045028949222,0.0013772646142140646
28,0.39606341480984897,0.3390888834439746,0.28375415423906786,0.2314826130264859,0.18449784521399143,0.1446266224432554,0.11255742977548848,0.08784603582078446,0.06937138433676562,0.055819100662630135,0.04598379836153161,0.0388876983216131,0.03378764390338073,0.03013463475745558,0.027522240566291743,0.025639507876817586,0.02423382243251603,0.023086175581782782,0.02200147828043699,0.02081589918345616,0.019418259963312437,0.017773408709499148,0.015929396077807488,0.013996976242786712,0.012108365653511486,0.01037628280750017,0.008871086774429993,0.007619147547304937,0.006614224872323529,0.00583188580778038,0.005241031374255098,0.004810905358516776,0.0045142605224469,0.004327930771372715,0.004231836912718412,0.00420708242354836,0.004233619807441286,0.004288078099332706,0.004342721322134243,0.004366838447784682,0.00433148402722009,0.004216801812120286,0.004018736438768667,0.0037509761778810433,0.00344033501607061,0.003118003425833054,0.002811334111944692,0.0025394100251679057,0.002312648573116963,0.002134809516000993,0.002005628678838077,0.001923026996632908,0.001884550540419106,0.0018880682975289241,0.0019318482947690695,0.002014089582021245,0.002131936964460824,0.002280041815865858,0.002448946533903696,0.002623983937871984,0.002785793532300996,0.002913428836834358,0.0029898181671459134,0.003007423235090789,0.0029710030617899007,0.0028958716230401346,0.0028029257053940795,0.00271339631526877,0.0026455960639658223,0.00261416599036287,0.002631099726383323,0.0027075898973583173,0.0028560590459554285,0.003092095298722661,0.0034361927255800316,0.003915154662328805,0.0045627901053821324,0.005419197789786177,0.006527704838632862,0.007928952915923238,0.009653484344103312,0.011717795250105363,0.014132566431144465,0.016932065595736914,0.020229352050757148,0.024300655637859297,0.029720844089979666,0.037634324003002505,0.050417822388286695,0.07354729499500272,0.12160770704918782,0.23938556071501377,0.5299449385236272,0.6201602683005047,0.29755450024258445,0.14550715548201362,0.08555640238188132,0.057906901294020895,0.043224624470282996,0.03451078129434411,0.02880516257727159,0.024684222974495018,0.021405368052811614,0.01858137151651095,0.016037842287273486,0.013729586451362304,0.011675153657831165,0.00990633885354804,0.008439154258182455,0.007266179043822601,0.006362275676442957,0.005694403055569913,0.00522986347000422,0.004941261944466577,0.004808594999962766,0.0048193988930037585,0.004967599934417184,0.005251220228488138,0.005668719545063893,0.006213770256555088,0.006869024142337447,0.007601168463480508,0.008361584004121032,0.009096868595805791,0.009768889417953328,0.01037672622185469,0.010970440479593627,0.011654183408792755,0.012588526120812318,0.014010992954296144,0.01630320197740378,0.020165390904729984,0.02708050430956009,0.04072827162355737,0.07227381231542626,0.16567412410814733,0.4889902799997027,0.4935319190801795,0.1922588483721612,0.08953515052662257,0.04916011932373527,0.030404042699354785,0.020451223323030537,0.014566897817380678,0.010794437366734484,0.008234085283001446,0.006428713892029899,0.00512370311105859,0.0041651346316980324,0.0034535563126909543,0.002921529351542679,0.00252185364394409,0.002220832472538128,0.0019940847032043217,0.0018237662667974575,0.0016966489616707541,0.0016027646264611163,0.0015344454439404484,0.0014856553746976395,0.0014515446081288462,0.001428179086894045,0.0014124055325513392,0.0014018122047619642,0.0013947421513495757,0.0013903153178576138,0.001388424621369349,0.0013896885548845984
29.000000000000004,0.419317912498174,0.3634409429322716,0.30809211153328453,0.2542686566852819,0.20435461758055756,0.16080718204529745,0.1250353567509591,0.09709071042413296,0.07604738932414945,0.06057421910451625,0.04935411186031949,0.0412810362602136,0.03550256649410955,0.031388875846445986,0.02847915156595643,0.026428755168653454,0.024965242178486665,0.02385593517961651,0.022889507535464298,0.021875079500291196,0.0206601155852401,0.019159961822384157,0.017380718494789168,0.015415030768755179,0.013405973401689343,0.011496881394046773,0.009792937930200508,0.008347794112771773,0.00717093543603212,0.006243761659269786,0.005534795259482629,0.005010034370792916,0.004638372582595988,0.00439345518269883,0.004253346830510966,0.004198924438267073,0.004211526426718966,0.00427028406934492,0.004349821236299062,0.004419528549298381,0.004445948962999773,0.004399087743760877,0.004261107491382337,0.004033083259756265,0.0037352371287686596,0.0033998525070945236,0.0030609114521476864,0.0027458551045660795,0.0024721926045680443,0.0022482779006699222,0.0020760714993163726,0.0019540633880236634,0.0018794799937592334,0.0018496058422423308,0.001862344790458302,0.00191616861783215,0.002009519538953752,0.0021396654485701357,0.0023010524151611004,0.0024834578011033144,0.0026707469114440273,0.002841529471065024,0.002972839259011959,0.0030464615544288694,0.003055246359799007,0.0030057991661048746,0.002915944799172101,0.0028088007800709616,0.0027069731141671043,0.002629276303695872,0.0025902644626266884,0.0026015917998172284,0.0026741197601724736,0.00282012115212282,0.00305534650280386,0.00340090140989369,0.0038848245727295216,0.004542988721850741,0.005418530485244186,0.006558655569745379,0.008007945185114225,0.009799174460748655,0.01194675922121537,0.014452682398193317,0.017335612469745132,0.020688284596690296,0.024763847073299847,0.030107493704158394,0.037809161946145406,0.0501127185619529,0.07211599419562234,0.11717624146509484,0.22582825585864932,0.49953672453582426,0.6439326189392662,0.31996545453760966,0.15421596834515916,0.08948841567260317,0.06009756227171277,0.044712398121552636,0.03571236139960209,0.029909733174509456,0.025777549445752067,0.022512554554158296,0.01968607295026012,0.01709878932839049,0.014699331794703074,0.01251681562079215,0.010602414926761543,0.00899104466990517,0.007688012253964073,0.006673755315052164,0.005915502179156742,0.005377974262681184,0.005030246399026851,0.004848983388821656,0.0048192113913296765,0.004933558310809209,0.005190311745751866,0.005590101653652795,0.006130770876214247,0.00680042674395052,0.007570242960336787,0.00839119564507324,0.009200605726213546,0.00994140986464188,0.0105885090887047,0.011169386872519947,0.011770304937415987,0.012533551521358818,0.013663632015497282,0.01546697242744265,0.018466102424867018,0.023698706765452323,0.03358496689005272,0.05497242115742201,0.11270369595545454,0.31471319134667797,0.6275595264400979,0.2981039285703059,0.12372190233552208,0.06311601344958225,0.03752697607760326,0.02465678639362633,0.017295257300205983,0.01267779313200951,0.009588081940271798,0.007427892753423934,0.005873332408201851,0.004733470259456405,0.0038873638818396872,0.003254072979369725,0.0027773502164233125,0.0024171678525671493,0.002144611748463726,0.0019385686068481036,0.0017834613158087985,0.001667652545617167,0.0015823044818643124,0.0015205654865013737,0.0014770012840784165,0.001447215777485071,0.0014276225836779394,0.0014153342305715715,0.001408135280084186,0.001404502044497029,0.0014036311770661573
29.999999999999996,0.4425792749872369,0.3883749616785716,0.33384934221861534,0.2792782606115906,0.22690783670642817,0.17970946295182716,0.13991181245384382,0.10825360697644472,0.08416028617550245,0.06636174797211551,0.053446934598816664,0.04416984778586514,0.03754851767878209,0.0328531743535762,0.02955382472335548,0.02726221969698886,0.025681110400980218,0.02456429120844681,0.023689244373185706,0.022845973433593566,0.021846370053435357,0.02055332494341115,0.018916199563701917,0.016987910388611388,0.014904612973494632,0.012834100312445638,0.01092140380251207,0.009257679006458266,0.007877786047088478,0.006775347164708952,0.005921568624356154,0.005279946793513184,0.0048149768414519015,0.004495995518753224,0.004297902276280935,0.00420008865790783,0.004184327199201222,0.004232021645472412,0.0043212202926878485,0.004424216093248806,0.004507227200286782,0.004533945714430257,0.004473562221540644,0.004310770738285188,0.004052235428166377,0.0037247542371524147,0.003365655688561326,0.00301110881202972,0.0026881925274531066,0.0024126792917667957,0.0021909201466507426,0.002023235508021786,0.0019070302820489097,0.0018389575346694008,0.0018161198947944308,0.0018365111158230656,0.0018988617491693437,0.002001936949946099,0.002143253032015558,0.002317226277268933,0.0025130680775368947,0.002713328025652512,0.0028945917062668854,0.003031661567319438,0.003104777696754117,0.003106719308147911,0.003045582543045121,0.0029415354988604966,0.00281991946461036,0.0027048125904506845,0.002615642993021867,0.0025669472873108435,0.002570038694084066,0.002635361133885433,0.0027748615984309432,0.003004185701482091,0.003344699814069572,0.003825277207762024,0.004483491006454696,0.005365370505213983,0.0065223587833797975,0.008004144903435328,0.009847758742735071,0.012067761496136283,0.014658302767535592,0.01761999781514557,0.02101820859697765,0.025070976382178443,0.030275351309042884,0.03763478067413069,0.04919220004399785,0.06949517653811364,0.110167930634274,0.20579280312148746,0.45136387690414576,0.6706783252862631,0.35915948114934154,0.16935278973673232,0.09599999185334246,0.06348254811104688,0.0468163246760192,0.03726173422999362,0.031235594377105626,0.027042207493695652,0.023786304626315605,0.02097638120553569,0.01836955280734139,0.015893496493101702,0.013580524725745967,0.01150201243864403,0.009717698161090417,0.008252375223981976,0.007096953669483559,0.006221362468727126,0.005588281256617843,0.005162711558644338,0.004916961259387311,0.00483236964057825,0.004899091645232013,0.005114615173802426,0.005480983449821225,0.006000187759345656,0.006667200564959664,0.007461206997781908,0.00833825137261142,0.00923176974769343,0.010067489736220328,0.010791715440201723,0.011400384536328315,0.011953336555608433,0.01257102936493407,0.013428412831498576,0.014769375670012918,0.016971620119938056,0.020728550629781663,0.02758245781065464,0.04180503582664523,0.07815736351758272,0.19346535449265367,0.5345831672734046,0.4865935019359225,0.1880922281601753,0.08659981412698926,0.0484269091079773,0.030675241748846074,0.021034512905887124,0.015194317989187554,0.011374319896300087,0.008740092640299065,0.006858187599081552,0.005482367050520437,0.004461358515745261,0.003696100105636138,0.0031186112153239564,0.002680777256667309,0.0023478887333050554,0.0020946025601903356,0.001902244166999246,0.001756923297769444,0.0016481853800093351,0.0015680367805724516,0.001510242886167201,0.001469832673733053,0.0014427654670211626,0.0014257278722349643,0.00141603404149938,0.0014116015842911295
31,0.4655542480379894,0.4134630306053344,0.3606096014973899,0.30628307839591384,0.25221554988915695,0.20163939647338885,0.15761459904012715,0.1217634231265432,0.09407232018483547,0.07345970833032517,0.05846500299288407,0.04769893639925091,0.04002901372845526,0.03460262663114793,0.030801624313074618,0.02818039600101074,0.026408399886105834,0.02522291974956322,0.024393270983757077,0.023698907562031066,0.022926738609610264,0.021892331099797428,0.02048012834617803,0.01868116520190147,0.016598512002859268,0.014407677897354797,0.01229210940562718,0.010390106651119271,0.00877452861688364,0.0074612242079656185,0.006429833138891147,0.005643591183297478,0.005062680774529543,0.0046511372601196616,0.004379260266329661,0.004223398714303454,0.004164291341926225,0.004184535380397309,0.004265465122623945,0.004383844697903163,0.004509374404892629,0.00460483924886563,0.004630952496734272,0.004556206387965823,0.004368128024187777,0.0040791926823641545,0.0037226740177259345,0.003340554126874591,0.002970765369859425,0.0026397895391648152,0.0023616542837410688,0.0021408368029243825,0.0019761765968321437,0.0018641210737320901,0.0018008289008783923,0.0017832616456808163,0.0018095281552031911,0.0018786547344657497,0.0019898095006062153,0.0021409086160205253,0.002326576820381,0.00253575863566061,0.0027499546573419007,0.0029438039877911337,0.003089624323714647,0.0031655288735415203,0.003163518339722538,0.003092628370358928,0.002975144936123171,0.002838704375416459,0.002709078237943839,0.002606533671267426,0.0025457335606086672,0.0025376802790501233,0.0025923131141573174,0.002721050971281469,0.002939115827712209,0.0032676986799529107,0.003735971367176932,0.004382645214205357,0.005256239964020583,0.006412550561667126,0.007907500648388018,0.009784871394890681,0.012062854186382801,0.014730540611618879,0.017769881365491492,0.021212796661062128,0.02523051372344708,0.030255046794487674,0.037178385169482006,0.04779720857724138,0.06600873301811214,0.10145211779670167,0.18195337564168923,0.38949624255818305,0.6798165054521302,0.42074569000403533,0.19376834732213258,0.10607314610248102,0.06844214881987538,0.04969558265211163,0.03922092478598107,0.03279519351337262,0.028464425348912588,0.02520300677981465,0.022433159449929543,0.019846586799344094,0.017328889717880522,0.014900789564659666,0.012649864129318901,0.010665987285216297,0.009002516439558895,0.0076687470929667064,0.0066420391414862105,0.005884829361158238,0.00535797015219672,0.005028405263849664,0.004872414469534566,0.00487619501108901,0.005034933851875473,0.005350681458437202,0.005828599708483288,0.0064707428875595,0.007266927842060153,0.008184270579129188,0.009160853377352384,0.010112225483857918,0.01095610971042652,0.011647932841812777,0.012207746811946462,0.01272400720675447,0.013340105089014913,0.014245821904975557,0.015701626001344917,0.018150843941441827,0.022638461329498514,0.03235979041996539,0.05684323086798295,0.12202245518185108,0.31945191712186044,0.6483594531321447,0.3215391234274746,0.1302965961803612,0.06637557943917057,0.03974782741167137,0.02633935585789625,0.018626259240294353,0.013754269035035321,0.01046853655557645,0.008150927740898527,0.00646669328747567,0.005218755519395122,0.004282357517846667,0.0035738026757589805,0.003034554975734221,0.002622557954397945,0.002307095864623578,0.0020655027793932404,0.00188091957006999,0.0017407016800915468,0.0016352636474539458,0.00155723366556404,0.0015008372506218172,0.0014614561800809904,0.0014353262050623042,0.001419347428771226
32,0.4880071198461076,0.4382605765187517,0.38784197537283316,0.33487202015249484,0.2801660016358367,0.2268179238626327,0.1785829959341524,0.13812025699804067,0.10623428178906213,0.08222592321342836,0.06467323268050866,0.052058150887620204,0.04307924370143725,0.03673474558284403,0.032294634230886736,0.02923768157187127,0.02718745166390647,0.025857780821447334,0.025009257441100753,0.024417475766501315,0.02385717989243643,0.023109636163214837,0.021997058401686163,0.020432753561852552,0.018456161196296044,0.01622107384460732,0.013935789140080564,0.011790203582969444,0.009909293899681693,0.008345518689758769,0.007096813748272842,0.006131060025520778,0.005405528367515904,0.004878420639100413,0.004514027013059675,0.004283912959147948,0.004165957319944944,0.004142230991780641,0.004196107433450103,0.004308781702728797,0.004455622781652121,0.004603561087868859,0.004711719110964036,0.0047376259521930315,0.0046489878063851265,0.004436182744632498,0.004117480160135998,0.003732459510921318,0.003327492279266544,0.002942082805894341,0.002602094607957952,0.002319928975168763,0.0020983554279854137,0.0019348738965720652,0.0018250610436828891,0.00176461622569681,0.0017503618431401306,0.0017805154002944051,0.0018544137032584368,0.001971698868197239,0.0021308547786132465,0.002327009698509527,0.002549249691295088,0.002778440861854674,0.002987479583427991,0.0031459560753862273,0.0032291085173319412,0.003227161004940106,0.0031492743847699317,0.0030195155544701186,0.002867937405731971,0.0027223614038709284,0.002604256631557552,0.002528653304300708,0.002506324944227746,0.0025466363478754807,0.002660267632028273,0.0028616658694276776,0.0031713438869510877,0.003618111811726114,0.004241039903945247,0.005090396289243554,0.006226001808302193,0.007710768282061309,0.00959783125967385,0.011913647999765917,0.014647472114297757,0.017765056946414046,0.021261172187950775,0.025249629463279435,0.03008219724533983,0.036521701003121264,0.04609726287088011,0.06202968699580745,0.09196893493013193,0.15710142885461909,0.32178844471001017,0.6432346713174666,0.5096403142983725,0.23272622160507683,0.12150743760210854,0.07565523007814985,0.053636775248670075,0.041712306105530984,0.03462863723304045,0.03003742541925044,0.02673046674721451,0.024017967612549342,0.02150348558857981,0.019004021150292726,0.01650387038293981,0.014093176677982292,0.011892870033316454,0.009995183991659332,0.008439657140123685,0.0072196167241535235,0.006301514549822114,0.005643131743665617,0.0052053609999134914,0.004957958101732051,0.004881409540656613,0.004966714377383315,0.005213936706587896,0.005629448877667527,0.006221041636230739,0.006989798819894908,0.007918571018392905,0.0089600610487675,0.010032576857000264,0.011033791721928678,0.011874799261699879,0.012519171071091757,0.013002265148717159,0.013420099228144786,0.01390325593566682,0.014615280299137279,0.01588561578452944,0.018808024601379234,0.026330658831986434,0.043311692553591116,0.08034994608012191,0.1776826173875194,0.4728889607080577,0.5645398063120856,0.22284244453182894,0.09922543314318849,0.054509495031756956,0.03427522336415946,0.023468495738999673,0.016985466667684523,0.012762707917276133,0.009848423683723776,0.007755793653507837,0.006212977464253258,0.005055813093756804,0.004178167991444575,0.0035075838129478925,0.002992626147200199,0.0025958542526158036,0.0022895965024800715,0.0020532084446216866,0.0018711801096548328,0.0017317752001983005,0.0016260308022795857,0.0015470156926656344,0.0014892816694280343,0.001448463776565731
33,0.5097986545247541,0.4623571404325078,0.41493980449950435,0.36444548217030975,0.3104192564867291,0.2553042775102028,0.20321493470413474,0.15788055335543544,0.12119658240243869,0.09311887421191588,0.0724191523162016,0.05749853116270697,0.046877523971410776,0.03937703951377824,0.03412630683990955,0.03050495084707469,0.028073291423684088,0.026510245289296436,0.02556246307378531,0.02500416847233151,0.024609325983956633,0.02414270873503757,0.023379084505603043,0.02215183931319884,0.020410705143676437,0.018248461598449135,0.015867508335982234,0.013501061960708436,0.011337268920367608,0.009483372846108798,0.007971101725804532,0.006782324107748492,0.005875350732848227,0.005203131101876555,0.004722843098965594,0.00439946951790635,0.004205979889896106,0.0041217902399677915,0.004130281952987284,0.00421560375155805,0.0043588344043036294,0.004533957417069173,0.004705064369019783,0.004827412260361893,0.00485501525237791,0.004754415870121853,0.0045185102549976635,0.004171106020451087,0.003757914205980558,0.0033296326468514477,0.00292741376705139,0.002576691071458513,0.002288461330857481,0.002063971219929292,0.0018994943656193849,0.0017897799488706702,0.0017300592514586902,0.001716978539058806,0.0017488230758649997,0.001825224601131093,0.0019463483414694878,0.002111411174855078,0.0023163783511265714,0.0025509909361463774,0.0027960742862865712,0.0030231898365848174,0.003199065191678063,0.003295206710079703,0.003298742485010276,0.003217778423283528,0.0030776092051192734,0.002910824281765019,0.0027477894874672884,0.00261170854801054,0.0025183546468297044,0.002478439070756929,0.0025007251784466074,0.002594960088533361,0.002774459598284242,0.0030585214870650526,0.0034748437507407413,0.004061878263310631,0.004870520703700561,0.00596367437883933,0.007411215066418746,0.009277706050089183,0.011603077936573771,0.014384526913359345,0.01757846286662567,0.021143221755122878,0.02512715257778564,0.029788068300767495,0.03574735240901556,0.04426520620543081,0.0579206785253179,0.08255979263972321,0.13354535331672063,0.25705629399877106,0.5497966485251892,0.6162406564358082,0.29571278703643916,0.1456660131037489,0.0863408048478849,0.05914575099957447,0.04496131752144384,0.036828211002033845,0.031777459268904684,0.02833705080541984,0.02567376262177336,0.023282448531494367,0.02088413506781212,0.018392208927727957,0.0158707176369146,0.013461015423561831,0.011301549523461657,0.009477661755267519,0.008012867444849674,0.006886400042028199,0.00605658549589167,0.005478596878166044,0.005114380502626203,0.004936779243659656,0.004930403590730289,0.0050908911759994235,0.00542308381548675,0.0059376669437638556,0.006645059806855898,0.0075452141975536876,0.00861351330663067,0.009787309200734978,0.010963510105035369,0.012018118274168288,0.01284532651382753,0.013392498192984879,0.013662962435214386,0.0136917926462772,0.013594073866871692,0.013963048182111804,0.016416572512301268,0.02262194565249707,0.034048732184716934,0.055714366261188114,0.104845271092126,0.24574383222585314,0.6055300923564404,0.43259389317242763,0.1685844282640355,0.08127948885624747,0.047114782134350865,0.030681638303265205,0.02152449458986658,0.01586181432618181,0.012089100353001647,0.009439063558369732,0.007508292196773845,0.0060666694740684835,0.004972897896822404,0.004134385554151332,0.0034871616436200304,0.0029852925684280686,0.002594951668317799,0.0022908427767639305,0.002053872888309461,0.0018695373402506227,0.001726748596517085,0.0016169650263141687,0.0015335356652096844
34,0.5309218684327283,0.4854338541577631,0.4412834434755094,0.3942433593672496,0.34236668706215745,0.28690431242970565,0.23178107676303444,0.18161535815181168,0.13960954165564907,0.10671936938029065,0.08215888605929919,0.06435454894832368,0.05166177546913327,0.042698230469421394,0.036418591049862635,0.032073637987753215,0.029137537063347402,0.02723777039476579,0.026096628477230887,0.025483761644982374,0.025178779158545717,0.02494731766346334,0.024540178904816204,0.023726133146823276,0.022355096129058376,0.020420109671431434,0.01807001612691324,0.015551657512269881,0.013115214796229431,0.010940658537532347,0.009115176631138732,0.00765067929520529,0.006515082563280283,0.005659042417315217,0.005032424168719137,0.004591997053934932,0.0043036518017197205,0.004141779693456308,0.0040872954239219925,0.004124881454705517,0.00423952447320481,0.004412325535122092,0.004616044119452254,0.004812005478054078,0.004951436256521168,0.004984345333534445,0.004875368341421439,0.004619161677646362,0.00424455993337302,0.003803267027868906,0.003350497048724613,0.0029294241424281404,0.002565451035252337,0.0022684875089435436,0.002038452949465481,0.0018704775515224921,0.0017584827699680553,0.001697180677298147,0.0016829649940594447,0.0017141100320298124,0.0017904879575130904,0.0019127966630987476,0.0020811210668724646,0.002292600243785541,0.0025382234599227566,0.002799563636674483,0.0030475476528026247,0.003246166586868991,0.003362361683671947,0.0033785338164036647,0.0033000573714589095,0.0031525122579747693,0.0029710302643430747,0.0027891348147197565,0.002632505335877854,0.0025182239213630687,0.0024572379423597993,0.002457763202345129,0.00252846701663745,0.0026812072371522225,0.0029335399502863862,0.0033112692087757336,0.003851119464611123,0.004603153092173138,0.005631716927841438,0.007012481875976432,0.00882216004014044,0.011118759099275163,0.013916972653289568,0.01717589784675288,0.020825230574325098,0.024845196450805285,0.02938793837945286,0.034923438504333965,0.042453437069671376,0.053988193680670836,0.07386197183390004,0.11278127878432619,0.2015335229466465,0.42584806000534575,0.6837414417033557,0.3978072369354586,0.18509684838815998,0.10277096182607812,0.06712808026137206,0.04937311429556543,0.039579175113330395,0.033751229258648416,0.030012037878914783,0.02733670871453241,0.025093322130042638,0.02288637860970106,0.020521331876149917,0.017990922921616328,0.015425062613918938,0.013002884208290322,0.010870588334172841,0.009102823865458312,0.007707893586096666,0.006653447030955619,0.005891847502110147,0.005376822978775424,0.005071694176019533,0.004952250119181932,0.00500695270833137,0.005235907342416669,0.005648840518372353,0.006261303216129135,0.0070875142357082884,0.008128171331347451,0.009353402356260523,0.010685905553285845,0.011994968478029456,0.01310974339355645,0.01384235488194422,0.013999004407891294,0.013443437832701362,0.01255253554298085,0.012786185632444123,0.015292142420949796,0.020042806134841055,0.027662039208433943,0.04087837623707266,0.06735853526607563,0.13159969066735658,0.32452182923345824,0.6558676460583263,0.33748534958189164,0.13764669710891358,0.07034124231661726,0.04233966438439477,0.02827376869571933,0.020198673586404363,0.015097404117243926,0.011643043248692605,0.00918396966848836,0.00737086885139316,0.006001763251966729,0.004951505593919253,0.00413754483993301,0.003502480508244617,0.0030047716569144662,0.0026135242038668504,0.0023053676526503786,0.002062440203278736,0.0018709969480864366,0.0017203973769957831
35,0.551530272786318,0.5073202873633941,0.4663204603750754,0.42341328706260933,0.37513047934507654,0.3210825535918388,0.26430400778026647,0.20982681989684246,0.16219943431996459,0.12374691820427154,0.09448804251792658,0.0730740449722,0.057752973196301044,0.04692482635839569,0.03933284933015792,0.03406236264839031,0.03047177910242632,0.028114900531985933,0.026673750094215465,0.02590394954646813,0.025589976914117112,0.025509862805912404,0.02541530347881602,0.025040146188089026,0.0241484860871287,0.02261212308471834,0.02047287770170862,0.01793624686174575,0.015288291284090804,0.012789183138536107,0.01060639824644556,0.008806481400474754,0.007383147957319327,0.006292402421574688,0.005478769706145387,0.004889869749220235,0.004482389551180808,0.004223166777607,0.004087942059355366,0.0040590596557390606,0.004122512776553475,0.004264260308832231,0.004465693867552336,0.0046986958222771675,0.004922084657321173,0.005082971183800061,0.005126707466889,0.0050148526715809855,0.004742552810478815,0.004342842091799326,0.003873310386337114,0.003394162714175545,0.002951298168967792,0.0025707190664895204,0.0022616716868632983,0.0020229599902411334,0.0018486262944997906,0.0017317235720630479,0.0016663523229976471,0.001648538000023702,0.0016764246117112799,0.0017500227574580828,0.0018705149628490572,0.002038924364165779,0.0022538531606069883,0.0025081541760806542,0.0027851084397053313,0.0030560762420121547,0.0032828988140100757,0.003427386603439559,0.003465379365294246,0.0033972245820633037,0.0032471948479250216,0.003052643372415064,0.0028509083147041686,0.0026711299880487027,0.002532530653646609,0.0024467951837145023,0.002421778356922213,0.002465009009496248,0.0025866279789532286,0.0028019841996508314,0.003134250576831327,0.0036172947701888234,0.004298680906064221,0.005241953238312409,0.006526110723947373,0.008238626347841829,0.01045793823518751,0.013225479015909853,0.016519452325253592,0.020258140174263358,0.02436100763441917,0.028867721871428765,0.03408668464545244,0.04077345480475084,0.05045582922506545,0.06627757407980293,0.09548954454430958,0.1575733254018007,0.31046953404681304,0.6249685084289568,0.5481421810351017,0.2529543729992885,0.12943569912518443,0.07927063440437551,0.05567946946865019,0.043229023914130464,0.03611849250067571,0.031799462100726476,0.02896437945850331,0.026830120903177924,0.024876302406110246,0.02277540804582111,0.020397058030527857,0.017801159780899783,0.015173270179923199,0.012722015394084957,0.010597135851510482,0.008862603678799043,0.00751370162386361,0.006508741928440411,0.005795449451453221,0.005326489656050183,0.005066351456933559,0.004993339252444145,0.00509939687381149,0.005389048796877976,0.005877523926969381,0.006587075721639721,0.007539573780240116,0.008742919140573261,0.010169397084229079,0.01172525726576697,0.01320750182018462,0.014233094602398483,0.014202698296135057,0.012898611394360564,0.011831991163291639,0.012542132622574491,0.01476654496240168,0.018209807420772595,0.02337815550436905,0.031789558340162165,0.04706044121584952,0.07897819923920107,0.15989500130188766,0.4039804996285348,0.6355529168922,0.27906865654700597,0.11937118076717618,0.06349869778025803,0.039214476250414604,0.0266504618531318,0.019293076734584004,0.014579477771169766,0.01135267048213089,0.00903351515487792,0.007307436335917971,0.0059911632114705154,0.004970823019577839,0.004171290428297708,0.0035403032100036376,0.0030399156565557688,0.002641706861492537,0.002323945917144198,0.0020697976870270385
36,0.5719553852000753,0.528043121221467,0.48965184037682113,0.4511151790702353,0.4076222515621921,0.35691069696148586,0.3004163390285641,0.2428096684172416,0.18969942662255568,0.14505770118594416,0.1101735131837052,0.08425683738695348,0.06558813164120451,0.05236546566840354,0.043086456500834716,0.03662751520190966,0.032193618745687914,0.02923573597122999,0.02737381795797293,0.026333822982367656,0.025896528619754982,0.025854593227042883,0.025978707265038696,0.026001941626326543,0.025638876330648173,0.024650388115526566,0.022934639188013663,0.020585857261163656,0.017865151468653466,0.01509262430212918,0.01253321624029278,0.01033968327131686,0.008558607411346522,0.007167412891112711,0.006111944842575978,0.005331688880990307,0.004772497855348688,0.004391061321182426,0.004155062128543898,0.004041444990333375,0.004033888335821779,0.004119720085620246,0.004286070804896953,0.0045150266870197615,0.004778152263802108,0.005032269016090845,0.0052204475146940595,0.005282625329471928,0.005175663429191001,0.004893299403696701,0.004471494989876866,0.003973579967999159,0.0034655131082897126,0.002996994853446424,0.0025955374417341555,0.0022702867351666483,0.0020191802628901794,0.0018352109581599044,0.001710486247331465,0.0016383630144709501,0.001614343967455214,0.0016362812909359984,0.0017041692352070285,0.0018195535203158139,0.0019843676880892873,0.002198854446515067,0.0024582757358442,0.0027486690609390203,0.0030432744202098633,0.0033030378749738577,0.0034847125844314035,0.003555842978869743,0.00350880941233133,0.0033640024394231446,0.003159977805661649,0.002938397304658942,0.0027330914264486477,0.0025666142587842814,0.0024521960805199902,0.0023977285515689186,0.0024096831716369175,0.00249633420379148,0.002670468397536289,0.0029520140823095136,0.0033709675277767484,0.003970742222200808,0.004811512377029412,0.00597204592941748,0.007546775094426008,0.009633102790180674,0.012304891498953958,0.015576768612477624,0.01938216507699505,0.02360262453293747,0.028170574683839017,0.03322385059724755,0.039277124253874356,0.047452573733383414,0.05999646419411583,0.08173963632235452,0.12463326031019259,0.22291839897828636,0.4650823499589473,0.6804626774120885,0.3737655465683384,0.1758473031758487,0.09892058230004239,0.06524751538346044,0.04841574833990022,0.03919878583085095,0.03384615632827432,0.030580949047308657,0.02841273252659045,0.0266926658037064,0.02496028573498737,0.0229285376265209,0.020515215025097983,0.0178372106984089,0.015129166596430448,0.012626243856377133,0.010482259843191642,0.008753061703926377,0.007423563761345445,0.006444387444534928,0.005759134881100932,0.005319152037497268,0.005089486093528757,0.005050329536613847,0.005196765476502647,0.005538111646080071,0.006097014337161286,0.006907458903773688,0.008009543135249406,0.009435688014916366,0.011171303862008066,0.013030023296042439,0.014320990535456492,0.013829711293214206,0.012216288111493952,0.011819162762276906,0.012775393391550028,0.014530698238398237,0.017020125962991694,0.020618539378129797,0.02618969184806997,0.03555372372980027,0.05298342280565338,0.09031760933969134,0.18754565001425555,0.4723527533208508,0.5937065659188112,0.24477499346970324,0.10853014264348534,0.05923638367894472,0.037179102162904425,0.025552858633677226,0.018663675007303284,0.014215003896725779,0.011150944447627565,0.00893583110548537,0.007276139221050725,0.0060002406548761026,0.005001663033365432,0.004210525735573055,0.0035784845164053185,0.0030705234961316955,0.0026603367782112013
37,0.5927103748097725,0.5478608094106113,0.5111108733351725,0.47664669301571827,0.4386669048851421,0.3930911552880743,0.33923572507874555,0.2804581561425629,0.22270919502357958,0.17159981283732575,0.13017499150061337,0.09870056907183082,0.07576535822559936,0.05944632276009454,0.047977865267890746,0.039979902891473365,0.03445693691035587,0.030719273912193444,0.028296050593132196,0.0268617950569024,0.026177796850556947,0.026043566948018976,0.026254752239767618,0.026570090612120168,0.02670012843086811,0.026338062634788356,0.02524232877591754,0.023340268072803042,0.020780173168997808,0.017876864565667786,0.014980370196857901,0.01235737048329014,0.010145552695152688,0.008373047894618969,0.0070028607577993585,0.005972029768820053,0.0052156685398852855,0.004678021873110084,0.004315664728848865,0.004096905211644443,0.003999679909472329,0.004008872975242242,0.004113168898986573,0.0043011136178088575,0.004556014174728204,0.004849905305665365,0.00513844363764939,0.0053610303564161355,0.005451465939848067,0.005359873823609108,0.005075931880434036,0.004636586526275674,0.004110549588914637,0.003570541815351624,0.003071570565390565,0.002643932562054889,0.0022974453499624973,0.002029506245510347,0.0018320994638260787,0.0016962800599235103,0.0016144917288437876,0.0015815212681005541,0.0015947261642509918,0.0016538761216069533,0.0017606783988103833,0.001917824609808983,0.0021272015086850307,0.0023868384224844247,0.0026865023210510745,0.00300302632857945,0.0032985019803800607,0.0035257970721216075,0.003643114340847247,0.003631531555102994,0.0035036904333630684,0.003297054367211612,0.003057550148595733,0.002825061848602683,0.0026271220204111385,0.0024797690514706686,0.0023916610663507125,0.002368511241655102,0.0024167352585986106,0.0025463549498846764,0.002773628594457406,0.003123907309140817,0.0036350571061263964,0.004361418139864648,0.0053774750225746345,0.006778872773645947,0.008676082074682115,0.011174310202460956,0.014336626583140591,0.01814212150550338,0.022474979363595673,0.02718858311338044,0.03225226308206255,0.03793586093678893,0.04500571045431574,0.05503996776645431,0.07124271644701763,0.1008630435456506,0.16299250934677872,0.3131918937791476,0.6220029562593087,0.5654299628569437,0.26312169638351024,0.13329730341836205,0.08079808517773002,0.05633601087704444,0.043589112055935963,0.03646868199978355,0.03233428233010795,0.02985040412491976,0.02821174893778037,0.02684310567937481,0.025310243486704378,0.023343779455679663,0.020893406762142037,0.018123280196791013,0.015314132991780617,0.012729909773167103,0.01053318537483881,0.008776124255957165,0.007436069604510274,0.006456994375876289,0.005778202128479035,0.0053489372963750085,0.005133881727003573,0.005114417054975951,0.00528877546971566,0.005672792909138668,0.006302272583942147,0.0072374458323728385,0.008566208158171024,0.010373348891407336,0.012486180710826874,0.013674519723887774,0.012782813590226394,0.011912638260991345,0.012162044344770438,0.013108484961886805,0.014492477418812216,0.01635283998065396,0.01894730623940547,0.022789625285109114,0.028861185899114267,0.03920669787374824,0.058682247978544495,0.1009375845005583,0.2123763251916731,0.5234640776276474,0.5590032839046466,0.22571657425545769,0.10237833611477207,0.05667857152950356,0.035868990567733676,0.02478924272942689,0.018188351790095814,0.01391402264402938,0.010964755577309795,0.008827891365941682,0.007220837575128664,0.005978046335974373,0.004997139782514737,0.004211443181302974,0.003575275326363984
38,0.6144766699084886,0.5672810869280228,0.5308232838366524,0.49956726275380986,0.46717599519192937,0.42808337150432346,0.37931852848298975,0.32205174342238624,0.26146357556872757,0.20428800375792705,0.15563128245305452,0.117445658343652,0.08910222362330146,0.06876171125417256,0.05442418728456671,0.04441056960227721,0.03746867969231358,0.0327193821045763,0.029563371588169008,0.02759512510686031,0.026534180103392643,0.026170434839913118,0.02631735976750451,0.026769841570961878,0.02727121967988115,0.027506237532988247,0.0271442744443717,0.02594055400418469,0.023852051727036756,0.02108091210028191,0.01799375178073442,0.014968284034710806,0.012272305805775596,0.010029688566716105,0.008252109466933466,0.006889807388536485,0.005871924440323084,0.005129470060045039,0.004604959221333624,0.0042545582692918105,0.004046873109719638,0.003960550766912469,0.003981504398858521,0.004099766938760404,0.004305549592306592,0.004583988270233192,0.004908594250678137,0.0052350803462420225,0.005500025925615065,0.005630659773206528,0.005568074480975757,0.005294376591543819,0.004844551734818001,0.004291793262941796,0.003716702595098702,0.0031815852306891694,0.0027212924420315725,0.002347411203679022,0.002057273885154701,0.0018419321247286264,0.001691263751748499,0.001596593613665805,0.0015517611591184686,0.0015533869770489883,0.0016007590782640276,0.001695468299868685,0.0018406810766000623,0.0020397153478770615,0.0022934214772898096,0.002595972011218647,0.0029294923047105664,0.003259932837060776,0.0035389281913683784,0.0037158637658445855,0.0037575631143970173,0.0036637455553520173,0.0034664676150109592,0.003214496443355684,0.002954888677263846,0.002722278711225379,0.00253742439052997,0.0024110023709342596,0.0023486113820289306,0.0023550431370802653,0.0024375414627515767,0.0026084949715818356,0.0028881566999016343,0.003307900981753885,0.003914304432293468,0.004773848307427949,0.005976937658580253,0.007637811290379504,0.009883934531152917,0.01282705314116173,0.016514925951687326,0.02088510343379154,0.025770875837844955,0.031006087583459265,0.036615552506769386,0.04302599015469239,0.05129417941942086,0.06354582029970766,0.0842072040811956,0.12378762145979987,0.21125192169258508,0.42442670759305956,0.6931152002945093,0.4314316001990982,0.19940851976017232,0.1082608375669691,0.06937832484379496,0.05041016418834543,0.040263971031800086,0.034563361238361456,0.031310800023728,0.029438406506724576,0.028253636412093795,0.02721907087559109,0.02590187129280951,0.024027465548004046,0.0215577054391571,0.018692799508576653,0.015759282405125093,0.013057043507115854,0.010766178986146666,0.008941594799728728,0.007556201603313711,0.006547958913938116,0.00585113921902203,0.005411659244258555,0.005192709878637793,0.005176451427782731,0.005365812193073235,0.005789854335306422,0.006517296192807783,0.0076801646951279836,0.009442830957010434,0.011462970728181908,0.012131657203895547,0.011712666057978442,0.011767238872747204,0.012382496068895781,0.013329654465171174,0.014526159273526686,0.016028076399023823,0.018012113969783635,0.020802046177098833,0.024968027689483915,0.03158226118828104,0.04288480624424749,0.064223764111918,0.11070380035606392,0.23341165158538932,0.5586662803203347,0.5386088707192019,0.21640610271831165,0.09927059857627239,0.055229132746216845,0.03499869937912132,0.02418741789691319,0.01774285854024682,0.013574602417243484,0.010703159231819921,0.008624349130196662,0.007059084790623418,0.005843544469448757,0.004876560757118878
39,0.6380669592725056,0.5870591286282583,0.5492419943172522,0.5197984397614884,0.4923366920695308,0.46032775073700904,0.41875607679841054,0.36609965838166236,0.3055242834948578,0.24375393745446625,0.18776519448289158,0.14179646649431235,0.1067032301128336,0.08114377720998417,0.06301682997850336,0.050330536626452316,0.04151560859819941,0.03544189745897886,0.03133214129138916,0.0286633180007993,0.027084268063174134,0.026351859712264072,0.026279582458961944,0.026691689459043867,0.02738005845641578,0.028070434170634942,0.02841899936417578,0.028068030141508795,0.026766372551447135,0.02449809604826992,0.02151725018530893,0.01824105435147935,0.015075156332867209,0.01229034742467297,0.009999325013669461,0.008199587677834711,0.006829955709001009,0.005812141199395358,0.005072944154250061,0.0045527717486637635,0.004206924430958905,0.0040038710749820475,0.003922609676460284,0.003949835582839956,0.004076856198004299,0.004295747780874523,0.004594094657019317,0.004948050434644691,0.005315018696448707,0.005630282821694126,0.005814737411285791,0.005798261664500151,0.005551042272624876,0.005101732578020062,0.004526010819369685,0.003913272682908196,0.0033356093009458197,0.002834874266626689,0.0024260339483106255,0.002107103336148737,0.0018683730609465772,0.0016984214725335157,0.0015872159604758574,0.0015273775188962325,0.001514509921970202,0.0015471214448020969,0.0016263479012368729,0.0017554330981638042,0.0019386948956496021,0.0021794818103123706,0.0024765262278278804,0.002818504727182204,0.0031781443130576743,0.0035099683775254584,0.0037575772159508035,0.0038724684281136986,0.0038357614679731516,0.0036671898450743846,0.003414287426818176,0.0031312217262575927,0.002862085454557989,0.0026351035593622537,0.002465035779234171,0.0023585779013332604,0.0023194825906876935,0.0023524423494018167,0.002466015351923939,0.0026752433986501497,0.0030046037907861343,0.003491804606323018,0.004192676208720551,0.005186786863253799,0.006581954696756779,0.008513024986680834,0.011126518482609177,0.014541756369588371,0.018790105502660383,0.0237649138950174,0.029247433061785368,0.03505548802300232,0.04127751790483175,0.048510113351920604,0.05812855640319687,0.0728843993769849,0.09866425087631325,0.15000826155287197,0.267780156682337,0.5377785453215294,0.661411231345313,0.33768252634639995,0.16204497413516686,0.09280035782481588,0.061903075829453064,0.04634504095839874,0.037901464700159856,0.03318424174875025,0.030587201759980108,0.02921364248432451,0.02844413734629924,0.02775877734760586,0.026707034536668874,0.02498422798721548,0.022538182458078333,0.019589014236995345,0.01650913729856704,0.01364591676960798,0.011210450665951596,0.00926972540009734,0.0077964132349172145,0.006723070120383539,0.005977788974771172,0.005501572244634575,0.005255178665707145,0.00522308530925354,0.005421921779899748,0.005923837504915652,0.006897452126581864,0.008483853087500229,0.009952192822633018,0.010437487496526966,0.010745348828646617,0.011347591585547195,0.012207286991776131,0.013242034556229685,0.014424673501098332,0.015796129913109386,0.01747333661264947,0.019668421578355813,0.02273730169471962,0.02729628495856478,0.03450204401338704,0.046771427045831884,0.06987349688578437,0.1200688283370746,0.2516546780509061,0.5839711940944385,0.5299683198047439,0.21287590660367017,0.09791820641285924,0.05434565195023403,0.034271347458783914,0.023548260255394252,0.017171590261418887,0.01306083331285682,0.010237859429275782,0.00819761862052998,0.006659563435308925
40,0.6643517477340507,0.6081746976261284,0.5671547856968393,0.5376859234590036,0.5137755868292768,0.48852236794144127,0.4554389773696986,0.41035778123461064,0.3534794767341537,0.2899523325102671,0.22763821195476266,0.173267973390507,0.1300175911644203,0.09775152129228687,0.07460188982811491,0.05833146174486674,0.047006472788271775,0.039172636871651706,0.03380983232237277,0.03022771130208029,0.027966896582262625,0.02672140728071358,0.026279441296165496,0.02647461378250839,0.027140329996403544,0.028064834999812705,0.028955525431459874,0.029437813682174328,0.029122340916845044,0.02774520833463219,0.025311362892571986,0.022123043943409196,0.01864808528187361,0.015323247211776338,0.0124268246377637,0.010064315485453331,0.008221535587227548,0.006826918241584829,0.005794785668167573,0.005047269910578262,0.004522043978057755,0.004172920047869975,0.003967681618144484,0.003885225094161148,0.003912689593173474,0.004042476486729907,0.004268608833024398,0.004581645233916306,0.004961585287990215,0.005369507626455559,0.005741750680755329,0.005994267553297236,0.006044312150202667,0.005845295613875491,0.005413355123115399,0.00482271779021417,0.004171634852823946,0.0035448266983920847,0.002994486744320431,0.0025413696552290853,0.0021854011896107035,0.0019164879502691619,0.0017218302696789586,0.0015897741586355586,0.0015114077635215468,0.0014809981835472521,0.0014959431993331125,0.001556546013774245,0.0016656551907684343,0.001827985158581447,0.0020486954245218544,0.002330580465414584,0.00266924685304226,0.003046512978143434,0.0034246510285669144,0.0037473746475099367,0.003953624189402009,0.004001973400694635,0.0038907805103079217,0.0036581222529119472,0.0033621774312491857,0.003058132647811481,0.0027852400704733026,0.0025655982684570774,0.0024091613727516663,0.0023198236446409295,0.002300302469895011,0.00235561969874388,0.002495796919138095,0.002738510755154576,0.0031123728350477557,0.0036613646262096847,0.004450681733485253,0.005573498619524937,0.0071563357073648505,0.009357142278356465,0.01234544559695967,0.01625305801752673,0.02109916535349581,0.026734110644188076,0.03288405774268076,0.03934456062939616,0.04626122603696904,0.05439854869553055,0.06546090724863304,0.08286789112354981,0.11410159836280676,0.17814404000829928,0.3277113818721474,0.6271158475789954,0.5914087509680189,0.2799084778996153,0.13970020204773978,0.08306085136345054,0.05693861400884897,0.043509581677412035,0.03617516286829339,0.03213325842285172,0.03002283472765633,0.02906281196562095,0.028687357417923904,0.028386314536787503,0.027679266234363738,0.026205382469278223,0.023863198084240766,0.020865860371331854,0.017627040302088323,0.014555877995431985,0.01191389707636833,0.00979440024173751,0.00817650741412511,0.006988603063746764,0.006151217089730974,0.005598973495528943,0.005292359634677143,0.005233911270401539,0.005508347217776786,0.006309013365208154,0.007542015619933374,0.008466933424840466,0.009060712986224283,0.009714132108159038,0.010548448570784052,0.01155334839505859,0.012696919078819938,0.013961332002159,0.015361867547710096,0.016963478041499818,0.018898954957954024,0.021397092511982702,0.02483999401761953,0.02989123501846464,0.03779787119426206,0.05116335807375022,0.07618748320051101,0.1302580496911704,0.27046715519603687,0.6075605571997922,0.5258108636341305,0.21098706202400644,0.09681486832645216,0.05331649317588123,0.03326373759485075,0.02257177692528483,0.016231148872896378,0.01215348133667789,0.00935485120432309
41,0.6941238829150101,0.6317818228046793,0.5856668668224606,0.5540188050608358,0.5316663287292042,0.5118836016700419,0.48744363571783955,0.4521037247520252,0.40281853791763716,0.341689439580415,0.27568977783922316,0.21336675140982525,0.16083592065673413,0.12016598606429187,0.09039025224881563,0.06927673800034807,0.05453811438391822,0.04432254618785779,0.037284815407461085,0.03250012912651028,0.029350786895355394,0.027430007415312256,0.026469403017118632,0.026283910270002542,0.026725164948610002,0.027635626094496733,0.02880106763248408,0.029911546738393444,0.030560319999108812,0.030320498714792535,0.028905203898181863,0.02632949317686919,0.02293783007552629,0.01924996325983511,0.015740201481744084,0.01270176964640604,0.010238454056492414,0.008327214082561657,0.00688687295423326,0.005824007093518259,0.005055270314704378,0.004514716650790871,0.004153868057050572,0.003939143865285767,0.00384877815592541,0.003869901563731313,0.00399568685732825,0.004221997148811908,0.004542673415297055,0.004942608914567116,0.0053886907600033335,0.005821470133370312,0.006154958397281114,0.006294117742293755,0.006171122978842287,0.005781549119546411,0.005191218188812317,0.00450524662492765,0.003823663308822054,0.003213383774840952,0.0027045682747532497,0.002301113455519005,0.001993327044702652,0.0017670833368689128,0.0016088386942305613,0.0015077856164305492,0.0014564868302522865,0.0014508657815419893,0.0014899965201584785,0.0015758330977236243,0.0017127968563176203,0.0019069152264013765,0.0021639424728605717,0.0024856719289288293,0.00286386171919093,0.003272641793963346,0.00366357241046726,0.0039709063992330465,0.004132087102791168,0.004115857808949856,0.003938038741618934,0.003651904883670717,0.003322239469553824,0.003002854731213092,0.0027279075108021266,0.002514314710524578,0.0023683663629170564,0.0022919928204601096,0.0022873126425618727,0.0023597807684583674,0.002520744367475685,0.0027902004764451317,0.003200447205131218,0.003801209804579113,0.004666562432923119,0.0059031426599975186,0.007657010982332123,0.010112130784545344,0.013467356270836827,0.01787721712642155,0.023360429107520037,0.029730985282117015,0.03665413433963646,0.04388371192160883,0.05159730747176283,0.06070624887963208,0.07322938329216981,0.09323733353139328,0.1297614118613803,0.2059900635483562,0.3837245240802077,0.6803284063903654,0.5315537883306299,0.24653526703693374,0.12665670283211813,0.07708518300463002,0.05371136640210563,0.04154211347755224,0.03488497644830378,0.03127703128505338,0.029509300626718506,0.028882727812332684,0.02887874506780167,0.02900148062299258,0.02873984852353426,0.027654985051501726,0.02555138832339255,0.022589343476913947,0.01920420491126113,0.01587888881512409,0.012951639050099982,0.010564464203585007,0.008714634860282096,0.007329344921024468,0.006321419200023172,0.005626403953201682,0.005247057269773369,0.005320612950731812,0.005970249641090731,0.0067889445419075855,0.007419237416262681,0.008001342731696545,0.008686850396648519,0.009530599827385234,0.010541365429821259,0.011711011153724183,0.013029133061713256,0.014496257903830433,0.016139395915792033,0.018030302638091956,0.02030824894257547,0.02321494747893432,0.02716094271378145,0.03286822061227444,0.041702063559288134,0.056518826823266734,0.08412199177741338,0.1435470088025985,0.2962042574959386,0.639265668726944,0.5138456027999853,0.20476487566307056,0.09358025551782256,0.05093249481516212,0.03121622181548833,0.020694781779627098,0.014445670589073943
42,0.7278562305361034,0.6591130723415481,0.6061593490061434,0.5700108069942373,0.5467686492547807,0.5303290954590658,0.513434007036074,0.48864840138112076,0.45016422983189375,0.39628615547099955,0.33108159941921417,0.26308783713893147,0.20111647179605863,0.15044300601659003,0.11209117319941347,0.08443313687630312,0.06499802924256266,0.051500122777445936,0.04217529591999554,0.03577514823539445,0.03145477346380825,0.028656011700395185,0.02701509553762422,0.026294940792990776,0.02633374545954638,0.027000214488998676,0.028147214705245848,0.02956117157462011,0.030918043164175426,0.03177901410182863,0.031672792842686655,0.030275012774483096,0.027594350892131227,0.024008062512752632,0.020089869237892695,0.016361545015614338,0.013142133379580454,0.010541213568672375,0.008530359537743832,0.007019458450532068,0.0059066220459375336,0.0051018521786023495,0.004534407663102053,0.00415250582756576,0.003920367489475039,0.003814876351569042,0.0038225725832985785,0.003936910182608219,0.0041552440261712975,0.004474663365095192,0.004885611159976377,0.005362706549724804,0.00585436306352317,0.0062774285371902105,0.006527764714693273,0.006513941796982822,0.006201929241660635,0.005638211105251048,0.0049287904212152326,0.004190200087693766,0.0035093445301516363,0.002931119909145216,0.002466857326283577,0.0021088383193200964,0.0018419741188582743,0.0016506170771096054,0.0015216540142965385,0.0014455101938560958,0.0014162257057200296,0.0014312348334082669,0.0014911108876068378,0.0015993011383118928,0.0017616758031840142,0.0019854760649508905,0.0022769443792114877,0.002636713050030657,0.0030524690301361123,0.0034905280749827697,0.003892146692965805,0.004183484023320982,0.004302359874569791,0.004228414037770991,0.003993253351729306,0.0036622054386965717,0.003304208254290315,0.0029710577060300023,0.00269253152937302,0.0024814871111531584,0.0023414570019843627,0.002272909281100464,0.0022774945160559997,0.0023609461212031227,0.002535553009388724,0.002823032501019796,0.0032585342714953054,0.0038964445756554146,0.004818452713587685,0.006143534205899296,0.008037173728119256,0.010712066365459417,0.014404756697699445,0.01930880782063621,0.02546437804393538,0.03266530241411651,0.040510085300130345,0.04867696100737795,0.057326729665445796,0.06747147047284861,0.08139832379419734,0.10374007707874411,0.14480850254605,0.23100689765424726,0.4287137649502469,0.7059664014848546,0.49652860282994343,0.2300403193862829,0.12009610600762274,0.07388494023637382,0.05181532153971582,0.040245899876218696,0.033916633514152035,0.030532017864800785,0.028967600287021163,0.028583063564694606,0.028908531454040088,0.029478953983009776,0.02976970915063394,0.029257471906965326,0.027604602319849268,0.024844460522313552,0.021379647706283453,0.017761061207874764,0.014433096751593183,0.011620338399910422,0.009359480653060154,0.0075916203278346365,0.0062706779558010465,0.0054966130068140745,0.005469432361584562,0.005942821960134603,0.006422336471654428,0.00683211922863858,0.007278585846355048,0.00783878296133787,0.008551593023368114,0.009436092943718753,0.010501487991613942,0.011752430829463305,0.0131946880025848,0.014843965200819487,0.016739207334101128,0.01896129990427421,0.02165982514027386,0.025095977109435747,0.02972226691801046,0.0363494000923943,0.046531630097919635,0.06355539830492289,0.09532869374858827,0.16417926504851169,0.34093983280103424,0.687923879305037,0.4726625701195623,0.18482912227473824,0.08408486231539004,0.044885351543483734,0.026542923559459735
43,0.7652879379222082,0.691297846747422,0.6302172554096972,0.587252950086787,0.5604042813902969,0.5445525184279493,0.5329645038212953,0.517934151318479,0.4919109583810891,0.44968913181763903,0.39107929852302176,0.32207270632287255,0.2524645830267034,0.1910000758630803,0.14202625064235083,0.10564476200157927,0.07971921888668043,0.06162705675042008,0.04910945646364535,0.0404839789588883,0.0345835145950521,0.03062784962686734,0.028106459709176888,0.026690213100773054,0.026167985756543024,0.026398559027996822,0.02726761182169332,0.028641061112703387,0.030311156162665012,0.03194580163041795,0.033076775911968885,0.033181701427921394,0.031880126986718,0.029150676384107684,0.025388220174053823,0.021221764714640205,0.017233915597045006,0.01378475956145218,0.011000139244806946,0.008850974269931814,0.00723905701275858,0.006053021343965688,0.005194645077295921,0.0045868674124313015,0.0041733194143259555,0.003914993675033201,0.0037865829274192236,0.0037733129921934997,0.003868254869676659,0.004069641148088309,0.004377351865560904,0.004787418879267067,0.005283444567148663,0.005825170782113073,0.006338399898829389,0.006716675426257939,0.006847062810368713,0.006658402462987632,0.006163072416457071,0.0054555112752517464,0.004665742267843579,0.0039057217515109143,0.003242510564450092,0.0027006009821459905,0.0022773001842230378,0.001957610699703685,0.0017237698334805532,0.0015599284076328675,0.0014538550410742863,0.0013972214122840133,0.0013853787161655327,0.0014170567748619926,0.0014941245430375623,0.0016213590892485083,0.0018059774901657433,0.0020564190097521595,0.0023795195379365214,0.002775014861754705,0.003226979076059268,0.003694582247445344,0.004109604389820313,0.004390808332138789,0.004476276638276303,0.004354975592114967,0.004071652948676814,0.0037014322542052733,0.0033166863106233583,0.0029678891874422115,0.0026816891508295517,0.0024679733603577606,0.0023281680666641983,0.002261504757689162,0.002269064842830499,0.002356507382692358,0.0025364777673637083,0.0028315571619696527,0.003278535986254469,0.003934792114229395,0.004887458155933074,0.006265386776173492,0.00825165947482663,0.011088890400626269,0.015059999345140249,0.020419114168232562,0.02726242049517862,0.03539680308756047,0.04435749158447794,0.053702458646280045,0.06349801137978904,0.07477697849505209,0.090012718619365,0.1142453707817501,0.15860555075792682,0.2511385142627639,0.45841478111430306,0.7190774132495356,0.48774292463682684,0.2267869833450827,0.11880051337939945,0.07303824772490718,0.05107981130264481,0.03954028951887829,0.03322347938860749,0.029860609040259885,0.028353241234355064,0.02809845900039883,0.028678479218931054,0.02968490838789247,0.030620087439171342,0.03090277130429194,0.030020572940734114,0.02777169335760048,0.02439471888719586,0.020431517186435724,0.01643125118817376,0.012748870876746478,0.009584832482353018,0.007249004702097354,0.006169237103168493,0.006106219063790674,0.006320784280379783,0.006507867213270488,0.006693729238948216,0.006948266402380977,0.007318350403179457,0.007832902905989458,0.008512460073834037,0.009374367578348983,0.010435326315892215,0.011713548760606785,0.013232406563803133,0.015027267647489115,0.017157264101400706,0.019724353183671037,0.022904249448653644,0.026999810635011768,0.032542386294172436,0.04050498880331353,0.05280008519054605,0.07358666539989386,0.11321928446595124,0.20206406231630775,0.43362921497218015,0.7313592290661884,0.3661997323067544,0.13804288954481644,0.06124363271556276
44,0.8047806130331867,0.7290164848734788,0.6594988667601263,0.6076443380647933,0.5743890144868528,0.5559938259304067,0.546617114971251,0.5390204596344988,0.5250842440919432,0.4972185889817806,0.45094337065322987,0.387642974230503,0.31510765344125014,0.24410046198415467,0.18308979735562572,0.13551414688655217,0.10069832654941539,0.07611944212054472,0.059056757901593135,0.04728433824695558,0.03918789157251474,0.03366451097912777,0.029984065289155835,0.027672791089198675,0.02642867916588701,0.02606182622087128,0.026449334348278945,0.02749424696591517,0.029079105370904447,0.031009092467924524,0.03295344270068903,0.0344213360095642,0.03483507608405078,0.033736772424125594,0.031042774146435203,0.027141040095448737,0.02271332822490689,0.018419181062162306,0.014680463354609416,0.011654271010154113,0.009317949555732832,0.007566710470453145,0.0062785320780060295,0.005344960173310436,0.004680651870958354,0.004223018511029362,0.003928534079547319,0.003768670407114463,0.0037264609147988482,0.003793762412062057,0.00396882425224671,0.004253427601143829,0.0046484884955948465,0.005146741572488548,0.00572161291475667,0.006314058130087667,0.006825233229585097,0.007129385785913644,0.007116695594492378,0.0067498347956658844,0.006091047253432244,0.0052721163545000425,0.004431716642529251,0.003668129124331085,0.003028051863853452,0.0025195469209406815,0.002130233376389842,0.001840790316385634,0.0016322935826535536,0.0014892437708262215,0.001400336210826589,0.001358313812330218,0.0013595920984238,0.0014039450253236412,0.0014943110657969667,0.0016366193156199399,0.0018393426131981284,0.0021121878133441288,0.0024629335800995435,0.002891192243475043,0.0033786889216032186,0.0038789859429006735,0.004315496558441772,0.0045992368091396,0.004666160345240861,0.004510881127836491,0.0041881779053759855,0.0037818735091924723,0.003368637849295717,0.002999366560366389,0.002699190993327769,0.0024760654994235584,0.0023297666082432457,0.0022583154308629554,0.002261957864629577,0.002345785011570094,0.002522067876131001,0.002813203776167039,0.0032561098090883207,0.003908967788415784,0.004861270557383801,0.0062477184466575904,0.008264634130766358,0.011182250105646814,0.015335352809273471,0.021061320436197517,0.028559278407237054,0.0377089251819565,0.04801393030294909,0.05887162106903747,0.07014513193451417,0.08276020965711348,0.09925178591033863,0.1248687227033355,0.17100590080921477,0.26558843768489804,0.47216330754049735,0.7285181435100521,0.5046651994853327,0.23597818092693054,0.12261539405723793,0.074528850783955,0.05151536058064405,0.03944011448001957,0.03281910570259796,0.029271528273047052,0.02766420299110608,0.027406204031218035,0.02813185990011571,0.029519757340609618,0.031165794445912713,0.03251332959743115,0.032895588935644815,0.03172175573328965,0.028704236373011904,0.02394343278483851,0.017972857766522167,0.012241933288313656,0.008787097556744523,0.0076340240517869355,0.007365518142732074,0.007235395690694034,0.0071187713998498965,0.0070531079987097515,0.007081631793689455,0.007232116624114832,0.007522721366415712,0.007968514903729301,0.008585419350057327,0.009392430612792846,0.010413273382839634,0.011678547159544668,0.01322951214514993,0.015125023675684352,0.017453877036123625,0.020356428144227258,0.02406303534874746,0.028965792086927268,0.03576275090333462,0.0457764491018006,0.06174119160136513,0.09003578978212744,0.14816679035242533,0.29365241478911813,0.6575872036526855,0.5358174484934258,0.16353731269627925
45,0.84249161509394,0.7718687581562462,0.6954747930937297,0.6332908346383284,0.5909432277873902,0.5667348948533842,0.5559690210777238,0.5523239001062661,0.5480949884261929,0.534763209997646,0.5047491901047141,0.45435531687792385,0.3865149491669837,0.3106460880864872,0.23825444379726216,0.17744801693931833,0.13085195239057817,0.09715651220567761,0.0735405930835307,0.057211210062502,0.04596737074558999,0.03824452721811231,0.032986099425997596,0.02949797770460932,0.027333005266719335,0.026209303505029608,0.02595369350112152,0.026459359886424325,0.027647082589390144,0.029419947919314307,0.031604631647917415,0.03388461564168579,0.03575918093642171,0.036597045911420864,0.035842138640124636,0.03330748659870365,0.029335416815034564,0.02464841679016698,0.019999473460610952,0.015899629356274536,0.012559123246001757,0.009973008513207293,0.008033049379067968,0.006605519546130261,0.005569271708587046,0.004828156018616542,0.004311248742748905,0.00396885451775561,0.003767940538841688,0.003688288724081445,0.003719557889636208,0.003858958714886917,0.004108930872403885,0.004473862425397225,0.004954463073143005,0.005538241491121448,0.006185727408207182,0.0068165111754458114,0.007307319805934047,0.007519162431813999,0.00735602381326605,0.006821581682993274,0.006023917406479851,0.005119916581507688,0.0042465915213096275,0.003485710782272708,0.002866312151428149,0.002384154346047195,0.002020334356092815,0.0017529472961673699,0.0015625903117215275,0.0014342069207972014,0.0013572448403005788,0.0013252484088788737,0.0013354087683655439,0.0013882645592840945,0.0014875666608497858,0.0016401834079140102,0.001855732137597411,0.0021453004795311125,0.0025181611790703533,0.0029750665238347913,0.0034975100370995766,0.0040359961042923395,0.004507165675468517,0.004813041925144298,0.004882804914525481,0.0047108350948125675,0.004358173604012287,0.003917156232166629,0.003471006458486444,0.0030737927204209214,0.0027511854423603265,0.0025103150374693297,0.0023496781028898637,0.002265991899300718,0.0022582939956200285,0.002330528696963939,0.002493786196001379,0.0027691396427850816,0.0031919630473749615,0.003818734146568569,0.0047375347474091474,0.006083419959641751,0.008058643790055817,0.010953374091988162,0.015151727761805291,0.021089736505612498,0.02912081780520205,0.03928869758578824,0.05115350306013201,0.06395332175586822,0.0772228204860904,0.09158733006468177,0.10945613198157428,0.1360646518452824,0.18255231147806103,0.27519698489037786,0.472288045060657,0.7341884401636044,0.5473620119436173,0.2592068348351029,0.1323298238405857,0.07872020640867444,0.053306215059235454,0.04005187845353799,0.03277487101322819,0.02881965988019025,0.026946203253184135,0.0265430714703416,0.027292426020148117,0.028995793407532947,0.03144771346610067,0.034300123336715754,0.03685226838553918,0.0376167440261596,0.033812675403523805,0.02419425121174594,0.015355854299940814,0.011514519984267823,0.010155188091663818,0.009444350466412994,0.008881156146171696,0.008402421033317639,0.008030356609836432,0.007787594124203565,0.007686604141586282,0.0077340949751955315,0.007936056668826779,0.00830119198663477,0.00884314175023119,0.009582270851278258,0.010547745835629122,0.011780702213534265,0.013339610033313739,0.01530966337053543,0.01781951592415838,0.021071918113522454,0.025402354624037195,0.031398946342638456,0.04017092414053815,0.05402672196890296,0.07848691460555711,0.12975672713706624,0.2720192571273177,0.7247008464493584,0.2229887310766039
46,0.8717396672923341,0.8173432780590781,0.7388905004130975,0.6663177321071966,0.6125929603097003,0.5793637108308892,0.5634338747432704,0.5595893736868679,0.5611380292119246,0.5599151686626297,0.5470033046756779,0.5148415985581922,0.4604868759492753,0.3883088430317849,0.3091714539722943,0.2351946841160098,0.1741604919309329,0.12802402142403072,0.09496756674605142,0.07192852150900035,0.05604565289594412,0.045124630541455026,0.037628700679815025,0.032529082035133695,0.029153877303828644,0.027072745186498156,0.026017120203327797,0.02582595439979238,0.026405896977037966,0.027695242190441876,0.029621038758042003,0.0320404478272697,0.03466707625495377,0.03701018604797372,0.03839710779536362,0.038159809533580724,0.03596093086731037,0.032039278642967996,0.027127361070116117,0.02208269477669944,0.017539747424687172,0.013793968901769324,0.010876725484989148,0.008682864674005135,0.007066705742631794,0.005891564759775793,0.005047250358907228,0.004451716169500648,0.004046926609742505,0.0037936961549592733,0.003667257157287171,0.0036539306670552362,0.0037487019269048607,0.003953215284701706,0.004273423326196308,0.004715702108093705,0.0052797526553757836,0.005946638699088143,0.006662433476510025,0.007324423372751644,0.007786598956320007,0.007902261281603975,0.007595498703272509,0.006911502311749335,0.005996736109055657,0.00502382135026696,0.004123672887013758,0.003362826330674376,0.002756381460533711,0.0022911281900354014,0.0019436359617059902,0.0016902565000538575,0.001511258876848735,0.0013918547242452943,0.001321949745910118,0.0012955691302880762,0.001310363199882856,0.0013673270492312525,0.0014707236863667368,0.001628086774466944,0.0018499950016110948,0.0021489806529397383,0.002536418635931691,0.003015781653215832,0.0035712122854083435,0.004153927604009249,0.004676543558662829,0.005030848719055221,0.005132783177085184,0.0049678912318322456,0.004597969050292003,0.0041237607606051385,0.003638488309522736,0.003203379815923892,0.002847483988845882,0.00257855704738367,0.0023942649132708844,0.0022898968574701956,0.0022628565274108226,0.00231532665198967,0.0024564055796375377,0.0027047296710290313,0.0030925018884971857,0.003671987947039696,0.004525879089259436,0.005783250325573364,0.0076425269024482465,0.01040016860035801,0.01447498062637423,0.020398335841987223,0.0287142178656629,0.03973938272345261,0.053257512171732094,0.06845843207083839,0.08446720966595915,0.10134754758190999,0.12108824972830072,0.14864969834511008,0.19451970525323517,0.2823286380240415,0.46345731453337824,0.7304251240981865,0.6144965193137749,0.3004970174399151,0.14985640149379303,0.08643748791187628,0.05684199725495442,0.04158329326214978,0.0332196584091308,0.028602503933376103,0.02629204073572353,0.02561879390381409,0.0263179523407958,0.028392871779143843,0.03207367471670301,0.03763129172033447,0.043661184694896195,0.0416309297423621,0.028305873433336008,0.019231316724962613,0.015560867973537711,0.013766241492783387,0.012509707007280076,0.011454387467062706,0.010548718355225278,0.009802624483239356,0.009227677921664,0.008827066993316774,0.008598571764880809,0.008539224154783802,0.008648919988488515,0.008932924427246988,0.009403871202394946,0.01008395004884379,0.011008049955019835,0.01222890847764633,0.01382604749966346,0.015921940143383457,0.01871276276197418,0.022531030329617396,0.02798591970049842,0.03632283317905308,0.05054556658837523,0.0802202269019585,0.17940848518982472,0.5813326363679551,4.073133330974227
47,0.8834914804197349,0.8595051789133245,0.788724124974379,0.7084534479054765,0.6420324138291787,0.5968473436556166,0.5720482806668116,0.5636547921689378,0.5661760840966964,0.5726008098293945,0.5743031396032726,0.5619533025051233,0.5279600880002931,0.4700099031177431,0.3937153328944355,0.31121960719736264,0.2352396713045923,0.1733713998143924,0.12707539117979308,0.09413383139435029,0.07127238414584061,0.055547926487809825,0.04474611047552523,0.03733277346446809,0.03228740589451684,0.028946303061950382,0.02688608892303346,0.025844545007654034,0.025667771500496338,0.02627252374845122,0.027613196740886848,0.02964269810745836,0.03225650954824985,0.03521543225969706,0.03806550697296451,0.04011954790218831,0.04060036446914055,0.03897600801534488,0.035302896813774735,0.03026134682702553,0.024806782082296454,0.01973491463074514,0.01547236622396623,0.012117773076558647,0.009582356166725061,0.007710511485331037,0.006347145775103593,0.005363947959654143,0.004664026513438605,0.004178067079214454,0.0038585323619420835,0.0036744486712981103,0.00360745446764484,0.003649024276679848,0.003798491388119727,0.004061283264556403,0.0044464695813595575,0.004962200921009591,0.005607061401788616,0.006355602509632056,0.007139500873396387,0.007834372578948007,0.008273281697478202,0.008304274931481632,0.00787183717224963,0.007058222656117862,0.006041168960942661,0.005004544400910284,0.004073665117352897,0.003303342688145403,0.0026983695058448833,0.0022389212312078194,0.001898091406212318,0.0016507021939907998,0.0014765001790284162,0.0013606228407022777,0.0012930654675068459,0.001267979578367133,0.0012831356312626452,0.0013396470788651505,0.0014419393303876083,0.0015978535954774729,0.0018186168082273716,0.0021180906013592285,0.00251017065612427,0.003002577124864714,0.0035853891650038123,0.004215595516467411,0.004806710882188634,0.005240920626647025,0.005414007141072403,0.005290774458803094,0.00492441154659065,0.004422215433939157,0.003891510953703722,0.0034063371546825647,0.0030034075509097545,0.0026934020977435655,0.002473968511005097,0.00233894443428874,0.0022836765601721857,0.0023079718589138942,0.002418175202500749,0.00262950611590599,0.002969611019736083,0.003484399599638149,0.004247629722950481,0.0053763136616065375,0.007054505713137784,0.009567254383954019,0.013341290953324172,0.01897297877989116,0.0271909099272146,0.03866621598456124,0.05363164778033486,0.07152209671904845,0.09116087356311076,0.11180037672925781,0.13455398541563557,0.1637118590620036,0.20881441110195006,0.29044647915190885,0.4521250142234663,0.7131073883158486,0.6977913387100076,0.3662394321072257,0.17869914247257587,0.09917448062314484,0.06279453977647252,0.04436614977331619,0.03434010043703254,0.028753096149306188,0.02584197021512737,0.024855389107476904,0.025668460961004787,0.028809150556138797,0.03553211741129312,0.04409258672421052,0.040463948557448295,0.02924848230891433,0.022935143962451828,0.019818820205962366,0.01785024163220009,0.016269320083032283,0.0148575051826241,0.013584619718128523,0.012472162462335325,0.011543356311321766,0.010809864387748915,0.010272906721748697,0.009928406434828913,0.009772030701359794,0.009803101869439758,0.010027664111923506,0.010461453909101763,0.011133775738959883,0.012093757736659905,0.013421703350058696,0.015251524768950786,0.017819652512000954,0.021587264746021028,0.027615412032075824,0.039188200626044424,0.07676210981555733,0.2931289609538915,0.9273287534859589,0.21622607909217845
48.00000000000001,0.8690866178353712,0.8882466319668302,0.8404652531129471,0.7600927290459721,0.6818240029752773,0.6224164489127625,0.5852816898553517,0.5681196904295877,0.5665969426626836,0.5750843360161279,0.5862888220845991,0.5911280921940488,0.5798278983028948,0.5446520745341533,0.48368835173511243,0.4035193430628025,0.3174234580563432,0.23880865360312697,0.1753225629439355,0.1281360718154793,0.09472502109869196,0.0716115926866537,0.055742250623587807,0.044847975261157566,0.03736820263931139,0.032269407602849985,0.02888119399781456,0.026776782161409076,0.025692862732971108,0.025477077300368325,0.026051916047099936,0.02738481940947625,0.02945392232011303,0.03219773480407091,0.03543939429460134,0.038792433348578785,0.04159806223574263,0.04300030363504391,0.04224890960288862,0.03912616060251044,0.03415356251538803,0.02833803798727073,0.022665944868801035,0.017756735600426718,0.01382705087434569,0.010830736539586652,0.008609816054444998,0.006988964293916861,0.005816858325129937,0.00497677791112266,0.0043840518491195185,0.003979732844791788,0.0037244086750322664,0.003593351196204762,0.003573099611088611,0.00365917999748112,0.0038545073777353535,0.004167826997137209,0.004611182082955943,0.0051947643546416756,0.005916851657242669,0.006746951742552222,0.007604386116603848,0.008345134509600097,0.008782054342105763,0.00875559654840068,0.008224533647992133,0.0073005790463429605,0.006188053369532567,0.0050827060511250645,0.004108561769576463,0.0033134569824505504,0.00269512864096115,0.002228664623017529,0.0018840340214595582,0.0016342941008976215,0.0014582246872971122,0.0013404192629408852,0.0012705319912669536,0.0012424552734751875,0.001253719802939539,0.0013051946442258753,0.0014010730436931713,0.0015490592438153665,0.001760548177514683,0.0020503165419067625,0.0024347240909474207,0.002926668507136741,0.0035250987626591454,0.004198611049997858,0.0048694791569697735,0.0054155355409174835,0.005708355517861447,0.005677525639945808,0.005351550572484647,0.004836966282056341,0.004258185858324547,0.0037096567731585662,0.003242571295755678,0.0028746272627501275,0.0026051932035976834,0.0024269890762976787,0.0023329736977072404,0.002319986320030945,0.0023909236764593734,0.0025567924580308025,0.0028396702660114315,0.0032776172638451155,0.003932946960280091,0.0049059852687225415,0.006357469221917649,0.008543564778120483,0.011866212276975284,0.01693273348370956,0.02459150534625598,0.03585632434082627,0.05158756519590006,0.07191932083165535,0.09586716833414878,0.12191498639760875,0.14975466248244795,0.18230485969840493,0.22774866685971135,0.3036467493247049,0.4456683421791376,0.6865179538486014,0.7771659769756227,0.4633037894747895,0.22465924501056878,0.11946849187182566,0.07225011667124889,0.048885960486795554,0.03637300048639323,0.02943633842169967,0.02584605458535413,0.024880421047674132,0.027050818110008524,0.033527170753766176,0.03857974383653244,0.03375072544693435,0.027887487852083625,0.02442602460026493,0.022350528331643794,0.02083540063381283,0.019495562904954553,0.018190932340944113,0.01690551815539536,0.01567732723305319,0.014556953240749125,0.013586710256459845,0.012794234448525418,0.012194360979866951,0.01179437311625669,0.011599849033801436,0.011620235771188796,0.011874617946038547,0.012399324870963265,0.013261002597210988,0.014584254355655437,0.016622087083509415,0.01998422966006684,0.026753000535758152,0.056720817583274394,0.45265719063803495,1.3470296721469783,0.08245103018099267,0.44609015462811713
49,0.824861130977013,0.891016488359895,0.8841638782866011,0.8184212880960723,0.7336203318406639,0.6593644982979341,0.6069134482440127,0.5770501925722332,0.5667117368908778,0.5714729895871971,0.5856644675172661,0.6017608218657994,0.6102420985979419,0.6008403045195424,0.5654944759160829,0.5023602021616709,0.41862738275891553,0.328570897603536,0.24648327978791412,0.18040157047278843,0.13145281670964093,0.09689769750021397,0.07304762354124252,0.05669655878352711,0.04547734233402192,0.03776883179785659,0.03250022235399823,0.028977801830555868,0.026759926938714117,0.02557394498811779,0.025262622817140055,0.025748699404100153,0.027007730372879513,0.029039262603598126,0.03182458912777203,0.03525841109381648,0.039050093307022346,0.042623452277942515,0.045108455782292084,0.04555829187449841,0.04340357700201798,0.038854731810118365,0.03285263945665351,0.026565705822318257,0.020876453834887187,0.016198656608556704,0.012578821251058464,0.009876520927740946,0.00789831887331812,0.00646480435657097,0.005432887934644466,0.004696799020736788,0.0041817767586412435,0.0038367803722123436,0.003628427729686657,0.0035365956160299025,0.003551478629608026,0.0036717242782393733,0.003903166326435687,0.004257493639517867,0.004749764087364289,0.005392934751660919,0.006186786892350837,0.00709901985913618,0.008040957100357312,0.00885258498739519,0.009325948075379972,0.009286212992956297,0.008693748091109111,0.007679301041667977,0.0064715943163745,0.005283550696285818,0.00424555841283011,0.003404429093967741,0.002753982132843875,0.0022652088631202787,0.0019047982501495754,0.0016434470078716922,0.0014582977751614054,0.0013327970835195638,0.0012557523303353747,0.001220370786519043,0.0012235617441725911,0.0012655722886182894,0.0013499449736282003,0.0014837419529682872,0.001677896046122014,0.0019473481664062575,0.002310192745629638,0.002784291030709444,0.0033789324872516772,0.004079398646429273,0.004826783225989667,0.005506764907631291,0.005971401374076383,0.006102916035832158,0.005880926969490348,0.005392179270959217,0.004774945956089739,0.004152467197840046,0.0036010881125958685,0.003153149773768917,0.0028136055993933182,0.002575353294237724,0.0024289493416513753,0.0023677369194481895,0.002390509111618989,0.0025034167349976782,0.0027223324281075737,0.003076717079059161,0.0036162620836334134,0.0044222508256528004,0.005626774976160737,0.007444666756859311,0.010224650468476787,0.014524925286452573,0.02120545254356751,0.031486052175746244,0.04683044245838389,0.06844770514544192,0.09643131341666712,0.12930980694240865,0.16522245807726574,0.2046875002404496,0.25356188871369945,0.32629224015700653,0.4514923684408681,0.663447773553778,0.829689242632678,0.5921381478001331,0.296328578244952,0.1514616600192414,0.08686688700006197,0.05575775537189805,0.03955540110822,0.03095118438237541,0.027304120954399828,0.02838211300697446,0.03236871383937706,0.03207158330769159,0.028475308471895826,0.02548656422013498,0.02358065538534628,0.0223605266082903,0.02147913629153309,0.020714162247734234,0.019941243635020915,0.019110312160923244,0.018225335877841576,0.017323793895358493,0.01645760654831165,0.015679040563038153,0.015033456157536094,0.014558434492598462,0.014287736029760991,0.014259158879769007,0.014527669821615961,0.015190863941248954,0.016452391752033366,0.018838423142444584,0.02444466305929046,0.07895350309629026,0.5149154362182177,1.338287101413692,0.06956108801240135,0.21574422574378513,0.07827269062304938
50,0.755445647293349,0.8585426706086317,0.9044040224207556,0.8745177326610376,0.7963086286501573,0.7104435170636477,0.6409135157904813,0.5948193705137506,0.5713034181128617,0.5669736630913572,0.5774833677868683,0.597216460719933,0.6184931624701231,0.6313980080488123,0.6251126451468727,0.5910188912260119,0.5269061559961409,0.4400939672217973,0.3456727364159453,0.25908491796369887,0.18920619968487645,0.13743503142642363,0.10092568858073836,0.07576372968570091,0.05853533438432961,0.04672078603377144,0.038596662125532345,0.033025824169988546,0.02927163080477952,0.026864238760412697,0.025512167424528307,0.02504590933217258,0.0253818718159557,0.026497054399659846,0.02840536233658004,0.031124705108087715,0.03462113166075092,0.038717448496051195,0.04297294437425649,0.046596551079764056,0.0485334342594159,0.04784904384517875,0.04427754138581539,0.03847985973868575,0.03170453399902316,0.025143875298794357,0.019518654812263735,0.015058251645443343,0.011685911079535998,0.009203322367293668,0.007400152159959894,0.006098988702791305,0.0051649176234296835,0.004500868099933749,0.004039396508103054,0.0037351007159501285,0.00355882515652527,0.0034936547121291444,0.003532352136056775,0.003675826125391264,0.0039321681839517,0.004315610387513533,0.004844297552046872,0.005534942921195719,0.006391441837703283,0.0073846150407231035,0.008424791852060248,0.00934220513317543,0.009907617314827309,0.009918835455124644,0.009317903241710909,0.008239263394852423,0.006934325250231402,0.005642376831556767,0.004511645581427452,0.0035959890262034474,0.002889087871567446,0.002358718526568056,0.0019677898567399205,0.0016837034841155987,0.0014810324214513512,0.001341292145049265,0.0012518219515291926,0.0012046506077935247,0.0011956531115320307,0.0012240696517655167,0.0012923792748725572,0.0014064919898374,0.0015761826642111667,0.0018155674033112335,0.0021431165664071664,0.002580065667074067,0.003145067709572312,0.0038420632733063,0.004639838762066167,0.005449828875393031,0.00612392633830737,0.0064990287980406115,0.0064800271749186796,0.006097040110994918,0.0054814915949589265,0.004788216760839369,0.004133266055087622,0.003577504839854902,0.0031399956589564797,0.0028175775653312045,0.002599371784909015,0.0024749476358657293,0.0024383480927243715,0.0024902605462670513,0.00263994824825868,0.002908115629463806,0.0033318707612292517,0.003973419694333629,0.004935189579678604,0.006385969991979933,0.008605599445528342,0.012059184289496446,0.01751213480463826,0.026181265418486966,0.03985279571478623,0.060749199263555986,0.09078772367864293,0.1302308994223891,0.17702285067019133,0.22879437810133924,0.2872490288070197,0.3624959659972137,0.4766489340548727,0.6591845503209836,0.8533849696477445,0.7366842977951065,0.40393911500512725,0.201380230682873,0.10865157974874876,0.0652610355205464,0.044128739156396084,0.03518922426721762,0.03369595370467405,0.03278461922240761,0.029630603152550717,0.026341965699768082,0.023888843736246303,0.022236476772614127,0.021160531927100004,0.02045862537321479,0.019975286706978172,0.019596669791631254,0.01924563164598472,0.018879201028238007,0.018485760121677686,0.018080218106876926,0.017697627847721137,0.017387439797877113,0.01721143559796605,0.017249346641594325,0.017620553499380794,0.018550107363072135,0.02061694536730028,0.02648111454804447,0.36959792013053033,1.9299998768887716,0.8068759901552011,0.0968530165581055,0.14406024046470978,0.06119238873813382,0.09725014609504085
51,0.67220130102375,0.7917722626447742,0.8858235487038832,0.9112492285922356,0.8624486732337814,0.7761237780119433,0.6910123277552931,0.626057750897677,0.5854032203758621,0.5672234905081261,0.5680676066599469,0.5837920411029098,0.6089438745395777,0.6358069766874055,0.6541496068528485,0.6525586716088805,0.6216011910412846,0.558183182189116,0.46912803647913953,0.3700339285502264,0.2777726857156954,0.20263536020390255,0.146724553374075,0.10724883353155278,0.0800575762148081,0.061461207443658385,0.048718684924081476,0.03995150517316364,0.033919607322182944,0.02981898236010831,0.027135235084933797,0.02554668583763642,0.024862928055041637,0.024986444184571084,0.02588768736841256,0.02758531203319508,0.03012223037203341,0.03352480077349066,0.03772908253197148,0.042463653226291455,0.04711302455069775,0.050665977281678216,0.05192761362723093,0.050065117382506574,0.04517448913580785,0.03832084170114618,0.03094797136192111,0.02419640846539993,0.01862467115675104,0.014316942093079542,0.011111090666475495,0.008772651726860732,0.007082429831648453,0.005865627039730811,0.004993242406617936,0.00437405634303918,0.003945389042887024,0.0036654306668755733,0.0035076667691821303,0.0034571487453463057,0.003508194067944035,0.003663105396362876,0.003931481871731247,0.004329534129625981,0.004878362401496852,0.005599290495939308,0.006503148876011547,0.0075699057537370745,0.008718558622097172,0.009780088995393609,0.010507302727192849,0.010657707681481055,0.01012748831811194,0.009029655708461017,0.0076318701052513135,0.006211083838522756,0.004949899538083468,0.003921480613330863,0.0031253073029904725,0.002527457540608738,0.0020864494702814845,0.001765104255867172,0.0015341377155204947,0.001372068657433839,0.00126394929630647,0.0012000127844363666,0.0011746225751236405,0.0011856128190814907,0.0012340130056102208,0.0013241285301813892,0.0014639399589534126,0.001665732819072993,0.0019467009135186535,0.002328851023236305,0.0028366964233603417,0.003489951187098024,0.004287623076178385,0.005182788135486494,0.0060591144106100624,0.00673845485798015,0.007046424499801753,0.0069092604473192,0.006398319573995936,0.005678512539872384,0.004916351850509743,0.004223285351907811,0.0036503793112510306,0.003208320629526562,0.0028887137066050204,0.002678102674832102,0.0025652882107931227,0.002544785009587649,0.0026188055141042367,0.0027993715742681722,0.00311177682925539,0.003600770121781888,0.00434157314900777,0.0054594280968214455,0.007164291617105645,0.009812244310411347,0.014012320860460116,0.02080313930790624,0.03191004200849281,0.050006467079125275,0.07865264563040225,0.1212493667213829,0.178765914803894,0.2483076221910652,0.32616298123665277,0.41471609419598165,0.5277337286818711,0.6870589032164698,0.8738911445422183,0.8729677359055253,0.555530473503864,0.274824503388704,0.13559884859694096,0.07583929394594796,0.053618906818501726,0.04488946824975763,0.038220005691805246,0.03235599437111463,0.02779336668184331,0.02448883672651503,0.022172664391482886,0.020581446195904934,0.01950974675546614,0.018805529250374105,0.018357003335368553,0.01808265680977223,0.01792585567580081,0.01785296522431508,0.017853852276790132,0.017944639437026153,0.01817498175045969,0.018648320917673423,0.01958539966049316,0.02158280363790757,0.027812021221575185,0.3215863363500409,0.6578326728862888,0.09398607408233492,0.14826709628133586,0.12675108421076614,0.062063391933291454,0.0745705876047474,0.06236959856770322
52,0.5878078068998263,0.7030072762436118,0.8238106553898803,0.9073096661729374,0.9140748803276628,0.8505722172470852,0.7591152784166404,0.6753988559072421,0.61431154818736,0.5779805804635418,0.5640487940085614,0.5691718061925529,0.5895127251030878,0.6199154133831419,0.6527950269180113,0.677738207249332,0.682735073129565,0.6572981105376885,0.5968910265829093,0.5070447527087433,0.403309176708593,0.3041639554045775,0.2220195824880453,0.16030408922420722,0.11655200125698147,0.08639532736450607,0.06579103917243576,0.051689179632786325,0.041986964166125525,0.03529312785383325,0.030704201449686535,0.02764007038518002,0.025734550825183125,0.02476597029328074,0.02461427393010554,0.025234577997622715,0.02663933328634836,0.028881336141719085,0.03202728441227601,0.036106751821713245,0.04101811923138649,0.046384757200349826,0.05140762901861034,0.054863922915172704,0.05545624945071439,0.05249645447050412,0.04643502728841315,0.03867069409037871,0.030771457026596404,0.023810710210227282,0.01821545842433728,0.013963522345749378,0.010832729470678556,0.00856283479049686,0.0069270793292759815,0.005750771703220249,0.004907421448262176,0.004308557013094192,0.003893776464946764,0.003622960570855827,0.0034707773264866337,0.0034230814794636508,0.003474750742250375,0.0036285605345795164,0.003894719725393004,0.0042905718143646625,0.004839573145732407,0.005567833466610809,0.006495171776298131,0.007616445886614853,0.008870590912476809,0.010105265241830778,0.011067844720485727,0.011469666926827358,0.011129195241828743,0.010096807378205386,0.008634845804774211,0.007065653668657877,0.005628649701820277,0.004436301926555524,0.003505001496969101,0.0028028903516230962,0.0022839401282182953,0.0019048009967937668,0.0016305463508506624,0.0014351768214106216,0.0013002921084884502,0.0012134773911040722,0.0011669678434254374,0.0011567342527772373,0.0011819863499708731,0.0012450618599505973,0.001351675641189203,0.0015115019092168374,0.0017390030204728075,0.002054217604473745,0.0024827159174403827,0.0030529063995288317,0.003787316584484927,0.004683531390585741,0.005684272640910541,0.006651008144680029,0.007377215028032384,0.007670547255279524,0.007464249222512925,0.006856961315125074,0.006041938167332281,0.0052017121819849365,0.004451404674180976,0.0038393788243909306,0.003372102855740238,0.003037640088062294,0.0028202148974366494,0.0027074730489751145,0.0026938149035895223,0.0027823948492324926,0.002987492202840956,0.0033386143867053983,0.0038879851311938553,0.004724129290196518,0.005996529173899305,0.00796072319015943,0.011061408597270068,0.016085139482270302,0.02443315198333095,0.038569635298566315,0.06260721496173914,0.10258128140566597,0.1651017948076012,0.25307664640576094,0.3615024951722721,0.4812987063744861,0.6105603595548696,0.7591986004069663,0.9284104452571837,1.013133534282748,0.7424296470991393,0.33466407181356367,0.15282426010544053,0.09491076877158908,0.06935458519085734,0.05319903562995404,0.04194025314977697,0.034045884654248224,0.028518179295522,0.024639675693096323,0.021912121206471086,0.01999726499707069,0.018666429887004246,0.017764474843287137,0.017186592154607615,0.0168649602228333,0.016763290550158967,0.016879597295822422,0.01726281821520092,0.01806729988427767,0.01977209031118802,0.025388086551352083,1.6585131366405197,0.12059431429233905,0.013911782817905945,0.16892146717902007,0.10584363087646553,0.06133485526794066,0.05917794042754116,0.03550672496150467,0.03771199897197025
53,0.5116199079251185,0.6090465356011138,0.7303944167010873,0.851105043326646,0.924300754225283,0.9154363226153989,0.8409132790423783,0.746054660143111,0.6635320546799012,0.6052365398670791,0.5719677550336583,0.5611033073634454,0.56950032113647,0.5937166296150536,0.6290479973294192,0.6682629464098304,0.7009783837429827,0.7146662545961665,0.6976191820954601,0.6433331113879562,0.5551053392139202,0.4474976458171486,0.34046519167282835,0.24930455376554034,0.1796662955741682,0.12989452717909122,0.09550223744022368,0.07201684368361116,0.05596861474253019,0.04493728495982594,0.03731403002408322,0.032051663251222814,0.028475453584491297,0.026155672289854333,0.024826279764568124,0.024334675015693703,0.02461135924006136,0.025651534389900223,0.02750198038797913,0.030245492931362358,0.03397125412750479,0.03871323324797508,0.044335587127418384,0.05036225740069551,0.05581945724469324,0.05928430707641087,0.0593625813973542,0.05548984715580147,0.048414506323765635,0.03980965124279649,0.03135168801352074,0.024078030727656623,0.01832942271948658,0.014009910418835349,0.010851803185412064,0.008571409789419318,0.006931249250465999,0.005752155581409849,0.004905915371805396,0.00430342794086135,0.0038840306923680506,0.0036074111334338634,0.0034479916660412483,0.003391284629693362,0.0034317222612627505,0.003571571785317089,0.003820604263022093,0.0041961314752208935,0.0047227384693739865,0.005430344635072274,0.006347941816548517,0.007488645873101522,0.008821289431561755,0.010229844295090875,0.011482041846767425,0.0122569599629558,0.012272699351194695,0.011458994880932195,0.010019823469923708,0.008311290823703547,0.006653942128428783,0.005231778681296828,0.00410021770841158,0.003239244666452844,0.0026002242725967884,0.002132135714078641,0.0017920007646668216,0.0015470548349427588,0.0013736723944230355,0.0012554947977611558,0.0011817197187876578,0.001145830970321531,0.0011447928805956278,0.001178667691513101,0.0012506184988630895,0.0013672833054991925,0.0015395112731968399,0.0017833991850337032,0.0021213598619788557,0.002582417837813747,0.003199780934369478,0.004001875343096125,0.004991555730271806,0.006111697797207789,0.00721188833268944,0.008057898809942095,0.008422720586944054,0.008218996437409455,0.007552697880031534,0.006644190082212663,0.005703967024090099,0.004864632688204581,0.0041812561417873505,0.003660557738464462,0.003288312268415984,0.003046127191946567,0.002919659830362182,0.0029023064671887078,0.0029974004701812606,0.003220898697260012,0.0036061581054502795,0.0042128232676315,0.0051432838876460255,0.006573320331796634,0.00881010718071525,0.012404160245191337,0.018368669988380135,0.028609106004868705,0.04673426263805978,0.0794036927833296,0.1377615702977727,0.23608707058358455,0.38156442784403427,0.5583454316852853,0.7340959370417683,0.8942989708608939,1.058870372831789,1.1679149472258277,0.7188995425570458,0.32553647141493575,0.18524344832823317,0.12165017164811064,0.08544774148122582,0.06272991213219493,0.04785715558264661,0.03786714069989744,0.0310203113665387,0.026250261520241125,0.022888818015740362,0.02051104604538972,0.018844908825486333,0.017719316193385206,0.01703758127268626,0.01677334903377705,0.017003119719829974,0.018062394311606857,0.022433842888354014,1.0436993630178717,0.5621920773735292,0.001859073921749387,0.13803721255995094,0.07583609907273864,0.0553489095102341,0.0491541139087609,0.02258697273853049,0.022816702827011922,0.04667572335696787
54,0.4483892999100885,0.5231714270844292,0.6268929254039811,0.7532554556724586,0.8736201705194081,0.9384065346703913,0.917634945455393,0.8350295955974839,0.7374936146832015,0.6553702722361844,0.5985304651226053,0.5669336219582921,0.5578399253118553,0.5683474133571491,0.5954742418057576,0.6351302336791994,0.6807092029093808,0.7221678870429309,0.7466636736702441,0.7412406161234126,0.6970409844476756,0.6141623050568638,0.5047811250082517,0.38956140999603284,0.2872900244502274,0.20707328551821103,0.14892329751316596,0.10851654145084702,0.08091055081990221,0.06208120572618767,0.049163492955873384,0.04023670505974056,0.03404623267840951,0.029781226171061707,0.026921544592551513,0.02513904943206444,0.024236167164732068,0.024108742911602792,0.024724287314174694,0.026109234890447426,0.02833935164977597,0.03152549146733398,0.035781764064118364,0.041155471083197614,0.047494477847171014,0.05425036213216562,0.06030275026998692,0.06403631278458699,0.06391960908174767,0.05942089037829699,0.05149183287711,0.04204469231560516,0.0329017533305333,0.025132903136601426,0.019048142279072977,0.014505798497332448,0.011199677883212666,0.008819212742891368,0.007109542748833563,0.005880526877981239,0.0049969820677882954,0.004365267717909179,0.003921636180530272,0.0036235431860372476,0.00344365350616315,0.003365946324846338,0.003383376930221855,0.0034966910003497715,0.003714090971893965,0.00405146694938402,0.004532747264531298,0.005189436083637918,0.006057366996803592,0.007166925476833208,0.008521084570602959,0.01005678626822073,0.011597378528364361,0.012833765142727776,0.013398084638229852,0.013046542533238812,0.011829057390958724,0.010071768882812753,0.008180896933362467,0.006456012410388136,0.005034159958286079,0.003931633304229986,0.0031059663192080245,0.0024987990045190383,0.002056296919271343,0.00173563312969754,0.0015051446319800914,0.0013424093852181251,0.0012320902778259347,0.001164174614135692,0.0011327357005294927,0.001135180128065604,0.0011719199292437134,0.001246432742622361,0.001365706389330902,0.001541084032761514,0.001789492858766711,0.0021348701948757055,0.0026091097893352795,0.003250715146859647,0.004097262937172056,0.005165404041161309,0.006413612369664172,0.00769790749185138,0.008763383512714792,0.00932809562715892,0.00924127749067524,0.008580574080411863,0.007587527629578829,0.006518113184084741,0.005544395488025291,0.004743305033791301,0.004128951169728972,0.003686779763643121,0.0033953281894973575,0.0032370388302266876,0.003203060143042663,0.0032959293632187805,0.0035326714394199985,0.003950328667825639,0.0046164530339367175,0.005649018133960641,0.007254681548914404,0.00980434876270121,0.0139879337654311,0.021144391702467697,0.03399298000839332,0.058291140883018844,0.10647998124157214,0.20405379777027138,0.389569981393029,0.6660813336214886,0.9280994665817827,1.059506946178973,1.1073534774905769,0.9401313182659249,0.5677191248397133,0.33581966639408906,0.21245056066741794,0.14221365011671178,0.09956775072042817,0.07251894735313279,0.05481095860523036,0.04292026585908382,0.034767698644396335,0.029090540916030985,0.025109399607989302,0.02234538761515292,0.02052521971553126,0.01955549410014492,0.019607747216092857,0.022680235477902877,0.8118821661759673,1.2077953530534296,2.8742622023157736E-4,0.10447766137130919,0.05716575872217438,0.054839879479315345,0.05276743000809402,0.017834824362212037,0.015046092062504509,0.02615163324312576,0.08500367327405206
55,0.39939953383754334,0.45217702653371344,0.5313688802086096,0.6400469369126625,0.7705958147447988,0.8914806936153986,0.951168708362914,0.9226091090501574,0.8342046258241825,0.7339800533561586,0.6510347351632424,0.5941048738271147,0.5626587313122469,0.5539024192908953,0.565162024923985,0.593942319926852,0.6369083444661429,0.6883786491647639,0.7390651690142642,0.7761853349496107,0.7857043346845759,0.7562729727165681,0.6840278764803434,0.5770378700965239,0.45492270567100157,0.3398800790754563,0.24593523069236284,0.17622167499821634,0.12725450918781384,0.09370828892311897,0.07086240606092188,0.05523500200604817,0.044456348625454604,0.03696927394163945,0.03176442117734453,0.028191139126303322,0.02583339682471062,0.02443166339103878,0.023835107446437076,0.023973361190425976,0.024840728799177585,0.026487660738864473,0.029014318591077712,0.032558520154693356,0.03726436544794668,0.04320858532155559,0.05025594073537198,0.05783733945164036,0.06473958863576613,0.06916564008224534,0.06936373118866591,0.06466964676486482,0.05609411402991053,0.045763320620076514,0.03572817665177413,0.027198827968610367,0.02052806351646442,0.015559246803830905,0.011951266445239573,0.009358882878809227,0.007499660150918999,0.006163506925668675,0.005201391090889921,0.004510173127134581,0.004019529438935425,0.0036822287597156446,0.003467415377083036,0.0033562077816870397,0.003338996921214108,0.0034139944482690673,0.003586728235263404,0.003870259310090814,0.004285853622864744,0.00486358887193207,0.005641696263454708,0.006662052101417666,0.007956976702048587,0.009520448099947234,0.011259832015163,0.012942664620677093,0.014191649688133618,0.01460112940568219,0.013962976347464335,0.0124238457901887,0.010400662020222938,0.008335393319511492,0.00651554517368036,0.005049764914935411,0.0039302488747584175,0.003099770472930867,0.0024924532027473306,0.0020511091332253276,0.0017315921057973532,0.0015018033834229708,0.0013392229764767288,0.0012285158439739941,0.0011596742885350824,0.0011267407337579233,0.0011270383185552322,0.0011608329177482356,0.0012313869795327584,0.0013454081204358772,0.0015139307465098385,0.0017536698765515453,0.002088785928400539,0.0025526380233025746,0.003188153742739106,0.004043414969251659,0.005155887284699515,0.006516977423791957,0.008017649344393772,0.00940852333157909,0.010347033812592226,0.010565866673462088,0.01004621770647966,0.009018643841785209,0.007799146186689859,0.0066332101641311874,0.005647750349375849,0.004879362229346393,0.004318461416486935,0.003940814536624587,0.0037241386162682978,0.0036555828879000045,0.0037355350189121005,0.00398139054018522,0.004434061475432622,0.0051705922179248395,0.006328965677624388,0.008158156526866614,0.01112415604597594,0.016150766289520852,0.025218840102425366,0.04303902741454158,0.08237310913476965,0.1823537549288575,0.44717449368803797,0.842423055633199,0.9271213103985665,0.9362468695601808,0.9205962466933345,0.7038256094887653,0.4657278796240193,0.3049934707656224,0.20577022589478358,0.14367333673568686,0.1036467371649083,0.07715599152642903,0.059246922228131375,0.046941142760214716,0.03840646989841066,0.03251822907706846,0.028638665903591622,0.026566394062604422,0.027833182888616373,0.8887642576886509,2.035138135655553,0.0013228935916663569,0.0909846588591175,0.05083579867501615,0.06422765401780718,0.08258102398885372,0.021201573428168988,0.014025521672851989,0.018311161192890692,0.04732047277269029,0.06209965326853109
56,0.36415968249759073,0.39779231194795256,0.4530154136769032,0.5351115238883717,0.6472522106048877,0.78140272574579,0.9046241131923448,0.9637194841473311,0.9319106713063557,0.8396353796070732,0.7362363843692216,0.6509265201013463,0.592165459344815,0.5592059846057079,0.5492051958723516,0.5596511018853215,0.5885006877891304,0.6332537686265881,0.6894306055733707,0.7489966703153461,0.7998116910013601,0.8271945576350486,0.8174850111196905,0.7625650773554705,0.6648190849228357,0.5400203317558786,0.4121611458709907,0.30129135570206467,0.21586287713417598,0.15466927013751847,0.11244169658611368,0.08368386183456285,0.06407879981555574,0.05060750453854844,0.04126409951633732,0.034743069196571705,0.03020032780438202,0.0270918915933964,0.02507072128931209,0.02392267695435674,0.023527852457173263,0.023838312021737015,0.024866446778591542,0.026679733665301814,0.029397458259745067,0.03318228246007275,0.03821316013875432,0.04461554477625635,0.05231545984863567,0.06079934118239834,0.06885216463421365,0.07453708243399419,0.07578683575395116,0.07156617386275839,0.06270945082311334,0.05149195493652994,0.04030296971771941,0.030652993941299608,0.02305061682452306,0.017372717011327532,0.013250083777218024,0.010292097326347524,0.008174278206585808,0.006653844580503062,0.005558219695792387,0.004767845157865442,0.004201018521693268,0.0038025111699926195,0.0035356454075126,0.0033770375260470087,0.0033132800750724197,0.0033390272972213327,0.0034561347719310165,0.003673631013405215,0.004008356718876326,0.004486032503847911,0.005142196976813241,0.0060216478757156204,0.007173348588698085,0.008635050290570554,0.010399426626593248,0.01235731746901495,0.014236427429053672,0.015600316309773607,0.015992676185631702,0.015201765140371167,0.013426077174108635,0.011153550418412756,0.008875078020952103,0.0068941791127845225,0.005314712876685137,0.0041172811900448076,0.003233653382588945,0.002589688931900238,0.002122552307961051,0.0017843721879818176,0.0015406024011790707,0.0013670866988496591,0.001247354618146577,0.0011705607840302669,0.0011300706370571483,0.0011225912871240952,0.001147752319991773,0.0012080848097948131,0.0013093979510751185,0.0014616025318664385,0.001680065337524005,0.0019875585374088704,0.0024166834595911726,0.0030120303536860862,0.0038297597055366953,0.004929080984993237,0.0063457115335280746,0.008037583171467725,0.009814034452843252,0.011313046871187738,0.012121692466146784,0.012019080708772606,0.011124476616798998,0.009791234888134185,0.008379256904123793,0.007118228280935269,0.006102602045111958,0.005343703658454725,0.004818615425281057,0.004499266111893868,0.004366336970664696,0.004415863673643399,0.004664408027032651,0.0051571999187232384,0.005984480785097637,0.007316374567855104,0.009482802175947509,0.013179418102700076,0.020096672786524345,0.03532183804203335,0.07892541831170098,0.23339716254234139,0.5020150221211079,0.6061213021845536,0.7363220390852664,0.8459352422074049,0.7271093032580008,0.5041147140534068,0.33535395655546263,0.22930622506283227,0.162747230983363,0.11939276457621228,0.09014034392241783,0.06990942059817228,0.05574517692593721,0.045897390582173715,0.039440536911255326,0.037708164643962545,0.9435314234563754,2.385019414469838,0.005485777873053489,0.0976422968227422,0.0507294861442387,0.07762283033813659,0.18063136327530122,0.042189639938270705,0.021500474128561233,0.019852090610822916,0.0346970149963102,0.04574946423818073,0.04586674915387464
57.00000000000001,0.3416974336223765,0.3592225509252621,0.39393376342657627,0.45017000899335186,0.533430983010262,0.6473160139442707,0.7844908178211705,0.9124209673913761,0.9764316710455114,0.9466521563145742,0.8525687017542848,0.7453125233438588,0.6558453978774106,0.5933044823528817,0.5570041489731423,0.5440259412692392,0.5519019748240658,0.5789286667265761,0.6234132433370319,0.6822538666883046,0.7491697534135995,0.8134462815560773,0.8605283355969974,0.8749801271015089,0.8447194894287468,0.7657086569695399,0.6467633249564754,0.5098020144725848,0.3801834104366605,0.2742042821673976,0.19563051544216156,0.14054186393314294,0.1028756821489827,0.07726212637998871,0.05975069321206514,0.04765935360351809,0.0392284844480291,0.03331734514439033,0.029188222055532193,0.026365022516799817,0.02454412267953055,0.02353944902634523,0.023249638080643783,0.023639580335702803,0.024731522010297335,0.026602312250601123,0.02938323270411448,0.03325645708614311,0.038436164087674224,0.04511126224761302,0.05331324559167559,0.06267516311685561,0.07211642386773606,0.07967927365579643,0.08294786323929118,0.0802406620325562,0.07183121475421382,0.05993368098128136,0.04735396885118563,0.036127213412422504,0.02711013915423326,0.02031090721636138,0.015357407754333504,0.011804147409980035,0.009265094439219742,0.00744612888611093,0.0061365244309510075,0.005189790128218542,0.004505563314713008,0.004015654494801202,0.0036741897845339673,0.0034509753997031185,0.0033271999738375166,0.0032928001875074226,0.0033450374317462723,0.0034880096523069106,0.003732940956391159,0.004099139930874972,0.0046154427369579564,0.005321637087963309,0.006268527898517459,0.00751351978656312,0.00910551124112871,0.011049570876162056,0.013244296108809074,0.0154074313956164,0.01705829767714089,0.01766112787009576,0.01692621101197408,0.015031174115425913,0.012515323689847932,0.009951146708453332,0.0077053216123130555,0.005910346579060939,0.004550103919684403,0.0035481185668559644,0.002819434094968724,0.0022916651898060676,0.0019096240394789739,0.001633496451808109,0.0014354190896999418,0.0012963056770265938,0.0012034151551468433,0.0011486627810389726,0.0011275449983274056,0.0011385553471724495,0.0011830159969900248,0.001265305842165383,0.0013935268900936396,0.0015807094349209836,0.001846700985323986,0.002220858453118987,0.0027454088975941587,0.0034784622362064926,0.004493357105475514,0.005866297511073715,0.007638010535611143,0.009737101573293069,0.011887990409158526,0.013604486884614856,0.01438867992260603,0.014050731781409297,0.01283163807621815,0.011199313736056133,0.009565860659187606,0.00816376532637694,0.007072334120108231,0.006288471199084049,0.005781367616890243,0.005522213223551539,0.005498410237671591,0.005722712228707468,0.006246585691452639,0.007192790644740378,0.008853465483245494,0.012050027698681272,0.019769638074443374,0.04524907812886793,0.12300856106079519,0.21946923979242108,0.31763683036436985,0.4919955397719527,0.7238262421712192,0.7250539632155331,0.49624111479008204,0.31233687976554014,0.20577069391972627,0.1438719615972611,0.10555474642889166,0.08034590565478822,0.06305510360407672,0.05113043935645803,0.04636385797052535,0.8568864450621632,1.3570231627798632,0.014659742566209428,0.12214214707324489,0.05133617491740509,0.07280117661263555,0.32951745328791116,0.11390824988242218,0.04799172055597403,0.03413290321159191,0.03549377225124232,0.04174553793645733,0.044713497710869174,0.053229103528989186
58.00000000000001,0.3313318028115681,0.33504126418680175,0.3528575519037222,0.3874336165953981,0.44311816395670905,0.5255888138889052,0.639172301715525,0.7784094780397993,0.9133231651722988,0.9884793350257867,0.9672912295308596,0.8743327929237168,0.7627166283492068,0.6671262768866345,0.5986165823376869,0.5569468450782022,0.5391035461020656,0.5425045008525453,0.5655900726019543,0.607307905190726,0.6659196622968008,0.7372491367525053,0.8128740701877819,0.8795301574450166,0.920990941255476,0.9219826521611948,0.872509600125472,0.7726157381641502,0.6367793333257876,0.4911454803355396,0.3607049852739235,0.25814913381519194,0.1839308437644767,0.1325360463625044,0.09754723628303041,0.07374071039184762,0.05741173047199438,0.046086063921001265,0.038150574040176834,0.03256047633139176,0.028638915870384214,0.025947819216290198,0.02420702659536242,0.023244633767913372,0.02296741558098135,0.023344426172672565,0.02439960724132851,0.026210616138475164,0.028911256295477094,0.032693154141237316,0.03779744974956313,0.04447716389228815,0.05289511308853649,0.06291083972645696,0.0737424083786682,0.08364076623349197,0.08998871843305889,0.09028474515984419,0.08371098530368208,0.07189792114965848,0.057944648206231186,0.04465831411602827,0.033569792469989465,0.025031330252692625,0.01875086726682734,0.014234584399873464,0.011012252155318964,0.00871109586843708,0.007059181056142868,0.005865974056233182,0.005000476927085016,0.004373380741045538,0.00392412252215295,0.003612017790330213,0.003410395009002927,0.0033028452989277905,0.0032809646440283046,0.0033431916071212002,0.00349451013470705,0.0037469065181836548,0.004120524470948983,0.004645420442985797,0.005363569378137855,0.006330052509566249,0.007610715646754669,0.00927044346471155,0.011341852066624785,0.013763047449032367,0.01628923705390613,0.018435313860123197,0.019570527457175718,0.019229713251751428,0.017443769262403878,0.0147434902608395,0.011815423464960917,0.009161610779760371,0.007001334277198332,0.005350332841256832,0.004131062799380525,0.003244911898167053,0.002604209494732277,0.002140931572924442,0.0018056199509571946,0.0015635063457920806,0.001390633771177903,0.0012707948873937056,0.0011933561152383248,0.001151819834996982,0.0011429623750510197,0.0011664324710930444,0.0012247571859913264,0.0013237677912927405,0.0014735294711595793,0.0016899364174966982,0.001997208123262013,0.00243152946157003,0.0030458235067513735,0.003914603912394174,0.005134881448273057,0.006812519481114514,0.009013794609145444,0.011662160898506297,0.014407978215148907,0.0166135079648909,0.017626136295693488,0.017213922412613155,0.015711788052638974,0.013726920655544587,0.011769958216056847,0.010114561514945096,0.008845711847344897,0.007952886895614871,0.007397884777151681,0.007154579740529363,0.007247026640528963,0.007853776038035469,0.009740994249224819,0.01610748268840552,0.036233037567378314,0.07126240624999557,0.111164145626781,0.1739254761132701,0.30277771737700365,0.5517980539738808,0.7126448705874224,0.4899293426788924,0.2773644123280785,0.16754843091652688,0.11055911694371237,0.07807210680492142,0.05804458815817811,0.04931517837152951,0.9779753953465378,0.6735389152864525,0.027869187326193843,0.15587451229103674,0.05520337613825327,0.05203889920844806,0.25667600327580375,0.1953938545634004,0.0851284888209699,0.05543989004847295,0.03969380678646753,0.03585683861107805,0.03841860301207515,0.04966283413473478,0.07646904418729901
59.00000000000001,0.3331139475384087,0.32423894731081343,0.32780501330814077,0.34492802397912914,0.3781305947102889,0.4316370196920885,0.5112012700244849,0.622031760919191,0.7615266540570809,0.9046587732656155,0.9972569287569434,0.9930784634261612,0.9061516974745302,0.7904984747230229,0.686804485058406,0.6098544464464593,0.5605169336815045,0.5357392783566561,0.5326528676006917,0.5495796362591808,0.5858016413438957,0.6406809388822321,0.7121640239362772,0.7947871201882274,0.8780028400034599,0.9464162599086432,0.9828000535536644,0.9724411004158782,0.9072169358260275,0.7904597556341634,0.6409392828303239,0.4875972412836825,0.3548344288044463,0.2528628475542449,0.18008034234612544,0.13001048473126312,0.09598418397470956,0.07280653596750507,0.05686498556233697,0.04576742107408178,0.03795852953757212,0.03243047149249823,0.02852867515669129,0.025827722076146902,0.024053801354102317,0.023037056566282185,0.022683088671827466,0.022957089874819377,0.023876739831265714,0.025511515989267052,0.02798659355416673,0.03148866405959213,0.03626778079938596,0.04262164764969472,0.050834251744890105,0.061021042175757316,0.0728289100045171,0.0850154854078242,0.09517573066612953,0.10018766741405702,0.09771428141387696,0.0878778364218953,0.07338963599291258,0.05784869117980524,0.04391687174665544,0.03273291025286462,0.024325633280346898,0.018226161611149806,0.013869896092537781,0.010769043906175274,0.008553705897412386,0.006960114102245448,0.0058055995228207,0.004965246987260428,0.004354038399405035,0.003914286105806925,0.003607155233530864,0.003407097144984384,0.003298301832326291,0.003272564737343138,0.0033281877168466864,0.0034697077232315656,0.003708360612210793,0.004063267694484494,0.004563338746917972,0.005249748203560955,0.006178359191003829,0.007420240176228829,0.009055753040545287,0.011153037813311426,0.013716778181002183,0.01659757266282604,0.019388871147643812,0.021419126394842777,0.021985459254721156,0.020783650331971954,0.018157318556816154,0.014871379509037724,0.011650491721976552,0.008909114221276552,0.0067638328744897775,0.005162750573022153,0.0039959367363433,0.0031534354628557698,0.0025457841788023676,0.0021065243646338377,0.0017884532032196663,0.001558820522878001,0.001395242924633361,0.0012826857672443008,0.0012113952682340906,0.0011755712625944926,0.0011726054579933429,0.0012027777140924346,0.0012693726374372223,0.0013792561788926842,0.0015440377921443755,0.0017820537366936375,0.002121535387594373,0.0026054275687215486,0.0032982024164591077,0.004294069306872076,0.0057227188563042375,0.007740341942839669,0.010478424342366925,0.013913172361461106,0.017666720061569777,0.020915895707654703,0.022699222922044078,0.022549132812967696,0.020803787045794404,0.018255531523263528,0.01561298248869269,0.013267899805884558,0.011358949314286285,0.00996375418027861,0.009440736967287052,0.011248384001030357,0.01905532338529208,0.0344832303776221,0.05355064352906291,0.07913797626150408,0.12419754046209992,0.2197420138811795,0.4347208202741215,0.6832664437940862,0.47721779310704177,0.23959074615506404,0.13031080032046224,0.07916102979920037,0.05630438049488073,3.3187614650232957,0.3518728694974611,0.04763402431547853,0.26296083204868326,0.08025518485112249,0.04171622408640595,0.13058340582436875,0.17119263729993553,0.09071982336150156,0.059846518195303657,0.036111989842695605,0.020736520588020477,0.019315744674780446,0.023948523969967682,0.040765371378647754,0.08510167259459757
59.99999999999999,0.3481293945054074,0.32676965545832765,0.3174277350108362,0.3200280082287312,0.3355054423209794,0.3661409958129148,0.4158819700857211,0.4903787154886042,0.59563423413635,0.7323989079604725,0.8828073568296387,0.9977741895925208,1.0209634405785835,0.9484893586048619,0.8311761372830121,0.717803096531626,0.6296506504363769,0.5699630112160349,0.5359161339593239,0.5242214783086858,0.5327898716169056,0.5608350640192189,0.6083286645890625,0.6749185181522999,0.7581921567841517,0.8514995594232649,0.942479763602349,1.0140830021525085,1.0484389395807225,1.0312651543583002,0.955506019775741,0.8262992560701132,0.665022125696439,0.5027527772805,0.3642955824958282,0.25900985645427704,0.18430277509721776,0.1330495077780688,0.09824032792966547,0.07451167982855915,0.05816407218245426,0.04675627890618798,0.03870232267505139,0.03297350520444007,0.02889998945827693,0.026044337063395123,0.024122459946760218,0.022954825645261325,0.022436977793596925,0.02252273851743082,0.023216186643358342,0.02457022677839062,0.026690401350825538,0.029742601528997225,0.033961766464748626,0.039654133010788364,0.047175350526958995,0.056848050037165095,0.0687591384350037,0.08238054660132345,0.0960748925157995,0.10687054906722002,0.1112020247764917,0.10681692104647215,0.09450318699983423,0.07774785412268283,0.06055623230747748,0.045587728533244117,0.033800538341021036,0.0250469770887694,0.01874177440288068,0.014255584439988093,0.011067039847605608,0.00878895135835966,0.007148303014544445,0.005957136402583723,0.005087255910623848,0.0044514305576881935,0.003990352181899487,0.003663893279238511,0.003445373569078045,0.003317888206602652,0.0032720611732351694,0.003304829817666315,0.0034190383922679643,0.003623745952018039,0.003935248837610653,0.0043788733935533316,0.004991569731256657,0.005825127506637128,0.006949144091852997,0.008451154802695163,0.010427660125279889,0.01295363419960934,0.016012609204598204,0.019379595589592236,0.0225055234002877,0.02455578612496814,0.024761560218464675,0.02293503142981576,0.019644280299655884,0.01582436546930844,0.012245747094147288,0.00928888768763374,0.0070191982136013345,0.005345671677573238,0.004134830049957007,0.0032639809047031116,0.002637025232447136,0.0021840224424381966,0.001855876176944023,0.0016187548870460816,0.00144962947174002,0.001333072424301521,0.0012591017750064768,0.0012218149559364497,0.0012186195653408494,0.00124994780734106,0.0013194252720668859,0.0014345521947698417,0.0016080649484679751,0.0018602976574799194,0.002223077046798438,0.002745958534513158,0.0035058246837658884,0.00462051229445118,0.006264612576716005,0.008676930422223362,0.01212779064969351,0.016781830100262414,0.022398303307890575,0.027989648096269137,0.03190015175219768,0.03264809887818605,0.029897688753059332,0.024625707073717598,0.01886218420558454,0.015696526883082856,0.018328071008139532,0.027298416788506436,0.039898545732437216,0.055955685650662675,0.08016196986184451,0.124221619843244,0.21873277546167716,0.43831918784067825,0.6788114279856065,0.4095440120078789,0.1797522170572849,0.09012082264928309,0.08280521429971054,0.14114280357149073,0.08304023748211252,0.4116566448731604,0.22380979278204746,0.05360353029104608,0.08018072414645544,0.13687206564120266,0.08785959108427023,0.06438039697707579,0.0414669870947704,0.015783608544464693,0.009653999015049961,0.00967996125816729,0.014216672512175147,0.03273006310477591,0.0635727735757753
61,0.3787535701792157,0.34391578394401534,0.3216516657362372,0.31108170616049496,0.3119331175352367,0.3248885565665245,0.35188366922690584,0.3964329793737183,0.4638399201528347,0.5605506148695304,0.6904447474415667,0.8440814589687584,0.982551385704044,1.043910107856568,0.9994268932650241,0.8871776304042616,0.7640574006683972,0.6618317203605432,0.5885801364546298,0.5424838506415941,0.5198474557868825,0.5179015505767044,0.5353622859568758,0.5721991606917413,0.6289783502102686,0.7056670967541236,0.7997140312199227,0.903704344067588,1.003987165460083,1.0822413638831103,1.1199506391856593,1.1027647292976404,1.0235258772336375,0.8871393593527345,0.7155259258042346,0.5416559217309804,0.3925668302793631,0.27887084683725594,0.1980902283261621,0.14264961085460007,0.10499937509799194,0.07933794208414345,0.061657150885351786,0.04931039746273413,0.04057755227620882,0.03434204282856684,0.0298754473272566,0.026700030406847854,0.024502589575815678,0.0230809746755486,0.022311339271538586,0.02212884141857214,0.022517512093933933,0.02350687963127391,0.025174136689187346,0.027651147030686215,0.031135340683811186,0.03590170255277049,0.04230781041591935,0.050772107544071625,0.06168357961593688,0.07517280416345032,0.09067554963916176,0.10635398385989275,0.1188186107220159,0.12396803240887364,0.11919445204283051,0.10538876047374345,0.08654265420790404,0.06722571025484853,0.050448761951044446,0.03727654372205252,0.02752302368666036,0.020516201161841892,0.015542120417734666,0.012013194215911668,0.009495036393801629,0.007682376107013116,0.006365548465550512,0.0054017512684476805,0.004693822392180863,0.004175566488287565,0.0038019302830064167,0.0035425437554161172,0.0033775427679471398,0.0032949496755797303,0.003289149089106371,0.0033601919747400957,0.003513797625539327,0.0037620305368298835,0.00412471405972619,0.004631696642092529,0.005326068871147222,0.006268201727518843,0.007539722854341226,0.00924458513644433,0.011500067516734389,0.014402998789840542,0.01794893773739274,0.021891964315759318,0.025598676136523408,0.028079745194122447,0.028403090982415898,0.026323174381404968,0.022507022380701,0.018067641464749762,0.013918909517324494,0.010505614835798347,0.007898120509382987,0.005984471035060324,0.004605694685868712,0.0036175853928611616,0.0029081923960561657,0.0023965811864098143,0.0020262275101297607,0.001758323956926991,0.0015665072854240247,0.0014331089351221945,0.0013466405882586253,0.0013002006202915948,0.0012905671538815022,0.0013178418537977332,0.0013856069476870599,0.0015016649658673822,0.0016795683764400044,0.0019413568950622287,0.002322263734819983,0.002878736184934567,0.0037020926857057497,0.004941677148220996,0.006843435599622986,0.009811229784053226,0.014492766216894519,0.021851242694224785,0.03296318752298138,0.047197170870698704,0.055162038961961556,0.04287029401239478,0.03147079136610016,0.03349882742150984,0.04263558528849747,0.0562347554408398,0.07604564875317078,0.10850323573904833,0.17034483907359957,0.30787468053002953,0.5974252835822443,0.592263721539514,0.2288445695701294,1.3281552218589459,0.06483895125915765,0.15564416825266947,0.42432202372684286,1.1057340896489627,0.14198418678197766,0.07573833487941944,0.13344262622143263,0.0976745258134827,0.08169921648184564,0.06745718944102762,0.02504824385654203,0.009737880410552636,0.0070862515877601175,0.007935974635715035,0.01486939015178453,0.03101327715636256,0.042434170435042225
62,0.42875259595462795,0.37862237248354647,0.3421068442305314,0.31811701628973676,0.30556453524146554,0.3039367795888958,0.3136037171466776,0.3360711141722946,0.3742845518979776,0.4329414695745516,0.5183968782917122,0.6367179332672865,0.7864457584932758,0.9430846802069183,1.0493950031701054,1.0514247991297254,0.9589507342050816,0.8302178081149384,0.711789241610944,0.6211709302127645,0.5595053708822969,0.5231107432724318,0.508380501375776,0.5131468882223228,0.5367820617705882,0.5798694343515238,0.6435433028280014,0.7282706974782214,0.8318295928910713,0.9467717763302724,1.0588865118983206,1.1488851650850105,1.1973158398776638,1.1890901325460943,1.11577497663005,0.9797194505810064,0.8005255120272909,0.6122274382143239,0.44625811245084124,0.3173894633812889,0.22491969058614517,0.1611927608108636,0.11788667438129068,0.08840447446709052,0.06812750349878369,0.05398930932490119,0.04399330975475226,0.03684303249778176,0.03169226024917652,0.02798462009372464,0.025352657320685704,0.02355484458201666,0.022436530389665185,0.021906195914155446,0.021921866460999324,0.022484720374075198,0.023638350372690662,0.025473039343870598,0.02813484614083288,0.031839084589610066,0.03688614039405552,0.043672683780944535,0.05267979282748345,0.06439656811381227,0.07910385140338647,0.09642675541193675,0.11466891540216616,0.13032085606613983,0.1386535324690886,0.1360014781294776,0.12240381931041179,0.10186944483106998,0.07976848352181976,0.060034823100179664,0.04430355885815885,0.03257081564101829,0.024123949771159916,0.01813274782388866,0.01389263963677664,0.010876192245701974,0.008711000539009773,0.007141051009024305,0.005992093018678097,0.0051456626592572075,0.00452100523185588,0.004062930891736829,0.0037337965438481234,0.0035082749853565733,0.0033699953218380685,0.0033094663725631076,0.0033229188112578532,0.003411866579791126,0.003583305127407339,0.003850563912707434,0.00423491476655963,0.004768109271018586,0.005496039695205478,0.006483569935471275,0.007819981095227546,0.009622736024878746,0.012033102642532836,0.015188984378810373,0.01914912018008299,0.023742705138448773,0.02837171372897733,0.03194149358185394,0.033212294739812916,0.03156557343695497,0.02751515738435047,0.022346856254367137,0.017289418464185708,0.013028653932492362,0.009739013402164029,0.007318049516218375,0.005576757419031992,0.004333828845052312,0.0034457536230455637,0.0028081407268590775,0.0023480538808748567,0.0020155064102216976,0.0017765937040873099,0.0016085649345957435,0.0014964989551091833,0.0014311741121756155,0.0014078134155367929,0.0014255100434997848,0.0014872597415215745,0.0016006593174831014,0.0017795093984141357,0.0020468702156929376,0.00244077248662691,0.003025406820524218,0.003915366779264301,0.0053371869688025675,0.007823835525558017,0.013018398505253735,0.02776819251249858,0.06754729493441496,0.06504764095751604,0.04886449404949679,0.050385496815040336,0.061065649136139204,0.07995302105409094,0.11153013524514079,0.16937237558333135,0.29306607543776414,0.5768249433343027,0.6211043608222678,0.2738721807774286,1.486806045539093,0.33639608374318786,0.3388413304430218,1.4281406298285508,0.5935935335179867,0.1586141497254472,0.16132017152359468,0.12111627310563629,0.1072239851497381,0.12000170843631582,0.07222963513312435,0.022422330248907385,0.011698990073120507,0.00923053215686209,0.011838390432998539,0.021645775730780418,0.03189252256883995,0.037714029182583216
63,0.5026437025837445,0.4356557803929024,0.3825627057736616,0.34334540860721224,0.3167428867864165,0.3014421099559417,0.2966534045454414,0.302388298942134,0.3196655268232359,0.3507675186058009,0.3995733109795662,0.47179274020151146,0.5743293091081807,0.7114809126803723,0.8737698833781979,1.0207703556807364,1.0868391247379838,1.0400510927105258,0.9197306912632393,0.7865511958760424,0.6747252974036284,0.5929145002007916,0.538978949690839,0.5086571156076991,0.49862394358615697,0.5071655980255749,0.534108145531986,0.5805012806037124,0.6480368418100907,0.7379247860286727,0.8489015863132212,0.974505156844188,1.1010231986026089,1.2086468575740876,1.2765542271839212,1.288152469258527,1.232958390474389,1.1088744813217934,0.9293539960358566,0.7264134199095555,0.5370193040773183,0.38406110531962656,0.2717534352177485,0.19351819134779844,0.1401991658845563,0.10395705199451835,0.07912182535110059,0.06187673334809388,0.04972487501029047,0.04104419873425975,0.03477708930486442,0.03022833494561952,0.02693724652532906,0.024597455973963612,0.023006780513292153,0.02203608277827336,0.02161038371987999,0.021698254174339765,0.02230724875920434,0.023484296923754405,0.025320749019806556,0.027962242008797853,0.03162359687938947,0.03660793619662516,0.04332574579850696,0.0523004822200997,0.06412737226734976,0.07931647729746204,0.09791217072779283,0.11881210238800995,0.13898502964809828,0.1534008009332809,0.15678687531258947,0.14689654024406898,0.1264466134139414,0.10139504907817622,0.07731839320467698,0.05727901825748573,0.0419782885800875,0.030845042264434384,0.022928338622103955,0.017337975470980177,0.01337967090079881,0.010554295566857778,0.008516378753723373,0.0070305315654961556,0.005936968063187195,0.0051269583864420746,0.00452616704827632,0.004083594151107409,0.0037643098071757585,0.003544721002717009,0.0034095311890612752,0.0033498598572914043,0.0033621993343978546,0.0034480312751121833,0.0036140369435882728,0.00387292861457063,0.004245018440072338,0.004760732525205081,0.005464352560956597,0.006419261149766637,0.007714678657865542,0.009472799895556034,0.011852231476864157,0.015036655602005082,0.01918475703678527,0.024303410520146448,0.030021186284784222,0.03535310083086147,0.03877215278662796,0.038914414899155904,0.035567070527942925,0.02989254943447282,0.023578604076901225,0.017877563986273944,0.013314220606807715,0.009902606943303105,0.007440221099728666,0.005688662074445204,0.004445785501975676,0.00356050429164016,0.002926272669386624,0.0024699798664936452,0.002142094701309284,0.0019093325005279543,0.0017496063555170222,0.00164870386913509,0.0015981927908971388,0.0015942017181891195,0.0016368705634277885,0.0017304368799744274,0.0018843029806085718,0.0021168584474059973,0.002470871326659765,0.0030920327708869734,0.004765172789715405,0.013526510342199238,0.04288264297835359,0.04559902869002287,0.04374066798734376,0.04985478309734929,0.0643114881523989,0.09140482532827764,0.14495086745172167,0.2724491675577204,0.6366022847508314,0.3441266362145964,0.9714572370289807,0.15739728142846518,0.3931791226058864,1.230942202734445,0.9002944527924296,0.3664509964951963,0.21153667283061417,0.14047677228773167,0.10655346650127191,0.12842474675652837,0.17568570232760683,0.09599038460125163,0.043374494675621385,0.026099787841643834,0.021003011215179907,0.02621858514380804,0.03621917504462179,0.044405018167908754,0.05273552046597434
64,0.6027097309164627,0.5206999891643863,0.4491344594722675,0.39173513842579827,0.3486112612376847,0.3183880025350205,0.2995182717786777,0.29090441806627215,0.2921679689819243,0.3038124279434696,0.32741699276040354,0.365924737964138,0.4239918255664427,0.5080835068902071,0.6251568672476158,0.776869910947751,0.9451942242345602,1.077196910958201,1.1079760640994587,1.0281186446271926,0.8929327093586232,0.7589696311178674,0.65162395205927,0.5747730356302106,0.5247630292172976,0.49714615768750187,0.4887751657235314,0.4981607931372345,0.5253488426147911,0.5716650164691144,0.6392760434475394,0.7302883252791451,0.8449888744290868,0.9790880737260234,1.1209296408692389,1.251265568124054,1.3476886917440365,1.39109402705792,1.3685364283239538,1.2731719250379039,1.1089762365726348,0.8993736760347952,0.6835654378638966,0.4961674806019569,0.352101051114008,0.24928563726940972,0.17856704145349786,0.13049116222071142,0.09770066633919827,0.0750836927598313,0.059254655157408236,0.04800826479166488,0.03990919885743992,0.03401681000969674,0.02970865200017107,0.0265692213912637,0.024320094494545724,0.022776063105477955,0.021817728330920473,0.02137476577787711,0.021416440529782185,0.021947462913570498,0.023008277319065587,0.02467959429105301,0.02709153963803236,0.030438055287766518,0.03499700569201424,0.04115474433571528,0.04942867013039684,0.06046807043681973,0.0749853370909002,0.09352254568846942,0.11591818553922531,0.14042372071138012,0.16285983741983803,0.1769732082006183,0.17713090986680324,0.16216094530125466,0.1365881194904222,0.10762142121804502,0.08106282177022413,0.0596110630899585,0.04353262210411413,0.03195732835567231,0.02377030091664984,0.018000271772362554,0.013913908102028846,0.01099263497244009,0.008880520140023843,0.007335963225315321,0.006195122861129418,0.00534641423270248,0.004713375812899877,0.004243349134817598,0.0039000507635407362,0.0036587209881343693,0.0035029864670591427,0.003422888495374229,0.0034137416364613945,0.0034756329915054023,0.0036134821142210075,0.003837671301999014,0.004165345783677695,0.004622581135989304,0.005247730678627012,0.00609637076023075,0.00724828179291394,0.008816578218115285,0.010957729333975881,0.013877235058958317,0.017816131775151064,0.022985262534738822,0.029393829174783892,0.03654051335682461,0.043102261735807335,0.0470746029768,0.046783968809000626,0.0421721947124325,0.03490990908973648,0.02715015822620955,0.02034791877523786,0.01502372539631721,0.01110945012308872,0.00831898140211295,0.006351973280215847,0.004965508271409639,0.003982804872815542,0.0032811971573205173,0.0027772071216822917,0.0024142022731570194,0.0021533685000127024,0.0019673028672539394,0.0018353188902094876,0.001739869902732252,0.0016651075679318713,0.001608079132323267,0.0016795145369263092,0.0029375081947160763,0.011358014007169855,0.022843776928967816,0.02658213130242954,0.030903828498878388,0.039606237503014535,0.05670886122958361,0.09410676041577509,0.2079542191303949,0.7886348584821786,0.27687505567747484,0.006421798705620037,1.4132247473690391,0.5872824687666165,0.7675515609563437,0.46643531353245865,0.258904488168735,0.16317325215686437,0.07921549387218373,0.06686555332500593,0.12169142172433413,0.17529508648046324,0.12132903822737022,0.07843837789239551,0.058121703115211185,0.05173743294349013,0.05591442431980401,0.06373772850453757,0.07755373064217232,0.10143343923945851
65,0.7213144751127152,0.635842190373651,0.548818835464054,0.47121411412107683,0.40787842551408926,0.35936624877177137,0.32429919435399635,0.30090416037569745,0.2877508784728307,0.2840485090772352,0.28977965444988524,0.30582977045868026,0.3341952615705502,0.3783015255269587,0.44335636773630566,0.5363133523832756,0.6639865761065543,0.8257573636565089,0.9972893912860578,1.1182590382424227,1.1270103805555678,1.0283400911731895,0.8845000027541526,0.7487121926982191,0.6419295866984281,0.5658260725587725,0.51602240352168,0.48789754176440786,0.4782643095791099,0.48559527389019463,0.5098909352135874,0.5524924690989204,0.6158092724801395,0.7027331380881618,0.815339401322298,0.952474178762514,1.1064753670279206,1.2609704172234326,1.3929979428157926,1.4798633719245626,1.5050371293799756,1.458159229134807,1.3343915752299982,1.1417942402965033,0.9102254401119785,0.6826134926620642,0.4916710519343925,0.3480941360456644,0.2468091307620084,0.1774287786046383,0.13023689486698464,0.09794739858649311,0.07557552846059923,0.05983759047718892,0.04859510992556975,0.04045269145289313,0.03449209220286762,0.030102546862723543,0.02687379707173632,0.02452871244746202,0.02288075495170226,0.021807167403890684,0.02123232700945405,0.02111796207703193,0.021458336306166222,0.022279453551978457,0.02364202709798994,0.02564850414161192,0.028454917092603237,0.032288624359822486,0.03747277804745756,0.04445658895632307,0.0538446351488981,0.06640347783299047,0.08299106178761856,0.10429791059583975,0.1302361875278223,0.1588994410803877,0.18552151024388194,0.2027929954890709,0.20394673424750884,0.1873324507607004,0.15805452585318094,0.12454342052394049,0.09368829877265938,0.06873794559514318,0.050048056720162555,0.03661259401713789,0.02712772972159205,0.02045614938867011,0.01574003115632492,0.01237382870568651,0.009942709595786086,0.008165593801863403,0.006852140511699154,0.005872824767388587,0.005138871471447216,0.004589013645245833,0.004180801422430382,0.0038849088173750824,0.0036814189385476885,0.003557436512704512,0.0035056206733720266,0.003523398507487507,0.0036127331923051877,0.003780416466095161,0.0040389359705212844,0.004408065497816538,0.004917438128471452,0.005610514509595291,0.006550530784381804,0.007829146428298921,0.009578370611581358,0.011985209836144012,0.015304565099138766,0.01985530780929723,0.025961430582139945,0.03376586956187472,0.04284288959536084,0.051707011145908706,0.05777362290880997,0.058525952192619385,0.05341765660186906,0.04442624865029591,0.034481211357581185,0.025674147749375282,0.018788901403630053,0.013758278136192452,0.010198025545310354,0.007701748854802017,0.0059420509351403,0.0046806696643866795,0.003749555009320822,0.003028308541200347,0.002426740380486132,0.0018816570340590489,0.0014104217412581892,0.0014476524391484047,0.004289564512791392,0.011419869446783498,0.016752661636523253,0.020877410961056452,0.026813322436803424,0.03794240339098838,0.0641287463972392,0.18216258357423953,0.06404930475467924,0.01067157202695989,1.2905183358756032,0.3910397421838231,0.6545677040680267,0.5243026931908961,0.34738525165398737,0.31837509676187825,0.09294546704055112,0.04425623768496466,0.05162948712572962,0.1013711505002784,0.10707683078036796,0.08254754307950767,0.0633732816837921,0.05060452216459653,0.04405123773722206,0.044489739164339626,0.051431566150019876,0.06939510261138776,0.10938715068812437
66,0.8313598632545894,0.7680134775940657,0.6821762347738975,0.5899856021651092,0.5048394967570672,0.433595029207639,0.3778005865418725,0.3363035511498271,0.3071563370221856,0.28858118753729195,0.27935428126720174,0.278940359083358,0.28757070111846633,0.30636517380733047,0.3375526727943558,0.38480706624985755,0.45360945525334284,0.551176294171285,0.6844037367467949,0.8521190757862847,1.028168122797869,1.1496274374189883,1.1542118009322058,1.0491359387159742,0.8990751719940896,0.7580404111819928,0.6468779879195976,0.5669395802553593,0.5135163076079775,0.481677948172199,0.46793400534451285,0.47044228927137416,0.4888753241525214,0.5242731919765253,0.5789041673250073,0.6559910136459842,0.758994679196869,0.8899798327379737,1.046686329824444,1.2189168820971983,1.3869482032438722,1.5254811275689035,1.6119947512927881,1.631836269054747,1.5759844681898982,1.439524249114063,1.230440999653699,0.9802716157480467,0.734919165592226,0.5293372997951464,0.37481191408402,0.26577092270437686,0.1910186148317955,0.14011704057651272,0.10524475783765364,0.08104884479187636,0.06399976566104203,0.051795951501717355,0.042933185095766865,0.036419643400629975,0.031593840705073276,0.028009640773942916,0.02536362077807988,0.023449000313273887,0.02212633651947271,0.021304978291489054,0.020931656126291318,0.020984066291626094,0.021468270162704903,0.02241941084749726,0.023905789635940172,0.02603681641753253,0.028975842221134772,0.0329592855999006,0.0383235283143954,0.045539967463220025,0.05525416585702388,0.06831245535529756,0.08572944184079437,0.10849160567676883,0.1370146133238792,0.17007669072576584,0.20342851036348158,0.22929141870861397,0.2387312632226213,0.22696035672424597,0.19722367688765946,0.1587643256588707,0.12091342382990122,0.0890997370869972,0.06476280472841933,0.047100181063192366,0.03460197631857663,0.02582802276359239,0.019652361853638157,0.015267888899395754,0.012118686306090535,0.009827967707484935,0.008141173694455096,0.006885655181141237,0.005943452949747208,0.005233293883001796,0.004698774990210691,0.0043006128245250035,0.004011559319557297,0.0038130791583571183,0.0036932132679388056,0.003645276462572416,0.003667180112656073,0.0037612777907447123,0.003934719497973672,0.004200382062942932,0.004578543131477823,0.005099596466814999,0.0058082908465047515,0.0067702319806741814,0.00808169527964081,0.009884037194895726,0.012383641923588564,0.015875877493259506,0.020762940264043333,0.0275323421841461,0.03661490183557084,0.047985368404717677,0.060442020090148554,0.07100680954186371,0.07567645810609612,0.07208144873329257,0.06163577065240431,0.048334951351479784,0.035762269121369726,0.02559934823960793,0.01800519468752294,0.012473112240257312,0.008383860064718031,0.0052483172916918935,0.0028768717839408025,0.001684509832825933,0.003108281447197617,0.008462495413191327,0.014477651876212326,0.019524402084114406,0.025458402719063945,0.035761326497327245,0.06285829544282094,0.7050642319233943,0.39690719367797445,1.0939100665335166,0.9623139048670224,0.5563461551989913,0.5645118828657163,0.4593596955029838,0.3873572751483531,0.31034424728156784,0.07159858261391819,0.03946400105838626,0.06138474696583235,0.08050806763099069,0.07266316517722633,0.0600237585013913,0.04656292800980432,0.0310177188104494,0.02126346081943327,0.018501014444687852,0.01996147978338525,0.02622461880396034,0.04217961721900947
67,0.8940321734120479,0.877745652680313,0.8258467811908612,0.7439699244425025,0.6479699596875964,0.5542042664904486,0.4727903049130295,0.4072526745260339,0.3571576255459854,0.32054594943781495,0.29530665605506307,0.27975966074197034,0.27284653096941136,0.2741856785685639,0.2841236020307765,0.30384960321744847,0.33561410248172524,0.3830658499372619,0.4516357456045881,0.5485716318446703,0.6812512319286417,0.8503165577372557,1.0335220820455138,1.1707376287128843,1.1932221360834148,1.0962865785787606,0.9424659551637795,0.7918867574603023,0.6704384872853122,0.5813264862902011,0.5199606952449836,0.4809488561992638,0.46021299311934055,0.45531251959769115,0.46531436637612306,0.49064142348633716,0.5329869450552916,0.5952420081594882,0.6812662583635738,0.7951638537947059,0.9395381380740181,1.112291445099087,1.3026228519971335,1.489257604533213,1.6449514342744396,1.7460800436328479,1.7784131797941702,1.733712673344357,1.6054802808109987,1.3962797546959618,1.132335314964861,0.8611222865299227,0.6255569339298743,0.4442434098306294,0.31458025541754375,0.22514985588341765,0.1641582244477939,0.12241287813956488,0.09351021774509513,0.07319491020561966,0.05868431321346484,0.04815923112110688,0.04042102138958974,0.034670816410791255,0.030369583611380313,0.02714957270504294,0.02475802034064214,0.023021134163728335,0.021820983203565323,0.021080769902400247,0.020755754077657777,0.020828200136248965,0.021305481409268835,0.02222099851367292,0.02363802157534993,0.025656993365123233,0.028427311219213294,0.03216511821979516,0.037179089806311245,0.043906152889389705,0.05295721726264709,0.06516619231842682,0.08161659338414205,0.10357608372927264,0.13218791604942615,0.16767558268939828,0.20788880559398074,0.24666826895016672,0.27387529180278986,0.2793441595256682,0.25952412990120965,0.22063620120410063,0.17445096532078788,0.1311753880648622,0.09591252111885779,0.06944880288265683,0.05045389605403249,0.037088630432662556,0.027726114423007018,0.02113593607932036,0.016450801376390954,0.013078421515197447,0.01061894402220392,0.008802553471567953,0.007446170415044307,0.006424513868539526,0.0056510602752218074,0.0050655705921390055,0.004625908425396086,0.004302662949216991,0.004075619890898583,0.0039314773077840145,0.003862428810075157,0.00386539365518495,0.003941780178630339,0.0040977595558062225,0.0043451090962947185,0.00470279092005892,0.0051995662465207084,0.005878159812366137,0.0068018070763826,0.00806450222204302,0.009806934282047059,0.012240818859862137,0.01568435320329069,0.02060822494651947,0.027677346703385532,0.0377304274222625,0.05154166017228136,0.0690817201579913,0.08812853060016132,0.10313226875644718,0.10678416814777715,0.09503164899085755,0.07070273984129087,0.04163238628882383,0.01723507499219764,0.005256305169501047,0.004583076144028659,0.010138134428123882,0.018020787476527255,0.025799824212442576,0.0345567973898666,0.049235716867424846,0.10317672654356362,0.19992744184116312,0.04261857459544069,0.7857520546588945,0.42800545411480834,0.5821760830876724,0.6136156806851767,0.5082000937069908,0.5691946450702298,0.37797728460507796,0.08638692265439736,0.061078481090898674,0.08316469870687748,0.08537429391777651,0.07908133666865441,0.06940260297474606,0.04773012637797488,0.02463710765409025,0.014451558081530218,0.011221923189508862,0.010887226250132146,0.013164046131177411,0.019922783283934906
68,0.8947776215509815,0.9205722420633856,0.9238226261230927,0.8915343451131039,0.8217497300739673,0.7266864813276397,0.6249291958067418,0.531269437102871,0.45290319914944405,0.3911777072659767,0.34457346139154066,0.31076078061633966,0.28759081404037085,0.27345522275520523,0.2673735246613469,0.26900478694056096,0.27867810961613826,0.2974899128682636,0.3275005502017998,0.37205014274071874,0.43615874235250096,0.5267540825285283,0.6517525895730777,0.8152619923578394,1.0042722114244995,1.1697190425847346,1.2362967055166245,1.171133184896643,1.0222351025218441,0.8592942875543562,0.7207276665855337,0.6156591049828537,0.540816336154341,0.4903721388871494,0.4593782601040265,0.4444916754036896,0.44390421512078776,0.4571553850538219,0.4850163110066794,0.5294635680184109,0.5936843500808827,0.6819641378471841,0.7991473897413438,0.9491385763838753,1.1318499543106482,1.3387971675709984,1.5499262278450245,1.7364975443703343,1.8712520129780128,1.9374930991700006,1.9275196328472615,1.8345502143188388,1.6530640438005795,1.3941323083975983,1.0975972123860025,0.816271602522426,0.5859526770657335,0.4151025159368454,0.29515650771115526,0.21290088871943455,0.15669161507770782,0.11798145800233806,0.09096006606049901,0.07179669760297572,0.05798513205240535,0.04787898223323161,0.04038584971789251,0.03477180125630606,0.03053738433066434,0.02733883134176064,0.02493763626280761,0.0231680363156704,0.02191594483021078,0.021105351305877363,0.020689765753495935,0.020647239564188843,0.020978146565224905,0.021705367184046913,0.022876892434303672,0.024571230608293717,0.026906405112797314,0.03005384942551364,0.034259107923760794,0.03987187546425209,0.04738814189973594,0.057505690985550514,0.07118769054578356,0.08970960956478401,0.11461720449511585,0.1474293164665094,0.18879457936820288,0.236830147320664,0.2850153934524127,0.3216328326805536,0.33372723224771617,0.3151061839245646,0.27145582045811295,0.21655643027069169,0.16355183459389627,0.11964866093103889,0.08643746313195326,0.06253589776953701,0.045727031949463794,0.03397943124727425,0.025736834167997786,0.019897511585247087,0.01570881610731615,0.012663450461905694,0.01041995442196062,0.00874727788064882,0.007487724150415392,0.006532600450534698,0.005806292544637563,0.005255837164708875,0.0048440695316386085,0.004545114143168896,0.004341436518458833,0.004221966385092359,0.004180996506794912,0.004217694989600787,0.004336169990526375,0.004546124741603294,0.004864245865663668,0.005316621763393677,0.00594272673098569,0.006801911244185076,0.007984062844228736,0.009627441123333962,0.011949287424137449,0.015300093919032401,0.020263870042102984,0.027853369734497015,0.03991473384939496,0.06000820892468555,0.09511201301706235,0.15386420334676462,0.18394979585510077,0.05383153395506653,0.014533369431823446,0.018205038570625356,0.027606395390653626,0.038814056762611356,0.052864421178293215,0.07963307658616793,0.8451402407362479,0.058037532496430906,1.2752754141460843,0.5248095015655163,0.6165706872520337,0.8796561971406669,0.8573688917585,0.6717558731383668,0.8041454731570621,0.5643728693499308,0.16262052628718923,0.13555488435661311,0.14205474504574767,0.14138281154952537,0.14725736633003253,0.1354326203549951,0.07549122748872564,0.032859954220860556,0.01818766329453545,0.012956571062618709,0.011192249071340232,0.012351971955882996,0.017669735093641354
69,0.8596454657070647,0.8974479775107144,0.9352689757078215,0.9603079632757405,0.955990696878709,0.9108053689851576,0.8276677170533778,0.7232551899016408,0.6172025824205337,0.5227968962764429,0.4453419697184085,0.38494170955594065,0.3394893511151238,0.30644732032199234,0.2836193605537528,0.26939138572920807,0.2627621764897362,0.26332565092881394,0.2712778303375949,0.2874850898640378,0.31364004632253617,0.3525284888432197,0.4084088312457235,0.4873935984114148,0.5973193719255157,0.7454356148375255,0.9300268065133376,1.1225143895138696,1.2551295106788487,1.260070040376129,1.1431592263675185,0.9738625109917692,0.812254413443002,0.6823663875393081,0.5860905973468495,0.5180513800562675,0.4722926168061435,0.44422249481660714,0.4308478836190392,0.4305855663873127,0.4430673951014047,0.4690437691481013,0.5103901562076939,0.5701783986417112,0.6527161526383706,0.7633364892563473,0.9075008699572666,1.0885377713948259,1.3035148768948686,1.5383133208804372,1.7661812096330054,1.9548669796012346,2.07960442601424,2.1294375511110886,2.100250991751037,1.9848515316450532,1.7764157754606091,1.4880661497772032,1.1648393690730878,0.8632437774256075,0.6190827053238781,0.43902544251539255,0.31283366742718055,0.2262114154293538,0.16687111958107953,0.12587251361139945,0.09715221919164536,0.07670957590231883,0.061921083184773476,0.051057912434293584,0.04296886328450283,0.03687746672370612,0.03225299797731777,0.028728219629491836,0.026046524962973827,0.02402765428284789,0.022545293201027536,0.021512404108420164,0.020871716842749233,0.0205898015240258,0.020653785500585057,0.021070217041087812,0.021865895661471044,0.023090814586858997,0.024823636572658844,0.027180533454648912,0.03032870296337817,0.034506557522890974,0.040053394467369455,0.04745216553796173,0.05738892910654593,0.07082952602817946,0.08910208344477744,0.11394001603621384,0.14736118600106193,0.19111487560162496,0.2452846500160087,0.30584901053051966,0.36229032457896065,0.3985646852775245,0.4004091150525425,0.36526320691349373,0.30488548467279436,0.23721415791801762,0.17611747255351026,0.12759002061694458,0.09180220792902465,0.06641012150808592,0.04867459573567009,0.036305664439780776,0.02762064158011877,0.021453104785398327,0.017014520092446944,0.013775817870754721,0.011381280294039151,0.009589998655628174,0.008237230960849802,0.007209163156132515,0.006426450527178799,0.005833447490954533,0.005391135321397745,0.005072477024592252,0.004859401662708553,0.004740921631184185,0.004712097058204563,0.004773704487887615,0.004932597971530534,0.00520289593203443,0.0056083429746568445,0.0061865995470891085,0.006997106348726285,0.008136397351147599,0.009771142306386076,0.012220555287338496,0.016205591217643922,0.023819303588336765,0.04364803126514964,0.10361836716131478,0.05546884524937889,0.03325676106222063,0.03544337440403086,0.04346171222293334,0.05752439688668653,0.1145690250701416,0.11546726502237774,0.30807396587939734,0.5672907629193019,0.5219690629152475,1.1638098409624928,0.9775391892700738,1.0129782440357593,0.8694907681766423,0.8410692164396086,0.5667204502716412,0.33187793453180287,0.2774884426984986,0.24504051272355945,0.25882662584189053,0.33203178763980395,0.354262753095593,0.19598951766114192,0.08803031246444931,0.04940563796634685,0.03300609649481165,0.025043908980444958,0.02464170968264472,0.03277504711070207
70,0.8240357805761634,0.8518585453467205,0.8886214035486921,0.9327487169599875,0.9759896323533694,1.0030972258339002,0.9958888176589933,0.9435240690100204,0.8517423278429458,0.7399418628624279,0.6287253945903837,0.5309955394342972,0.4513373639752828,0.38930487474091763,0.3424641739681442,0.3080912953339051,0.283867910140253,0.26807419360199103,0.25958955255617444,0.2578508331682935,0.2628321491860122,0.2750758306396153,0.2957946576044794,0.32706696761542575,0.3721443440062114,0.43585712046006087,0.5249456659514207,0.647613228159722,0.8101831896734492,1.0065095619752278,1.198566571809088,1.3111503357167353,1.285573310485155,1.1460040043072182,0.9672231078827069,0.8037434363269321,0.6743586751077211,0.5786529804386896,0.510575838134375,0.46405184949431716,0.4344775866362966,0.41881122808240145,0.4153404182239189,0.42346949393192473,0.4436083665892898,0.47716974214041646,0.5266577164828132,0.5958058965180187,0.6896621009115769,0.814375355989109,0.9761881485190734,1.1788609953074738,1.4189746189074803,1.6804170241311849,1.9330904918658602,2.141629274760236,2.2805488952050488,2.341159662843236,2.3227732808829544,2.2194203271069526,2.0197551116034784,1.7269164636134335,1.3791138288104294,1.0377996925406556,0.7509068459985011,0.5341763728914797,0.3802385419751673,0.2739225695867227,0.2009674560756794,0.15060172451839926,0.11539124729664829,0.0903916448531728,0.07235061222615137,0.059123932586633704,0.04928494427230634,0.04187254830308778,0.03623044276649369,0.03190445783748877,0.028576531431551325,0.026021845825681518,0.024080717093618784,0.022640010416233456,0.021620833186734634,0.020970456487286213,0.020657204202795074,0.020667543516635765,0.02100496309794755,0.021690492555029275,0.022764937890886457,0.024293176767467322,0.026371146956685902,0.02913658530470825,0.03278516226978512,0.037594486639348224,0.04395952929386296,0.05244423247989697,0.06385463876639817,0.07933646760933728,0.10048824139941556,0.1294446095836913,0.1687938078410393,0.22101500895277135,0.28690430187421867,0.3625929437447992,0.43618068922372394,0.48791689965276286,0.4983536450373349,0.4612948949186715,0.3892438350977461,0.30470539716043216,0.2265805411215069,0.16382948260906743,0.11737996269115544,0.08444851887962271,0.06152145428120148,0.04560292306956846,0.0344803135207436,0.02662086738630614,0.020991692472597454,0.016902716555388483,0.013892115937380196,0.011648568994006549,0.009960125631517177,0.008680956504285567,0.0077097647221169,0.006975711228966051,0.006429193608262402,0.006035782613725685,0.005772248947181453,0.005624011715517146,0.005583612785587201,0.005650056326092033,0.005829221353996474,0.006136674551002294,0.006608882049684331,0.007352782023074645,0.008818176591855336,0.013719228530382002,0.03180336666444197,0.0332718647118039,0.030826393521178084,0.03353121467149447,0.044142696569904355,0.002898503860884436,0.13476752353527272,0.6007095870052339,0.3649710661879852,0.41585087601094844,1.2739362135451466,0.7152482747381722,0.6875647402687952,0.6317760722815003,0.49174119330581867,0.3267973471322229,0.264452073323081,0.1923248649189805,0.1544174612806636,0.16288727391961344,0.23729627853050816,0.31893865767750096,0.2678961218801137,0.18809986352885605,0.14342028759901068,0.12225498699680491,0.1121682152093799,0.11543297713050485,0.14124115561100997
71,0.8007002111369746,0.8196923646523547,0.8406039850227496,0.870680818997417,0.9125383803892626,0.9636432454752587,1.014853378735342,1.0496042685452867,1.0478075432830176,0.9968251246087216,0.9019644557218603,0.7839107264313756,0.6652138028732296,0.5602385610345314,0.474241620518678,0.4068952318788163,0.3556233640199565,0.31747621545896915,0.2899006149861057,0.2709514921161662,0.25928550133564304,0.25409959194511,0.2550819774480745,0.262402871902409,0.2767597758537234,0.2994924016431916,0.33278730439360377,0.37999118489202427,0.4460188773436908,0.5376892088994755,0.6633120865362795,0.8294950007391655,1.0309326282839657,1.2311440194293735,1.3549564085855574,1.338436723915465,1.1995317311307523,1.0136727545834614,0.8400465533690282,0.7007353872306474,0.596434251219541,0.5210726035571351,0.4681834798607859,0.4327041443342092,0.4111414928802961,0.4013306320233366,0.40218407363269254,0.41353228918600865,0.43606872894709686,0.4713928438914894,0.5221394814152306,0.592168525078431,0.6867406382075718,0.8124850005343076,0.9767253750908652,1.1853878212413331,1.4386162201278156,1.7244534514383294,2.014666466332723,2.2701735742774574,2.457508284240064,2.5627418353187212,2.5879041828879377,2.534364095078229,2.3913879891960734,2.144669102982412,1.8037314598080856,1.4187749858896999,1.056725913419236,0.7614623114508112,0.5422376235513665,0.38762800451687407,0.2808843413603341,0.20737417843379488,0.15634206386742538,0.1204358739466723,0.09477226806485481,0.07613007225288682,0.06237522562791067,0.05207949379596363,0.04427465166192966,0.03829523909648594,0.03367767521990473,0.030095016794448197,0.027314331523154434,0.025168539751936864,0.023537640224794563,0.02233612276879272,0.021504552072344696,0.021004040341400913,0.020812820519409386,0.020924451175504715,0.021347418301355937,0.022106096312269764,0.02324321321088182,0.024824183000719195,0.026943941792528826,0.02973732907762234,0.03339462668267861,0.03818474547994013,0.04448976181350951,0.05285621953625858,0.06407038003360539,0.07926550044643964,0.10006491779752644,0.1287445627259941,0.1683362298262318,0.22243989962041882,0.29422630385312637,0.3838295349008456,0.48382806447031224,0.5752098852441186,0.6302271785125698,0.6263791988404929,0.5626888207430472,0.4614343987078009,0.3526475191796481,0.2575667267335934,0.18402405295806165,0.1309395631752578,0.09390834171960269,0.06838165575424418,0.050759225191024465,0.038482727581156416,0.029818929013662388,0.023615168560212604,0.01910719453153675,0.015785407597618834,0.013306304940972043,0.011434897388825823,0.010007203064135653,0.008905281251978545,0.008039693350649793,0.007335777457165532,0.006721537692122765,0.006120633529921713,0.005493971484263937,0.00526491412564282,0.009766172391209214,0.021874687769447804,0.025150674811102045,0.027556708587921187,0.056805203263494704,0.0045277860587257645,0.48293092711001356,0.5146582970732294,0.24355672395860734,0.26521592695098145,0.7183047471664344,0.4964139730352567,0.48611727394816123,0.4443652842906581,0.3376321954595026,0.2581462976426624,0.14367886578692654,0.07789434393295233,0.05389891395592123,0.05096264634818806,0.06571030614781492,0.08255581339644306,0.08321207745308158,0.07650755013874927,0.0725420073989549,0.07617002577754911,0.09495144997034652,0.14146318768339594,0.23298861293050044
72,0.7630162441711694,0.7995950367788762,0.8177525102407901,0.8311332238090037,0.8502692738799517,0.8814186474067744,0.9268789395384143,0.9845631030970279,1.0462434528047966,1.0957496158402507,1.1110883308716275,1.074566463020302,0.9860486205859853,0.8647772771149123,0.7362783815922183,0.6190430456545095,0.5211455419101864,0.44346053146884784,0.3836083598994202,0.33839594971443265,0.304896927536289,0.2807882680176394,0.2643754339440576,0.2545215038078264,0.2505706562808345,0.2522997117818028,0.25991075814396514,0.27407323108020826,0.29602749817011437,0.3277673634787624,0.37232242185076925,0.4341429260672771,0.5194942711909305,0.6364270200591168,0.7929129268142393,0.9897384487884675,1.2040423783840133,1.372401766839332,1.4151505705671037,1.3134050551258432,1.1299118924460791,0.9384125547554409,0.7763744505368044,0.651482526379019,0.5592339469748869,0.49268903885171617,0.4458320090432121,0.4142357718814185,0.39491051985506914,0.38601406891476625,0.38661894973965183,0.39657487722230783,0.41646431008566687,0.44764447237442717,0.4923718660406496,0.554003237937906,0.6372462214603871,0.7483694636626785,0.8951285512893791,1.085866990703773,1.3268529836901863,1.6168996425470892,1.9400783343036248,2.262000452571605,2.538326178680994,2.7350389353172537,2.842783370552451,2.869962689684897,2.8225006279353226,2.6896994372290925,2.4503266550115828,2.101368323025986,1.6850138841516142,1.2741396931904174,0.9267880971230907,0.66276108084634,0.47400372224439363,0.342780484511858,0.25216001867224513,0.1892241445869401,0.14498144373781807,0.11340625307026275,0.09050741782390975,0.07363666142299102,0.06102130949417556,0.05146023951486172,0.04412844602923473,0.03845139717224431,0.034023703466909194,0.030555930450171763,0.027839435653845983,0.025722856874123755,0.024096241937767163,0.022880282297884552,0.022019015550066502,0.021474965539957296,0.021226058415681138,0.02126392457459996,0.021593379042004028,0.022233027399009498,0.023217098596900753,0.024598770606345532,0.02645546031175169,0.028896879236116533,0.03207709514225674,0.03621255278232329,0.041609081796543414,0.04870255538473035,0.05812022054397331,0.07077286509511413,0.08799101705117143,0.1117178790607585,0.14475647246033824,0.1910084588221999,0.2554705708176742,0.34337344143645787,0.4572989291673053,0.5912142037131538,0.7233538585212199,0.8163627342908414,0.8337539020724413,0.7650494343110097,0.6351549519608806,0.48659828776022906,0.35331053913659577,0.24958283539385753,0.17511136244831452,0.12372906857471117,0.08875679513838292,0.0648944036118443,0.04840853805963551,0.036794301027844964,0.028390341139942748,0.022076760545306263,0.017063176002704766,0.012757366483839657,0.008780689799636848,0.005500809592782063,0.006131402578401627,0.017486441781178138,0.02728998103668632,0.034407880574437735,0.013154871843962839,0.09533367883935906,0.6098524256948314,0.6779490997217416,0.21412584767769205,0.2475232977637776,0.35885728279519735,0.37771041873423017,0.43419096262125406,0.4137025040875967,0.38532149673179994,0.3505542549024932,0.12656325921018172,0.052714775027926014,0.030762916551336197,0.026501198478077276,0.030745351532895995,0.03491638300249176,0.03566299882672562,0.03478079971401888,0.0337150661733633,0.03329187697072697,0.035811074328144794,0.0456789387926014,0.07032458750837224
73,0.6473769205845544,0.7366052400802697,0.7925245313759999,0.8188590990367003,0.8289505962540618,0.8366678003855562,0.852032608231912,0.8810301841064592,0.9264270554734643,0.987699539162984,1.0594259926967888,1.1286102260146993,1.173692280743872,1.170583604660897,1.1071080867652368,0.9938223370608521,0.8572772644872096,0.7230626608242936,0.6059544877318872,0.5105484558716432,0.43573881817297605,0.37833180196791716,0.3349219469694462,0.30260736455190335,0.27915130199329785,0.26293676657844695,0.25287120538701974,0.2483016137944649,0.2489602481396048,0.2549473505256158,0.26675529132358305,0.2853416926335212,0.3122649488774324,0.3499014339280364,0.40176240152294257,0.4728957678052769,0.5702161927395867,0.7021453000106206,0.8757319437040837,1.087364903700803,1.3043594970885963,1.4534863593256835,1.4610502633143092,1.3289682862193903,1.1304648539362676,0.9346652360832162,0.7723480938497789,0.6478126195242615,0.5554839204246352,0.48823369413381323,0.4400763983173759,0.40661491745666684,0.3848322373822869,0.3727886848848432,0.369381251655432,0.37419105438318706,0.38741322921718296,0.40986077978932767,0.44303955590097865,0.489296964099651,0.5520474239615287,0.6360638982589941,0.7477770757954951,0.8953987569629078,1.0884196746758152,1.3355913838880291,1.6401562028072436,1.9919886951876475,2.3603932290278076,2.6971705429464463,2.9562852777823245,3.117095113985207,3.1876214641694656,3.185205202561086,3.113668101230265,2.954026849756507,2.678017040602009,2.2836664765910126,1.8220263761112263,1.3741052161013785,0.999826781220483,0.7169321017022703,0.5148445084858151,0.37402156796537145,0.2763727842392391,0.20822423308125027,0.16007207134748483,0.1255333357893644,0.10036376642800693,0.08173405311241082,0.06774102894021153,0.05708876106395482,0.04888275928251303,0.04249707258002032,0.03748783332081886,0.033536451013213286,0.0304118549965679,0.027945111173252633,0.026012170842159166,0.02452206025609495,0.02340876643507513,0.022625690028797562,0.022141950302638734,0.021940073794633908,0.022014796734011716,0.02237286073640759,0.023033787650894647,0.024031759409920937,0.02541887169087465,0.027270234022386097,0.029691682439355698,0.0328313258425702,0.03689685110769079,0.042181648877482,0.04910461561247846,0.05827135681995858,0.07056892388544478,0.08731251521218152,0.1104700398436187,0.14299368158091702,0.18926652447866338,0.25556696288865693,0.35011771431144506,0.4814909648097639,0.653008113062434,0.8514199548538649,1.0356657048912616,1.1436284125754892,1.1267944290627385,0.9869463145100045,0.7766638497680516,0.5614994474341143,0.3825401268743959,0.2497516466895449,0.1557882494601879,0.08939558671693752,0.04273395782947484,0.015212300741302053,0.008417778026871577,0.021214450856021118,0.042192325006485044,0.08557000854932931,0.005757546751495709,0.6461636845117215,1.056910095514837,1.2050562836555532,0.36661953781738255,0.3471974098568078,0.3100496961362127,0.4464079408658881,0.5414801619059548,0.5581984590774978,0.6510365499562839,0.7838529804309826,0.23930054405425857,0.07793801637002425,0.036642121796639046,0.028113894949628848,0.029929127677570378,0.032529126007489695,0.034009199096112275,0.03451064185413812,0.03327782554461467,0.030084666726429024,0.02777981048783357,0.02972676755230179,0.03866881756752976
74,0.4454309425046534,0.5619474217350383,0.6746181404476239,0.7624873252683028,0.8142103804041508,0.8345474190790237,0.8378269105637717,0.8384471834593756,0.8466463209459423,0.8686654690590319,0.9080212232701271,0.966071869762878,1.0412010509334915,1.1263939319087495,1.2059676417988476,1.2549736500175883,1.2473505960233875,1.1726887712868335,1.0461003997352583,0.8978759792862882,0.7548032735238928,0.6312539175269679,0.5310678570187914,0.4525457700366758,0.39211172103000547,0.346118753009051,0.3115006766488193,0.2858944434174301,0.2675719771505911,0.25532964546311937,0.2483904194334288,0.24633533041496725,0.24906755474831402,0.2568101214099645,0.2701401253614644,0.2900667679902807,0.3181661358415311,0.3567912295711647,0.4093751377848771,0.48081802104207977,0.5778311882709136,0.7087265146667624,0.8811151976269874,1.0940810929506328,1.32136909273609,1.496045769861579,1.5373364985725326,1.4268007618466705,1.2283354168241343,1.0187185109678734,0.8387282622620715,0.6978249494422518,0.5918520023768313,0.5135079173072207,0.4561888701930038,0.4148523705560122,0.38591237052313865,0.3669311148848582,0.3563408245830633,0.35324518439014,0.3572982699939846,0.36864964787674004,0.38794774329487364,0.41639974282868314,0.4558929534431435,0.5091867200478427,0.5801838576681733,0.6742758108794894,0.7987042866009039,0.9627487535321084,1.177254247141028,1.4525099613228802,1.793029592149366,2.188615042079701,2.605551051508682,2.988959024670028,3.2849870364268288,3.4693390344834683,3.5538473235702983,3.5656443061374516,3.5201363723879027,3.4055863420459738,3.186566816868278,2.832360925734562,2.359893942990471,1.8444940158177063,1.3733200449903347,0.9953364869143577,0.7159031525334825,0.51790253536886,0.3798115361713505,0.28349012209031543,0.2156985542257089,0.16734335324658434,0.13232293395650555,0.10656179900612904,0.087323495753086,0.0727517341036413,0.06157125153027388,0.05289397973547883,0.046093049574331704,0.04072019254190041,0.03645102867137669,0.03304838877403753,0.03033744514293512,0.028188678223550194,0.026506102425464157,0.025219097309888586,0.024276764268336814,0.023644083990561865,0.023299439996256176,0.02323322298280302,0.023447366486216224,0.02395580806429845,0.0247859389160411,0.025981285661211474,0.02760580549020338,0.02975047976848464,0.032543264939275306,0.03616415943888888,0.04086819492007286,0.04702105300436643,0.055155126516362535,0.06605939469161241,0.08092622959780954,0.10159542635428345,0.13096600295622135,0.17369694620987267,0.2373933522722093,0.3345459895147218,0.4853831296785537,0.7208097842885234,1.0806778824605556,1.5915879066556244,2.1857020512311864,2.4653127584080035,1.4006484083902022,0.17990583552449652,0.026026182938594784,0.036156054277560655,0.07088556008927452,1.1198307365585185,0.16702098763489254,1.3284926911417825,1.6444296157015494,1.7840968653324945,0.940836905385189,0.6436101686355439,0.6622777485362256,0.8950812814216523,0.9426757307593696,1.148407125742706,1.372430144061236,1.7463199658176018,0.9804889074393806,0.3094281065499324,0.11282890861760766,0.07106017437236972,0.06722803377143245,0.07103972446795985,0.07750396302309996,0.08265867266287634,0.07799039609667066,0.0631532726790957,0.050999680266313616,0.04784640089235097,0.05417838500104536
75,0.25741528957195314,0.3392012103208959,0.4424194779902241,0.5611596433324723,0.6790238472373337,0.7736410226785223,0.8301811732148111,0.8506814658677253,0.8492261631354793,0.8414484764769251,0.8388594656701387,0.8485429430437375,0.8747231692879359,0.9200429266399193,0.9858470310892448,1.0711674468798582,1.1701045741548992,1.2679526509709507,1.3390440284404455,1.3529712177062065,1.2921552883273173,1.1668809059636491,1.0088084570184106,0.8499953821574997,0.7096603660076126,0.5942931217598473,0.5030528011198759,0.4322963623120359,0.37797268173743903,0.3365543530295854,0.3052612971037405,0.28201294397492516,0.26530744805337253,0.25410352951883347,0.24772870586848056,0.2458179145803939,0.24828138574648256,0.2553006051794061,0.26735388273421185,0.28527650261075094,0.3103653513918236,0.3445431303229776,0.390600625325547,0.4525277857727596,0.5358952101246993,0.6480685450281705,0.7975081916215572,0.9901448914540568,1.2190590641874168,1.44620567997011,1.5947261984388132,1.5929743745177303,1.4467362474034906,1.2310684952929418,1.0168922331886676,0.8370193734084671,0.6969047703463259,0.591165957601251,0.512343382813532,0.453938599744678,0.41101635978734,0.3800388291328387,0.3585530074697995,0.34491680843362454,0.33810027804536175,0.33755653769386756,0.3431495284313476,0.35512894588005217,0.37414769710798995,0.4013232031783881,0.43834882648060836,0.48766705544128924,0.5527194483304158,0.6382854008647518,0.7509008391181584,0.8992786866059445,1.0944764491852244,1.3491749735877696,1.6748009878255425,2.0747472536173426,2.5333434132748764,3.006363246136252,3.4272251441618056,3.7368758581346877,3.916359120381523,3.9893085708582303,3.9947809518055637,3.957462546425467,3.8711697807781347,3.6977238023489254,3.3872454868998125,2.9237163953943237,2.3620299283532558,1.8026812881716252,1.3258322161937184,0.9596186696466351,0.6945757981327167,0.5078505307971171,0.3771548743895092,0.2851992565858107,0.219760449476629,0.17252374888233624,0.13790323444871497,0.11214271767899932,0.09269631479161493,0.0778186465291108,0.066297496725702,0.05727956612842152,0.05015625437336685,0.04448808290562714,0.03995411311614385,0.03631772262817972,0.03340317134549328,0.031079414601114273,0.029248833804830742,0.027839377214253596,0.026799120407370067,0.02609259337536124,0.025698465859140537,0.025608363919222745,0.02582670542565892,0.026371607232606478,0.02727703870925131,0.028596614246741606,0.030409728389074846,0.03283124994711038,0.0360269511973533,0.04023866098401852,0.04582691703427281,0.05334732610941622,0.0636976001195624,0.07842911923857838,0.10049565879531618,0.13638083214437932,0.2037293556636533,0.3703327000235865,1.1143497350257796,4.378056869795542,0.17343282057179368,0.0623891108444505,0.07901749069392626,0.01752030385495917,1.3670224625683525,1.5847164170459664,1.578577698054337,1.0975011195433224,0.7270308538591718,0.8952511714355947,1.7487266888041664,1.34798805570386,0.8960892621157484,1.134773181850305,1.628749043517831,1.5763347218848196,1.2294117467714243,0.8542922899218087,0.5315943678236162,0.34113516154696816,0.2830979825260094,0.2955660588605762,0.3689150329359322,0.48785935005854436,0.5283026676619355,0.41089560344340686,0.29211899016526804,0.23969995449770437,0.23516671169520545
76,0.14031480951394903,0.18138722342916566,0.2372950162785431,0.3123133193364206,0.409349409150277,0.5261800624089076,0.6507439419523079,0.7610722565234186,0.8357992046611322,0.868309575742525,0.8687958518007293,0.854146223606297,0.8387345016686701,0.8318027447967771,0.8386817948492222,0.8626349311659592,0.9060812377327996,0.9709745031469291,1.0582059869669813,1.1656555336879846,1.284500422626698,1.3946891350782036,1.4643347141510763,1.4609769509836106,1.3733534225525013,1.2223618876674618,1.0460906959351008,0.8766717102249123,0.7306470619172493,0.6120912204883365,0.5187583315825328,0.4463455789102178,0.39052876106134904,0.34767338124792263,0.3149521628538778,0.29025226578274493,0.27203639065409474,0.2592167626290162,0.2510581253725798,0.24711049646717384,0.2471684686611353,0.2512541659456299,0.259623037890432,0.27279416721570565,0.29161017927867733,0.31733579903252507,0.35180862623684245,0.3976589850038127,0.4586109723808934,0.5398415785145956,0.6482457330996022,0.7920686027310017,0.9784091222897257,1.2054784720814498,1.446795407189763,1.6368214560463827,1.6938058569275276,1.59066838933004,1.383937993757446,1.1537636725775915,0.948931844497636,0.7843508316619902,0.6578941317747647,0.5623842532609115,0.49062712906308775,0.43683415170045026,0.3967101446746715,0.36718117775953585,0.3460944678656567,0.3319785619532535,0.3238726279455824,0.32121379653888277,0.3237698448661511,0.3316080304659024,0.34509518576154724,0.3649284633895696,0.39219987962091624,0.42850257027924854,0.4760910139450115,0.5381125797903592,0.6189301451344396,0.7245492576255552,0.863130340320744,1.0454655313845054,1.2850465803251774,1.5968219059347517,1.9929254514830712,2.473282794797003,3.0116688610188356,3.5467892798456977,3.996813092577886,4.300837019187501,4.453112151450347,4.495440935381824,4.481138148595581,4.444182200699951,4.384551200758011,4.264847974245046,4.021134958999655,3.601578441838779,3.0225710972008746,2.380289428745025,1.787280326780982,1.3074499495203602,0.9494500354203106,0.6932632525938854,0.5127764046686096,0.3856279638294614,0.29529072247287896,0.23028249533958345,0.18281573443596616,0.1476361064495734,0.12118221412373305,0.10101680303726894,0.08545172975034863,0.07330242730675729,0.06372678661332265,0.056118646770424385,0.05003665669905612,0.04515625436645654,0.0412368843638177,0.03809940871530143,0.03561043360744793,0.03367140191819465,0.03221107639441205,0.031180511126036925,0.030549980854276192,0.030307624988678755,0.030459898430038462,0.0310343926989808,0.03208660827826433,0.03371475092592671,0.03609381015056555,0.03956418074399026,0.04490707010890825,0.05445115553987326,0.07881032977953623,0.2254915020040709,0.41885107321549314,0.07814515320483316,0.09382271795435262,0.03591172127113109,0.8399769859751345,0.8626099798891272,0.7538591791520329,0.46261856517247074,0.2822526480169372,0.5002474278996393,1.8773252354748071,1.2310756308128823,0.47283162844061133,0.42433213771575373,0.43054565093349934,0.33090957456821957,0.21484979756626807,0.1434850203388705,0.12016953300558836,0.11649922319868745,0.11610950803424354,0.13111424481501852,0.18619536294110717,0.34294646377140886,0.682401269979732,1.0378445019939406,1.1999840334515164,1.3219118015601385,1.5534635453956853
77,0.07810736337866529,0.09676761959375081,0.1217583444439168,0.1555337252162403,0.20140405784940116,0.2634940376108666,0.34604905701207794,0.45127444081248,0.5750744024153829,0.7024930846750417,0.8093733067313796,0.8750542360491278,0.89603370312291,0.8852580218713695,0.8605815828168394,0.8360890648450111,0.8203220140559729,0.8179140114657724,0.8315668444155718,0.8633829124244023,0.9155241388137104,0.9902698536792124,1.0893222883133837,1.2118769524142823,1.350822021493225,1.4873906160131851,1.588324405932392,1.614582127823539,1.5448345934200878,1.3939896843239823,1.2028877627286207,1.0112130629110898,0.8419978209297071,0.7027061816056579,0.5921203146058842,0.5057915245586713,0.4388411034593274,0.38702625020220566,0.3469837828110296,0.3161629234932595,0.2926749970544307,0.27514597132492524,0.26259716402928585,0.254357263924729,0.2500018559366969,0.24931581531839417,0.25227521358105304,0.25904714981477855,0.27000796780928843,0.2857828961844211,0.30731267493144104,0.3359565406353568,0.3736443678061776,0.42309304141346066,0.4880953809550902,0.573852924120937,0.6871976809720161,0.8361849073291651,1.0276739058637057,1.2600908264066046,1.508794567277438,1.7118674136928194,1.787748450399363,1.7003416611936126,1.4964303064473925,1.256534760280391,1.0359382790795995,0.8549074100790763,0.7137765667957913,0.6059611805864175,0.5240627297947096,0.4618538541786029,0.41458952274451716,0.37880080044162806,0.35199993054918877,0.3324255543293931,0.31885200219382354,0.31045569910897713,0.30672605081805665,0.30741024021581353,0.3124843128892655,0.32214640545475215,0.3368308499279256,0.3572444643451554,0.384429452702364,0.4198606419781364,0.4655890722393638,0.5244491608299376,0.6003521738990851,0.6986911401715369,0.8268733823994859,0.9949515095986103,1.2161863787840692,1.5070320009611966,1.8853177707111421,2.3643358643027175,2.9402291400706426,3.5742740190039926,4.184312169373352,4.669212548947554,4.964465245286951,5.078869225511003,5.075589717376939,5.025959795662724,4.977488929738827,4.9423923227906315,4.894082724998894,4.767210817235173,4.475508474493526,3.9664348068237634,3.2839464813696084,2.5565509505099735,1.9078709085523236,1.3949899031881636,1.0168149602481102,0.747112373951136,0.5567471492574034,0.42198949595090196,0.3256428740005852,0.2558376647788932,0.20452316849296254,0.1662486875473022,0.13730042900477013,0.11512145959149918,0.09792937635678303,0.0844653354756315,0.07382847103227831,0.06536569835978263,0.05859742702546452,0.05316670810968351,0.04880373050790115,0.04530047736815461,0.04249259365640173,0.04024897912372611,0.038481704090949455,0.03725402494666628,0.0375493340690547,0.04900500174809001,0.1433087591969919,0.08717042675546792,0.14230023948982204,0.06591888782569442,0.3624927323558309,0.4418821187981041,0.3723298901903097,0.280957020349247,0.20418014386535113,0.2918855583173654,0.8236829859004132,1.2161794492792188,0.3702822062131341,0.2589638445163833,0.19357645030578155,0.12281587933345159,0.07178994654869189,0.042016297128386046,0.026966534433971196,0.020051330153969097,0.017068181984607602,0.017020819348888317,0.02090599110357841,0.03208113523128518,0.05623626343384176,0.09798954752841774,0.16284779460974239,0.2729357587890594,0.4925557045256584
78,0.04575544508627659,0.05426256212827267,0.06520695360948654,0.07944638399249242,0.09818704521821967,0.12312559036502374,0.15662550372640502,0.20188589293000583,0.26295527860260814,0.3442073631046287,0.44852936807002125,0.5734212909117855,0.7059718159499744,0.8223036122277886,0.8982228278463152,0.9250096489948155,0.9130395721410455,0.8810441452462104,0.8451979598686622,0.8155921000616314,0.7974664524369134,0.7934052844444894,0.8049811178507257,0.8337190848224917,0.8815901231885026,0.9511663890759832,1.0453818455197337,1.1665700379203183,1.314108663605371,1.47986367928369,1.641861049502369,1.761211438104076,1.7930728136912393,1.7145007719115737,1.5446260112054804,1.3307959594205603,1.1174156531647512,0.9295491000931246,0.7749847122621544,0.6521194111804681,0.5559412076515291,0.4810381591633615,0.4227230184835965,0.37727894132919004,0.3418769404904988,0.3144074249535412,0.29331625221793795,0.27747156175884025,0.2660638180316264,0.2585345786222712,0.254528090544825,0.25386124428102597,0.25650870508781043,0.2626018429428223,0.27244146366425964,0.28652626599450975,0.3056008055778976,0.3307292612552114,0.36340410562689923,0.4057017893664308,0.4604974826368206,0.5317410046320795,0.6247527714764473,0.7463637555745507,0.9043617706029555,1.104897471913751,1.3453011885879795,1.6003259402146053,1.8094808322607607,1.8934206290808102,1.8135835836746488,1.6104266166101584,1.362434842396043,1.1282391811788584,0.9321968860415385,0.7770544120764292,0.6571007496412038,0.5649900766588243,0.4942267713087125,0.4397189115553677,0.39766600680558023,0.36529013348322803,0.3405800325016015,0.32208981192315606,0.3087921272630842,0.29997529397192974,0.2951735294869915,0.2941219300229994,0.29673043914577063,0.3030733295324715,0.3133927335893939,0.3281163210494031,0.34789119893188397,0.37363805153596563,0.4066321447482559,0.4486214569778594,0.5019970111519906,0.5700368924071669,0.6572526182625611,0.7698722628841677,0.916489015980696,1.1088605654541228,1.3626994817412232,1.6979035821448243,2.136801597122891,2.697512606938805,3.3785364662775206,4.134982279943873,4.863486898456198,5.430315693179465,5.747079047245123,5.825549429768875,5.753463414278506,5.630773797377329,5.528782148468114,5.481045003685854,5.485004333014776,5.499015395046353,5.435819167222652,5.175578624657797,4.632723220009522,3.848747038959215,2.9881114408088867,2.215632092163942,1.607582332923109,1.1629071393197241,0.8484354298977435,0.6280384968389697,0.4728202746310086,0.3621386991257458,0.28188317155786036,0.22251587975871953,0.17753365739703808,0.1423808145104799,0.1136971149475646,0.08882355554196332,0.06589038131257119,0.04816903835781649,0.07587384537808467,0.13138638700291744,0.13474194425260097,0.41028638815082685,0.40895871305868836,0.3509907277031309,0.36088089591357736,0.34732011808157714,0.3610201168260796,0.3674619954969422,0.599234572400738,1.0276620471281461,0.4481976236181491,0.27706218606543553,0.17825989354624305,0.10789651064179619,0.0641192135427587,0.03438698138715453,0.01640107227654649,0.008683412434321929,0.005697101384259742,0.004768194863527566,0.005253003387573327,0.0074994888835919074,0.012478033730967009,0.021680797050128642,0.03804787133710159,0.06849783195299022,0.1304278701415455
79,0.028376334782701677,0.03238856912295152,0.0373493821786934,0.0435348868119174,0.051319640499069286,0.061216818222122,0.07393601048821381,0.0904657528545648,0.11218870380578387,0.14103402201412898,0.17965457866158546,0.23156373783291787,0.30103099783551635,0.3922589036820848,0.5070109286472467,0.6401027800388968,0.7747180696554875,0.884329525603159,0.9462972637781603,0.9567226040336442,0.9299503027791987,0.8858654154119507,0.8399839129834863,0.8012774755659418,0.773977032968338,0.7598271200922034,0.7596411744403131,0.7741856933860569,0.8046576049021523,0.8529506419342088,0.9217914185014952,1.0147025367108837,1.1355747705066073,1.2873410212549752,1.4688513322930583,1.6690088709565383,1.8591983486246584,1.9913143949925103,2.0145392239596434,1.9096138016892301,1.7066558772492106,1.4622887637738413,1.2243558314102345,1.0176142562335024,0.8485202823828413,0.7142745016286661,0.609006035214553,0.5267098714506081,0.462280659050859,0.4116960135240346,0.37189555436338745,0.34058838611310005,0.31607314814121784,0.29709340219761243,0.28272881984428555,0.2723163685812144,0.26539475640096516,0.2616669544957957,0.26097657018294645,0.2632959197477124,0.26872421397005336,0.27749599165171324,0.29000075524678914,0.3068161712674009,0.3287589238137811,0.3569591173503447,0.39296648112221216,0.4388985119513435,0.49763954968135704,0.5730885037458628,0.6704116221208809,0.7961361790460927,0.9576147873686381,1.1607331858312404,1.403774708386728,1.6656456136551365,1.8935588251791606,2.0117392306504933,1.9696759059424476,1.788101559191673,1.5385230249265223,1.2868753952763439,1.067416804222248,0.8891023820329587,0.7487782456929211,0.6396327307668095,0.5548697413529107,0.4888540939223325,0.4372385125195734,0.3967708857655535,0.36504902248075044,0.3403073028471582,0.321252286311284,0.3069422720211189,0.2967017339446454,0.2900616777283328,0.28671938906464595,0.28651280935375756,0.2894064710336919,0.2954873561629944,0.30497004810888156,0.31821177784714805,0.3357389570229596,0.35828840525478595,0.38686820028688784,0.42284602133910787,0.468076602611152,0.5250859057542031,0.5973378771499306,0.6896208889467276,0.808604726558553,0.9636287490790982,1.1677678347960367,1.4391242328286544,1.8019525760668698,2.286284527068629,2.9226282278195588,3.725197432249305,4.657709823153575,5.594985644953127,6.336359153388859,6.71808186643912,6.733704825567528,6.517037883272638,6.229482934602496,5.98592424634327,5.84682672330756,5.834388105166562,5.940869247490256,6.1158672015360205,6.229708660070307,6.046294720785267,5.323570213179769,4.086717648434407,2.695838431998873,1.5054239270243188,0.6575851079249128,0.19473205520435155,0.0998368826417568,0.2749495866891823,0.4327660410003065,1.9733004846993027,1.0618266111962633,0.5532280176379233,0.6454186607661255,0.7019515250180082,1.6378825535055626,1.4988054741593981,1.3226834699916388,1.240907020653349,0.7392335014960407,0.4591738348213743,0.2866325048716757,0.18854298015849888,0.13408553856218455,0.06741562901124504,0.019162480023328345,0.005383822273853904,0.002060678134973147,0.0012736369053316695,0.0014195591135947442,0.0025425988210251394,0.005561997873478091,0.012413512733253885,0.026641636345617906,0.05441707982407418,0.10614686389796213
