% Model,spaceplate_double_3d - Copy.mph
% Version,COMSOL 6.2.0.415
% Date,"Aug 1 2025, 12:24"
% Table,Table 3 - Surface Average 2
% theta0 (deg),"freq=10000 Hz, abs(acpr2.p_t)^2 (kg^2/(m^2*s^4))","freq=10175 Hz, abs(acpr2.p_t)^2 (kg^2/(m^2*s^4))","freq=10350 Hz, abs(acpr2.p_t)^2 (kg^2/(m^2*s^4))","freq=10525 Hz, abs(acpr2.p_t)^2 (kg^2/(m^2*s^4))","freq=10700 Hz, abs(acpr2.p_t)^2 (kg^2/(m^2*s^4))","freq=10875 Hz, abs(acpr2.p_t)^2 (kg^2/(m^2*s^4))","freq=11050 Hz, abs(acpr2.p_t)^2 (kg^2/(m^2*s^4))","freq=11225 Hz, abs(acpr2.p_t)^2 (kg^2/(m^2*s^4))","freq=11400 Hz, abs(acpr2.p_t)^2 (kg^2/(m^2*s^4))","freq=11575 Hz, abs(acpr2.p_t)^2 (kg^2/(m^2*s^4))","freq=11750 Hz, abs(acpr2.p_t)^2 (kg^2/(m^2*s^4))","freq=11925 Hz, abs(acpr2.p_t)^2 (kg^2/(m^2*s^4))","freq=12100 Hz, abs(acpr2.p_t)^2 (kg^2/(m^2*s^4))","freq=12275 Hz, abs(acpr2.p_t)^2 (kg^2/(m^2*s^4))","freq=12450 Hz, abs(acpr2.p_t)^2 (kg^2/(m^2*s^4))","freq=12625 Hz, abs(acpr2.p_t)^2 (kg^2/(m^2*s^4))","freq=12800 Hz, abs(acpr2.p_t)^2 (kg^2/(m^2*s^4))","freq=12975 Hz, abs(acpr2.p_t)^2 (kg^2/(m^2*s^4))","freq=13150 Hz, abs(acpr2.p_t)^2 (kg^2/(m^2*s^4))","freq=13325 Hz, abs(acpr2.p_t)^2 (kg^2/(m^2*s^4))","freq=13500 Hz, abs(acpr2.p_t)^2 (kg^2/(m^2*s^4))","freq=13675 Hz, abs(acpr2.p_t)^2 (kg^2/(m^2*s^4))","freq=13850 Hz, abs(acpr2.p_t)^2 (kg^2/(m^2*s^4))","freq=14025 Hz, abs(acpr2.p_t)^2 (kg^2/(m^2*s^4))","freq=14200 Hz, abs(acpr2.p_t)^2 (kg^2/(m^2*s^4))","freq=14375 Hz, abs(acpr2.p_t)^2 (kg^2/(m^2*s^4))","freq=14550 Hz, abs(acpr2.p_t)^2 (kg^2/(m^2*s^4))","freq=14725 Hz, abs(acpr2.p_t)^2 (kg^2/(m^2*s^4))","freq=14900 Hz, abs(acpr2.p_t)^2 (kg^2/(m^2*s^4))","freq=15075 Hz, abs(acpr2.p_t)^2 (kg^2/(m^2*s^4))","freq=15250 Hz, abs(acpr2.p_t)^2 (kg^2/(m^2*s^4))","freq=15425 Hz, abs(acpr2.p_t)^2 (kg^2/(m^2*s^4))","freq=15600 Hz, abs(acpr2.p_t)^2 (kg^2/(m^2*s^4))","freq=15775 Hz, abs(acpr2.p_t)^2 (kg^2/(m^2*s^4))","freq=15950 Hz, abs(acpr2.p_t)^2 (kg^2/(m^2*s^4))","freq=16125 Hz, abs(acpr2.p_t)^2 (kg^2/(m^2*s^4))","freq=16300 Hz, abs(acpr2.p_t)^2 (kg^2/(m^2*s^4))","freq=16475 Hz, abs(acpr2.p_t)^2 (kg^2/(m^2*s^4))","freq=16650 Hz, abs(acpr2.p_t)^2 (kg^2/(m^2*s^4))","freq=16825 Hz, abs(acpr2.p_t)^2 (kg^2/(m^2*s^4))","freq=17000 Hz, abs(acpr2.p_t)^2 (kg^2/(m^2*s^4))","freq=17175 Hz, abs(acpr2.p_t)^2 (kg^2/(m^2*s^4))","freq=17350 Hz, abs(acpr2.p_t)^2 (kg^2/(m^2*s^4))","freq=17525 Hz, abs(acpr2.p_t)^2 (kg^2/(m^2*s^4))","freq=17700 Hz, abs(acpr2.p_t)^2 (kg^2/(m^2*s^4))","freq=17875 Hz, abs(acpr2.p_t)^2 (kg^2/(m^2*s^4))","freq=18050 Hz, abs(acpr2.p_t)^2 (kg^2/(m^2*s^4))","freq=18225 Hz, abs(acpr2.p_t)^2 (kg^2/(m^2*s^4))","freq=18400 Hz, abs(acpr2.p_t)^2 (kg^2/(m^2*s^4))","freq=18575 Hz, abs(acpr2.p_t)^2 (kg^2/(m^2*s^4))","freq=18750 Hz, abs(acpr2.p_t)^2 (kg^2/(m^2*s^4))","freq=18925 Hz, abs(acpr2.p_t)^2 (kg^2/(m^2*s^4))","freq=19100 Hz, abs(acpr2.p_t)^2 (kg^2/(m^2*s^4))","freq=19275 Hz, abs(acpr2.p_t)^2 (kg^2/(m^2*s^4))","freq=19450 Hz, abs(acpr2.p_t)^2 (kg^2/(m^2*s^4))","freq=19625 Hz, abs(acpr2.p_t)^2 (kg^2/(m^2*s^4))","freq=19800 Hz, abs(acpr2.p_t)^2 (kg^2/(m^2*s^4))","freq=19975 Hz, abs(acpr2.p_t)^2 (kg^2/(m^2*s^4))","freq=20150 Hz, abs(acpr2.p_t)^2 (kg^2/(m^2*s^4))","freq=20325 Hz, abs(acpr2.p_t)^2 (kg^2/(m^2*s^4))","freq=20500 Hz, abs(acpr2.p_t)^2 (kg^2/(m^2*s^4))","freq=20675 Hz, abs(acpr2.p_t)^2 (kg^2/(m^2*s^4))","freq=20850 Hz, abs(acpr2.p_t)^2 (kg^2/(m^2*s^4))","freq=21025 Hz, abs(acpr2.p_t)^2 (kg^2/(m^2*s^4))","freq=21200 Hz, abs(acpr2.p_t)^2 (kg^2/(m^2*s^4))","freq=21375 Hz, abs(acpr2.p_t)^2 (kg^2/(m^2*s^4))","freq=21550 Hz, abs(acpr2.p_t)^2 (kg^2/(m^2*s^4))","freq=21725 Hz, abs(acpr2.p_t)^2 (kg^2/(m^2*s^4))","freq=21900 Hz, abs(acpr2.p_t)^2 (kg^2/(m^2*s^4))","freq=22075 Hz, abs(acpr2.p_t)^2 (kg^2/(m^2*s^4))","freq=22250 Hz, abs(acpr2.p_t)^2 (kg^2/(m^2*s^4))","freq=22425 Hz, abs(acpr2.p_t)^2 (kg^2/(m^2*s^4))","freq=22600 Hz, abs(acpr2.p_t)^2 (kg^2/(m^2*s^4))","freq=22775 Hz, abs(acpr2.p_t)^2 (kg^2/(m^2*s^4))","freq=22950 Hz, abs(acpr2.p_t)^2 (kg^2/(m^2*s^4))","freq=23125 Hz, abs(acpr2.p_t)^2 (kg^2/(m^2*s^4))","freq=23300 Hz, abs(acpr2.p_t)^2 (kg^2/(m^2*s^4))","freq=23475 Hz, abs(acpr2.p_t)^2 (kg^2/(m^2*s^4))","freq=23650 Hz, abs(acpr2.p_t)^2 (kg^2/(m^2*s^4))","freq=23825 Hz, abs(acpr2.p_t)^2 (kg^2/(m^2*s^4))","freq=24000 Hz, abs(acpr2.p_t)^2 (kg^2/(m^2*s^4))","freq=24175 Hz, abs(acpr2.p_t)^2 (kg^2/(m^2*s^4))","freq=24350 Hz, abs(acpr2.p_t)^2 (kg^2/(m^2*s^4))","freq=24525 Hz, abs(acpr2.p_t)^2 (kg^2/(m^2*s^4))","freq=24700 Hz, abs(acpr2.p_t)^2 (kg^2/(m^2*s^4))","freq=24875 Hz, abs(acpr2.p_t)^2 (kg^2/(m^2*s^4))","freq=25050 Hz, abs(acpr2.p_t)^2 (kg^2/(m^2*s^4))","freq=25225 Hz, abs(acpr2.p_t)^2 (kg^2/(m^2*s^4))","freq=25400 Hz, abs(acpr2.p_t)^2 (kg^2/(m^2*s^4))","freq=25575 Hz, abs(acpr2.p_t)^2 (kg^2/(m^2*s^4))","freq=25750 Hz, abs(acpr2.p_t)^2 (kg^2/(m^2*s^4))","freq=25925 Hz, abs(acpr2.p_t)^2 (kg^2/(m^2*s^4))","freq=26100 Hz, abs(acpr2.p_t)^2 (kg^2/(m^2*s^4))","freq=26275 Hz, abs(acpr2.p_t)^2 (kg^2/(m^2*s^4))","freq=26450 Hz, abs(acpr2.p_t)^2 (kg^2/(m^2*s^4))","freq=26625 Hz, abs(acpr2.p_t)^2 (kg^2/(m^2*s^4))","freq=26800 Hz, abs(acpr2.p_t)^2 (kg^2/(m^2*s^4))","freq=26975 Hz, abs(acpr2.p_t)^2 (kg^2/(m^2*s^4))","freq=27150 Hz, abs(acpr2.p_t)^2 (kg^2/(m^2*s^4))","freq=27325 Hz, abs(acpr2.p_t)^2 (kg^2/(m^2*s^4))","freq=27500 Hz, abs(acpr2.p_t)^2 (kg^2/(m^2*s^4))","freq=27675 Hz, abs(acpr2.p_t)^2 (kg^2/(m^2*s^4))","freq=27850 Hz, abs(acpr2.p_t)^2 (kg^2/(m^2*s^4))","freq=28025 Hz, abs(acpr2.p_t)^2 (kg^2/(m^2*s^4))","freq=28200 Hz, abs(acpr2.p_t)^2 (kg^2/(m^2*s^4))","freq=28375 Hz, abs(acpr2.p_t)^2 (kg^2/(m^2*s^4))","freq=28550 Hz, abs(acpr2.p_t)^2 (kg^2/(m^2*s^4))","freq=28725 Hz, abs(acpr2.p_t)^2 (kg^2/(m^2*s^4))","freq=28900 Hz, abs(acpr2.p_t)^2 (kg^2/(m^2*s^4))","freq=29075 Hz, abs(acpr2.p_t)^2 (kg^2/(m^2*s^4))","freq=29250 Hz, abs(acpr2.p_t)^2 (kg^2/(m^2*s^4))","freq=29425 Hz, abs(acpr2.p_t)^2 (kg^2/(m^2*s^4))","freq=29600 Hz, abs(acpr2.p_t)^2 (kg^2/(m^2*s^4))","freq=29775 Hz, abs(acpr2.p_t)^2 (kg^2/(m^2*s^4))","freq=29950 Hz, abs(acpr2.p_t)^2 (kg^2/(m^2*s^4))","freq=30125 Hz, abs(acpr2.p_t)^2 (kg^2/(m^2*s^4))","freq=30300 Hz, abs(acpr2.p_t)^2 (kg^2/(m^2*s^4))","freq=30475 Hz, abs(acpr2.p_t)^2 (kg^2/(m^2*s^4))","freq=30650 Hz, abs(acpr2.p_t)^2 (kg^2/(m^2*s^4))","freq=30825 Hz, abs(acpr2.p_t)^2 (kg^2/(m^2*s^4))","freq=31000 Hz, abs(acpr2.p_t)^2 (kg^2/(m^2*s^4))","freq=31175 Hz, abs(acpr2.p_t)^2 (kg^2/(m^2*s^4))","freq=31350 Hz, abs(acpr2.p_t)^2 (kg^2/(m^2*s^4))","freq=31525 Hz, abs(acpr2.p_t)^2 (kg^2/(m^2*s^4))","freq=31700 Hz, abs(acpr2.p_t)^2 (kg^2/(m^2*s^4))","freq=31875 Hz, abs(acpr2.p_t)^2 (kg^2/(m^2*s^4))","freq=32050 Hz, abs(acpr2.p_t)^2 (kg^2/(m^2*s^4))","freq=32225 Hz, abs(acpr2.p_t)^2 (kg^2/(m^2*s^4))","freq=32400 Hz, abs(acpr2.p_t)^2 (kg^2/(m^2*s^4))","freq=32575 Hz, abs(acpr2.p_t)^2 (kg^2/(m^2*s^4))","freq=32750 Hz, abs(acpr2.p_t)^2 (kg^2/(m^2*s^4))","freq=32925 Hz, abs(acpr2.p_t)^2 (kg^2/(m^2*s^4))","freq=33100 Hz, abs(acpr2.p_t)^2 (kg^2/(m^2*s^4))","freq=33275 Hz, abs(acpr2.p_t)^2 (kg^2/(m^2*s^4))","freq=33450 Hz, abs(acpr2.p_t)^2 (kg^2/(m^2*s^4))","freq=33625 Hz, abs(acpr2.p_t)^2 (kg^2/(m^2*s^4))","freq=33800 Hz, abs(acpr2.p_t)^2 (kg^2/(m^2*s^4))","freq=33975 Hz, abs(acpr2.p_t)^2 (kg^2/(m^2*s^4))","freq=34150 Hz, abs(acpr2.p_t)^2 (kg^2/(m^2*s^4))","freq=34325 Hz, abs(acpr2.p_t)^2 (kg^2/(m^2*s^4))","freq=34500 Hz, abs(acpr2.p_t)^2 (kg^2/(m^2*s^4))","freq=34675 Hz, abs(acpr2.p_t)^2 (kg^2/(m^2*s^4))","freq=34850 Hz, abs(acpr2.p_t)^2 (kg^2/(m^2*s^4))","freq=35025 Hz, abs(acpr2.p_t)^2 (kg^2/(m^2*s^4))","freq=35200 Hz, abs(acpr2.p_t)^2 (kg^2/(m^2*s^4))","freq=35375 Hz, abs(acpr2.p_t)^2 (kg^2/(m^2*s^4))","freq=35550 Hz, abs(acpr2.p_t)^2 (kg^2/(m^2*s^4))","freq=35725 Hz, abs(acpr2.p_t)^2 (kg^2/(m^2*s^4))","freq=35900 Hz, abs(acpr2.p_t)^2 (kg^2/(m^2*s^4))","freq=36075 Hz, abs(acpr2.p_t)^2 (kg^2/(m^2*s^4))","freq=36250 Hz, abs(acpr2.p_t)^2 (kg^2/(m^2*s^4))","freq=36425 Hz, abs(acpr2.p_t)^2 (kg^2/(m^2*s^4))","freq=36600 Hz, abs(acpr2.p_t)^2 (kg^2/(m^2*s^4))","freq=36775 Hz, abs(acpr2.p_t)^2 (kg^2/(m^2*s^4))","freq=36950 Hz, abs(acpr2.p_t)^2 (kg^2/(m^2*s^4))","freq=37125 Hz, abs(acpr2.p_t)^2 (kg^2/(m^2*s^4))","freq=37300 Hz, abs(acpr2.p_t)^2 (kg^2/(m^2*s^4))","freq=37475 Hz, abs(acpr2.p_t)^2 (kg^2/(m^2*s^4))","freq=37650 Hz, abs(acpr2.p_t)^2 (kg^2/(m^2*s^4))","freq=37825 Hz, abs(acpr2.p_t)^2 (kg^2/(m^2*s^4))","freq=38000 Hz, abs(acpr2.p_t)^2 (kg^2/(m^2*s^4))","freq=38175 Hz, abs(acpr2.p_t)^2 (kg^2/(m^2*s^4))","freq=38350 Hz, abs(acpr2.p_t)^2 (kg^2/(m^2*s^4))","freq=38525 Hz, abs(acpr2.p_t)^2 (kg^2/(m^2*s^4))","freq=38700 Hz, abs(acpr2.p_t)^2 (kg^2/(m^2*s^4))","freq=38875 Hz, abs(acpr2.p_t)^2 (kg^2/(m^2*s^4))","freq=39050 Hz, abs(acpr2.p_t)^2 (kg^2/(m^2*s^4))","freq=39225 Hz, abs(acpr2.p_t)^2 (kg^2/(m^2*s^4))","freq=39400 Hz, abs(acpr2.p_t)^2 (kg^2/(m^2*s^4))","freq=39575 Hz, abs(acpr2.p_t)^2 (kg^2/(m^2*s^4))","freq=39750 Hz, abs(acpr2.p_t)^2 (kg^2/(m^2*s^4))","freq=39925 Hz, abs(acpr2.p_t)^2 (kg^2/(m^2*s^4))"
0,0.5553413113004728,0.5720050494354321,0.32751502999581406,0.16889646055601715,0.09488336483422942,0.058560083969259775,0.038946862730721246,0.027431775490013098,0.020203616817535304,0.015419705796487474,0.012116700663582149,0.009756849340315694,0.008023094125631016,0.006719698893708707,0.005721003850963566,0.00494357701978443,0.004330385621947835,0.0038414446775062888,0.003448103742393167,0.0031294524782619726,0.0028700001968442854,0.002658143364668893,0.002485132889812831,0.002344365627201759,0.0022308906222945953,0.00214106064087069,0.0020722846672911535,0.002022853511213379,0.0019918219663522868,0.001978939186857295,0.001984625450217242,0.0020099993910893395,0.0020569663585418936,0.0021283874415799816,0.002228362490634361,0.0023626834809618528,0.0025395547934327937,0.0027707500558324517,0.0030735134399701458,0.0034737873106854777,0.004011920758343666,0.004753285978441056,0.005809267986247338,0.007382002378586929,0.009869110606496496,0.014140129687396722,0.02239032400201225,0.04138857802729162,0.09807310852504285,0.27172489614092954,0.1843486502374759,0.06206623783066668,0.027567544167678475,0.015086191710280744,0.009402022260822736,0.006387312679290054,0.00461243806878678,0.0034858975655787557,0.002729399470556445,0.0021988011061235715,0.0018136760464186196,0.0015264046519059462,0.0013073860457929259,0.0011374528997032298,0.001003752098147114,8.973989038111924E-4,8.120867649084978E-4,7.432352096369753E-4,6.87452426644335E-4,6.421881019772609E-4,6.055047245586701E-4,5.75924587642779E-4,5.523261935062855E-4,5.338733976450054E-4,5.199664589185314E-4,5.102078930625995E-4,5.043786137027096E-4,5.024218025517335E-4,5.044335323731319E-4,5.106604956484297E-4,5.215063700935206E-4,5.375495435405435E-4,5.595764116266878E-4,5.886367119700449E-4,6.26131089940236E-4,6.739474943736407E-4,7.346742111473507E-4,8.119375533015185E-4,9.109509311280455E-4,0.0010393826504177639,0.0012090657250690372,0.0014387157864748713,0.0017595008168771846,0.002226356172066133,0.0029432737004150213,0.004126366298937805,0.006285011692631422,0.010853192749905028,0.023075275091186873,0.0698672035932638,0.1588478720712278,0.04973687905020106,0.017819461282055048,0.008748704716558904,0.005147182427214566,0.003385324730238676,0.002399598792773818,0.0017947660355062205,0.0013980200986452413,0.0011244406268819712,9.284570878099675E-4,7.838691016212534E-4,6.747457532396489E-4,5.909356781454185E-4,5.257046803919933E-4,4.7442542314281804E-4,4.3381816243705137E-4,4.014946102085933E-4,3.7567597459801797E-4,3.5501518650018495E-4,3.384837587532718E-4,3.2529989345591627E-4,3.148813936058341E-4,3.0680289911550184E-4,3.0083367561738503E-4,2.968322944682197E-4,2.9479377347443387E-4,2.948199641481577E-4,2.9710745296772313E-4,3.019393304593353E-4,3.096821973155464E-4,3.207903838668669E-4,3.358193079490163E-4,3.554504803092311E-4,3.8053234028406806E-4,4.121443755405755E-4,4.516975663315709E-4,5.010933731469677E-4,5.62978836580419E-4,6.411624310597707E-4,7.413064293169564E-4,8.721147020303104E-4,0.0010474562017166935,0.0012903694108937,0.0016411311428075805,0.002174891060649181,0.0030443214726255685,0.004597154394457632,0.0077620996902848976,0.015664625768196192,0.042812223744700804,0.13336731803703517,0.06356369493472368,0.021245653316860125,0.009972936329129302,0.005745600948956211,0.003743112156767725,0.00264244398674135,0.001974027080298684,0.0015385082480337652,0.0012403453164521205,0.0010287534715179632,8.747513973652192E-4,7.607428907235218E-4,6.754723380240557E-4,6.114089587316681E-4,5.633086355524995E-4,5.27382634997998E-4,5.0079862500078E-4,4.8137688619094034E-4,4.674109180929377E-4,4.575729567271607E-4
1,0.5554382361848471,0.5720780218970025,0.32759907585302156,0.16893868020746458,0.09489801152853919,0.05856244614581171,0.038944767346332426,0.02742882896310547,0.020201361918561502,0.015418667900340598,0.01211689722785383,0.009758053838943376,0.008024982194870902,0.006721932980190317,0.0057232823494968235,0.004945660900569723,0.004332109854563456,0.0038427191332063375,0.003448906893578312,0.0031298203723437654,0.002870012590865069,0.002657908489669485,0.002484772046605014,0.0023439986645764988,0.0022306232546566445,0.002140974450699043,0.0020724304478393837,0.002023248314956521,0.001992449863548412,0.0019797553740185975,0.001985563058511917,0.0020109781858988125,0.0020579025070449454,0.0021292036259164234,0.0022289978060166114,0.00236310272972485,0.0025397569435109805,0.002770775794848375,0.003073451993819604,0.0034737831355664086,0.00401218157131956,0.00475409526758735,0.00581100855094303,0.007385204977680554,0.009874560331508997,0.014149114202877169,0.022405269572037156,0.04141486747491818,0.09812389712685392,0.2718085353703385,0.18441433676149654,0.06208546787622689,0.027573223286124725,0.01508805871585459,0.009402821718973631,0.006387933276963204,0.004613166877560814,0.003486794553719625,0.002730432613734334,0.002199903648912296,0.0018147741699290057,0.001527431968583964,0.0013082911495658843,0.0011382026531604396,0.0010043320502800726,8.978117395647498E-4,8.123494610585735E-4,7.433754216825143E-4,6.875045073789539E-4,6.421890552372616E-4,6.054903386998043E-4,5.759259739766032E-4,5.523669600713968E-4,5.339676901237291E-4,5.201180678010896E-4,5.104105403867862E-4,5.04617397241329E-4,5.026756175250582E-4,5.046781520465539E-4,5.108719107125907E-4,5.216639820045794E-4,5.376388754377338E-4,5.595911263230931E-4,5.885799092460864E-4,6.260161633723007E-4,6.737995177470443E-4,7.345344353137298E-4,8.118742563619498E-4,9.110557286582813E-4,0.0010397030145210394,0.0012094841987282585,0.0014392404166912332,0.0017601552591476922,0.00222716676998188,0.0029442677397741837,0.00412758372340953,0.006286538720682872,0.010855274579676381,0.023078824839037546,0.06987666096960214,0.1588457489088852,0.04973375460883384,0.017819245085395407,0.008749096241190819,0.005147737895064633,0.003385913011172996,0.002400165483798101,0.0017952837678166665,0.0013984744687749464,0.0011248251277457039,9.287707608707867E-4,7.841151055899848E-4,6.749302794045771E-4,5.910670395087447E-4,5.257925325512689E-4,4.744801068975248E-4,4.338501537741591E-4,4.01514051454654E-4,3.75692255494282E-4,3.550365506706632E-4,3.3851691720827935E-4,3.2534945341977585E-4,3.1494420265486874E-4,3.068769677224401E-4,3.0093188172028315E-4,2.9694613995949546E-4,2.949170344082075E-4,2.949463723880023E-4,2.9723079449651426E-4,3.0205391877901943E-4,3.0978336716358057E-4,3.20874936078874E-4,3.3588590656737587E-4,3.555000212062382E-4,3.805683012915011E-4,4.121731314401092E-4,4.5172861972010773E-4,5.011394296938343E-4,5.63055658389985E-4,6.41288449780556E-4,7.415021970047114E-4,8.724023985061419E-4,0.0010478596066757124,0.0012909150558552047,0.0016418520574387559,0.0021758365406356695,0.0030455828935027646,0.00459894194931226,0.007765018981077306,0.015670988993296806,0.042834443321195924,0.13339926153130616,0.06353214517615212,0.02123878044444982,0.009971486640499612,0.005745690266110082,0.0037437141484772197,0.002643102184816139,0.001974850698317092,0.001539315109092876,0.0012410616628614503,0.001029351654151441,8.752228714384733E-4,7.610907709752151E-4,6.757076179736821E-4,6.115481700276813E-4,5.633723627385031E-4,5.273945339487064E-4,5.007845891520726E-4,4.813639973654355E-4,4.674258931750783E-4,4.5763999768752334E-4
2,0.5557314865977927,0.572297441481737,0.3278528205219271,0.16906705847965897,0.09494310855786824,0.058570187596344574,0.03893878621767625,0.02742006745862465,0.020194538279187556,0.01541542408584579,0.012117333451087403,0.00976152350891671,0.008030532273834762,0.006728559864167051,0.005730081692892807,0.004951910243268924,0.004337305549302868,0.003846581207587474,0.003451361596120937,0.003130967876525419,0.002870085735282055,0.002657227224781389,0.002483697376190184,0.002342889271282428,0.002229797582052514,0.0021406806213934058,0.002072825870090068,0.00202439007859161,0.001994296074318701,0.0019821765608968394,0.001988361908212765,0.002013915290270481,0.002060725639666182,0.0021316782657034225,0.002230937079098443,0.002364395500960635,0.0025403933580370286,0.0027708701591238087,0.003073263656761644,0.0034737373379113883,0.0040128947241562215,0.004756414061476556,0.0058160825237551,0.007394634997492025,0.00989072191219822,0.014175911659568687,0.022450070743124457,0.04149404574051017,0.09827756422716984,0.2720617431225332,0.184613508660762,0.06214427781577646,0.027590704490434083,0.015093804948153154,0.009405225980992287,0.0063897363724052325,0.004615270025408382,0.003489400809103149,0.002733459261393655,0.002203157192859543,0.0018180351827689109,0.0015304999793151807,0.0013110085255700057,0.0011404655270580689,0.0010060924055709174,8.990733208585344E-4,8.131595576242012E-4,7.43814173170672E-4,6.876730205610966E-4,6.421973032744631E-4,6.054455907613959E-4,5.759224010890834E-4,5.524770584263912E-4,5.342361811467735E-4,5.205588780042733E-4,5.110072565362404E-4,5.053272181334998E-4,5.034363469040002E-4,5.054173229295493E-4,5.115168337380782E-4,5.221514546875764E-4,5.37923482623225E-4,5.596514566511741E-4,5.884225890070661E-4,6.256785526213742E-4,6.733539958130538E-4,7.341021389070462E-4,8.116585928823356E-4,9.113293510498767E-4,0.0010405771965231348,0.001210712180265651,0.0014408009263160535,0.001762116506410022,0.0022296112045169713,0.002947283287015516,0.004131298901907299,0.006291225279520002,0.010861689778545342,0.0230897456401404,0.06990548064498794,0.15884016547252264,0.04972450589985161,0.01781852736676263,0.00875019518932964,0.005149346320927175,0.003387638748788328,0.002401842582378508,0.0017968267763758792,0.0013998369706635066,0.0011259847357652424,9.297221440111023E-4,7.848657179324464E-4,6.754970991582788E-4,5.914738072516927E-4,5.260673711942754E-4,4.746535030239224E-4,4.3395326563578176E-4,4.015772704602502E-4,3.75743931444423E-4,3.5510181947292466E-4,3.386166516044795E-4,3.2549937000598753E-4,3.151471564723967E-4,3.0711358549313946E-4,3.012315926458739E-4,2.9729208322200546E-4,2.9529221184067175E-4,2.953324766203267E-4,2.976092670862526E-4,3.0240755787695235E-4,3.10097890880151E-4,3.211403692931363E-4,3.360978120013477E-4,3.5566064135727E-4,3.806876503256673E-4,4.122699970682295E-4,4.5183133670778126E-4,5.012862148791573E-4,5.63294306373935E-4,6.416753271666724E-4,7.42100763854032E-4,8.732819230677181E-4,0.0010490953436270874,0.0012925921454278234,0.0016440776289978881,0.002178770831031459,0.0030495207670307766,0.004604553292361318,0.007774208451737889,0.015690941895147924,0.04290337982856765,0.13350071431334357,0.06343975720018948,0.02121879038611773,0.009967392471378215,0.005746114436479992,0.003745711644724583,0.002645504017659543,0.001977460571981962,0.001541812799204608,0.0012432782119873155,0.0010312117218736737,8.767014970572788E-4,7.621964354585942E-4,6.764721553663728E-4,6.120200972150272E-4,5.636125180427511E-4,5.274731711734135E-4,5.007789427027855E-4,4.8135525651958795E-4,4.6749470270060234E-4,4.578601507523349E-4
3.0000000000000004,0.5562298645347525,0.5726660091404123,0.32828171960847585,0.16928715695638807,0.09502240730385121,0.05858547781634201,0.038929989771974184,0.02740584614519875,0.02018306418332638,0.015409658581134236,0.012117606941043758,0.00976687175199545,0.0080394370025199,0.006739381607589427,0.005741317291307623,0.004962339550109303,0.004346061824959102,0.0038531665414635393,0.003455622834618813,0.0031330455708307044,0.0028703465873445608,0.0026561886903829443,0.002481951381187288,0.0023410305264856025,0.0022283608325165743,0.0021400902916063028,0.002073360793812987,0.0020261651134940994,0.0019972612503773566,0.001986133010200092,0.0019929923617965323,0.0020188257045241757,0.0020654938168526414,0.0021359053119664084,0.0022342981592042037,0.0023666874062447107,0.0025415776640885365,0.002771112077562381,0.0030729681907361917,0.0034735865271105556,0.00401389371054013,0.004759961685369259,0.005824099227813139,0.007409819752307142,0.009917107054890587,0.014220155736875887,0.022524784199688026,0.04162736518775848,0.0985388570965522,0.2724937688541891,0.18495393489961987,0.06224658700315043,0.027621598859530836,0.015104031191191823,0.009409360005856255,0.0063926190566265355,0.004618548531933195,0.003493497575106152,0.0027382855514805093,0.0022084165015520602,0.0018233711937758654,0.0015355761797070677,0.001315552176218656,0.0011442895130328935,0.0010091016121594426,9.012598239604213E-4,8.145900927344659E-4,7.446128607152818E-4,6.880017865903107E-4,6.422358363705027E-4,6.053721540125098E-4,5.758964971416844E-4,5.526248567869516E-4,5.346396743784391E-4,5.212497653526197E-4,5.119663733989827E-4,5.064898280620637E-4,5.047028290901716E-4,5.066679197358365E-4,5.126284491670662E-4,5.230142487964464E-4,5.384552709388763E-4,5.598086258816838E-4,5.882072967316539E-4,6.251436294450213E-4,6.726105121751796E-4,7.333432926422427E-4,8.112202725373871E-4,9.116820203761796E-4,0.0010419307377371727,0.0012127004533233471,0.0014433699233602855,0.0017653840414919384,0.002233728930154847,0.0029524187580569415,0.004137695179764523,0.006299377920241832,0.0108729310770087,0.023108819121172772,0.06995463793724398,0.15883215909703718,0.049709139682502575,0.01781696124539224,0.008751694530232597,0.005151777692702323,0.003390341274276224,0.00240452582285326,0.0017993348334246113,0.0014020804596356748,0.0011279159119360815,9.313232848657143E-4,7.861419795069488E-4,6.764710132228922E-4,5.921805603831911E-4,5.265506836670476E-4,4.749620990786104E-4,4.341379017517023E-4,4.016882141663723E-4,3.758287422625974E-4,3.552033217435474E-4,3.3877113886487254E-4,3.2573527969021127E-4,3.1547515881088394E-4,3.0749868432591317E-4,3.017214672110804E-4,2.978627752115394E-4,2.9591672369628147E-4,2.9598068988591727E-4,2.982499731921319E-4,3.030112648850484E-4,3.106395463043285E-4,3.216017807859624E-4,3.364697959677416E-4,3.5594501834943187E-4,3.8089917364581206E-4,4.124381764541502E-4,4.52001952176353E-4,5.015221814324647E-4,5.636755414177282E-4,6.422974786368111E-4,7.430731316930188E-4,8.74725658356822E-4,0.0010511440839838578,0.00129539900789983,0.0016478363782333305,0.0021837699362010077,0.0030562842325364565,0.0046142533734635635,0.007790132586903585,0.01572535835315909,0.043021031435015004,0.13367250086119406,0.06328546852165874,0.02118484906338485,0.00996004756990597,0.005746436824413307,0.003748798185213998,0.002649446511434058,0.0019817369138959446,0.0015459469009571271,0.0012469896928200056,0.0010343631022856465,8.792389262808117E-4,7.641233612689948E-4,6.778328146693389E-4,6.128882449750801E-4,5.640838885211753E-4,5.276604509022643E-4,5.008077406792398E-4,4.8135934138781E-4,4.6760896447581063E-4,4.5821053859207276E-4
4,0.556947801403124,0.5731878592497318,0.3288944610093031,0.16960812904728276,0.09514217866678285,0.058611995109607413,0.038920234346947406,0.027386824572921582,0.02016685843915007,0.015400883061435711,0.012117066714986328,0.009773457466448143,0.008051175118671637,0.006754052383234803,0.0057568302752442286,0.0049769568489731785,0.004358514914140123,0.003862693487533088,0.0034619456780766267,0.0031363051920672742,0.002871010961322071,0.0026549484568257633,0.0024796139163813413,0.0023384207163034965,0.002226234170636226,0.0021390621593797513,0.002073854794637479,0.002028382748413098,0.0020011744973458846,0.0019915000939923306,0.0019993951061716905,0.002025724687836854,0.0020722957326974626,0.0021420360897450963,0.002239275850442621,0.0023701904797413654,0.0025435067260052573,0.0027716456395866155,0.003072615757157725,0.003473245425971518,0.004014921292274753,0.004764285204317511,0.005834409614511283,0.0074299516861503975,0.00995285001939682,0.014281140023444718,0.02262935008595821,0.04181668274739479,0.09891539525870507,0.2731198463654,0.18544813482350833,0.062398961799904756,0.02766869201694912,0.015119830382342261,0.009415503245496802,0.006396459695380025,0.0046227009599558435,0.003498733606283541,0.0027445886495938514,0.0022154310070260177,0.0018306226803094265,0.001542592421373067,0.001321933080765227,0.0011497452913039636,0.0010134680030864276,9.044959135746817E-4,8.167635279215123E-4,7.458770123586916E-4,6.885688720343474E-4,6.423490946303583E-4,6.052791547069964E-4,5.758248895602925E-4,5.527615272424295E-4,5.351143556607855E-4,5.22124398852116E-4,5.13231610039636E-4,5.08069651706589E-4,5.06467287806837E-4,5.084525633039497E-4,5.142577652511395E-4,5.243256796862996E-4,5.393205727034526E-4,5.601503600873317E-4,5.880099150308538E-4,6.244611083727846E-4,6.715776284358324E-4,7.322107541465165E-4,8.104489310144837E-4,9.11963971049451E-4,0.0010436326995387588,0.001215357157559249,0.0014468898447325413,0.0017699428779266925,0.002239569831426091,0.002959822173570006,0.004147065438293112,0.006311505484567915,0.01088984621087773,0.02313745907425554,0.0700261673835579,0.1588241302618625,0.04968798801156298,0.017814084484429532,0.008753126283277029,0.0051546621400632734,0.0033937522919865806,0.0024080345993234683,0.001802698510636433,0.0014051507073418277,0.0011306050526058355,9.335883934037985E-4,7.879750572559646E-4,6.778913022000149E-4,5.932277987588883E-4,5.272790847083367E-4,4.7543510317661343E-4,4.3442371588888173E-4,4.0185602875957845E-4,3.759454274622859E-4,3.553304301829455E-4,3.389622433070102E-4,3.2603405528481395E-4,3.1590303493567016E-4,3.0800801833848044E-4,3.023811309664122E-4,2.986440428237809E-4,2.9678415266233565E-4,2.968929999252657E-4,2.9916303874932994E-4,3.038822081463611E-4,3.1143076063175785E-4,3.2228453802942076E-4,3.370274528513301E-4,3.563759951135051E-4,3.812198655704064E-4,4.126858047410567E-4,4.5223712651405414E-4,5.0183073218362E-4,5.641691176175291E-4,6.431126401797664E-4,7.443692968259574E-4,8.766833521516833E-4,0.0010539665644790296,0.0012993230519552127,0.0016531638486003552,0.002190947717109645,0.0030661111014775072,0.004628481500631862,0.00781358815520825,0.01577579412962495,0.04319111280787473,0.13391678537592136,0.06306797591193392,0.021135757995499924,0.009948519456538399,0.005745956538030109,0.003752464054446643,0.0026545795572707684,0.0019874624482213474,0.0015516080242579569,0.001252170418468206,0.0010388412335118411,8.829115154220974E-4,7.669715064927478E-4,6.79898813471711E-4,6.142594464391009E-4,5.648815529946032E-4,5.280322684624632E-4,5.009221573387171E-4,4.8139938830663124E-4,4.677633325597853E-4,4.586604988366053E-4
5,0.5579049728541857,0.573868005258861,0.3297023377554452,0.1700425284417874,0.09531123073044857,0.05865501390802321,0.038912266442101155,0.027364065893659837,0.020145922762066577,0.015388495276102454,0.012114845503049821,0.009780392885984372,0.00806500036127901,0.006772055950303522,0.005776361009475713,0.004995739081984855,0.004374828942097898,0.0038754506707792,0.0034706795996217597,0.0031411000351473147,0.0028723891563157463,0.0026537384694451504,0.0024768152423907575,0.002335077891125717,0.002223326628638458,0.0021374134016453536,0.002074062949462839,0.0020307747197707724,0.002005786385047653,0.0019980862460010143,0.0020074663044209583,0.002034612705279866,0.002081237838121589,0.002150270462488327,0.0022461384644412302,0.0023752061233419473,0.002546470782165124,0.0027726979135593065,0.003072312136868281,0.0034726376568896882,0.004015661544494727,0.004768785203913615,0.0058461147499084525,0.007453865251925414,0.009996635662382155,0.014357676672056218,0.022763354915212752,0.04206409182874182,0.09941716901255869,0.2739607993493424,0.18611263088012167,0.06261062124634044,0.02773607602356107,0.015142916952563392,0.00942419398369854,0.0064011938244870874,0.004627371883008392,0.003504649224064576,0.0027519209794284872,0.002223834925885499,0.0018395405401541987,0.001551424367164121,0.0013301402122082471,0.0011569113563286422,0.001019330107420251,9.089502648429713E-4,8.19851921078725E-4,7.477603012573171E-4,6.894935233398745E-4,6.426117787337835E-4,6.051926373068512E-4,5.756869328055423E-4,5.52827621578959E-4,5.355750530392103E-4,5.23088577834921E-4,5.147176382265748E-4,5.100064797856779E-4,5.087065674463595E-4,5.107909753427249E-4,5.164665053884588E-4,5.261824251509481E-4,5.406389966759383E-4,5.608035223112882E-4,5.879462864847515E-4,6.237155526451638E-4,6.702865871235677E-4,7.306592734682676E-4,8.092060955972475E-4,9.119677433960283E-4,0.0010454874083664343,0.0012185341996886455,0.0014512555994737983,0.0017757421176154474,0.002247169096141118,0.002969664369162293,0.004159788248495694,0.006328308232924306,0.010913665238121012,0.02317785759096463,0.07012374719803753,0.1588208007392756,0.04966218108285011,0.017809500592533355,0.008753935187969833,0.005157516712212349,0.003397499848775251,0.0024121048053237578,0.0018067473299727146,0.0014089536193666104,0.001134016925147355,9.365246006747612E-4,7.903997368239945E-4,6.798079218988104E-4,5.946705523749523E-4,5.28304920113541E-4,4.7611656901330534E-4,4.3484277190634153E-4,4.020987726102241E-4,3.760975237412859E-4,3.5547300258001013E-4,3.3916821280266686E-4,3.263654550304721E-4,3.1639595929104896E-4,3.08606372738486E-4,3.031792825791428E-4,2.9961217708291386E-4,2.9788109308949586E-4,2.9806778573975815E-4,3.0035878936141605E-4,3.050415725115985E-4,3.1250141413358156E-4,3.232241858091206E-4,3.3780829258540945E-4,3.5698885541883356E-4,3.8167828282464303E-4,4.130301479008919E-4,4.525385902860128E-4,5.021947112128731E-4,5.647373185263879E-4,6.440634868854807E-4,7.459169250476808E-4,8.790769095127514E-4,0.0010574938240389678,0.001304326238810626,0.001660083804383161,0.0022004344192657157,0.0030793074304687,0.004647840634833614,0.007845726234958788,0.015844616860122465,0.04341960866705966,0.13423820998519578,0.06278640001510956,0.021070248171272597,0.009931679726577193,0.005743761392458241,0.0037560079748599423,0.002660395067826804,0.0019943002802998693,0.0015586058200973637,0.0012587492829344296,0.0010446663912772039,8.878043588006967E-4,7.708669350171026E-4,6.82816746346461E-4,6.162838216393727E-4,5.661452052785431E-4,5.287065595215678E-4,5.012094913898812E-4,4.8152594549771876E-4,4.679690769847387E-4,4.591841936304301E-4
6.000000000000001,0.5591257054285973,0.5747115572584632,0.3307183309855759,0.1706060050161191,0.09554091283143555,0.058721514316688504,0.03890986033020483,0.027339171203656802,0.020120456464514328,0.015371864038255023,0.012109910243039234,0.009786560460368849,0.008079930861386274,0.006792677102097223,0.005799512922193876,0.0050185969876929025,0.004395167510511077,0.0038917778236003597,0.0034822588524506806,0.003147883996114654,0.0028748924391980213,0.002652879683582214,0.002473753319763843,0.0023310598048568863,0.00221955497830961,0.0021349362551020936,0.002073685989602524,0.002032996679633252,0.002010761234974151,0.0020056173635536146,0.002017037022025971,0.0020454535735278906,0.0020924248116317664,0.0021608425536014434,0.0022552209004303514,0.0023821270476878666,0.0025508654214979475,0.00277460182575525,0.0030722526045058453,0.0034717389217861316,0.00401578747349811,0.00477275837044382,0.005858088236708069,0.007480018009240948,0.010046611905604193,0.014447905666645791,0.022925691005616648,0.042371363684915106,0.10005571162664466,0.275042242983436,0.18696669590479542,0.06289335219957744,0.027829295262710697,0.015175790671790857,0.009436369343825515,0.006406921333864817,0.004632225080357205,0.0035107174726521956,0.00275972368826703,0.0022331394379460183,0.0018497646159778276,0.0015618639767935609,0.001340113346976761,0.0011658514839687948,0.0010268409622602693,9.148271897254751E-4,8.240752779970557E-4,7.50468549596526E-4,6.909445843285853E-4,6.431403334935866E-4,6.051685733597165E-4,5.754774452084832E-4,5.527635756438628E-4,5.359216858288377E-4,5.24021377963729E-4,5.163056504169847E-4,5.122063136000063E-4,5.113700480500251E-4,5.136872289461165E-4,5.193158966816321E-4,5.286966161620092E-4,5.425600316460088E-4,5.619359737407425E-4,5.881797437180832E-4,6.2303966061899E-4,6.68809850567148E-4,7.286673678496752E-4,8.073450943289076E-4,9.114363127336338E-4,0.0010472271185539895,0.0012220109462985594,0.0014562917402766498,0.001782664912833589,0.002256509886131328,0.002982096327384765,0.004176285093803853,0.006350646963604537,0.01094601283827272,0.023233144840113306,0.07025344376675348,0.15883042753859988,0.04963427868383059,0.01780314107799833,0.008753595393848464,0.005159794956989673,0.003401123177864423,0.0024163851920610503,0.0018112369927710062,0.0014133391123141129,0.0011380787697077477,9.401183548684679E-4,7.934441172430667E-4,6.8227477141821E-4,5.965750352709707E-4,5.296958576565844E-4,4.770673488053227E-4,4.3544323461258125E-4,4.024482073716861E-4,3.76298619357073E-4,3.5562647578764035E-4,3.3936802729306385E-4,3.26695222837189E-4,3.1691094743147344E-4,3.092473181339023E-4,3.0407174536701854E-4,3.007305794302743E-4,2.991828667177101E-4,2.994951760697171E-4,3.018433377600263E-4,3.0651090388890184E-4,3.138863687573814E-4,3.2446546926947003E-4,3.3886245277832297E-4,3.5783380478390044E-4,3.8231874504098483E-4,4.1350330761701304E-4,4.52919913851121E-4,5.026035090649365E-4,5.653413349698048E-4,6.450818968889045E-4,7.476218850551393E-4,8.817955322465335E-4,0.0010616154928883889,0.0013103255648105707,0.0016685807895400993,0.0022123425516100866,0.003096210529977324,0.0046730674366845006,0.00788805746354302,0.01593514457158972,0.04371548408952257,0.13464532285738015,0.06244109053937715,0.020987383739951567,0.009908403745186155,0.005738823045334659,0.0037585721338734292,0.002666226047590275,0.0020017723324967686,0.0015666375728229202,0.0012665761849841735,0.0010518130008909368,8.93986404884342E-4,7.759440425946446E-4,6.867601679940984E-4,6.191513815823767E-4,5.680621826537555E-4,5.298520391906421E-4,5.018067649181036E-4,4.81834314168632E-4,4.682736306758766E-4,4.597803515967668E-4
7,0.5606381228812305,0.5757227073739781,0.33195586719174297,0.17131685135459887,0.09584508491177002,0.058820301349617465,0.03891798075771065,0.027314444004362323,0.020091001885070868,0.015350442418075256,0.012101135236020457,0.009790644424317306,0.008094744222399355,0.006814970644281882,0.005825708139428543,0.005045329202494192,0.004419654735998645,0.00391203814711584,0.003497187181339365,0.0031572077102927326,0.0028790389915031083,0.002652796145398167,0.002470714282681693,0.002326488590300804,0.0022148695925701904,0.00213142120587996,0.0020723866402972756,0.0020346341759299837,0.002015671003265897,0.0020137193374016133,0.0020278475640285367,0.0020581453297810574,0.002105932011821912,0.002173999117430533,0.0022669121011312937,0.0023914359705527535,0.002557203125502343,0.002777821879977642,0.0030727626200174893,0.0034706318587627238,0.004015025787014712,0.00477546212648504,0.005869022512297324,0.007506490346186062,0.010100303083337508,0.014549067576895114,0.023114111171147998,0.04273916171976819,0.10084282203103762,0.2763931343364572,0.18803039657893497,0.06326123791251635,0.027955465509640152,0.01522191585320712,0.009453532559504712,0.006414043308477093,0.00463704454337348,0.003516408408560482,0.0027673564901617214,0.0022427334527923308,0.0018608033571610185,0.0015735873254387794,0.001351707829404223,0.0011765832328160632,0.0010361444076722691,9.22352217358462E-4,8.296961082300384E-4,7.542620257049156E-4,6.931489984731773E-4,6.441060555644035E-4,6.053088470997224E-4,5.752235474698209E-4,5.525250202975217E-4,5.360505227753084E-4,5.247801888259403E-4,5.178410043607996E-4,5.145319189270427E-4,5.143649275841102E-4,5.1711262782774E-4,5.228502973242631E-4,5.319829446590181E-4,5.45255593168472E-4,5.637557768774653E-4,5.889276892379093E-4,6.226286402108916E-4,6.672832698209413E-4,7.262660169279902E-4,8.047410528981985E-4,9.100816475707106E-4,0.0010485104201120152,0.0012254788939687908,0.0014617268004215973,0.0017904911379170018,0.0022674730389252782,0.002997186748992969,0.004196950228600172,0.006379476756967006,0.010988878354618556,0.023307511188561128,0.07042451329404267,0.15886609466496363,0.04960900345385779,0.01779560575312331,0.008751778171937568,0.005160969070820791,0.003404107195681882,0.0024204440952862306,0.001815840396643088,0.001418084382538676,0.001142661185298027,9.443173990902885E-4,7.971147030554237E-4,6.853388338030881E-4,5.990120097780535E-4,5.31532173153411E-4,4.783657366145393E-4,4.362926811141539E-4,4.0295503504467667E-4,3.7657874843521303E-4,3.5579863173320356E-4,3.3954775041337065E-4,3.2699028003514165E-4,3.174002563457612E-4,3.098744332038915E-4,3.0500032858927454E-4,3.019464388439074E-4,3.006484907848641E-4,3.01150999292094E-4,3.036123066069118E-4,3.083063817232968E-4,3.1562096832046376E-4,3.2605959874680313E-4,3.4025211605214335E-4,3.5897778506715437E-4,3.832056436979734E-4,4.1415893889732434E-4,4.534152901257747E-4,5.030632013434913E-4,5.659515713061762E-4,6.460976871723657E-4,7.493731506037121E-4,8.846941580062774E-4,0.0010661690646935312,0.0013171707722206014,0.0016785646330937183,0.002226717875155338,0.0031171286646075975,0.004704969090782137,0.007942414084122093,0.016051742700757505,0.044091458087072474,0.13515202586173813,0.06203438908469757,0.020887038572247565,0.009877841742518255,0.00573014775957866,0.0037592164895795446,0.0026712701157469033,0.002009249666058775,0.0015752588209414233,0.001275383645031679,0.0010601702142191837,9.014753466534964E-4,7.823178367969836E-4,6.919106100814156E-4,6.230820167175314E-4,5.708660745826159E-4,5.316948293775022E-4,5.029146303285537E-4,4.8248477161333663E-4,4.687857284603449E-4,4.6050027876356624E-4
8,0.5624729688615854,0.5769034811697125,0.33342720893581085,0.17219535124042906,0.09624002403965291,0.05896211783440423,0.038942960271935376,0.027293077928130762,0.020058617428158138,0.015323910055345957,0.012087402479853232,0.009791183756781941,0.008107985198285378,0.006837733225396369,0.005854137698060334,0.005075565864352245,0.004448324305793907,0.003936579987108787,0.0035160145840813233,0.0031697097354784066,0.0028854575223512904,0.0026540288957877943,0.0024680946545738974,0.0023215791065380104,0.0022092859476283153,0.002126687505197773,0.0020698140766080525,0.0020352160087637075,0.002019993991886189,0.0020219014190817944,0.0020395181879054878,0.00207248373396312,0.0021217684300498256,0.0021899681486260212,0.0022816340318501625,0.002403698089538184,0.0025661213618927885,0.002782979699593358,0.0030743425279977873,0.003469570677087816,0.004013239236904131,0.004776206116884301,0.005877510355758431,0.007531022821116902,0.010154549257217984,0.01465726467589692,0.023324689220963746,0.043165994924500746,0.10178868746592282,0.2780433574333823,0.18932169494904494,0.06373007180799424,0.02812331067316163,0.015285889045408936,0.009477934047782376,0.006423423272104378,0.004641864131368734,0.003521281906195191,0.0027741519700627687,0.002251901600392866,0.0018720218177311699,0.0015861222393067536,0.0013646527849490652,0.0011890365697729429,0.0010473410480845104,9.317488375710608E-4,8.370075142409092E-4,7.594537200280594E-4,6.963984621076322E-4,6.45748263820705E-4,6.05779116455806E-4,5.750051747069127E-4,5.521034021590218E-4,5.3587182398464E-4,5.252121422851026E-4,5.191358708807824E-4,5.167957189200365E-4,5.175405271000941E-4,5.209845364222155E-4,5.270747098201378E-4,5.361389201946975E-4,5.48906163088378E-4,5.66505227368781E-4,5.904647029297076E-4,6.227532218337096E-4,6.659297197702727E-4,7.235729582153558E-4,8.013321609660269E-4,9.076186385505475E-4,0.001048933021434935,0.0012285332416994204,0.0014671697964187146,0.0017988564549940621,0.002279775091832926,0.003014837160483836,0.004222044280809537,0.006415726712143346,0.011044507738732709,0.023406218685630507,0.07065009311423118,0.1589467939706657,0.0495939703711083,0.0177885610410048,0.008748572497247656,0.0051606529697253035,0.003405946344526097,0.0024237953540232554,0.0018201493863784246,0.0014228813035359795,0.0011475584332994344,9.490092287226527E-4,8.013765366760443E-4,6.890240486982206E-4,6.020453274434212E-4,5.339000886253464E-4,4.8010523731144647E-4,4.374796661491636E-4,4.0369349499680266E-4,3.769911851645943E-4,3.5601769660337034E-4,3.397089835043934E-4,3.272265466859523E-4,3.178176134586479E-4,3.1042517024771395E-4,3.0589376127795594E-4,3.0318858944164206E-4,3.022157529013421E-4,3.0298975901614755E-4,3.0564265310537963E-4,3.1043054375563643E-4,3.177336701677405E-4,3.2805865451330493E-4,3.4204837646188447E-4,3.60504317736537E-4,3.844266163170793E-4,4.150789325216628E-4,4.54089653199137E-4,5.036096396965494E-4,5.66562655052577E-4,6.470536920144158E-4,7.510551664409736E-4,8.87599421097205E-4,0.001070935073267435,0.0013246240837525,0.001689830312728091,0.0022434757708611683,0.0031422520479812916,0.004744311722933977,0.008010835730524229,0.01619980985802818,0.04456468848579936,0.13577856342489358,0.061571050524489496,0.020770360937522436,0.009839741774326593,0.005716987247407865,0.003757046448526284,0.0026746543555873675,0.002015970451563218,0.0015838684040717947,0.0012847517121584108,0.0010694976571394503,9.101927783129544E-4,7.900443956811848E-4,6.984267825651806E-4,6.283050113347395E-4,5.748269471159271E-4,5.34519212532196E-4,5.048082589390686E-4,4.8372306997237444E-4,4.6970468605294106E-4,4.6148444800658947E-4
9,0.5646620358150508,0.5782522586837197,0.3351414388328885,0.17326286892359904,0.09674423177548445,0.05915973124357512,0.03899267871141693,0.027279359024054293,0.020025073044193594,0.015292343679414497,0.012067732738190102,0.009786653575150905,0.008117994427017335,0.006859485484050311,0.005883711049051822,0.0051087031692507515,0.004481055392899202,0.003965685258688873,0.0035393032253436345,0.0031861001459898334,0.002894886301475098,0.0026572477202390183,0.00246642349152563,0.0023166693974197993,0.0022029208006720696,0.002120621141013236,0.002065638134376451,0.0020342381332511656,0.002023122528338454,0.002029544481103339,0.002051519011841126,0.002088119235504383,0.0021398289118195364,0.002208914945948165,0.002299808578342955,0.002419543481730881,0.002578383379241372,0.002790875509935059,0.0030777123424622207,0.003469052052412134,0.004010524799628201,0.004774473222629319,0.005882172357510886,0.007551113489287994,0.010205506523853153,0.014767253119373077,0.023551220218336454,0.04364689562418126,0.10289924346981487,0.28001997634309844,0.19085235477855278,0.06431629276804403,0.028343044154417754,0.015373559361210888,0.009512746782388245,0.006436562527868304,0.00464712253153514,0.003525111648424293,0.002779501761781684,0.0022598694941630437,0.0018826480354841152,0.001598823429947104,0.0013785068086284013,0.0012030030466477519,0.001060441755312197,9.43203080403893E-4,8.4631134610999E-4,7.664005300637242E-4,7.01051661106437E-4,6.483853825586107E-4,6.068267835835808E-4,5.749780422238465E-4,5.515516002996427E-4,5.353348599197928E-4,5.251744022009766E-4,5.199805208925634E-4,5.187589943551696E-4,5.20674838318115E-4,5.251427664917003E-4,5.319258823470191E-4,5.41216386434586E-4,5.536776724306926E-4,5.704464910618408E-4,5.93118898866331E-4,6.237680298991031E-4,6.650809158828047E-4,7.208296735155227E-4,7.971712534581167E-4,9.038182416731969E-4,0.0010480587824061908,0.0012306798343978116,0.001472097183758724,0.0018072153756111087,0.0022929001056969213,0.0030346755637825746,0.004251544847783604,0.006460106026563489,0.011115174237520191,0.02353540568848736,0.07094753527591521,0.15909787286809132,0.04960024296992188,0.017785149685044098,0.008744747801535778,0.005158768988002914,0.0034062458701221757,0.0024259530659356625,0.0018236962851716318,0.0014273352007528703,0.0011524731104982297,9.53998712721592E-4,8.061291591714045E-4,6.933093341597275E-4,6.057142168035102E-4,5.368793155744332E-4,4.823875029912339E-4,4.391116703914422E-4,4.047636659306758E-4,3.776182969924099E-4,3.5634083912619823E-4,3.398789864353676E-4,3.2739952882383805E-4,3.181280030379882E-4,3.1083860587499397E-4,3.066723066597517E-4,3.0436827105924635E-4,3.037979446095888E-4,3.049377635069782E-4,3.0788313366597554E-4,3.1286135663207847E-4,3.2023510207200535E-4,3.305059346387797E-4,3.4432400191221926E-4,3.625095996336432E-4,3.8609271476879216E-4,4.163782382394044E-4,4.5504854723024847E-4,5.04323427697823E-4,5.672129885095814E-4,6.479283999923226E-4,7.525707304417836E-4,8.90328303568379E-4,0.001075645348476937,0.0013323504437382434,0.0017020215348958285,0.0022623289135047515,0.003171535111006893,0.004791648633638226,0.00809534393083697,0.016385566033881183,0.045157151616085786,0.13655130864298004,0.06105789471559905,0.0206400767151786,0.009794769088559295,0.00569909374946605,0.0037513979923381523,0.002675555688350285,0.002021103700508047,0.0015917255305451811,0.001294090331122564,0.0010793857277528653,9.199141734428273E-4,7.990700892653712E-4,7.063997998109614E-4,6.350243619576942E-4,5.802288053330551E-4,5.386580673676376E-4,5.078410647626998E-4,4.858976755924618E-4,4.71351360913718E-4,4.6300707993782484E-4
10,0.5672361305310374,0.5797620789914967,0.33710200586368066,0.17454060514647712,0.09737809588904683,0.05942797028100368,0.03907673055933189,0.027278872288959255,0.019993060726769065,0.01525641228119848,0.012041448741355513,0.009775581236473693,0.008122967665988353,0.0068784743028980225,0.0059130122310256895,0.005143832356821724,0.004517495177168985,0.003999501959992439,0.0035675789764999548,0.003207133194211136,0.0029081648211797015,0.0026632583956405524,0.002466382295477548,0.002312251198096733,0.0021960313113837406,0.002113219445697569,0.0020595940908846107,0.002031201024028801,0.002024384407070456,0.002035899764220817,0.002063143904201081,0.0021045099432104074,0.0021598353185181014,0.002230882801241801,0.0023218080102192355,0.0024396345413502034,0.0025948668325976457,0.0028025007298393577,0.0030838515476761027,0.0034698869224299507,0.004007322970969126,0.004770068768909085,0.005881837512617979,0.007564197759881951,0.010248752370341476,0.014872331919165819,0.023784633236420046,0.04417185302887612,0.10417262970239125,0.2823417732331055,0.1926224326297134,0.0650352413714779,0.02862599978797573,0.015492054807740088,0.00956220983115952,0.0064557734795611605,0.0046538344229579255,0.0035280379340541603,0.0027829788742270442,0.002265885938904677,0.0018918101648005843,0.0016108667740737854,0.001392619201188889,0.0012180788135524728,0.0010753077925649832,9.568124546551255E-4,8.578821062801803E-4,7.754833167898597E-4,7.075287166382667E-4,6.524211257381152E-4,6.087966052596695E-4,5.753969069363404E-4,5.510130158470845E-4,5.344600499657825E-4,5.245649672293551E-4,5.201670084590462E-4,5.201426335957128E-4,5.234686571293388E-4,5.293273774139132E-4,5.372383295297907E-4,5.471830314571485E-4,5.596859946130702E-4,5.758348273748601E-4,5.972573323576285E-4,6.261111290529456E-4,6.651930254815206E-4,7.184362896375249E-4,7.924835874538153E-4,8.985804483497144E-4,0.0010454784379612823,0.001231367962019776,0.001475862277453288,0.0018148213487704538,0.002306037689641003,0.003055937218842285,0.004284954089161952,0.006512820485791161,0.011202781444182585,0.02370156724097248,0.07133804787457627,0.15935028986237873,0.0496424747196681,0.017790330947645032,0.008742029138947604,0.0051557499627514145,0.003404863033822779,0.002426523072635423,0.0018260051302517366,0.001430984648099091,0.001157013083084517,9.589903139500508E-4,8.111813219099567E-4,6.981015511371432E-4,6.100085685088507E-4,5.405231007039982E-4,4.8530825772186056E-4,4.413071061387686E-4,4.06289209440376E-4,3.785743955637083E-4,3.568613320593595E-4,3.4012119395954285E-4,3.275370218406001E-4,3.183211211622958E-4,3.110679911507172E-4,3.072577335450449E-4,3.0538500379398686E-4,3.0528464062187295E-4,3.068885620001853E-4,3.1024496808808696E-4,3.155393694768161E-4,3.2310339046082756E-4,3.3342126769932617E-4,3.471404354824819E-4,3.6509268206669394E-4,3.8833304019257045E-4,4.1820508582515503E-4,4.564449600370861E-4,5.053442268106659E-4,5.680069729426782E-4,6.487656520145337E-4,7.538761525694621E-4,8.927244174427003E-4,0.0010800131260960885,0.0013399308687733061,0.0017146134101651252,0.0022827219613548192,0.00320456176563193,0.004847088588514376,0.008197579146279155,0.016615553439135088,0.04589545073389627,0.1375003197866876,0.060502154690429834,0.02050041118994696,0.009744719395483744,0.005676971170599701,0.0037420631149531927,0.0026733792223762893,0.0020238731690908444,0.0015980189329071288,0.0013026595966100613,0.0010892374397657154,9.302252835944691E-4,8.091755209710075E-4,7.157956978734673E-4,6.433679599776145E-4,5.873306163447227E-4,5.444687183434062E-4,5.124371744057705E-4,4.894703729047161E-4,4.7419871301930837E-4,4.655289315531832E-4
11,0.5702225190196554,0.5814187599526425,0.33930382550018306,0.17604793422857837,0.09816334694266696,0.05978368109387749,0.03920656395776893,0.027298700993564785,0.019966410566446803,0.015217590244190534,0.012008368536493876,0.009756701130712454,0.00812105481848644,0.006892707015277125,0.005940273397265094,0.005179669724391395,0.004556969611167372,0.004037958560648506,0.0036012645144405395,0.0032335648287692004,0.0029262145670142826,0.0026730026339792656,0.0024688202381016144,0.0023089980105026288,0.0021890545938405915,0.0021046402991141315,0.0020515374137756023,0.0020256623745726985,0.0020230828877453866,0.002040105108229556,0.0020734956509444813,0.002120875876368262,0.002181268278127985,0.002255716143043958,0.002347884092325718,0.0024646123196858673,0.0026165340276531964,0.0028190356985700643,0.00309402773173531,0.0034732660774748096,0.004004530104798927,0.0047632909226049125,0.0058757767377934965,0.0075679278099656236,0.01027954406156636,0.014964418908068211,0.024012545048078898,0.04472412172857926,0.10559468567174364,0.2850117486899835,0.19461325587805156,0.06589850588891462,0.02898388908421297,0.015649653887639746,0.00963170666427126,0.00648432914190828,0.004663762433493465,0.0035307400092220885,0.0027844943212425822,0.0022693482763170587,0.0018986170374303783,0.0016212781369377767,0.0014061102942054572,0.0012336097594944533,0.0010915796958023774,9.725166263317982E-4,8.71911634970906E-4,7.870705729708133E-4,7.162933400403896E-4,6.583421493487959E-4,6.12140792032134E-4,5.766360831620189E-4,5.507512405749872E-4,5.333761110100643E-4,5.233637606828722E-4,5.195279263125111E-4,5.206551711070361E-4,5.255548965751765E-4,5.331650580842914E-4,5.42709745987816E-4,5.538745547113453E-4,5.669463087816011E-4,5.828746298581554E-4,6.032550597501767E-4,6.302894433300696E-4,6.668506871555154E-4,7.169780682617917E-4,7.877232186859866E-4,8.920221757825514E-4,0.0010408999334427424,0.0012300594270528182,0.00147774195655263,0.0018207429392428803,0.002318049265498993,0.0030773539097315042,0.004321077521808564,0.00657319614288911,0.011308258644747108,0.023910581651120043,0.07184522922973303,0.15973801153605088,0.0497383252569655,0.017811032808595275,0.008743331314076168,0.005152752364767533,0.003402080188676019,0.002425333151985055,0.0018266805348618378,0.0014333528947488034,0.0011607113673380773,9.63583840039629E-4,8.162306726392562E-4,7.032067737967493E-4,6.148381292237537E-4,5.448299020084709E-4,4.889342290753496E-4,4.441788226434778E-4,4.0840777646293E-4,3.8000280191364145E-4,3.5771173941670373E-4,3.4054379477261134E-4,3.2771211385472694E-4,3.184274614332401E-4,3.110980644443084E-4,3.075897858227005E-4,3.0613983716459744E-4,3.0654959424847517E-4,3.0870405163237186E-4,3.12595763535062E-4,3.183551878457906E-4,3.262668503818124E-4,3.367811399738534E-4,3.5052773556657727E-4,3.6833747019251794E-4,3.9128081500953445E-4,4.207329671029109E-4,4.58479011354316E-4,5.06879997955271E-4,5.691356087792739E-4,6.497079454524328E-4,7.550273082642595E-4,8.947143063487504E-4,0.0010837930703990208,0.0013469142016143236,0.0017269372608899793,0.0023038027293802725,0.003240425594889225,0.004910030394818613,0.008318303771213094,0.016895787520305412,0.0468097919257078,0.13865341841948675,0.059907961865903823,0.02035635403509092,0.009692474984485982,0.005652033792899944,0.003729506008558804,0.002667973143632519,0.002023741240682263,0.0016020028073036932,0.0013096507267221318,0.0010982963583620884,9.405062346879418E-4,8.199294150129272E-4,7.26393878787337E-4,6.533237960231831E-4,5.963104956277572E-4,5.522922685561883E-4,5.190709050001708E-4,4.950200756746108E-4,4.789047274208972E-4,4.6976586446051394E-4
12.000000000000002,0.5736418232459173,0.583198894118656,0.3417299666222925,0.17780022916252014,0.09912223374361799,0.06024556427715495,0.039395572625225146,0.027347606779940897,0.019950301588121788,0.015178378694635281,0.011969022697818243,0.009729148108696345,0.008110506037527408,0.006900030422878613,0.00596337990170291,0.0052144985978530055,0.004598387399318765,0.004080659494574538,0.0036405897118174744,0.003266089854595876,0.0029500043552634896,0.002687547271028024,0.0024747619305798543,0.0023077880112059948,0.002182644573645544,0.0020952526125343892,0.0020415059636121847,0.0020173049882667147,0.0020185588983808304,0.002041226318271536,0.0020814923775860166,0.0021361636483250984,0.0022032947459216645,0.0022829659643240005,0.0023780709822271307,0.0024950142771158583,0.0026443757338613155,0.0028418249807840375,0.003109806698000891,0.0034808110742637335,0.004003602770299476,0.004755108884691714,0.005863978167699368,0.0075605551543132,0.010293270853817213,0.01503442099198784,0.02421915068950563,0.045278665886703415,0.10713362799894342,0.2880074673393371,0.19677906484374974,0.06691012333151422,0.029427526702868877,0.015855421581704346,0.00972773575528087,0.006526562010598267,0.004679569064747416,0.0035346112297327493,0.0027844775677067896,0.0022699695349605218,0.0019022911060608957,0.0016290136335799187,0.0014178902272947377,0.001248654460587104,0.0011086030417023832,9.900102303007944E-4,8.884298325305309E-4,8.014591124302904E-4,7.278165690142583E-4,6.66702319767913E-4,6.174197007238266E-4,5.792035132785452E-4,5.511762668451268E-4,5.323580544494747E-4,5.216809205255692E-4,5.179901012358548E-4,5.200425035748176E-4,5.265319405444791E-4,5.361751244689362E-4,5.478753282606802E-4,5.609423744643346E-4,5.75306648150481E-4,5.916533378342263E-4,6.114409610730927E-4,6.368430847260147E-4,6.707529197006796E-4,7.172362741758372E-4,7.836178198841198E-4,8.845683963860485E-4,0.0010342667392338632,0.0012263400723925967,0.00147703491539424,0.00182393934194747,0.0023274952513929158,0.00309709110859174,0.00435781285583464,0.0066392350728925395,0.011430734104076141,0.024166164072717555,0.07249202935316203,0.16029285588333286,0.04990679095585372,0.017855962985779707,0.008752874097620772,0.005151837038116807,0.003398786560035704,0.002422592881273706,0.0018255354284796841,0.0014340390707926936,0.0011630806562321913,9.672959342931972E-4,8.20858839308125E-4,7.083072318753426E-4,6.199996432359613E-4,5.497078525250099E-4,4.932701387367338E-4,4.478068400404881E-4,4.1125108389299055E-4,3.8206379090037636E-4,3.590596668028078E-4,3.413029378148865E-4,3.2805328236043123E-4,3.185343701253547E-4,3.109654042986983E-4,3.076488283515859E-4,3.06557345355313E-4,3.074687905476833E-4,3.102255485716921E-4,3.147614977471101E-4,3.211416988235329E-4,3.295873386926509E-4,3.404953375653841E-4,3.544574154128848E-4,3.722848802150388E-4,3.950478392994894E-4,4.241401523618252E-4,4.613852241028803E-4,5.092049284924998E-4,5.708883921203319E-4,6.510259343422278E-4,7.562300443107172E-4,8.963802999836114E-4,0.0010868741057695572,0.0013529205258931793,0.0017382750075350876,0.002324473878105321,0.0032776851167167385,0.004978934819204639,0.008456838730687337,0.01723058389771744,0.04793199702040385,0.1400255071399556,0.05927053974991471,0.020211978941393642,0.009641517474405645,0.005626545555616575,0.0037149823053196367,0.0026598237955219378,0.002020624068797518,0.0016031951188066151,0.0013143423683609134,0.0011057470446340402,9.499737179455506E-4,8.30680294790387E-4,7.377429179247876E-4,6.646773639768324E-4,6.072015435561926E-4,5.624022145185318E-4,5.282399716438505E-4,5.032513723150586E-4,4.8636850491643374E-4,4.768095124378708E-4
13,0.5775043969315846,0.5850678284939433,0.3443480259904078,0.17980608465796252,0.10027632164431428,0.060833840780875725,0.03965911760524229,0.0274361782384957,0.019951456443819578,0.015142523167755955,0.011924884571788625,0.009692683829266401,0.008089867732156805,0.006898266378593765,0.005979923990863617,0.0052461394911258175,0.0046401473536277936,0.004126764102903937,0.0036854756891908777,0.0033052525426729607,0.0029804942864556073,0.0027080582059413622,0.0024854045201635265,0.0023097189508744513,0.002177702762229942,0.0020856837808906794,0.0020297850469623343,0.0020060167748576817,0.0020102763469236518,0.0020383303505979874,0.0020859071831904985,0.0021490354273693293,0.0022247022213011305,0.0023117816398710743,0.002412058597303526,0.0025311549086603673,0.0026793180873886198,0.002872320263606744,0.00313303508784135,0.003494601029371,0.00400664131517694,0.00474733002418108,0.005847440348673644,0.0075413982742017285,0.010286116304000528,0.015073001157709622,0.02438570820184221,0.0458011955842409,0.10873441917004743,0.2912695835750464,0.19903800776503072,0.0680614695310375,0.029964830669540893,0.01611849927346211,0.009857717026269289,0.006587880218472213,0.004704924392184359,0.003541914689478752,0.002784061085627989,0.00226797489355044,0.0019023533268042274,0.0016331044574970485,0.0014267390063725793,0.0012619893732239785,0.0011253689924877097,0.0010086451002076933,9.071992619228864E-4,8.187844279972953E-4,7.425137818810113E-4,6.780867349497387E-4,6.252880535912321E-4,5.837441961681267E-4,5.528626512565245E-4,5.318603357203967E-4,5.1980604713685E-4,5.156386119701485E-4,5.181594556941392E-4,5.260283373155162E-4,5.378089109510943E-4,5.521070045879062E-4,5.678092602316865E-4,5.843703652335622E-4,6.020500589620428E-4,6.220121384834824E-4,6.462790523230747E-4,6.776723979335641E-4,7.201756691868616E-4,7.811912697028446E-4,8.770292882490053E-4,0.0010258896564607344,0.001220070007840206,0.0014732186941233405,0.0018234164674075853,0.0023327627484598023,0.003112792550533812,0.00439202355914057,0.006707178958753958,0.011566533009234983,0.02446768716216352,0.07329569484578079,0.16103621229510892,0.05016507905365158,0.01793489979140622,0.008776080149414443,0.005156056008987765,0.003396628647847468,0.002419058930611261,0.0018227467507695753,0.0014328493795880439,0.0011637109606188651,9.696204823868668E-4,8.245561788632856E-4,7.129563782502518E-4,6.251508917007663E-4,5.549370297374352E-4,4.982173286662852E-4,4.5219936316001576E-4,4.1491210759761243E-4,3.8490994150192575E-4,3.6109208074136317E-4,3.4259624430742084E-4,3.287470728945474E-4,3.1879761423100894E-4,3.107778578663113E-4,3.074818647902218E-4,3.0661546387440546E-4,3.0795019552148076E-4,3.1129887372223687E-4,3.16542574843652E-4,3.236779514280168E-4,3.328507781953485E-4,3.4438508549707215E-4,3.5881093227819734E-4,3.768954517433482E-4,3.99685316769722E-4,4.2857269817733534E-4,4.654015228724833E-4,5.12638400389951E-4,5.736469398076716E-4,6.531325857111555E-4,7.578819647999018E-4,8.980373678802289E-4,0.0010893968405419313,0.0013577987751081956,0.0017480450399403975,0.0023435760720482957,0.003314483090277741,0.005051267216757311,0.008610613155088128,0.01762128031014277,0.04929280717613535,0.14160219043553493,0.05856806495112505,0.020067591792026763,0.009594805862423445,0.005603188875925927,0.003700440650271795,0.002650136326044954,0.0020150696762419825,0.0016015983009171942,0.0013163208166034287,0.0011109015317041734,9.578122988414101E-4,8.406251848559688E-4,7.491729156792288E-4,6.769845370006656E-4,6.198482735791871E-4,5.74969794078322E-4,5.404659208646347E-4,5.150586226883516E-4,4.978943827115173E-4,4.88445981601667E-4
14,0.5818062947492844,0.5869778073531141,0.3471063927269199,0.1820638714991061,0.10164479587767437,0.0615696756304682,0.04001444794475454,0.02757693489879871,0.019978310159123755,0.015115215236601342,0.011878599069957068,0.009647943776093269,0.00805822418664412,0.006885411293202115,0.005987324821244446,0.005271970083175985,0.004680066500174367,0.0041748570029225265,0.0037353912372186794,0.0033513239945443486,0.003018550575593948,0.002735752927125766,0.0025021000193948427,0.0023161121031695475,0.0021753997256496894,0.002076859429719614,0.002016969009961553,0.0019919763425204472,0.001997926987018207,0.0020305934670950014,0.0020854527706561845,0.0021579004207930618,0.002243858133858578,0.002340800890186604,0.002449037658846018,0.002572961017067625,0.0027220793190700283,0.002911977121460248,0.0031657837305343953,0.003517164731778242,0.004016439540365989,0.004742734478861237,0.005828448511593874,0.0075113505596868515,0.010255902334459166,0.015071800355490175,0.024491894048173646,0.0462484690428405,0.11031392190023945,0.29468969711114434,0.2012640054110187,0.06932489453156819,0.03059788912935148,0.016446898241113766,0.010029553911353357,0.006674660227364383,0.004744543598227374,0.0035558950257554957,0.0027852428105726184,0.0022643028772778174,0.0018988446917443014,0.0016328675253981014,0.0014314672779460525,0.0012721873346391449,0.001140500347685301,0.0010273417799490073,9.275889968116663E-4,8.388949807368383E-4,7.606445176356587E-4,6.930454693042054E-4,6.364593189596258E-4,5.910279021312797E-4,5.565550799369076E-4,5.325391651236292E-4,5.182500198252446E-4,5.127815286703169E-4,5.150562292989595E-4,5.237997804936741E-4,5.375347879229857E-4,5.546590435230014E-4,5.736559330432889E-4,5.934231435337609E-4,6.136222842058782E-4,6.349094337518408E-4,6.589614684396928E-4,6.883755729093141E-4,7.26899218241667E-4,7.817547770330653E-4,8.706449904813371E-4,0.0010165669351044034,0.0012115537780958716,0.0014661571355026077,0.0018184714134726891,0.0023323281353634932,0.003121804269587676,0.004419612461415845,0.0067712329928013345,0.011708163360418234,0.02480746346469738,0.07426043292128012,0.16196747286230181,0.05052372416656867,0.01805727284363956,0.008819143865573786,0.005169370884425307,0.003398074888578703,0.002416165663888087,0.0018190120640407762,0.0014299544070785707,0.0011624089640058395,9.70136651476609E-4,8.267911948843865E-4,7.166090167883109E-4,6.298067855034594E-4,5.601406479643592E-4,5.035304414174595E-4,4.5724432874257845E-4,4.193985740938915E-4,3.886461054207262E-4,3.6398423181231883E-4,3.446418926923092E-4,3.300279943040081E-4,3.1944254438978246E-4,3.1072684825948055E-4,3.072260345423753E-4,3.063786019312148E-4,3.079731712969338E-4,3.118149358021053E-4,3.1774922917245557E-4,3.257130805145878E-4,3.357748324627624E-4,3.4817235630979216E-4,3.633514905002689E-4,3.8200698202656483E-4,4.0513214478279664E-4,4.340887241786031E-4,4.707147635438948E-4,5.174970099394748E-4,5.778493411521067E-4,6.565673598519828E-4,7.605866960530621E-4,9.002910501221341E-4,0.0010918712517631209,0.0013618195936492563,0.0017560786158431812,0.002360238817363045,0.0033489289465992397,0.005123805555425961,0.008775162810889563,0.01806541800521223,0.050919577334692774,0.14331771904687712,0.05775191675153689,0.019915664136612853,0.009552870105035543,0.005584112901511018,0.003688068970575378,0.002640676719500693,0.0020082905753114203,0.0015978558628938944,0.0013157071005233086,0.0011134491645423247,9.634060566673425E-4,8.489941017302626E-4,7.59921172165972E-4,6.896464719455277E-4,6.339576843712413E-4,5.901351320707818E-4,5.564470525655531E-4,5.318488166431655E-4,5.158236916024869E-4,5.083429330884947E-4
14.999999999999998,0.5865250741946436,0.5888665612428253,0.34993074674564556,0.18455761477769456,0.10324213370909571,0.062474261609152135,0.040480475602941345,0.027784370698182986,0.020041145077917884,0.015103267585632435,0.01183419406402564,0.009596686732776681,0.008015471371637444,0.0068598984184963345,0.0059830290718979546,0.005289020285383059,0.00471535494921665,0.004222826772607951,0.0037891856485854363,0.0034041404846618436,0.0030648216365837177,0.002771822950802713,0.0025263170745768644,0.0023285018654412544,0.002177184484960105,0.0020700312975926033,0.0020040124139474444,0.0019757346892362126,0.0019815456779474386,0.0020174408751601537,0.0020789186931424422,0.0021610089668175547,0.0022587214243721576,0.002368061413818514,0.002487527250134498,0.0026197572209443586,0.002772960982078767,0.002962086668589494,0.0032102348128020064,0.0035514249166104283,0.004036487908839563,0.00474515714678017,0.005810794516048758,0.0074733601389489705,0.010203027807154257,0.015025076631439895,0.024518231218536003,0.04657068335145133,0.11175870525952092,0.29809993821423003,0.20328215515829123,0.07064665483336961,0.031318942823348496,0.016845604488294787,0.010250832241351811,0.0067939571065435,0.004804124850523088,0.0035808240288692774,0.002790999783757551,0.0022607786213214693,0.0018925526048418505,0.0016281629516203568,0.0014311621494773098,0.001277798233907566,0.0011523254166898019,0.0010445485876827074,9.484488537178044E-4,8.611923149900589E-4,7.821645295046336E-4,7.119829451343042E-4,6.516366085024536E-4,6.019137040376068E-4,5.631566113762523E-4,5.352590342821178E-4,5.177712114783767E-4,5.100026444023816E-4,5.110647182542028E-4,5.198478134800939E-4,5.349714655985185E-4,5.547805887869998E-4,5.774720653770473E-4,6.013974158657439E-4,6.254895216143263E-4,6.49653766816316E-4,6.749436859144099E-4,7.034844545579549E-4,7.385551947509641E-4,7.868581838431968E-4,8.670841076652676E-4,0.0010076626321097978,0.0012016963275170245,0.0014563276149297394,0.0018090056357678694,0.002325162150911594,0.003121638030894593,0.00443593558544449,0.006823691815765238,0.011843636715240255,0.02516789865303192,0.07536802751880428,0.16304989560874084,0.05097988112539215,0.01822986060035161,0.008888154146592624,0.005196322264111869,0.0034063325794802856,0.0024160696199529647,0.0018156647246351052,0.0014260410566444605,0.001159360894214039,9.68660610754873E-4,8.271332588794583E-4,7.187036014556357E-4,6.333778189304394E-4,5.647838983211689E-4,5.08786238837302E-4,4.6265991273240504E-4,4.24576075701574E-4,3.9327353326298664E-4,3.678502801301421E-4,3.4763887176759696E-4,3.3215013417998805E-4,3.207482931117171E-4,3.110849354372423E-4,3.071210000229069E-4,3.060252847782755E-4,3.076301576146484E-4,3.117616905931196E-4,3.182571512378909E-4,3.2701687247620756E-4,3.3804530913795485E-4,3.514947961757379E-4,3.677136787658914E-4,3.87299175131736E-4,4.1115840039536406E-4,4.4058676046062473E-4,4.77380806769174E-4,5.24013284622456E-4,5.839146191957643E-4,6.619348396528124E-4,7.651184466656878E-4,9.040455473336833E-4,0.001095253919161599,0.0013658558894610055,0.0017629436573775449,0.002374385166050236,0.0033798044492902835,0.005193521959227189,0.008945064369916246,0.018557448418403413,0.05283705081798533,0.14502893404031048,0.05673724122052721,0.019735874279396493,0.009511081205090158,0.005569342599279245,0.0036793502568899074,0.002633237366051004,0.0020019136797207893,0.0015932140685147166,0.0013132775542050504,0.0011136879209741573,9.66632878053669E-4,8.55364274489496E-4,7.694385170138445E-4,7.022087886177341E-4,6.49435183039167E-4,6.08486564909073E-4,5.778892091273992E-4,5.571269983653883E-4,5.467197305074346E-4,5.488356009604251E-4
16,0.5916158310614568,0.5906567658534974,0.35272131692085334,0.18725230410604415,0.10507500520763101,0.06356743085418991,0.04107733712222604,0.02807491348421968,0.020152185590174364,0.015115256076236285,0.011797260354052673,0.00954202511807938,0.00796260017112144,0.006820909379610102,0.005964796973745117,0.005294166639975209,0.004742671636509916,0.004267782151935857,0.0038449119307796503,0.0034629010305441813,0.003119564685869224,0.0028173141513706678,0.0025595733739642197,0.0023486062102249473,0.0021847793887369215,0.0020667904060237986,0.001992264781839677,0.001958282180130078,0.001961621601202716,0.0019987052242127082,0.002065359217553462,0.0021566252285463152,0.0022669394259675984,0.002390972779831039,0.002525212690073276,0.0026700082105919603,0.0028315597898415017,0.003023517125972799,0.0032684874532580375,0.0036005752961692887,0.004070916761132245,0.0047595015809215055,0.005799906155634119,0.007432803383330036,0.010131359007742508,0.014931585039612219,0.024449577354239256,0.04671669895753419,0.1129281295601084,0.3012682589544288,0.20487162858888253,0.07194058259060186,0.03210535942323969,0.017313790639493433,0.010527484280171912,0.006952937830975105,0.004890145434807502,0.0036219596811888593,0.002805332515183623,0.002260227639575406,0.0018851995787877197,0.0016196560798300526,0.0014254942875031472,0.0012776415397262296,0.0011590825244409762,0.0010583057023402073,9.680309852981316E-4,8.844580781501664E-4,8.065263823858965E-4,7.349860374814227E-4,6.713918935444877E-4,6.172783484776707E-4,5.736926739653256E-4,5.410796896626342E-4,5.193807954379831E-4,5.081906835713367E-4,5.06864962982093E-4,5.145364560454273E-4,5.300534816014225E-4,5.519012689908779E-4,5.78206179258151E-4,6.069261524194485E-4,6.362601511818675E-4,6.651642538753605E-4,6.937338759898809E-4,7.232536282867292E-4,7.561700452355891E-4,7.981881415494824E-4,8.683893883125815E-4,0.0010011184859865345,0.0011921028622031572,0.0014450164099267717,0.0017958506943458303,0.002311233241746561,0.0031106784934910614,0.004436668229057542,0.006855763730166669,0.011956691572373971,0.025519446551396246,0.07656769398076134,0.16419625749615072,0.051509291705202305,0.01845351635228286,0.008987661640195661,0.00524136869335334,0.0034250543964132224,0.0024215535585482575,0.0018146969832900242,0.0014224128678414123,0.0011552811574135212,9.654165486062424E-4,8.254206414289936E-4,7.188045139099283E-4,6.352702157660262E-4,5.68224906351269E-4,5.133879729380833E-4,4.6796216004261777E-4,4.3011213249170816E-4,3.986231589809834E-4,3.7267588910370824E-4,3.517056124055995E-4,3.353357996691279E-4,3.230088398252082E-4,3.121809571744464E-4,3.075005105782242E-4,3.058585736539436E-4,3.071577446098841E-4,3.1127559152807605E-4,3.1807545115163723E-4,3.274560417626014E-4,3.393889508371916E-4,3.5396193228666445E-4,3.714318024386283E-4,3.9228727004229474E-4,4.1732306848491825E-4,4.477314494793281E-4,4.852254081884744E-4,5.322204054517E-4,5.921201884827382E-4,6.697842911899833E-4,7.723154306127886E-4,9.104289434527371E-4,0.0011009346607175942,0.0013714787426279647,0.0017702223801974865,0.00238729257801265,0.0034075404379876654,0.00525914328616766,0.009116318536243739,0.01909256581923461,0.055076486233363794,0.14648850990722798,0.05539714886201227,0.019490164544736916,0.009456271267777087,0.005554497471253018,0.0036735050537572496,0.0026285792395148023,0.001997288052832194,0.0015891203626583498,0.001310308884490417,0.0011125848984715526,9.681131282919007E-4,8.600760491129385E-4,7.779764115091776E-4,7.151920507923891E-4,6.676880174776934E-4,6.334267681943934E-4,6.124371391375408E-4,6.082994106092803E-4,6.372530065048408E-4,0.0011119751800906302
17,0.5970080530272872,0.5922569659018793,0.35535163630161953,0.19008893899869148,0.10713829292001041,0.06486562457163243,0.04182563984286278,0.02846676137283471,0.020325644734823876,0.015161627595137799,0.011775091944784436,0.009488615817868465,0.007901959583665373,0.0067687071962316955,0.005931062412218431,0.005284441071594257,0.004758298662897564,0.0043060490877424445,0.003899670235529782,0.0035259321366423136,0.003182413687609369,0.00287294935393315,0.0026033251857200865,0.0023782700293948334,0.00220015731967955,0.002069064207180591,0.0019834854933086345,0.0019410914475692662,0.0019391882587193427,0.0019747819817111587,0.0020443150037375655,0.002143281073140799,0.0022660609734723343,0.0024064013009808447,0.00255884641863402,0.002721047125310445,0.0028963966455024487,0.0030963367604190575,0.003342244277375201,0.0036678584171186885,0.004124359589064136,0.00479167415528389,0.005802865521855344,0.007397686912983221,0.010048904774443205,0.01479638125928714,0.024279306609438417,0.046642355262270306,0.11366562072665384,0.30390481630084093,0.20578086136525597,0.07308521420857093,0.03291421461458506,0.01784102429441697,0.010861697559976895,0.007157884664499706,0.0050094419087730845,0.003685391581583583,0.002833228166924514,0.002266510443798582,0.0018795549483351037,0.001609026941136287,0.0014150289186941317,0.001271180804849202,0.0011592738217709037,0.0010664775199704297,9.840364589014617E-4,9.067245692785795E-4,8.324474423716805E-4,7.6157885462049E-4,6.959685658707726E-4,6.378857175714786E-4,5.892370246987033E-4,5.51218228300835E-4,5.243253986797511E-4,5.085395569793935E-4,5.035151565177579E-4,5.086757198259976E-4,5.231907134932742E-4,5.45865165899453E-4,5.750273529351795E-4,6.085438938516096E-4,6.440821931373745E-4,6.796223912853929E-4,7.14013712305965E-4,7.472376688782493E-4,7.803626842974006E-4,8.173823577670234E-4,8.768652533579552E-4,9.993882968607115E-4,0.0011850872750945826,0.0014344232057391757,0.0017810210395624777,0.002292001533494045,0.0030890358393256727,0.0044191143682441114,0.006859321092145544,0.012028624543872546,0.02582095383047649,0.07776827038010382,0.16525921765611223,0.05205854146376834,0.018719081428305716,0.009118625793189864,0.005307818695255196,0.003457774088316823,0.002435739867921573,0.0018186425600391467,0.0014209880172756084,0.0011514953820537432,9.611809706067821E-4,8.21940797884256E-4,7.16789995474976E-4,6.35053322211807E-4,5.698391172380018E-4,5.166347541318498E-4,4.724792689702194E-4,4.354449896612465E-4,4.042935716193526E-4,3.782403923713351E-4,3.567985772975059E-4,3.396988795666656E-4,3.2646626443864804E-4,3.143463902330723E-4,3.087544191814222E-4,3.0628729676659885E-4,3.069414190351548E-4,3.106738761281969E-4,3.174081442610661E-4,3.270817710275911E-4,3.396774934780506E-4,3.55260253844935E-4,3.740273577762042E-4,3.963744901379035E-4,4.229793702388426E-4,4.549072176852615E-4,4.937490103685798E-4,5.418160737998284E-4,6.024352283117243E-4,6.804235917844928E-4,7.828861432299757E-4,9.206074183571053E-4,0.0011105849717159934,0.0013808888821673288,0.0017806151671270819,0.002402025696851504,0.003435245011212146,0.0053232409023873705,0.009290443164987502,0.019675550073917306,0.057702112642637006,0.14731923678235126,0.053564276876399905,0.019119336977268097,0.009363179182241752,0.005527865290838314,0.0036651897614440273,0.0026246499228508484,0.0019941195224375836,0.0015862098013235159,0.0013078899362678315,0.0011114210079491565,9.692372066052443E-4,8.647733775593086E-4,7.879736751221286E-4,7.332441742768463E-4,6.994202401142436E-4,6.963475583954077E-4,0.0010943869386632837,0.03834053231207519,0.019232199786545164,0.08613204389401084
18,0.6026040453586414,0.5935647353195382,0.3576697432163059,0.19297990520821265,0.10941021746289273,0.06637902116741476,0.04274524204222156,0.028979528272007248,0.020577706636544228,0.015254776580173315,0.011776787215114328,0.009442798275296382,0.007837469868503305,0.006704951041623923,0.00588133473982636,0.005257448996492863,0.0047584653150283315,0.004333303256360271,0.003949522793073378,0.0035904460952138908,0.0032520871359263577,0.0029388754957413742,0.002658794171047394,0.0024193676117010366,0.0022254952438686727,0.0020790970212947574,0.001979838893479864,0.0019261313802677409,0.0019158770440802163,0.0019467540953199427,0.0020160352736619397,0.0021200900709090406,0.0022538791075387607,0.0024109243343218775,0.002584292871514684,0.002768858106506943,0.0029644878571451747,0.003179296270313356,0.0034323290778168138,0.003756191683970456,0.004201699196182968,0.004848422653571853,0.0058283118531950555,0.0073786486719129565,0.009968139144092844,0.014632160528111844,0.024013423724433602,0.046321154867605664,0.11382014725788354,0.30568504739851715,0.20575919511059507,0.07392842143018667,0.03367806788414795,0.018402699638602714,0.01124886318267668,0.007412543017124602,0.005168438192045751,0.0037777171767015777,0.002880530607925733,0.0022844752969447824,0.0018794501655157339,0.0015990763680890348,0.00140146213711476,0.0012589009002083862,0.0011521307555811262,0.0010671865975447655,9.938797324962262E-4,9.252929682456151E-4,8.577120950701664E-4,7.904175685391067E-4,7.249832923420124E-4,6.641621763298878E-4,6.107718905640083E-4,5.669725130709806E-4,5.34045049564194E-4,5.125218272167483E-4,5.024403736906324E-4,5.035478535836706E-4,5.153725628974197E-4,5.371512962473477E-4,5.676604090376217E-4,6.050606344568112E-4,6.469151855012023E-4,6.905077624421908E-4,7.333973584173507E-4,7.73857823334483E-4,8.10883952025065E-4,8.456950346864627E-4,8.94884406506589E-4,0.0010052944750864184,0.0011835725842224262,0.0014276301012037763,0.0017678065993082283,0.002270754226976087,0.0030593298117263267,0.004383735853638348,0.006829522576229519,0.012042255272775085,0.026024415413012945,0.07883820535326826,0.1660344020134653,0.052541010491693775,0.01900321077319608,0.009275828039647806,0.0053963094827983605,0.0035070145498891773,0.0024615675546594243,0.0018302789215551012,0.0014241523860670704,0.0011499073579639397,9.573431553833928E-4,8.175665482163764E-4,7.130408051263497E-4,6.326701984363459E-4,5.692178940930419E-4,5.178782529493917E-4,4.754476020465588E-4,4.3981455256539835E-4,4.096252288645914E-4,3.8405020536764345E-4,3.62622452959503E-4,3.45146742868701E-4,3.312149772616022E-4,3.178290468933044E-4,3.11254988242736E-4,3.077688758628357E-4,3.074800018617846E-4,3.1044741871327466E-4,3.1668281405855254E-4,3.261993554424502E-4,3.390374923434422E-4,3.552933879189402E-4,3.751601868631496E-4,3.989882991673424E-4,4.273695296911604E-4,4.612505000054448E-4,5.020850742237544E-4,5.520460233668258E-4,6.143365401249493E-4,6.936789512447039E-4,7.971257518185514E-4,9.354720245356499E-4,0.0011258342712444848,0.001396619140326189,0.001797748910353004,0.0024235219207622612,0.0034694278331041223,0.005394380609495177,0.009480009811616522,0.020336378783375554,0.060869406664758416,0.1469780461364582,0.05104007792521387,0.018542407670855326,0.009191265974317228,0.005466843922095521,0.003641144826537938,0.002613593742607743,0.0019878469435522595,0.0015820321980673344,0.001305029573027626,0.0011104257647405469,9.718032567401485E-4,8.746787805990234E-4,8.172861931791889E-4,0.00101560847463985,0.03395068002806017,0.03087808972863966,0.06502862955110354,0.012237935733259922,0.009012093572049075,0.04259073602550166
19,0.6082797754313584,0.5944729678584886,0.35950293147954265,0.1958056648459876,0.11184676236026592,0.06810762553453321,0.04385335688458437,0.02963358458708571,0.02092640883565309,0.015409092338531435,0.011813321159861959,0.009412679233122768,0.0077747636797927235,0.006632948698542201,0.005816589540378728,0.005211861766917804,0.004739830008399066,0.004344892637508071,0.003989554250337716,0.0036523484543951137,0.0033260531299804446,0.0030143211668004935,0.002726704969587281,0.002473641417977201,0.002263091617525943,0.002099411090815078,0.001983872422604523,0.0019158539438632945,0.0018939267142082643,0.0019164606723391505,0.001981655844116127,0.002087071489546997,0.0022288796746744314,0.0024012898324819397,0.0025968157157170127,0.0028080327116945356,0.003030940193361546,0.0032691802966797984,0.0035379825345395136,0.003867561601184209,0.004307626293002365,0.004937041057735378,0.00588622782582383,0.007388772737694372,0.009905922049402422,0.01445981034714942,0.02367361178871409,0.045755334636850165,0.11327722851079068,0.3062926921192673,0.204605753639402,0.07430397117437008,0.03430483362868581,0.018955675886023836,0.011673568085452456,0.007715547394331162,0.005371794007836501,0.003905428255532169,0.002953680307921853,0.002319834020289479,0.0018897064550322628,0.0015937096684490277,0.001387715363240702,0.0012425778791367373,0.0011380800575481478,0.0010594016408914796,9.95227628187606E-4,9.370348890136614E-4,8.791470613327516E-4,8.1900240607459E-4,7.570304472769351E-4,6.958370078755461E-4,6.389340873133222E-4,5.895724725471123E-4,5.50093777462411E-4,5.218392542242774E-4,5.053894352243987E-4,5.008739130533938E-4,5.081816354938784E-4,5.27001523363772E-4,5.566932393928894E-4,5.960482263020814E-4,6.430722038423454E-4,6.949693528119008E-4,7.484263837781531E-4,7.999801671769467E-4,8.459558000903335E-4,8.834074107688961E-4,9.245431358979816E-4,0.0010217955437242401,0.0011908825323987745,0.0014284195131362878,0.0017606523090815845,0.002252650042089603,0.003027134840879334,0.004335456308826214,0.00676777052590726,0.011987820605357115,0.026085643091908445,0.0796204580920068,0.16628608017370616,0.052841906759586,0.019265846089746616,0.009445217384973392,0.005502902114205859,0.0035730349770957937,0.0025009889877541454,0.0018521149092282255,0.0014344380436559104,0.0011528144608610553,9.558330062117629E-4,8.137855750377763E-4,7.085610664577168E-4,6.286307184730527E-4,5.664027154314281E-4,5.167585473891994E-4,4.7621050943725125E-4,4.4239624036976344E-4,4.1375815718105216E-4,3.8932569705806203E-4,3.685626249972143E-4,3.512786033085844E-4,3.37084468991697E-4,3.226752276079147E-4,3.1524492771727394E-4,3.1070870856635905E-4,3.093012019336974E-4,3.111991565354364E-4,3.1652175289141805E-4,3.2538417527864025E-4,3.3792208225427657E-4,3.543140275594E-4,3.7481297098506154E-4,3.997952815748791E-4,4.298356070714514E-4,4.6581689564468865E-4,5.090878331899284E-4,5.61687947945501E-4,6.266785135129115E-4,7.086532856858358E-4,8.145729416795225E-4,9.552068162256729E-4,0.001147763204973145,0.0014209741060751265,0.0018256139635342346,0.002458164469956635,0.0035200830548384925,0.005488743884486118,0.009715019183996613,0.021154880380033044,0.06494247356995843,0.1446566704411733,0.04760056343310742,0.0176561405180872,0.008880819079432119,0.005332609124938967,0.0035742395363296893,0.002575512721006227,0.001963177779468345,0.001564339130456398,0.001291994631618753,0.0011058275276367522,0.0010803202713889402,0.09223845908897649,0.09809896976019171,0.04264284747420027,0.022476002907743934,0.008264888365709351,0.040614210080012314,0.005539368387295357,0.002475556258559673,0.0034279550365710915
20,0.6138889136463905,0.5948801645965497,0.3606671594688255,0.19841417559375968,0.1143759536443307,0.07003620133095619,0.045161711796638644,0.0304489111384776,0.021391350305970728,0.01564096831692991,0.01189760524242729,0.009408179090625144,0.0077212502299931806,0.00655781093273505,0.0057395844162530015,0.005147915140422496,0.004700087248467027,0.004336382129946686,0.004014163866781409,0.003706187768415508,0.003400205171717756,0.003097166699482336,0.002806904150070425,0.0025424424197149345,0.002315223551713303,0.0021327388535632053,0.00199848016730568,0.0019131616969699317,0.0018761526668041855,0.0018864967065150414,0.0019432904786679166,0.0020454118147007453,0.002190721411169572,0.002375060405678376,0.0025916866668725604,0.002832064930812967,0.0030887394920366272,0.003360115857902909,0.00365591192706778,0.004002083810110373,0.004445889160872312,0.005064850726615422,0.005987580717530798,0.007443256800277759,0.009883082086014874,0.014308074704424044,0.023298352896390248,0.044984406811528765,0.11199452877324495,0.3054802895978017,0.20222969954427764,0.07406235733673827,0.034685646587332496,0.019436341734113596,0.012105249846122256,0.008056774736808726,0.005620159452686968,0.004073778415423266,0.003059218129470865,0.0023789435483515258,0.001916000344610911,0.0015978226824149106,0.0013778705639472823,0.0012253514694574221,0.00111905388498884,0.001043521470293637,9.86752366736466E-4,9.3907002393185E-4,8.929666772554985E-4,8.435911542027216E-4,7.892760086799497E-4,7.314347206654522E-4,6.735832004363024E-4,6.198942753022391E-4,5.739827466505683E-4,5.383405046105784E-4,5.143738240903008E-4,5.0274317888895E-4,5.037210746801411E-4,5.17405348231794E-4,5.437289288665722E-4,5.822712378311409E-4,6.3193507480938E-4,6.906247752358617E-4,7.550808550028642E-4,8.20809802460528E-4,8.815328125978273E-4,9.288775930465722E-4,9.670180310917729E-4,0.0010516034361279637,0.0012104120367370113,0.0014409432729678956,0.0017648212207916419,0.002244419054270488,0.0030008845854389865,0.004284230062995959,0.0066840165341045445,0.011869385516242196,0.02598014678885056,0.07996772856708802,0.16580239085865425,0.05283824840120292,0.019452305155683764,0.009602366392222454,0.005617175100050012,0.003652289201023716,0.00255386351118821,0.0018856288263225274,0.0014540021978153704,0.00116255254658683,9.588906345540019E-4,8.125794247911682E-4,7.049652432240433E-4,6.241055832301467E-4,5.62074290140847E-4,5.134594033205156E-4,4.7449613218212536E-4,4.425529978862504E-4,4.1581832357107774E-4,3.931004244053672E-4,3.7369656114689145E-4,3.573242588703828E-4,3.4352835675028405E-4,3.285942563821752E-4,3.2069184733937153E-4,3.1531598892658975E-4,3.1282566850214E-4,3.1352201170520825E-4,3.1764181217292225E-4,3.254165169050163E-4,3.370988721860283E-4,3.52984514365035E-4,3.7343847601184894E-4,3.9893466438777547E-4,4.301180865743353E-4,4.679024246394554E-4,5.136197383212825E-4,5.692467415774218E-4,6.377480848514334E-4,7.236106455159815E-4,8.337120650311949E-4,9.788104834615931E-4,0.001176253108479345,0.001455219400331251,0.0018676208172381736,0.0025128040971816572,0.0036000288055962177,0.005631057503665742,0.010050566942100459,0.022302777800284525,0.07074468405551025,0.13896027271927028,0.04296124170177556,0.016318625323775076,0.008338438045343287,0.005054207252749359,0.0034047261691907173,0.0024553541378244063,0.0018647230646219076,0.0015054741132190161,0.03684986056497258,0.31736697774889605,0.03558600642328465,0.11365245202054397,0.010493673150456009,0.020663552539412842,0.011193743738693881,0.0031641072429119408,0.003419947258902385,0.004363090173675574,0.0011675478132119558,9.340039894319903E-4
21,0.6192705331206766,0.5947052808520874,0.36098196648620307,0.20062480790399376,0.11689309202996288,0.07212815203283707,0.04667246931960856,0.03144319573437929,0.021993086601966506,0.015968736236863693,0.012044549011171624,0.009441068665274164,0.007686120395776028,0.0064864943634729685,0.0056550427229562035,0.0050678220786365535,0.004638614317330117,0.004304298884792433,0.004017660078740452,0.0037453739334427417,0.0034686570880640994,0.003183468700780397,0.0028978409133573533,0.002626325894603713,0.0023839021236080646,0.0021819031525876996,0.002026847733763522,0.0019213659757542556,0.0018658914693454678,0.0018601507605416963,0.0019040129966465477,0.0019975915142940296,0.0021406295618887398,0.002331333546146975,0.0025651118941166446,0.0028341435314988045,0.0031289990500343984,0.003443067622365903,0.003779171464410351,0.004156641199472542,0.004618055505069331,0.005238279493497976,0.006143710303545429,0.007558939485580659,0.009923802369193376,0.014212521778611086,0.022941841033240987,0.04408841826044036,0.11003290104101657,0.3031366900284267,0.1987078211275383,0.07311259948897446,0.03471387213209553,0.01976461334464601,0.012495324355551422,0.008412984916994558,0.005906758060456413,0.004284773263878965,0.003202820287232512,0.0024684009613333826,0.0019646718265214427,0.0016171425022441306,0.0013769950144314356,0.001211588221024229,0.0010985230474862607,0.0010217306425224404,9.688708214958252E-4,9.297417867602022E-4,8.956358602101246E-4,8.595985870094884E-4,8.172854778231679E-4,7.677149313471118E-4,7.131532962188706E-4,6.579415603589102E-4,6.068585724272463E-4,5.638573285934584E-4,5.315833449403869E-4,5.115356504288469E-4,5.045013350712913E-4,5.109611614165168E-4,5.31312203666415E-4,5.658567270316046E-4,6.145602488040753E-4,6.766275983598272E-4,7.499810797637399E-4,8.305886072831439E-4,9.10945332503706E-4,9.772941286516053E-4,0.0010214151095598123,0.0010964975408246137,0.0012451062020223372,0.0014692188554888729,0.0017858541809274888,0.0022537502544101432,0.0029912086619819688,0.004244574803855563,0.0065974005995382,0.011709351331050777,0.025719942524405934,0.0797956924312647,0.16447575583044116,0.052435791428732566,0.019503364738126205,0.009714086320353248,0.005721290457885844,0.003735962128994314,0.0026166341781279955,0.0019302439609162711,0.0014838777225717292,0.0011809527830427768,9.68669830924523E-4,8.161394589347716E-4,7.042974742426741E-4,6.208562229575432E-4,5.576032154914663E-4,5.088786916200221E-4,4.7068529586865963E-4,4.4015602474527314E-4,4.1523367967573793E-4,3.944781215332702E-4,3.769553578614398E-4,3.6219867757764947E-4,3.4958285894345263E-4,3.348484237386296E-4,3.2713334193100804E-4,3.2142677214437354E-4,3.1818344188187374E-4,3.178177111014087E-4,3.2068194884265366E-4,3.271265623513837E-4,3.375280034400864E-4,3.5231260775388836E-4,3.7198423035425646E-4,3.971614652106142E-4,4.2863282148152183E-4,4.674427962532725E-4,5.150282796388471E-4,5.734346455389935E-4,6.4565819519144E-4,7.361952768892607E-4,8.519476597287894E-4,0.001003781051646385,0.0012093595001753054,0.0014986427646008803,0.0019253766446776517,0.0025933741715210455,0.003723867455996996,0.005856057849107588,0.010581425310676861,0.02414169450770278,0.08021734380891614,0.12695425047388867,0.03660317669724189,0.014252454578764357,0.007355287821426771,0.004435630086725172,0.0029164975105233993,0.0031629747331167607,0.10325312803860899,0.06331069814021627,0.2901233539017847,0.024512605120187516,0.016329320801465232,0.03136870892178899,0.004785209545484493,0.003534300763322552,0.007256906346417462,0.0020895391734044783,0.0010087148629938248,0.0010719331996718424,0.0022329381095353143,0.003405769320155914
22,0.6242603326004452,0.5939070010165752,0.3602910915116815,0.20223858641492257,0.11925871088238726,0.07431890931402901,0.0483726863225896,0.03262880729349029,0.022751976070012087,0.01641243306749742,0.01227111934049819,0.009525031044033003,0.007680333277308533,0.006427752097858532,0.005569677240310063,0.00497601030077895,0.00455702807477218,0.0042469776280096745,0.003995164190117253,0.003762793085987949,0.003523828611996615,0.003267053707644906,0.0029959282629040775,0.002724455388606214,0.0024704626677561274,0.002249598803952444,0.002072358361205885,0.0019441398073236846,0.0018669420220028068,0.0018413079061381035,0.0018677415547101882,0.0019473373084236167,0.002081579359973309,0.0022713459080248976,0.0025153225531913347,0.0028084840927816287,0.0031419663669759895,0.0035059366871535696,0.0038961687207634326,0.004323131608470783,0.0048215867610466165,0.005461241634382763,0.006365204769579844,0.0077535687914437905,0.010054917342124041,0.01421422300702771,0.0226712218817131,0.04318481055161865,0.10757252019429213,0.2993446895403629,0.19432030239197,0.07146379225524419,0.03431433216136678,0.01985737864867952,0.01277911381336592,0.008744291627025579,0.006212947890461539,0.0045338882793468024,0.003387460055007293,0.0025942120116891746,0.002042395108209991,0.0016580529750309444,0.0013909439115143002,0.001206621067376269,0.0010812548721973953,9.97964908207961E-4,9.441460973761868E-4,9.095581177885285E-4,8.851464273141686E-4,8.627112318042943E-4,8.35495657827374E-4,7.993857542906206E-4,7.538916809987474E-4,7.020177457926289E-4,6.488766244846808E-4,5.998411056943938E-4,5.592176267035428E-4,5.298387179723361E-4,5.133420501482581E-4,5.107002050999795E-4,5.226833786835305E-4,5.501102975344142E-4,5.938434021238538E-4,6.545200981721763E-4,7.320100877962676E-4,8.244380141732213E-4,9.257839641156527E-4,0.001019731004980614,0.0010830158621077976,0.0011560917468833476,0.001296579597351847,0.001516341547649024,0.0018287748150278465,0.002288400467698305,0.003009820378256935,0.004234149251314389,0.006534800753180964,0.01154884839425857,0.025364288665193527,0.07913927346403787,0.16238580915378711,0.05161517067310767,0.019374430406519233,0.009745441231073449,0.005791685949291937,0.0038094977861415904,0.002681181040460491,0.001982154665582224,0.0015229941508804535,0.0012085852803067798,9.866625884428569E-4,8.264226770668686E-4,7.086872458118411E-4,6.209837864612664E-4,5.549061924098085E-4,5.046140150272538E-4,4.659404958163059E-4,4.3584761569078823E-4,4.1209113293746747E-4,3.93020134015483E-4,3.774714505410577E-4,3.647535558634495E-4,3.5399304920199543E-4,3.402574321974331E-4,3.3357972634893654E-4,3.283359305277597E-4,3.25004366854411E-4,3.2406694305818913E-4,3.259656949624674E-4,3.31156509560074E-4,3.401322386953767E-4,3.5344596041438976E-4,3.717414485457721E-4,3.95794302498136E-4,4.2656945913878045E-4,4.653059066412854E-4,5.136474017623485E-4,5.738504724050049E-4,6.491218220308001E-4,7.441751203377754E-4,8.661717857521039E-4,0.0010263675825610621,0.0012431383964036373,0.0015478975547871428,0.001997588943838116,0.002703677256124772,0.003908014995207703,0.006215799061753927,0.011489640482115,0.027569671298543923,0.09871876925524846,0.10164315467989238,0.02710242174186052,0.010484953539941015,0.005046720872414915,2.540878817776158,1.566537769556253,0.09202557449896592,0.19182897915387362,0.025057104008049728,0.04768169975051177,0.011378622894735372,0.004370059795372725,0.006139853025989472,0.007615388914091054,0.0017743657294979859,0.001212540863892199,0.0015388470246570452,0.0032767194429294652,0.002513545245464008,0.0018073036973268296,0.0018763816297346291
23,0.6287044394926695,0.5925062032560969,0.35848787678253385,0.20305605724603054,0.12130165407262992,0.07651013055878175,0.050227362860009256,0.03400822626535518,0.023686109706520016,0.016993215329130163,0.012596349329494026,0.009675773913472008,0.0077166392207416,0.006392045554095064,0.005492072460753301,0.004879132239207659,0.0044595130568331615,0.004165326284214125,0.003943714651812864,0.0037518799754566574,0.0035570289396382464,0.003339397874476588,0.0030948909746974012,0.0028337973942147237,0.002574910260141781,0.002337995841512382,0.0021384109187229045,0.0019854513740645663,0.001883519536084255,0.0018343568940387448,0.001839071671583211,0.0018994186132347492,0.0020181989784794803,0.0021987488228554877,0.0024435167262072503,0.002751991725176141,0.003118935741177314,0.003534799988269696,0.003990431226494467,0.004486680363456863,0.005047148875120908,0.0057324269337586855,0.006659781168174698,0.008044435572588134,0.010305016895738518,0.014358524698465021,0.02256331756452415,0.04242030406691326,0.10490773801997891,0.2944118588318511,0.18954906334358082,0.06924998618311706,0.03347473331775581,0.019651697201268022,0.012886448411446838,0.008994770688384458,0.006504116942065046,0.004805473847811723,0.00361018134014244,0.002760075032422276,0.0021554581928392904,0.0017273344073785483,0.0014262001024930725,0.001216502655556515,0.0010729391025975513,9.775177190656664E-4,9.171392007011871E-4,8.816286120744275E-4,8.622139698235311E-4,8.505700632401437E-4,8.386783623008063E-4,8.196813461180245E-4,7.894241116991601E-4,7.477007566730197E-4,6.98139145007186E-4,6.465970362270697E-4,5.990715358885211E-4,5.602780413079213E-4,5.332971802953861E-4,5.199667406160874E-4,5.215148214164674E-4,5.391011948359102E-4,5.741347397645376E-4,6.283356745487435E-4,7.035160171012816E-4,8.00888290327784E-4,9.187424250873582E-4,0.0010439462641090792,0.001141452905824346,0.0012258874285108517,0.0013636423816380657,0.0015831880844993406,0.0018968399747046985,0.0023549094412021543,0.003068018512130904,0.004271691299880894,0.006527722196677054,0.011443520270903732,0.025018586948686035,0.07818769061488165,0.15984810404407052,0.050468272241491925,0.01905898413751097,0.009672491375079901,0.005805007891285082,0.003854578549747495,0.002734779801192977,0.002033458544855783,0.0015671268590875208,0.001243806542247116,0.0010129222889434944,8.445354381427734E-4,7.198525843498397E-4,6.265197651624617E-4,5.561157925536485E-4,5.027285201174484E-4,4.6210080306806676E-4,4.3109708398422373E-4,4.0736397189031855E-4,3.8911872148936335E-4,3.7503538453685707E-4,3.64233799291791E-4,3.555879913845624E-4,3.434367280867218E-4,3.3859931262803596E-4,3.347417543951825E-4,3.3225371771412865E-4,3.3159200930391774E-4,3.3322041085160676E-4,3.376551727906272E-4,3.454765395738048E-4,3.573437521265065E-4,3.740229493684374E-4,3.964312448054959E-4,4.2570109490089287E-4,4.6327360255259657E-4,5.110376518589123E-4,5.715456740847911E-4,6.483609316535047E-4,7.466352837360904E-4,8.741024518057012E-4,0.0010428518636021288,0.0012726530526066529,0.0015975849977742885,0.0020803468278667147,0.0028464496254524225,0.004177521262573297,0.006816689478028486,0.013270008005337418,0.03605983300078007,0.14163213554360504,0.047690194886091,0.013243044738375367,0.4415851615681737,0.36581737146658994,0.43192193004790363,0.09891703602137118,0.05039291381618252,0.06223043662093032,0.008781476355797988,0.005762180837831831,0.013577656275470359,0.005807061381365154,0.00221945680118397,0.001816856015395571,0.0026177494134666857,0.0034205246320881274,0.002301923741857548,0.002078507384237588,0.002616887227604721,0.004190289315091666,0.003888217071042186
24.000000000000004,0.6324740618357376,0.5906090200314111,0.35554305394480645,0.2029027276599377,0.12282985046163113,0.07856699149603032,0.052171752185496995,0.03556759112679424,0.024807812113121736,0.017732091089131034,0.013041165801558063,0.009911184273870942,0.007809692824510882,0.006391495408328696,0.00543249496563907,0.004785862344925461,0.004352828349136159,0.0040632992588192805,0.003863329278248236,0.003708049735687099,0.0035596910848812095,0.0033901015613067957,0.003185355012713954,0.0029481847356336677,0.0026949533891323057,0.0024480484516414616,0.0022280546050934833,0.0020494280723842564,0.0019202171649219959,0.0018441356232561856,0.0018231247736043058,0.0018593670399962416,0.0019564229922892145,0.002119430033300683,0.002354284820131217,0.002665745968980943,0.003054797860338525,0.003516654139197092,0.004042068932142979,0.0046247602417331495,0.005275545933281456,0.0060412020826933425,0.007028448390821062,0.008445582194439824,0.010702799034998083,0.014693901469601672,0.022702004891784044,0.04196130330316419,0.10242268300506115,0.28886593488621065,0.18503652469018403,0.06672562715600845,0.03226555132105314,0.01913128065019904,0.012762075194973539,0.009101550439044438,0.006729332624886762,0.005068070096549153,0.003857257256975739,0.002964133213761412,0.00230812604377909,0.0018315396285088468,0.0014896844174938845,0.001247863963661055,0.0010798852512796063,9.665204486367783E-4,8.938019917133299E-4,8.513299120358238E-4,8.307182255039645E-4,8.242818792104905E-4,8.241713505179612E-4,8.223192733532188E-4,8.115001493256321E-4,7.872241433925995E-4,7.493207793830745E-4,7.019084543767532E-4,6.51582338511452E-4,6.050362370734753E-4,5.674917274520972E-4,5.423669043512879E-4,5.317763685865265E-4,5.372850207572045E-4,5.605664679219911E-4,6.038589049652754E-4,6.702283857055583E-4,7.635954883527947E-4,8.876916121866906E-4,0.0010385041659354518,0.0011807136049319551,0.0012950694581156063,0.001440186015777152,0.0016663958111261536,0.001989501448711365,0.002456543135712231,0.0031745326420334887,0.004374398152193123,0.006608284840474929,0.01145621326089337,0.02482121675590294,0.07727883148774838,0.15739771259067767,0.04920382133969622,0.018605183038923452,0.009496693273853087,0.005747956851991859,0.003854703691567829,0.002762503563023926,0.00207258412113031,0.001608329004903775,0.0012818394480488475,0.0010451341391128,8.69927672291431E-4,7.384351923914457E-4,6.388720411227419E-4,5.631033858571084E-4,5.053361356623983E-4,4.613435031311134E-4,4.279783683439648E-4,4.02855478381627E-4,3.841436376410097E-4,3.7044579053798925E-4,3.60783115323882E-4,3.5385247405096486E-4,3.43323712680504E-4,3.4071993145341425E-4,3.389702547255015E-4,3.38270190824638E-4,3.389326643349531E-4,3.413309971093078E-4,3.4594907742665365E-4,3.533852088459076E-4,3.643550955351293E-4,3.79709367312586E-4,4.004726923625503E-4,4.279102474643511E-4,4.636303711272499E-4,5.097399734413781E-4,5.690839674615588E-4,6.456270434446879E-4,7.450876565619673E-4,8.760378355610709E-4,0.0010519053862695497,0.0012948325250817245,0.0016436599068103477,0.0021720384028843954,0.0030348930630520504,0.004610026665847681,0.008058234706452373,0.01881347778243841,0.1028396754114694,0.022980331832056312,0.6179166097351313,0.832967366537498,1.4375396471398565,0.15785114390136637,0.16249686005694072,0.055142385212494587,0.011350214127768229,0.009623834445833894,0.021643247922058545,0.006141622751466324,0.0032772471101942973,0.0031365025855085325,0.004319639971934416,0.003299609330178078,0.0024184268630533536,0.002538170442643102,0.0037693726024799483,0.006139401479616671,0.0039649034828915086,0.0021024403314694523,0.0016102726204267157
25,0.635478854999659,0.5884266914330961,0.35153099978473656,0.2016598273170107,0.1236505670247199,0.08032178458120641,0.054104681389156126,0.037268415917353165,0.026118112572484333,0.01864744242795687,0.013627762920788362,0.010251446430526728,0.007976284048802754,0.006439954823914016,0.005402738958002477,0.004706572755001541,0.004245998698655597,0.003947920059169492,0.003757703804663702,0.0036301727747413233,0.0035252042912432852,0.0034082540378190325,0.0032551077335046166,0.0030575237928386787,0.002824750899334113,0.0025783797729278185,0.0023432851553531427,0.002140041384848948,0.001981926572783081,0.0018759223803357437,0.0018254728303584826,0.0018332306182483424,0.0019030307236185162,0.002040934845272531,0.002255296250375998,0.002555669207074781,0.002950399883562569,0.0034433476940654963,0.0040317170036647315,0.004708814197853719,0.00547565374554882,0.006362467882156985,0.007459225359110157,0.00896228120126,0.011273346134055128,0.015270022986539202,0.023176584184173045,0.04198659328287217,0.1005579931632386,0.2834189834596019,0.18151934227178404,0.0642322059637128,0.030836821812665137,0.018343539945910266,0.012389984663352168,0.009014207872450877,0.00682972222180578,0.005273300837697497,0.004098868146348757,0.0031937738323398832,0.002499285338618082,0.0019753932100274297,0.0015882190399967506,0.0013078057754983491,0.001108915335502755,9.715859359876993E-4,8.80779704329655E-4,8.25404819994603E-4,7.970715309199902E-4,7.88790198896849E-4,7.937546336146718E-4,8.044660080532262E-4,8.126620256162137E-4,8.105048046657461E-4,7.928345993559687E-4,7.591972929477677E-4,7.140219337277247E-4,6.646373284692166E-4,6.185464803043058E-4,5.816201981567942E-4,5.577357315816321E-4,5.493779776328858E-4,5.5854183262416E-4,5.875725055901894E-4,6.399015634254135E-4,7.208287297191541E-4,8.382600890323616E-4,9.994309160043578E-4,0.0011838472079429227,0.001346017872126459,0.001513213986496091,0.0017558763193139275,0.0020994281818224546,0.0025899507024103384,0.0033319776339131375,0.0045540904663274135,0.006804307287911684,0.011648384156412802,0.024923493124934738,0.07685279577320674,0.15570458886402852,0.04811523274753773,0.018114810440855358,0.009253043052891898,0.005627023007260417,0.003803368029113493,0.0027527437216958305,0.0020872220725650756,0.0016359153685477261,0.0013145777965251986,0.001077870729184815,8.995030410379291E-4,7.631646693979905E-4,6.581043682634715E-4,5.768627336002734E-4,5.140554115375241E-4,4.6568406082585906E-4,4.287201970854133E-4,4.0083713086223183E-4,3.802314675946527E-4,3.655157973862184E-4,3.557061677071195E-4,3.4942952318515184E-4,3.3983118190683516E-4,3.39130025921214E-4,3.3959694543660596E-4,3.4120958273407457E-4,3.440618619267031E-4,3.4832720299910803E-4,3.543350309911827E-4,3.6258660852018197E-4,3.7375776053290803E-4,3.887083303747584E-4,4.085112195946782E-4,4.345122450507923E-4,4.684339160182135E-4,5.125432168242733E-4,5.699191054055811E-4,6.448870267447896E-4,7.437519897718849E-4,8.760993436591163E-4,0.0010572503193042291,0.0013132697599041207,0.0016922699309539892,0.002293841961181041,0.0033645562178309177,0.005761792287243755,0.019490948023805663,0.4417871346812604,0.3048397382565523,1.6427843244652538,0.795331679359596,0.5121787520438847,0.46782057080196005,0.10625889154726428,0.022915648020733377,0.019238275866359893,0.025082231476113007,0.008129558598835875,0.005324722701875293,0.005919347423426065,0.0062502299526934115,0.0034437283668408056,0.0026518184086461016,0.003003730264784493,0.0049874325906004,0.007625664582549793,0.00426321745432443,0.0023600139769900533,0.001823340979572432,0.0018478396618902683,0.0023262856106491202
26,0.6376772291479068,0.5862878907959106,0.3466496384932999,0.19929556138939103,0.12359969981728114,0.08158723039286837,0.055886078595667125,0.039038484087058,0.027598722178213644,0.01975059370836233,0.014378028703830514,0.010718913668238841,0.008235655098985358,0.006553267437573777,0.005416125061725429,0.004653034678425685,0.004149810996722263,0.003828838581026961,0.003634281737435833,0.003521613688757164,0.0034509513504001805,0.0033847393098454,0.0032905293460310982,0.0031477071675508317,0.002953640113719201,0.002723686376408866,0.002483796600992537,0.0022604150265024344,0.0020735931362226533,0.0019354264113333628,0.0018521632831641772,0.0018274627158959059,0.0018652547146444977,0.0019717181089973354,0.002156342102855577,0.0024319844298631376,0.002813603377154071,0.003315355853167531,0.003946645972026853,0.004709957681025899,0.00560604341705838,0.006652464012280329,0.007918548028537238,0.009581221236280545,0.012029940363576698,0.016132696161733757,0.02407969065154627,0.042684040421349226,0.09978208511550335,0.2789143308002514,0.17976007423411638,0.06215198656169455,0.029392110370898422,0.017396124212486163,0.011808780642479583,0.008718535090173434,0.006758060898044044,0.0053641671205077,0.004287387350361118,0.003419573085817409,0.0027167369339232235,0.0021582213215435727,0.001726912243676993,0.001403442719146218,0.0011673563126775482,9.997648512938514E-4,8.850186094301177E-4,8.110628772518449E-4,7.689276076303571E-4,7.517847599874894E-4,7.53809767369814E-4,7.689942561096192E-4,7.901786185661044E-4,8.08850876018952E-4,8.163511316604537E-4,8.064667266229484E-4,7.780360869604378E-4,7.355284406492681E-4,6.869774277445839E-4,6.408410984790468E-4,6.038345902840971E-4,5.80455714606677E-4,5.736724666537848E-4,5.860154770711269E-4,6.207179126794994E-4,6.830557126626741E-4,7.82493105208999E-4,9.346041219118926E-4,0.0011425625120954077,0.0013589005600925187,0.0015633952915920942,0.001833472673721535,0.0022095115293904125,0.0027406302446551616,0.003531148675904692,0.00481070418390523,0.007131824678225005,0.012069676487995108,0.025467499856747636,0.07738205708868792,0.15544516229245586,0.04752426153534873,0.017723649958954472,0.009005953759506156,0.005471923517272287,0.0037106623212084205,0.002704111619081475,0.002069854830450031,0.001639990620782103,0.0013322438957812893,0.0011028941677497005,9.271427451871597E-4,7.900571862528806E-4,6.820848507153893E-4,5.967301315518036E-4,5.293235156340395E-4,4.76358375480677E-4,4.351235182139643E-4,4.0348881911051E-4,3.797733778688277E-4,3.626726381900574E-4,3.5126926723224325E-4,3.4420482926317617E-4,3.342389107141048E-4,3.3435578431999637E-4,3.3630267629652255E-4,3.3992741862110405E-4,3.4514256031164967E-4,3.5190119002091405E-4,3.6030465887707485E-4,3.706475288871945E-4,3.834423227969017E-4,3.9944039570805973E-4,4.196623436893399E-4,4.454535407301586E-4,4.7858463286845615E-4,5.214254325611568E-4,5.772396394125658E-4,6.506898137088041E-4,7.487376076828015E-4,8.823589148042412E-4,0.0010701461873445827,0.0013470532040006475,0.001791287779103969,0.002659778076778108,0.011994836699329997,0.5533849174278449,0.12536151219314656,0.6414795292365211,0.17311688180709991,0.8063911674987992,0.4449238205549031,0.39896707204482007,0.08162896414113126,0.04692447647606568,0.03647364180003332,0.013362276100220331,0.009708522550741564,0.012170155160414203,0.009347780740055458,0.004213375262790025,0.0031088254309130916,0.0034624440437825317,0.005794297453985554,0.008001498369042497,0.004621208175494014,0.002810314853971986,0.002243092178749492,0.0022379094313738366,0.002549464121743266,0.0025785854584216435,0.002077346488479947
27,0.6390831251407741,0.5846398119260668,0.341229590743601,0.19589009027631177,0.12257612196104001,0.08218144233023303,0.057343152715650055,0.04076459928398568,0.029201726603451873,0.021038572598418667,0.015310227584645066,0.011337300633646713,0.008609753964753662,0.006749718832388046,0.0054877498910778505,0.004638308935184035,0.004076322084398659,0.003717587111498379,0.003503641452442574,0.0033903982904145225,0.0033398495061694017,0.003315024986443924,0.0032794397322448137,0.003202011424308787,0.0030655415567440386,0.002872884780755067,0.002645019016748786,0.002411459927470341,0.0021995615046121434,0.0020286373705417256,0.0019097995075077463,0.0018489907147272175,0.0018506177248004353,0.0019205338938253862,0.002068137188255233,0.0023076379634597763,0.002658343955350798,0.0031434512293039975,0.0037868328141448613,0.004608575075791407,0.005623343770755382,0.006850058495716842,0.008343242963588774,0.010255956578925224,0.012958190098863866,0.01731116069334806,0.025500285311461215,0.04424870627608151,0.10057542892412127,0.2762709721579875,0.18049237797184978,0.06087052047854518,0.02815345793114801,0.01643358572369947,0.011106936515017589,0.008250714625909185,0.00650299618448296,0.005295843923086991,0.004366216343039496,0.003593129567381228,0.002930275125690712,0.0023675397474767837,0.001905229462613089,0.0015402060687437526,0.0012626562847866411,0.0010586678700578696,9.138338057722113E-4,8.155953662413595E-4,7.540777732002069E-4,7.219174303645911E-4,7.135466319628278E-4,7.241778160822778E-4,7.486141500542152E-4,7.80132136026997E-4,8.100298057434764E-4,8.286863597545985E-4,8.284186367380244E-4,8.067942005024853E-4,7.678952741677866E-4,7.203519258264257E-4,6.737362691822903E-4,6.35859479940833E-4,6.120496259883034E-4,6.05890227224124E-4,6.205693957397707E-4,6.605861637988092E-4,7.346314781134051E-4,8.613023599822042E-4,0.001065037419048784,0.001322308023801892,0.0015712662615596337,0.0018760809522523775,0.0022930250452723846,0.002879585010102448,0.003744051383501028,0.005122110167603935,0.007582088856128706,0.012741206713275619,0.026558786011497564,0.07929248772112399,0.15715491292218334,0.04772039872374395,0.017573379060422046,0.008834749862769591,0.005329739873041486,0.003603476484108905,0.002629434217207319,0.002023357932037916,0.0016168592344681547,0.001327499081851891,0.0011116028314746525,9.446770926128721E-4,8.12362068332847E-4,7.058739374131168E-4,6.195630936117494E-4,5.495656900064699E-4,4.930598891051636E-4,4.47865502709446E-4,4.1223575273807554E-4,3.847543326740567E-4,3.642996236930687E-4,3.5009291506121526E-4,3.4084525718482253E-4,3.289914316681135E-4,3.284215376903218E-4,3.304367385392207E-4,3.348926933044832E-4,3.4165196855618485E-4,3.505505513893525E-4,3.615158791669416E-4,3.7463056851257565E-4,3.9018355066912857E-4,4.087192656173614E-4,4.31092384157134E-4,4.5854100887602375E-4,4.928013006927866E-4,5.363032206670208E-4,5.925209214693802E-4,6.666332172544137E-4,7.668824105130158E-4,9.078391678514363E-4,0.00112090327370853,0.0015235157989764718,0.02513333809627226,0.9332827013194878,0.07029035757521662,0.1771330820180113,0.05371959947874391,0.2775566746107763,0.16960923859855803,0.13892331486913967,0.28844873540842775,0.11613429570051065,0.09139481996195623,0.03025959788565848,0.020400462299352,0.027079060732918082,0.01755838731145662,0.006782434592836307,0.004418380339435246,0.004414483759069401,0.006603959638508457,0.008009363423227837,0.005013003170533894,0.0033835197693826255,0.0028538660678887775,0.0028788805312793234,0.00301187782897982,0.002569140244103225,0.0019750468976986917,0.0017056634303181104,0.0017394821096790457
28,0.6397707998959188,0.5840360408274126,0.3357303581835977,0.19164748520402686,0.12057339492223382,0.08196271759836685,0.058289492314355686,0.04229201494461698,0.03083882231960427,0.02248353023090241,0.016432827112203643,0.012129410966428873,0.009123061973082934,0.00705058599432471,0.005635030831513281,0.0046769618704756944,0.004038603984592026,0.0036268285994316843,0.003378426305524533,0.0032483818917119146,0.0032006898140061104,0.0032014270781284913,0.003214874838364501,0.003204545196068636,0.0031401831883399373,0.003007818997130684,0.0028155698575858317,0.0025895159644070175,0.0023621073284170635,0.0021612355679436926,0.0020055156877953166,0.0019054175863672121,0.0018670668406100318,0.001896206682264581,0.0020013898170630324,0.00219639855525657,0.002502031964739066,0.0029470508964107764,0.0035675695396918824,0.004404143579663527,0.0054975487021459496,0.006889310519563328,0.008640819503855606,0.010891820185385483,0.013990616858319666,0.01879100693652514,0.027502566274103715,0.04687285625005978,0.1034241038875759,0.2764302483294099,0.1843737303915038,0.06076203333656073,0.027335363669273933,0.015607737509635643,0.01039963640999595,0.007690378581053274,0.006101994526579541,0.005061043238563413,0.004292809379183268,0.0036572119776093395,0.0030893001593817085,0.002571106092562809,0.002109608637360336,0.0017173537212390078,0.0014005064757923755,0.0011561361871078816,9.751964752385512E-4,8.466235584420515E-4,7.601530314337925E-4,7.075351539789888E-4,6.826425092610526E-4,6.809520884409761E-4,6.986446724224629E-4,7.314144034349794E-4,7.731739050277863E-4,8.152377510686145E-4,8.470207316846216E-4,8.58967441939003E-4,8.466499938823347E-4,8.130864262007787E-4,7.672150105631813E-4,7.198406780112895E-4,6.801692545704848E-4,6.546171782960184E-4,6.475258279590141E-4,6.629238844354381E-4,7.076665462521344E-4,7.990211079441369E-4,9.735581868357382E-4,0.001243119142302801,0.0015285013671626209,0.001865632619013925,0.002321551973529904,0.0029671360454836173,0.003921285225514542,0.005433574971556337,0.008102392375975638,0.013626400731123325,0.028220718336744978,0.08286331577075297,0.16105866995137305,0.04889947558426298,0.01778521853816454,0.008816692879478732,0.005253298291713881,0.0035186828895087266,0.002553497687161204,0.001962555194365624,0.001573066766018237,0.0013004028151077614,0.0010995586562195271,9.4517219301138E-4,8.223937228303814E-4,7.22316805690789E-4,6.394963522042168E-4,5.705105098189387E-4,5.13100525860036E-4,4.656623094644173E-4,4.26963219491744E-4,3.9600423983101804E-4,3.7198318885887075E-4,3.543658799767196E-4,3.419941497997827E-4,3.269548019418252E-4,3.2428578482822303E-4,3.247894602862192E-4,3.284293340124696E-4,3.351441389055904E-4,3.447993336198812E-4,3.5729827891094846E-4,3.7264055195903434E-4,3.909773048020251E-4,4.1267723183815953E-4,4.3840989954095974E-4,4.692578506992053E-4,5.068844732436937E-4,5.538221502939514E-4,6.140497492026384E-4,6.944195942317399E-4,8.098334951728128E-4,0.0010329418538876744,0.13781146414130124,0.42289578829125,0.04854455327042468,0.08598052546526906,0.02407107783933001,0.10358623005843708,0.06391902346564055,0.0402558702683862,0.08866704920038558,0.07773807393900681,0.10397768681237657,0.11736618751849803,0.05419457124641259,0.06357780249264686,0.04520640043405194,0.015353108427546572,0.00840250776881006,0.007108163291663202,0.008675003718723139,0.00901255905707977,0.005909025900250187,0.004298222294246035,0.0038358522698699036,0.003997300571466054,0.00396560287900057,0.0028901318604864067,0.0020194229133189637,0.0016877102253654557,0.0017134822641211925,0.002071958578207261,0.0027717550697781822
29.000000000000004,0.6398811835306438,0.5851114787797855,0.3307249585731838,0.18689072686412572,0.11769937466151749,0.08086692272030567,0.058558203482911075,0.043436752045532774,0.03237466104952099,0.024019611886682207,0.017734302727656092,0.013112140573269458,0.009801259981336735,0.007480491890435462,0.005878494862743285,0.0047856817882089165,0.0040509085459230505,0.0035699131466459502,0.003272244183695534,0.003109734046412207,0.0030470195278427922,0.0030537285746672794,0.0030983739743604246,0.0031453084510086387,0.0031572067639684203,0.0031041314637984714,0.0029750395042242514,0.002782971719202246,0.0025586392255967827,0.002337028087527725,0.0021464826987038902,0.002005165485433084,0.0019233459933681923,0.0019078737781645161,0.0019665042782560094,0.0021114733083569446,0.0023625609438060057,0.0027499207678479973,0.0033164981601356393,0.00411921760520323,0.005228033956074269,0.006724422377824285,0.008709053324215038,0.011343909577976641,0.014977977501544728,0.020467471634665425,0.03007609605396595,0.050707425774738864,0.10880006515750243,0.2802894901921737,0.1919108035385014,0.06219574239064239,0.027138396229807835,0.015057918183162662,0.00980189721824436,0.007136159563553878,0.005631156144004044,0.004701182261852265,0.004065545944220025,0.0035721275236164497,0.0031353313734355133,0.002714716063323788,0.002304316234640248,0.0019192492667256232,0.0015794968584679394,0.0012980292644826355,0.0010774186483030312,9.125867977296766E-4,7.951427662476373E-4,7.165956241360463E-4,6.699249999873058E-4,6.499567584140086E-4,6.530402425201358E-4,6.762784271648842E-4,7.163686085123361E-4,7.681464913750871E-4,8.233257545987814E-4,8.70580963243565E-4,8.982090497745933E-4,8.989248135280912E-4,8.736401811254465E-4,8.309561666743209E-4,7.828574325736924E-4,7.402273634619126E-4,7.10836245596108E-4,6.999190029228635E-4,7.130247054635244E-4,7.642424672384973E-4,8.938976605076381E-4,0.001145390739430783,0.001446157024538637,0.001801668346375464,0.0022807752079286032,0.002969502015354553,0.004004442924633003,0.005659691577331941,0.008581247927931116,0.01459219179319947,0.030317250255354828,0.08806693835205875,0.16685412755927675,0.051079666020742244,0.018433482427382988,0.009012563812241305,0.00528994077508457,0.003493737673445323,0.002505943863697443,0.001910134229455924,0.0015246295705722975,0.0012605399011406929,0.001070472601728792,9.274823609086015E-4,8.155433700218385E-4,7.248721396860882E-4,6.494482041004445E-4,5.855897428788177E-4,5.310694744665523E-4,4.845375440461383E-4,4.451454668439833E-4,4.1231978645232635E-4,3.856625324682401E-4,3.6499573864610816E-4,3.4937626527116087E-4,3.3046509000273904E-4,3.248358056801026E-4,3.2263243592578646E-4,3.2397236924170195E-4,3.289295383164366E-4,3.3748426590415886E-4,3.496356003982118E-4,3.6545020687401756E-4,3.8510709099001146E-4,4.089595555421919E-4,4.376302235794691E-4,4.721653426202689E-4,5.143174718558157E-4,5.672125894076903E-4,6.380018145156042E-4,7.731872669299145E-4,0.8184644691148321,0.2727119745046837,0.03503980676649868,0.06377795050599891,0.014554639280579602,0.04608727525053561,0.02826013246832413,0.017078418968017726,0.032653500921020734,0.030525029554304594,0.019729463133489448,0.05161257123380737,0.15336923272060712,0.1439970948233314,0.14444162752847584,0.05137387156736708,0.022305263930299978,0.015104986029852378,0.014481200963529608,0.01255516949105698,0.008055376197760571,0.005994346229408192,0.005561718626354787,0.006099235733234335,0.006115105641688082,0.003989919815049889,0.0024110194875349793,0.0018032738005280531,0.001677388746546459,0.001900321622677153,0.0024989094063134075,0.0030336865453549776,0.0026266011562205353
29.999999999999996,0.639634395980775,0.5885463268466131,0.32687827664679636,0.18204100148018046,0.11417641262196722,0.07893584008053721,0.05804363524826511,0.04401531125978242,0.03363186522651038,0.025531046575988432,0.019168619583121944,0.014287088630908919,0.010667410094945557,0.008066899247963433,0.006242581211303988,0.004984277955196952,0.004129351773540766,0.0035609809841130598,0.003198983401244355,0.002989369237691774,0.0028950140410933132,0.002887678967744021,0.0029410203452358823,0.003024898073001268,0.0031028876973567213,0.0031360953796425958,0.0030942886634149464,0.002968852401788739,0.002777308003509324,0.0025546398178661976,0.0023382466163595385,0.00215711437693489,0.002029370164897539,0.00196560781300739,0.0019740114014484313,0.0020651676662597905,0.0022563052002321656,0.0025755091492867866,0.003066483012967526,0.0037939865383194824,0.004849421196983577,0.006356110622353005,0.008477857848816866,0.01144923359599751,0.01568226498541322,0.02208885213304401,0.03304334144740517,0.055760265527996206,0.1170776488727193,0.28857555425977954,0.20329435685027858,0.06554205325586156,0.027760698536729227,0.01490892026186439,0.009413268109566492,0.006680535194351099,0.00517858306303117,0.004291701467205757,0.003731954196647293,0.00334403017308954,0.0030329370136885038,0.0027385771610712083,0.0024301667557510382,0.0021049024626353025,0.0017805740938711529,0.0014815933930769595,0.0012263613236055048,0.0010223574130941372,8.681076152247128E-4,7.575609785512213E-4,6.836786488345134E-4,6.403839511264332E-4,6.232256980778774E-4,6.292671483666745E-4,6.564776514426122E-4,7.026629050557662E-4,7.639185500623124E-4,8.329215980689573E-4,8.981624305629541E-4,9.458327650952985E-4,9.649196144863655E-4,9.527208620153579E-4,9.161988107948243E-4,8.679800265794446E-4,8.20660283403711E-4,7.834669267973673E-4,7.62911859948274E-4,7.706424804855927E-4,8.470888839432051E-4,0.0010588017581096745,0.0013512998068875236,0.0017056572077135139,0.0021834946516877357,0.002882095055282878,0.00395771259834277,0.005716381934996439,0.008866911369064399,0.015393449344396435,0.03246601473606093,0.09433163229222137,0.17347143995384928,0.05397097489386675,0.019503896261728684,0.009450494085278071,0.005472255980518222,0.0035589631478168383,0.002513873460946344,0.0018898961705612995,0.0014918251524132877,0.0012242039087027171,0.0010361486002575233,8.986343923845899E-4,7.94203927793168E-4,7.119456414648658E-4,6.448906276934907E-4,5.885817927231417E-4,5.402293842603617E-4,4.981669015002399E-4,4.6147176342106175E-4,4.2969604311495245E-4,4.027017197710802E-4,3.8064513708335545E-4,3.628285052352452E-4,3.4034774333994045E-4,3.3180774909861033E-4,3.2650607371712974E-4,3.247505210761664E-4,3.2677165799970345E-4,3.3268015595977257E-4,3.4259684090713323E-4,3.5670530165136856E-4,3.752925701686569E-4,3.9880399012468204E-4,4.279393124826486E-4,4.638679476160895E-4,5.091529251672734E-4,5.859288791537779E-4,0.2040682850555141,0.14738589766009225,0.022931854715667156,0.06798578694555323,0.011123877903561527,0.025699140736661286,0.014941903770146168,0.00873245659168877,0.016420258094501896,0.019152913556981312,0.007652477611427811,0.010954010418072285,0.033651754155417185,0.11402461284960605,0.18001729419323176,0.21703689952734515,0.09069055244205164,0.04555442717099088,0.03306542663690855,0.022259258766178524,0.012737750462718385,0.008928473323311153,0.008164754656743503,0.009375198052876016,0.010414969388297212,0.006918015566688686,0.003704961019731164,0.002396592698161336,0.0019343288337664683,0.0018985629323873252,0.0021988615963687208,0.00257986235463135,0.0024236539546023425,0.0019484677328494582,0.0015877133057464153
31,0.6393521470534599,0.5950215612063643,0.32492682546007146,0.1775881836652893,0.11032114250654286,0.07632511667162144,0.056738742714967656,0.043889377913792174,0.03441573686210103,0.026849670703443938,0.020638953785636197,0.015625414612862584,0.011733605634381552,0.008837413712150953,0.006755867200505601,0.0052968834265281865,0.004293119542173403,0.003615729252550944,0.0031728529556525275,0.0029019618200086155,0.0027612791963790113,0.002722018460479108,0.002761409792759946,0.0028561466372792046,0.002976778483925676,0.003085496798705789,0.003141114811705152,0.003112281663092345,0.0029920433106294425,0.0028018599728468177,0.00258079151435447,0.002368825528497128,0.0021960427234912544,0.002081110532906258,0.0020355645445013057,0.002069646412116403,0.0021978279310995077,0.002444151790932864,0.0028484110792874745,0.00347439921533833,0.004421362718047901,0.005839691746762181,0.007953260603143929,0.011099658519181807,0.01583312681973983,0.02323860105729425,0.03594054843118873,0.06169444140120593,0.12830036739328154,0.3015680511993002,0.21806884527508885,0.07113217108641845,0.029414217045179915,0.015283500496157816,0.009319254713271956,0.00639847916918838,0.004820870067206873,0.003912868546513005,0.0033681367657045296,0.003028271850518301,0.0027986533348921976,0.0026139796249994383,0.0024268630360748705,0.002208952197797546,0.0019553324636634325,0.0016824791084080644,0.001416873241126503,0.0011814701495693298,9.88559087149041E-4,8.403262551147575E-4,7.330173078896771E-4,6.608952520073523E-4,6.186299375663135E-4,6.02297323235123E-4,6.095118505779949E-4,6.390179365364428E-4,6.897844181470961E-4,7.59491351367596E-4,8.42482509199169E-4,9.280280685586162E-4,0.0010008447710324207,0.0010456308927539952,0.0010541048176095809,0.00102915907692394,9.822918901197751E-4,9.268415368269708E-4,8.731356734929779E-4,8.332369457820816E-4,8.49433691011435E-4,0.0010084983797636878,0.0012751936254831898,0.0016121756002604915,0.0020668499107066667,0.002739347892186025,0.003798629647278248,0.005577241910272495,0.008843719991312124,0.015746400148466688,0.03405030805487297,0.10035666791216168,0.179006123940725,0.056843222191072906,0.02082588531443795,0.010097316849244985,0.0058052573487753405,0.0037304793842364023,0.002596306559126434,0.0019211637820030392,0.0014933410294560058,0.0012088617327290546,0.001012187375647224,8.7161244984881E-4,7.680216456617986E-4,6.893571339392216E-4,6.277377383971558E-4,5.778936519675709E-4,5.362846380043505E-4,5.005805038697993E-4,4.693326325426083E-4,4.4174904406457346E-4,4.17547328417541E-4,3.969318610765212E-4,3.7927915114259274E-4,3.548494517010495E-4,3.446590964893143E-4,3.369976588444947E-4,3.324001995520701E-4,3.3128063636317243E-4,3.3388143378555333E-4,3.4042014301963164E-4,3.511432584167831E-4,3.6634648908700834E-4,3.863532511996055E-4,4.1140577182742494E-4,4.463354914426926E-4,0.013056577717834366,0.14931234893777404,0.013638490978765775,0.089451699809406,0.009601964805021344,0.017789170364988224,0.009489529299844415,0.004885060246350035,0.008775484067133061,0.017254503611969507,0.005558201000568459,0.005333514474954723,0.009936711855261222,0.030617076561156455,0.0540977565042466,0.09527583670585049,0.22345993049163881,0.2014148011018196,0.11552676552853049,0.061487786492056745,0.026082605684330077,0.014516291348389854,0.011576521476056529,0.012633061749535464,0.015619107050120805,0.012526439032679334,0.0067524274525568515,0.003961955038750224,0.0028169114824753596,0.0023750566786107843,0.002308142127480872,0.0023812872704241585,0.002216719766256266,0.001866663548825872,0.0015936769263313422,0.001434719018605882,0.0013470323182684502
32,0.6394907378256433,0.6051674586574803,0.32566738104728093,0.1740629900284321,0.1065107062307267,0.07328721445469517,0.05475224027702914,0.04301236190834679,0.03456051320091032,0.02777327124227369,0.021987802013772574,0.017048020577924806,0.012985742413438804,0.009812567701772142,0.007449414109615166,0.005752843635249558,0.004566053423516541,0.00375284619264641,0.0032092674687405637,0.002861937353774435,0.0026614999106212432,0.0025754452109050248,0.002581497764634356,0.0026613239338253735,0.0027941397244928895,0.0029508940123322966,0.0030919935134538735,0.0031731851202334424,0.003160874501821107,0.003048652202307798,0.002861250656321405,0.0026417835463626296,0.0024333207580187564,0.002267765812061747,0.002165079826364103,0.0021384923772410727,0.002201216853453385,0.0023730475608499434,0.0026874831895833807,0.003201219762435499,0.004008694168568629,0.005265525370449193,0.007227163261693626,0.010316463333487345,0.015261090162243248,0.023442652151396286,0.03797413010987463,0.0675546326583191,0.14170770577988304,0.3185572740258712,0.2346129296929255,0.07908533309188273,0.03231804038750399,0.016318710682913067,0.009604665330349711,0.006352199865582464,0.004615897610086395,0.003628581566719649,0.0030472962809946695,0.002701641527933515,0.0024966886582452595,0.0023707586481857912,0.0022761424859527816,0.002172790683956645,0.002031613553312209,0.0018423269567267432,0.0016166521493968182,0.001380683154957807,0.0011610556335172094,9.750518741333581E-4,8.289497427277972E-4,7.215487540813776E-4,6.484469989270489E-4,6.049549207609036E-4,5.87511103055044E-4,5.941071395319385E-4,6.241200870708133E-4,6.776473167033374E-4,7.541853180497774E-4,8.504806760468995E-4,9.579412223979803E-4,0.0010613157562243414,0.0011413473860161483,0.0011820580527954973,0.0011779813086463737,0.00113458835988162,0.0010617882622296414,9.729847589678063E-4,9.182488788144213E-4,0.001013991099596826,0.0012445183764300059,0.0015558954145213522,0.001976331217986338,0.002599992391299049,0.003596474964141217,0.005306230063559358,0.00852615259109821,0.015507939482947963,0.034481752997827256,0.10435036440789554,0.1812318445443752,0.058595540673776224,0.022017456213352618,0.010817011906546842,0.0062431681926874,0.003998112373923527,0.002757600278838078,0.0020143177018492747,0.0015420999274990358,0.0012285063595197138,0.001012893165444975,8.604151062903471E-4,7.499935981212694E-4,6.683080353310319E-4,6.066120464406331E-4,5.589700800681036E-4,5.212510709998291E-4,4.905448799471412E-4,4.6482219903260506E-4,4.4273866274196523E-4,4.235404091149896E-4,4.071029908444708E-4,3.925316362777704E-4,3.6887088796441807E-4,3.594538201767188E-4,3.5142946605136986E-4,3.455009183290958E-4,3.42245332496405E-4,3.4201037207932066E-4,3.450269385246791E-4,3.5134732254407224E-4,3.603914029522427E-4,3.6959358726460276E-4,0.0018504811506923104,0.12768556557955188,0.008912577491014737,0.10650285809469087,0.008622786796975734,0.013157751157619284,0.007485754012622769,0.0029777156762426935,0.004384274526742456,0.014611880814470657,0.005798027101208705,0.0042295455246232705,0.005686959578730788,0.011791427086414352,0.019413564396275944,0.027108917966529606,0.054272282248712916,0.14677182662432087,0.2564157667665335,0.23318711474841844,0.10615315136198439,0.036589240030901624,0.01997087884266437,0.016725175453372255,0.019152431239803532,0.018459464883309257,0.011421858659871512,0.006705387083649801,0.004503710117356424,0.0034641660974379443,0.002943196976575087,0.002609181012178921,0.0022549716070041116,0.00189728831489151,0.0016622183040759099,0.001549601824033275,0.00151217299447574,0.0014795336292191374,0.001345481456297757
33,0.6406810287487927,0.6195058505315416,0.32995876252712586,0.17202134802553287,0.10314769548089454,0.07013532688431524,0.0522960461937066,0.04145714600777586,0.03398519521425631,0.028111941757957306,0.02300785840738867,0.018408481695138278,0.014360835043884062,0.010990832293496067,0.008350689129943823,0.006386029518457177,0.0049781638017829,0.00399599265125735,0.003326557801169966,0.0028845380399718933,0.0026104213214179404,0.0024648371561675412,0.00242247351200524,0.0024663467020693214,0.0025819853722028456,0.0027510101559613054,0.002944832700722662,0.0031219001929211343,0.003234065411774244,0.0032439899285777282,0.0031442272362808893,0.0029619046960595637,0.002744320358868732,0.0025384584712604703,0.0023790930457408357,0.002288471405220161,0.0022824896076684064,0.0023785737796317157,0.002603916828260693,0.003005482798722792,0.0036651449655463165,0.004725804337808879,0.006439276180224779,0.009258289984224575,0.014026774198489016,0.022427524191216578,0.038244051189844995,0.0716562376089924,0.15509552675777677,0.3370424680857677,0.24960702703022755,0.08888756761820009,0.036612117326862224,0.01816585508454231,0.010368934592669328,0.006605355121653125,0.004610832515059549,0.003483802384161355,0.002822136878271559,0.0024298236589195728,0.0022032785899350257,0.0020818858577122084,0.0020238632359721063,0.0019936201831894027,0.001956767629359486,0.0018829052855548684,0.0017547315691471873,0.001576058688705659,0.00136952796246214,0.0011640499161060802,9.820897804654872E-4,8.347914880810581E-4,7.24126065596718E-4,6.473000132973096E-4,6.002807311896902E-4,5.797492842243258E-4,5.838940492503492E-4,6.125293192567289E-4,6.667346706020818E-4,7.478864662830103E-4,8.557438087065157E-4,9.854444663729804E-4,0.001124327767327594,0.001251249271192581,0.0013411052413185391,0.0013725822356646896,0.0013317527845442521,0.0012150179476930405,0.0010781553832026865,0.0010945807551212645,0.001281029108804271,0.0015654682733904754,0.0019523178505045048,0.002523508950602971,0.0034394796401321652,0.005029004807770972,0.008073857371033394,0.014820185132448448,0.03364153412075744,0.1049768525847226,0.1788731567606305,0.058278679698924626,0.022570040970942982,0.01135876466920073,0.0066648146419395005,0.004306178250861358,0.0029752624028189347,0.002163627649089848,0.00164083844244286,0.0012902401418122798,0.0010477478014448295,8.759124135185046E-4,7.517707858686846E-4,6.606792969758706E-4,5.929794031403263E-4,5.42102815241329E-4,5.034546068227546E-4,4.73740140687177E-4,4.505590619239105E-4,4.3217183527928776E-4,4.174008829529669E-4,4.0570354345218087E-4,3.9573408403355146E-4,3.7516358697954177E-4,3.6896700898555947E-4,3.6309847737207076E-4,3.581586235675339E-4,3.5464914333730927E-4,3.527012828110137E-4,3.517041422999479E-4,3.4775766325398876E-4,5.094254150255963E-4,0.027963155921212592,0.008174707085026742,0.04190961748707032,0.008198785988889092,0.009568517050044769,0.008990089666063374,0.0022214825183981602,0.002298059795701729,0.007716928271735724,0.006165951285780434,0.0038861861052689327,0.004399508075063881,0.007007636649526713,0.009034717652326364,0.010763321198237173,0.017502020850078178,0.040222158136713815,0.10282959915556693,0.1374143527387021,0.1834328146498187,0.21094644993550293,0.07239375451439128,0.034921291945325166,0.02749970886804075,0.02522890704670584,0.01731788705934586,0.010483903587300043,0.006918475296713303,0.00511496750977984,0.004070590712929879,0.0032454066731203387,0.0025101548287172018,0.002001005984048068,0.0017414825172531825,0.0016658471858228385,0.001716880273308354,0.0018316536211247267,0.0018473536247395035,0.0015759351700046988,0.0011757021944405728
34,0.6437677972693074,0.6383882574603841,0.3387352620208499,0.1720484797808991,0.10063644333409098,0.06720248191392897,0.0496472675851636,0.039409107754523644,0.03273342251804026,0.027753303683158006,0.023487130217499454,0.01949561975507675,0.015723015918209623,0.012323510755826154,0.00946895731220478,0.007229848743086637,0.005565853620807788,0.004375934490838497,0.0035483901078525973,0.0029878859990841414,0.0026231916374099694,0.0024053026438886796,0.0023025199889598457,0.0022952563406026458,0.0023710214671088235,0.002518976800159039,0.0027233791090406213,0.002956545499363327,0.0031750974293761787,0.003326178832517024,0.003366786285304438,0.0032862218168474545,0.0031127390066649895,0.002898019572710507,0.0026941608197166476,0.002540268211709248,0.0024622298149381376,0.0024799556922175995,0.002616891968538875,0.002910806819707795,0.003428538513091124,0.00429104004949099,0.005721615775292399,0.008145979936512435,0.012415120310931617,0.020351572736385517,0.03628194462064584,0.07209215471362909,0.16458557504676735,0.3521859526320646,0.2580630826550767,0.09872801864655967,0.04209446657894753,0.020930370563399414,0.011726357130700363,0.00723715754997463,0.004857075201169255,0.0035156633078841887,0.0027274452819210215,0.002255110084545045,0.001975433806046233,0.0018206030245468154,0.0017500038356638998,0.0017349424268145019,0.0017493158010763218,0.001764524116400299,0.0017501675860420738,0.0016820663437839144,0.001553599937060006,0.0013800686548719365,0.001190078734895941,0.0010109940817251437,8.598308004203599E-4,7.428001272190445E-4,6.593442285810686E-4,6.062993037118477E-4,5.805496693880141E-4,5.803126148681161E-4,6.056045077018513E-4,6.58232106336376E-4,7.413039731573861E-4,8.579150488621752E-4,0.001008464276238281,0.0011863995535801996,0.001373384953276281,0.0015357438996393712,0.001621332007897725,0.001560900670574067,0.00135895302162573,0.001274323347660883,0.0014054983632245809,0.001665023018973092,0.002027525815847863,0.00255862167992228,0.0034055135449436178,0.004875846868827359,0.0077083042357915035,0.014052394532351931,0.03207347536888214,0.10246107428415693,0.17282362339110158,0.05586403979756778,0.02216593730468754,0.011460430994662863,0.006893488721779234,0.004545544208940788,0.0031864130398303954,0.0023356686985095756,0.0017740172891169998,0.0013890586312240163,0.0011178956344626582,9.229190920860057E-4,7.804930393888215E-4,6.751934618485972E-4,5.966545278923872E-4,5.377371080127388E-4,4.934152418068466E-4,4.600768848827744E-4,4.3507843980051267E-4,4.164685874777693E-4,4.0285239755153497E-4,3.934455581542962E-4,3.865885658928882E-4,3.6890629336575894E-4,3.6618218452766235E-4,3.6330726793353224E-4,3.6031078494980516E-4,3.56693401504295E-4,3.4931689368054684E-4,3.4396946339981826E-4,0.01357804402260734,0.013742783501554485,0.014500427212135965,0.009085177117892607,0.006772875345937172,0.01914360415836931,0.002403388324039021,0.0015991699416819877,0.003244462158236248,0.005452271433213738,0.0033820019452915407,0.003543861502794158,0.005171338887237204,0.005553989837046219,0.004920673825083114,0.006526022613980673,0.012529393055903228,0.03319658016697515,0.0641413339431056,0.06262116941739758,0.08568876336406492,0.1925796621977457,0.17831408603299842,0.07820914254876496,0.0496934775812092,0.03147445973527086,0.018108255504512522,0.011409396504959122,0.008124194480068698,0.0062620924512669035,0.004766696063032645,0.0032994398693755975,0.002285297224516268,0.001796898202925497,0.0016326498739758113,0.0016795800131568657,0.0019081445999391058,0.0022412813036734804,0.0023435623559478597,0.001962532141882421,0.0014594342182630941,0.0011155393558484879
35,0.6498391344820638,0.6619383519514795,0.35302202866211724,0.17478583690401178,0.09937925502330536,0.06481122837909557,0.04710133000843263,0.037125893604174946,0.030973176756935547,0.026716211074174705,0.023283790585916352,0.020076311171887986,0.01685716999478024,0.013683909731399796,0.01076791498494958,0.008302996412236344,0.006367943167765102,0.004931648054048763,0.003906546042681612,0.003195910754434798,0.0027178852253316667,0.0024119419544185263,0.002237077438355595,0.0021675437333691467,0.002188405544364145,0.002291152006000285,0.0024686014566701426,0.0027081930084591724,0.0029840238208565044,0.0032514861625490363,0.0034523900043233365,0.0035357484797804133,0.0034845409862696696,0.003326164491444729,0.0031167649119442048,0.0029151421485171273,0.0027667684963645516,0.0027031086055243005,0.002750087206384076,0.0029399859806653566,0.003326314976204722,0.004006679027661276,0.005166093456912043,0.007170119348034562,0.010784733972994669,0.01775070093570262,0.03248785772939214,0.06794989196466267,0.1658403761768891,0.35780962198767613,0.2548298002735678,0.10515266557335115,0.04773602277211054,0.024470362131065265,0.01375206594523306,0.00834034775781603,0.00542286229057758,0.0037688088234474997,0.002793904729136616,0.0022043450044283083,0.001845727758924162,0.0016339255040453777,0.0015214614122617425,0.001479933676017772,0.0014896542147740666,0.0015323992819552908,0.001586069510772613,0.0016227909248717985,0.00161371931332309,0.0015408555780827987,0.0014078537700970364,0.0012386432526065826,0.0010638775728761278,9.073088729336155E-4,7.809656165037444E-4,6.876908015418284E-4,6.257400675338774E-4,5.923208568747462E-4,5.855631973355743E-4,6.054382207944425E-4,6.541451719507479E-4,7.361787521153432E-4,8.579222266124663E-4,0.001026199750874838,0.0012446873201535562,0.0015057392815473528,0.001769276068737672,0.001910926845236702,0.0017594042544457687,0.0015747156221594951,0.0016366058611568444,0.00187488578872628,0.002229062786369243,0.0027447055408977477,0.0035560055533812728,0.004951689777312403,0.007626915913158122,0.01361175332668506,0.03069203702144111,0.09870797414734042,0.16598600996814358,0.05245499999310858,0.02099478765896766,0.011058792377936303,0.006807128533746364,0.004599266076754688,0.003298911358977376,0.0024653805869016493,0.0018994098698451648,0.001499758368614971,0.001209918299501244,9.958233191093655E-4,8.356376483931083E-4,7.147024366521361E-4,6.228439496591433E-4,5.528331802885872E-4,4.994444578746911E-4,4.588487768869584E-4,4.282097831956827E-4,4.054170111140313E-4,3.8893988308701474E-4,3.77862663543818E-4,3.7034556667144366E-4,3.5235189448024133E-4,3.4989120862919624E-4,3.4664809050506803E-4,3.4042143067293816E-4,3.2552142238534936E-4,0.11555889865058887,0.1049833363553556,0.009133577630321974,0.013937652899942986,0.004824903469160333,0.020857534855465803,0.0043031351305886775,0.0016729394463156056,0.00191996898454543,0.003989111819395222,0.0027826658654526043,0.0027893336081068576,0.004044498165078762,0.005043928257063204,0.0030329188408014843,0.0028809006239442323,0.004264615534385458,0.009297404873886816,0.024082912363522738,0.031792928123478566,0.032324660170503026,0.04553993590139728,0.09432307879918692,0.20789157941544664,0.17862361900497223,0.09657746691828276,0.045524514647979304,0.024238115131931637,0.015657949306608344,0.011705367865967323,0.009057036976342572,0.006134018161381011,0.003649383891938298,0.002342102629150541,0.0017849573708372188,0.0016035788640687925,0.001670858073785555,0.001969233550634174,0.002387560448454408,0.0025211075745602573,0.002198450702014094,0.0017607403319881087,0.0014263284011166357,0.001210989903747821
36,0.660236940904995,0.690018426467296,0.3739312419679516,0.18097983181843114,0.09979584606442689,0.06326388636087919,0.04493551204490911,0.03488354998710803,0.02895365829147871,0.02515821912589971,0.02239563355130445,0.019980602980682594,0.017508808459634307,0.014851491855096035,0.012127838106473362,0.0095796670878908,0.007411612482336808,0.005707270575827542,0.0044429139518901845,0.0035418405253218126,0.0029190386808566407,0.002502970237708281,0.0022412188626827014,0.0020988620962005843,0.0020547836711461453,0.002097887682791633,0.002223304446097107,0.0024277020512150226,0.0027025199758155985,0.0030250003448394724,0.0033505909621429062,0.0036156683889650605,0.0037587201529140635,0.003752229626127066,0.0036195170404196035,0.0034207736816998686,0.00322346222453136,0.0030822829609887955,0.003037177400296615,0.003123253922663704,0.0033863166480466163,0.0039046027678056,0.004826397860987528,0.0064495977056804234,0.009414393791161418,0.015230016457892646,0.02793257809055671,0.06021833820277494,0.15679144740925516,0.34968098953127713,0.23778988583084631,0.10431244140409678,0.05135636327744999,0.0280142103798255,0.016299244045633297,0.009963418797306403,0.006386944403393179,0.004305962435355929,0.003063316965351395,0.0023047529537226176,0.0018352692737559336,0.0015457651436750384,0.001374356817745172,0.0012855264158625162,0.0012584064430638357,0.0012794613771821292,0.0013368816084271709,0.0014154598695328444,0.0014926450274055038,0.0015390457247361536,0.0015271442287810879,0.0014456809467731325,0.0013076947557023118,0.0011429574955947176,9.81716122972464E-4,8.437233001642908E-4,7.37156261601136E-4,6.628366566436519E-4,6.187340200548944E-4,6.029059649713701E-4,6.150633721434702E-4,6.574305925681824E-4,7.354108806784444E-4,8.583101097508421E-4,0.0010400869498346065,0.0012991071102018954,0.0016489170741023852,0.002032141519990331,0.002148471463436323,0.001970404126163339,0.001969733571099151,0.002197718266119123,0.002569866580680758,0.003109275577736494,0.003938912621534652,0.0053383028034188415,0.007981458345227411,0.013826813534768969,0.030367160491049892,0.09632498822918423,0.1618217186922351,0.049638745111362126,0.01967359257448187,0.01038561845392082,0.006461305460058237,0.004440419559272542,0.003252770364081466,0.002486702823310214,0.001958354449107367,0.001576202661499677,0.0012906060158681203,0.0010725327891594188,9.037692936538982E-4,7.721333775431381E-4,6.690307671029677E-4,5.88154438605615E-4,5.247540541789112E-4,4.751955343327953E-4,4.366751345881634E-4,4.07027114452602E-4,3.846152975031602E-4,3.683734192502103E-4,3.5617595028533596E-4,3.3305833411392165E-4,3.2466076764049067E-4,3.115777738251328E-4,9.785849120487256E-4,0.025348111725059998,0.008427596068367274,0.023124317855256392,0.003976671707466056,0.007613853597326886,0.012017663207826473,0.002389450892876964,0.0018355997345176113,0.002584126300671195,0.002238340131661895,0.002087480880317166,0.0029813919448345347,0.005096269736565407,0.0032402681922569796,0.0019607710686157308,0.0020770582009176763,0.003270475261661713,0.007402942342101266,0.014199241152736611,0.01601714073998739,0.01878190521380016,0.0276827606093528,0.050822552802491275,0.10099911776365353,0.17925094559032825,0.1871400973794693,0.08061843743162223,0.039148324331376064,0.025488623621452777,0.019961333816663335,0.015218942818023986,0.009191392592583726,0.0049739382685861245,0.0030176068584232443,0.0021713169377566995,0.0018379207953095084,0.0018151770778644018,0.0020238503763050004,0.0022775386340570477,0.002286988421692639,0.002055012711381566,0.0017761916391805836,0.0015480994952930833,0.001381322026418815,0.001262243540509795
37,0.6765388133899639,0.7222492363676905,0.4026019930938805,0.19154681525220144,0.10236565824645091,0.06285607516704353,0.04339493743256522,0.032933576272132746,0.02694280856454309,0.023328373697486388,0.02097618695398995,0.019189161035559264,0.01748084277828626,0.015548809202117136,0.013319674562644145,0.010944030130156343,0.008679648620646402,0.006737915219470556,0.005207268193202875,0.004071119622815053,0.003261953939397947,0.0027039924773968847,0.0023335457467138212,0.002104271903339499,0.0019858128073450233,0.001960629561391209,0.0020208086065657827,0.002164867477734063,0.0023935949909227087,0.0027034487793432325,0.003076700215185115,0.0034710979366450864,0.0038185584789015184,0.004044753675679629,0.004106253594464894,0.004017074928767698,0.0038398023073563364,0.003652721917472287,0.003523812102515866,0.0035060329216463453,0.003649014378903691,0.00402043846567497,0.004740128356171682,0.006046790177641496,0.008457110357642957,0.013208298016334965,0.023703900862855294,0.051215691575445726,0.13956035568969846,0.3286992044137298,0.21043841872250219,0.09501476050097145,0.05053150958433976,0.029955400343385216,0.018671167730591746,0.011924675742434804,0.007769238929770507,0.005194648125962658,0.003596205640090634,0.0025983843076543283,0.001970609163900615,0.001573917910499238,0.0013256410759768143,0.0011770212844754613,0.0010996036809066568,0.0010770159455647606,0.0010996578191275893,0.00116050473616268,0.0012507757578471667,0.0013551886270202129,0.0014487222952696808,0.0014995981883010596,0.001481890843508064,0.0013912859230819268,0.0012489250233096742,0.0010883017487174817,9.382152210410396E-4,8.149708104863377E-4,7.241022350466274E-4,6.654175494652545E-4,6.37218338756265E-4,6.388521406716153E-4,6.722254297769387E-4,7.431385739191778E-4,8.633423878028765E-4,0.0010545873479261584,0.0013552545410510104,0.0018059646541108572,0.0022449935366788197,0.002305645209260057,0.002323905131535379,0.0025764904252938156,0.0030109815209748586,0.003636349016765214,0.004567454376816324,0.006087202621967763,0.008884634806873399,0.01494484924461724,0.03176776895189355,0.09765525090794741,0.16304434417166833,0.04874648913968045,0.018868477114026047,0.009814016036445836,0.0060660115182800504,0.004174533578786495,0.003084246033304096,0.002392200621574404,0.0019193747884268732,0.0015772878553632706,0.001318717028783075,0.0011169430755569312,9.560620165459115E-4,8.260960940451402E-4,7.203995031047063E-4,6.342507569815579E-4,5.64087711061342E-4,5.070931307654125E-4,4.609663850507058E-4,4.237909204664483E-4,3.9396150764101144E-4,3.702034776052245E-4,3.496522056454631E-4,3.1508681134658433E-4,3.298441684466445E-4,0.007380033462375507,0.016904814917013324,0.019692131832966964,0.005149342019151214,0.0032800932302974573,0.018420755321648007,0.0038109190131263874,0.0020660440346104416,0.0023117492937701463,0.0018281242453796133,0.0014076127918914165,0.0018069866684033526,0.0035303226144134093,0.004733475032557325,0.002273174785275779,0.001695127219388285,0.0019259610152047317,0.003107357886942722,0.006119971954702617,0.008461438525846483,0.009803791069368035,0.012829268960788518,0.019503804410738502,0.03155359374790679,0.0459870658071908,0.07377912329215372,0.16759829033595933,0.15991126732635516,0.0694490019835866,0.04243378775230765,0.03396386496228851,0.025670384157414346,0.014947684836800468,0.008058917282282875,0.004794345013081442,0.0032806586260580102,0.002575605627293085,0.0023095336541146547,0.002281465331176713,0.0022587781896039765,0.0021057882807189315,0.00188718394600509,0.0016836751239739608,0.0015168568031302613,0.0013764094523116529,0.0012453706214358715,0.0011216534300748325
38,0.7004926897717365,0.7581042619349052,0.4400285885656039,0.20764027442847877,0.10769162561165144,0.06391178327261283,0.042703066433268,0.031485761816545416,0.02517720972042304,0.02149399176998361,0.019281427251115195,0.017858391543627557,0.016741737014789232,0.015552581020472226,0.01403990150518709,0.012153544328306148,0.010055968075929834,0.00801292727521356,0.006242446205233212,0.004839901923122798,0.003796622171220691,0.0030532624266942894,0.0025413646877107256,0.0022031121273189576,0.001996588633768149,0.0018947566851672396,0.001882768397592654,0.001955312940848739,0.0021140462483208106,0.002364126758215984,0.002708129282771284,0.003135708306953321,0.0036103694472097176,0.004062389269749543,0.004403587861320579,0.004568231727660254,0.004552840874605741,0.004418174496847793,0.0042551441069678415,0.004150716778841003,0.004178283111413727,0.0044115644282654715,0.004956182207512178,0.006008116137638605,0.007984729004282374,0.01188375317482173,0.020469528227389712,0.04312677381597805,0.11924161291574632,0.3002669250356408,0.18034384917023313,0.08039344684854884,0.044852327098842,0.028741810113414153,0.01955978225932678,0.013524119437777983,0.009328269823828138,0.00641754285032523,0.004447352405842677,0.0031450991081890785,0.0022965841745585117,0.0017470127750097563,0.0013925225158590497,0.0011668501370857922,0.0010291317821699653,9.549428975272342E-4,9.303334010010977E-4,9.478677871855594E-4,0.001003573498591556,0.0010937197405941886,0.0012105602151014844,0.0013372814921157146,0.001445265674253291,0.0014997781500121884,0.0014764701775347546,0.0013776344378854202,0.0012312832977467874,0.0010734901108584386,9.316403147557233E-4,8.195500371742788E-4,7.411630450998008E-4,6.96018472744878E-4,6.832848760430753E-4,7.043105964538653E-4,7.648542598938069E-4,8.789005602961154E-4,0.001077868154085083,0.001426742376694376,0.0019502266660995644,0.0023369202484967515,0.002515815434784532,0.00285405018308889,0.0034044739055569774,0.004193866647894771,0.005340442673025221,0.007144624100334623,0.010352796614209153,0.017107346135841455,0.03536438092258298,0.10442900853288271,0.17104856299004229,0.05061097712124152,0.01905595717971329,0.009659467931092241,0.005847154694260792,0.003964688691466976,0.002905420316933088,0.0022505485853133718,0.0018151295744540071,0.001507904304009245,0.0012800342941758772,0.0011038071344386146,9.628427241662748E-4,8.471775790211103E-4,7.505994782001404E-4,6.691082548677145E-4,5.999897678371722E-4,5.412482940031134E-4,4.912513309434727E-4,4.484828227540264E-4,4.1131082015086537E-4,3.777537025646628E-4,3.475288789258141E-4,0.00857358667848538,0.15636566220201725,0.0094015067392335,0.021380244962595118,0.0027479946493432638,0.004832006879577097,0.006326741373063703,0.0022886703399848077,0.0022333508973555976,0.0020275324862750297,9.834311324002712E-4,9.494592395405608E-4,0.001513616229222903,0.0036724964954515465,0.003338438942091469,0.002042093103494459,0.0018239268185296484,0.002197004008435694,0.0033838262093163944,0.005057446347835931,0.006055796637951937,0.007574778022893852,0.010817241341421686,0.016730181398758374,0.022843132478261093,0.024517779717563304,0.030790427420152474,0.06115091458382388,0.16589079251212435,0.13882875041287548,0.07208903564813796,0.05144823730147733,0.03636135179512907,0.021567894387349296,0.012355565716674888,0.007651043428763221,0.005226473560941088,0.003922098418619806,0.0032077357068261473,0.0027969638451064054,0.002484257476135681,0.0022031915462688155,0.001970266766939643,0.0017863062213329874,0.001628591514333868,0.0014632852260499868,0.0012655840941029532,0.0010544815843468117,8.886460418828137E-4
39,0.7338598853645864,0.7970521262784019,0.48671522155766506,0.2306858759760988,0.11658314993885494,0.06683812255422877,0.04309289351861193,0.030717894642349582,0.023842727308224634,0.01988272118237701,0.01758314674005271,0.016257846939020933,0.015458985917549982,0.014825836117006812,0.014040433498460285,0.012873899492866032,0.011277268645772883,0.0094103267878256,0.00754192372334436,0.005898795743857259,0.004586771051239907,0.0036067366774810614,0.002907100893660915,0.002425279987048534,0.002107719053298831,0.0019155472966923773,0.001823982914280235,0.0018200809646652264,0.0019005745947823704,0.002069950035457513,0.0023378584363906926,0.002714002486829664,0.0031980624201851156,0.0037640679951675394,0.0043462309757696755,0.004844509470882168,0.005164805024241291,0.005274225454652217,0.005222724190092002,0.005113848950698922,0.005061416937802977,0.005171853837221537,0.005561347470202571,0.00640716296025761,0.008060359211864467,0.011340804524274025,0.018497704078271848,0.0371748261314903,0.10080447731224769,0.27069786990880945,0.15456282225684964,0.06547164767662075,0.03670443756848445,0.024589586423400242,0.0180324931087802,0.013667502667644695,0.010327398148280405,0.007646988220539475,0.005544967468890317,0.003979824004745261,0.0028715452532403667,0.002114532095028943,0.0016084605726392062,0.0012746645974678053,0.0010580221867559777,9.22492288240201E-4,8.45726255912298E-4,8.14748559632412E-4,8.229165602182316E-4,8.67694645098757E-4,9.484973666100968E-4,0.0010636592263382138,0.0012057137689667453,0.0013556117154265677,0.001480284207248231,0.001541188751404042,0.0015148402108819043,0.0014093232204803914,0.001258694721520378,0.0011014796336405474,9.644279192565161E-4,8.59963780886365E-4,7.91317572362401E-4,7.583763318118228E-4,7.619568161285811E-4,8.075626746258572E-4,9.123136140558506E-4,0.0011232591530219752,0.0015240877078260755,0.002036705654273891,0.0024073161365624875,0.002856975743787222,0.003529695531073327,0.004509811293006733,0.005950333597508129,0.008196783937230844,0.0121020924096267,0.02011389383094506,0.041186738313293746,0.11743639656494902,0.1853037145008205,0.05549210424505246,0.020498211734273738,0.01011854441373265,0.005961575632956913,0.003942652138362224,0.002828486418712011,0.0021551801142913637,0.0017192963388001224,0.0014210373148744828,0.0012070987501567889,0.0010470749421205368,9.227296355956735E-4,8.227195281493437E-4,7.398120905570081E-4,6.693105873326902E-4,6.080848903427298E-4,5.539024345131223E-4,5.048645794349808E-4,4.587425187661487E-4,4.12500679502947E-4,4.362598913929406E-4,0.007757517775804923,0.012537125378571415,0.0359274544996268,0.005634853626206249,0.0028119819931850492,0.00788181304531988,0.002645391375399997,0.002039502149706176,0.002885534084642862,0.0011954194240047478,6.432751226479109E-4,6.932972826291967E-4,0.001308812428244922,0.002969048037656333,0.00246211709259702,0.002018860064255476,0.0021077886860730597,0.0026652496952745634,0.003491480329210829,0.00410858391527272,0.0048688377076100305,0.00665403012883958,0.010489113655893383,0.01664575350079725,0.01912981394870614,0.016688981157405254,0.01762182222824024,0.027058379267315524,0.06306143984106448,0.16554476600513615,0.1403047138334329,0.08216238918524434,0.04825485027281531,0.027170705547473854,0.0159419244949062,0.010170841801980444,0.007019044605559311,0.005122039932825152,0.003906325174403921,0.003135882264228238,0.0026600430120109655,0.002370436908145272,0.002199211567987604,0.002093871253527305,0.0019951367418020185,0.0018267749025206767,0.0015418975434901895,0.0012041385805098743,9.309938473977355E-4,7.674716403749873E-4
40,0.7780748936780317,0.8386306746651361,0.5421332117303711,0.26230582908564926,0.13014947605955915,0.07220034616278545,0.044855404000364585,0.030805915892631878,0.02308537055611672,0.01866222116897958,0.0161028134612447,0.014667008156920023,0.01392215925588563,0.013557256789165577,0.013288518471402222,0.012834963650682965,0.011972290588154222,0.010635889935287503,0.008969922365756828,0.007242089879317534,0.005690918642828734,0.004437409376639064,0.0034946513527495935,0.002819073054190742,0.0023529623886515264,0.002045700850208535,0.0018602639856924769,0.0017731692612602754,0.0017726348964040774,0.001856862950551632,0.0020327588181161464,0.002314373237955424,0.002719258034986378,0.003259712803363505,0.003926150885040616,0.004665804928036845,0.00537440613486403,0.0059270864126130815,0.006246581670070644,0.006355359481727937,0.006364727941731161,0.0064255875554772995,0.006699866745651136,0.007384508663809809,0.008807090904213478,0.011679630375422698,0.017897864466733318,0.03378890660831217,0.08719773083222647,0.2446981041362258,0.1369645459996549,0.053721898247229206,0.02906709999918148,0.019459664939315186,0.014758229599568918,0.011956237987590882,0.009903001128281885,0.008115334426339453,0.006450397973800607,0.00494849677781519,0.003694648872811225,0.0027281418392112204,0.0020280291750698638,0.001541354748999529,0.0012116757505002428,9.929532452544478E-4,8.523481293872624E-4,7.683321341900364E-4,7.27880329516988E-4,7.24126761309733E-4,7.546673207435503E-4,8.201716456764235E-4,9.226225381360174E-4,0.0010621621995603018,0.0012315915146068166,0.0014094197850046519,0.0015572850617773823,0.0016312918904787678,0.0016070376753396561,0.0014970610000523772,0.00134114625214022,0.0011810724498347123,0.0010442787072982161,9.429136753474934E-4,8.801749758382113E-4,8.570861886539914E-4,8.794868346840808E-4,9.728761588482723E-4,0.0012111423427459713,0.0016510531177328504,0.0020947869740851415,0.0025975727782750467,0.003312285804587886,0.004382364415867553,0.006025650316450658,0.008676927256914631,0.013360446716155439,0.022976215390250715,0.04801119475421512,0.13518619473923155,0.20199168437055576,0.0625255316760581,0.023145334695086443,0.011256316035344128,0.006487415277746101,0.004184188556776113,0.0029256835002067867,0.0021752292621203444,0.0016974566066477268,0.0013772010338483497,0.0011531890441659743,9.90570219691367E-4,8.684025479361667E-4,7.734989671192948E-4,6.971964450212422E-4,6.335352739913329E-4,5.781012501950439E-4,5.270435118278559E-4,4.75687501992779E-4,4.1907227772893305E-4,0.003949365710444471,0.02492590189434267,0.00835327310864707,0.058745345217175025,0.0039334292621782604,0.004041589773625971,0.003788514494657407,0.0018734016301955956,0.0024876038457423196,0.0032286026923165987,8.801005416240891E-4,5.617601977361467E-4,6.294707367857052E-4,0.0013278387718302393,0.002208970960269642,0.0020184056388753827,0.002038056131601078,0.0024139479766810182,0.0029404676881913767,0.0029437348319677793,0.0029775751982521045,0.003588260877922193,0.005286547662389769,0.009263955841308428,0.015565216624952544,0.01672828932302053,0.013902676546746323,0.013654229312680892,0.017693317540054154,0.03087551538067951,0.07242770651843052,0.16152035252045302,0.15489388470972526,0.07965532012714388,0.038907802706621884,0.02135552718899277,0.013123719664353398,0.008659440491339473,0.005850447728062032,0.003990170156635184,0.0028919085177362596,0.0023352980536126755,0.0020987720341401517,0.0020513284037555384,0.002126494469586698,0.00225662035697951,0.0023026489325230757,0.002098848529068477,0.0016845281500801443,0.0012774654302765299,9.937350041128046E-4,8.274889559335519E-4
41,0.8335772907973772,0.8822417345041971,0.6040772616832406,0.3039788434711641,0.14986941645622207,0.08081819512852606,0.04840614110740789,0.031969103334138375,0.02304254811503559,0.01795410574959129,0.014992142236983287,0.013301375170624635,0.012419673956462592,0.012062383580016229,0.01200629344055375,0.012022054918355568,0.011854631818436392,0.01127443553468663,0.01018751326755663,0.008708803269621795,0.007099072566797193,0.005611612358119013,0.00438850858957332,0.0034590483684260546,0.002788881505442477,0.0023246769867253415,0.002017679396586337,0.0018316311020481946,0.001743445668513471,0.0017417759330002312,0.001825681180414011,0.002003954874005293,0.002294684805173355,0.0027235203351918123,0.0033174710980659558,0.004089620130233515,0.005012915380477801,0.005995171236593013,0.006888470935133843,0.007558125528845221,0.007972850238944545,0.008236574250152914,0.008549411074379685,0.00917156392525184,0.010469207151359813,0.01312990408583092,0.018862172341170772,0.03315480053080187,0.07958126189015953,0.2252313554372573,0.12891743031469385,0.04633397939480379,0.02351840838292623,0.015136298019335552,0.01132793184997763,0.009340504041448736,0.008150711144062699,0.007269047417805842,0.006423858524842666,0.005493410382474978,0.004492504711771576,0.003521611413025105,0.002682482372435139,0.0020235704159514956,0.0015402248579606448,0.0012009572382520378,9.698454707928084E-4,8.170409586479931E-4,7.211819879065778E-4,6.684793827979507E-4,6.511057164978254E-4,6.658475624628564E-4,7.131437972292654E-4,7.962018021224902E-4,9.19479045335653E-4,0.001085320141104894,0.0012874742279957547,0.0015024091518059158,0.0016856505580126913,0.0017853382880270124,0.0017726090737382144,0.0016619837027627266,0.0014988073189903949,0.0013295882562468656,0.0011839902315379913,0.001074542430923993,0.0010053017830199175,9.880585989187737E-4,0.0010792825330952494,0.001384640157790664,0.0017928744749543591,0.002273046495500817,0.002935101337456125,0.0039412564496189295,0.005552089175539202,0.00828263865299408,0.013332216969476271,0.024081669169252255,0.05276515771311881,0.15192275610762096,0.21328718547783743,0.06877277160723783,0.02623210140598832,0.012862556887115146,0.007377571156694223,0.004695621694566601,0.0032222580029327747,0.0023434982186014636,0.0017861951699631481,0.001415339632434112,0.0011586333566895703,9.748065980880568E-4,8.389932917661867E-4,7.354348870838757E-4,6.535554247563475E-4,5.855887047283208E-4,5.246235681831802E-4,4.6147884778450376E-4,3.9973948434421646E-4,0.012655270075067606,0.012985446397284443,0.014389510570446906,0.012082517951906787,0.003982787683243135,0.005078052217230678,0.0020055034965798272,0.0016922798597768364,0.00361704052877221,0.0028207820892396985,9.309288754941667E-4,6.569860260349638E-4,7.476681892755559E-4,0.0014634873416330793,0.0018483645932341286,0.0019148652039290435,0.002252706275694921,0.0028940857734656585,0.00298851842917534,0.002257428483208864,0.0020187521997500845,0.0023468237542984415,0.003457242299983614,0.006232903976884916,0.010699362789991146,0.012159231272533124,0.011271869477422248,0.011565640203668579,0.014166141376136329,0.02086462482401258,0.036983261113079466,0.07713971961973706,0.16244560965861402,0.16173547445437658,0.07527782209203286,0.03670412628222017,0.020841405401510305,0.01273015558054142,0.0077085276052556405,0.00455998966824126,0.0028565921379887834,0.002049887489244805,0.0017017413477338854,0.0016029391027888426,0.0016786359808337976,0.0018983193676273616,0.002178116361548654,0.0023136789575459974,0.0021575656148367602,0.0018228603889222734,0.0014908384672759256,0.0012370184219244844,0.0010653721897794623
42,0.8986919653335104,0.9264408684547359,0.6681790582920352,0.3562095869003677,0.17753486831502854,0.09387346938215059,0.05437483723034339,0.0345308793891905,0.02388718242164069,0.017867973207156523,0.014352202953150338,0.012296698011125486,0.011158986542967026,0.010637373275697113,0.010539840721369516,0.010704900837035724,0.010947175320877287,0.011034783124346177,0.010729473790104289,0.009897233037602034,0.008608234584874355,0.007106633048159107,0.005661809320721483,0.004443940914445439,0.003504415166299343,0.0028207052473300446,0.0023440866141621,0.002026876273641753,0.0018325860927371003,0.001737629669524815,0.0017303460457219627,0.0018099949422098987,0.001986618350900758,0.002281714695365846,0.002728710092941507,0.0033704759368811356,0.0042484216504052544,0.005376429169675134,0.006701543242527191,0.008080519891920908,0.009324300952311196,0.010317847980191384,0.01112718464589016,0.012015759729753588,0.013432918453412192,0.016148026793202905,0.021868228882483687,0.035713520611648404,0.07852833050615932,0.21444931632276737,0.13110835512226035,0.04340517379558424,0.020348854661078834,0.012275366972421443,0.008749023216915461,0.007010461931464859,0.006105622833400646,0.005619099834349896,0.005316304996742194,0.005027601818102827,0.004628861533033811,0.004069647508987105,0.003393314045553635,0.002702374196965389,0.002091012057352167,0.0016048826826019554,0.0012452510731357726,9.913878764007272E-4,8.183354351986251E-4,7.05116430120591E-4,6.367925857622271E-4,6.040355991919692E-4,6.021718372700318E-4,6.304228114449273E-4,6.91434715930091E-4,7.90806505731437E-4,9.35854558423983E-4,0.0011321561128578188,0.0013760523264424705,0.001643532039168804,0.0018836917364027266,0.0020326014214404517,0.002049794833922971,0.001945570115133743,0.0017683807192685,0.0015692172879847933,0.0013793481500443759,0.0012180905447145543,0.0011450289995318843,0.0013049583570694401,0.0016372345186107455,0.002063959332264012,0.0026394707111751406,0.003508127833349375,0.004923562414139873,0.007401959004433025,0.012176677564011204,0.022814370754473894,0.05260829905482678,0.15939377296853174,0.21159653788809824,0.07004665770107787,0.028036222555489803,0.014210242915596293,0.00831296769104333,0.005336318867332321,0.003659333731706912,0.0026399381726853904,0.0019847069385531125,0.001544880943697319,0.0012389306566668974,0.0010193431422754742,8.569226800740411E-4,7.326946415616879E-4,6.331964699714349E-4,5.466411904967191E-4,4.557141957925997E-4,6.440803876608027E-4,0.029598850742945864,0.005914433967640577,0.05593587888633587,0.005963166031682229,0.004826339707150516,0.0036280250570905853,0.0013701893577209101,0.0015705402506007702,0.004621937835940632,0.002516728179766373,0.0011692195248312206,9.134297687228875E-4,0.0010419382123801758,0.0015802138465741157,0.0017762010742068029,0.0020684495657282806,0.00279813924685397,0.003795269892282414,0.003158554563164298,0.0019556151461074325,0.0015690198993047297,0.0016705543299916344,0.0022667051872826607,0.00375900422949511,0.00595242484142639,0.007093419269941346,0.007543010224158217,0.008500211963930767,0.010584220757805343,0.014490560573573936,0.021602770548827657,0.036565461051601834,0.07648301568207506,0.17230749932733647,0.16115254356970296,0.07751908213223276,0.04136947795462513,0.024244491521196263,0.013681175585313064,0.007238633334533988,0.003977928959928153,0.0024861850448009513,0.0018065837492888838,0.0015120384416507434,0.001441893151943089,0.0015357790941962076,0.0017345340146356707,0.001918791530690567,0.0019680910764434036,0.0018755741289734186,0.00171534213924866,0.0015503314593272887,0.0014085496270011288,0.0012978905991286474
43,0.9682330334840304,0.9676843605679494,0.7278411431122215,0.41706232076481825,0.2148246930838586,0.11297261697142745,0.06371952618124727,0.03900228296012968,0.02588519617265393,0.01854592444838799,0.014271506620351024,0.011735458228029433,0.01025835138823351,0.009477426330590585,0.009188716210725487,0.009261717146370294,0.009581887907801217,0.010003611533831598,0.010321025806525917,0.010290443660137339,0.009731622819060133,0.008652535218639224,0.007264598576332036,0.0058503563575812755,0.004615542264559481,0.003642146452631033,0.0029242651546491976,0.0024191596056579237,0.0020798524023110704,0.001868710185551443,0.0017607180870637834,0.0017431004029960031,0.0018146100594090872,0.0019858229335239226,0.0022808293102696106,0.002739994138629322,0.003422046509849579,0.004400662494132728,0.0057460789902125005,0.007482025115512288,0.009528766126981178,0.011691359619096264,0.01376830914087428,0.015754060621965122,0.01800726002085028,0.021398701421914877,0.027835426351796644,0.04256416803348252,0.08518616160705555,0.21460296376548554,0.14474776263079578,0.045164312359753114,0.01946588387273931,0.010860831993395369,0.007218213219809601,0.005450572351627036,0.004540826271240369,0.004083828914510756,0.003888060115465282,0.0038381475734087078,0.0038369688476761923,0.003785127112300415,0.003595156665376684,0.003232258615513302,0.0027401837459755684,0.00221289051992626,0.0017357599833971117,0.0013516709967523668,0.0010653345153577435,8.624121273089259E-4,7.243787354934676E-4,6.354453068837543E-4,5.844687483410829E-4,5.648386041093024E-4,5.73938179527809E-4,6.127916492029794E-4,6.860024205034501E-4,8.017390026957284E-4,9.710043763199276E-4,0.0012045096875359814,0.0015045723304483092,0.0018510116002835098,0.0021884766656354417,0.0024347089484662667,0.002519939810980032,0.002425536560162765,0.002178110293721436,0.0018237662752875095,0.0014884732020510668,0.0014502086604427453,0.0016870691936744296,0.0020627651216707254,0.0025690489829260964,0.003317901430290492,0.00453209677578896,0.006674438302735301,0.010873152124135869,0.020480836287233448,0.04849691899994139,0.1548959409023356,0.19791959708476803,0.0651598711822671,0.027154264743407756,0.014343855759289531,0.00870048938046762,0.005749601606793109,0.0040261141367029804,0.002941593143211756,0.0022222501110271244,0.0017259641805734702,0.0013725183161836464,0.0011134878866219337,9.177340729696351E-4,7.633136563236136E-4,6.305632803994273E-4,4.856793398948559E-4,1.3726702871527228,0.11520981836807821,0.005765570665638436,0.02334247888251029,0.004716087736832567,0.00788927160952573,0.002086008664007776,0.001079918405576197,0.0014488312281111773,0.0039742740940527125,0.0021311321889614585,0.0013587368673162164,0.0012245334988798906,0.001333653735087454,0.0015050499792148802,0.0016535281244441842,0.0021343694746684774,0.0033502761550217404,0.004928772809653418,0.0036210670999691297,0.0020773965659389025,0.0015551736403542744,0.001504147979417771,0.0018053634529415254,0.002587053175116547,0.0036199751390435147,0.004341880577326189,0.0050059186832411865,0.006007208041366885,0.007558448250946342,0.009691465174676776,0.012403222631614955,0.017257191731104425,0.030234275508778597,0.07131462893303724,0.17369461307086975,0.1475948933313418,0.07858590400024791,0.04755250665038799,0.028529750929099082,0.015345030853942933,0.0080395737245755,0.004579098212744312,0.002947636464238205,0.002153016311074092,0.0017858707900478806,0.0016685725236695464,0.0016888049386843984,0.0017363892330635304,0.0017331440174117156,0.0016691120573796507,0.001572210512256054,0.0014682128612552704,0.001370023520333979,0.001282900005906404,0.0012122402653665621
44,1.0328127464484032,0.9990682127064311,0.7745720755914429,0.4804142661621209,0.26209202691075645,0.13997922632804605,0.0778354281905158,0.04619593712446601,0.029475229727430403,0.020218563290362732,0.014871825352648676,0.011689850610478511,0.009782786924052074,0.00868096000928608,0.008129822850128737,0.007987332031161644,0.008165498222038575,0.008587272868395487,0.009145233880937548,0.009665888088063807,0.00991020651281737,0.009653203620616653,0.00882374173380601,0.007575846776943659,0.006193752876995697,0.004924604673474981,0.0038926497645797226,0.003116871355255845,0.002563911652778402,0.002187917741864299,0.0019493585002837823,0.0018208038845361051,0.001787469320853989,0.0018468293310710247,0.0020092438907435757,0.0023005074497189516,0.0027667884947369437,0.00348169528358787,0.0045528821175900396,0.0061199546455318905,0.008327071883248466,0.011255436465225149,0.014844988453245375,0.01892360419345382,0.023473367312148344,0.029118703726342603,0.03791407051451808,0.055680835407227,0.10212161851264281,0.22865582638040965,0.171448909224658,0.05275898533119194,0.02104952665542399,0.010819118498694633,0.006637946457904302,0.004646713762643652,0.0036123404924713284,0.003062672108027965,0.0027921526525408586,0.0027011207612005106,0.0027323315594864734,0.002838641275483739,0.0029624978644721424,0.0030283006085783585,0.002959554042239094,0.002720680295051182,0.0023469416235504903,0.0019226559813985348,0.0015276257756944255,0.0012045178554967043,9.613954193719738E-4,7.883949242138903E-4,6.710584922777174E-4,5.967482204839365E-4,5.566183934666971E-4,5.457667828033587E-4,5.630027250397676E-4,6.108260524041322E-4,6.9578623104389E-4,8.291017179583473E-4,0.0010269361462503113,0.001308696181033337,0.0016900804397258049,0.002166902096161584,0.0026903398113887716,0.0031453845444544804,0.0033446493950246084,0.003058736557675559,0.002337454550253126,0.00192503495930397,0.002006138351863324,0.0023339551565543983,0.0028063800108980783,0.0034942287834766068,0.004590925352745828,0.006508148095826559,0.010252213402059115,0.018840266797912293,0.0442312279781348,0.14496435100879956,0.1820684671139264,0.05785250823256221,0.02436711800895633,0.013181967825219165,0.008233525959408034,0.005612102281815566,0.004048163826469012,0.0030357330563900403,0.002341314786580469,0.0018443315429597065,0.0014763819004856508,0.0011949705176213263,9.700827786478362E-4,7.721854927291434E-4,5.439377107174958E-4,0.0164611499746424,0.02033925715978818,0.008229542076205085,0.009216558197682868,0.005338483709033989,0.012272731749318701,0.0018106589363495959,9.931085570941728E-4,0.0014482810610500704,0.002729256634103155,0.0017487838403243156,0.0014458474837047344,0.001499293213044861,0.0013806925700500944,0.0011717623166179146,0.001241381109070771,0.0016710533172609508,0.002899442248788052,0.004761329446664722,0.0037895153981221366,0.0023683895442469733,0.0017992697303031468,0.001658023007680703,0.001791236215118593,0.0022178172021893056,0.0028005370083908155,0.003368094663886381,0.004081835948606442,0.005112149257149413,0.0064634192492037685,0.007744683274791428,0.008474487374158938,0.009513710213110491,0.013082645822469749,0.024051627588006025,0.061271454967622034,0.15508458284969728,0.1263100133073013,0.07291007865001513,0.046456349648812324,0.0284836965716178,0.016574015268417203,0.009799718184696653,0.006197720303437918,0.004253252792521487,0.0031841517301184363,0.002614005913675009,0.0023204732360547512,0.0021435955762621538,0.0019917480595046345,0.001839770723966711,0.0016897057221524148,0.0015434210317906275,0.001397717811914672,0.0012496602034816836,0.0011047326618570676,9.804429061996405E-4
45,1.0807111150482884,1.0106063668699863,0.7986481891010109,0.5351875645574175,0.31607271543990084,0.17617556792564845,0.09851799541571495,0.05735585323727697,0.0353829486009417,0.023283545051137843,0.016364112227451308,0.012269341511989646,0.009792213815000558,0.008296641532003135,0.007439376275066505,0.0070331791850383445,0.006976057325506029,0.0072097601835148135,0.007687396023667252,0.00833823730321795,0.00902843264495265,0.009539705814241474,0.009615155793813788,0.009094190901844268,0.008040761413411491,0.006714725156406595,0.00540378527891682,0.004288739947022306,0.003426965007720615,0.002801510578438623,0.002369675696894656,0.0020897095022852597,0.0019307427746589267,0.0018749464113396062,0.001917645928796298,0.0020682272179854276,0.002353376762185579,0.002823986653363232,0.0035672283013183826,0.004724847127580323,0.006515455467726559,0.009248794723226806,0.013304115972798966,0.019050538309481058,0.026789949066727815,0.03703240599774058,0.05162829304039086,0.07686623620191352,0.13317785380617128,0.25996137881330134,0.21079363238063745,0.06862284445040072,0.02597947879488911,0.01237793996554575,0.007000149156256324,0.004512739170108849,0.003235221241644983,0.0025382940624556365,0.002154801159196677,0.001961143921132256,0.0018970040118253084,0.0019313050613175493,0.0020440823713764648,0.0022124728676116753,0.002397285166571002,0.002535595204961259,0.002554027220226376,0.0024087751620589944,0.0021214715274408373,0.0017667646153701952,0.001422434179326896,0.0011341504844133439,9.143524464984273E-4,7.570013280294596E-4,6.50448007758618E-4,5.839957947989119E-4,5.501637578434148E-4,5.451196683415776E-4,5.687175146130419E-4,6.248037263253944E-4,7.221103561246176E-4,8.75924312360024E-4,0.0011105770251453504,0.0014623297609202587,0.0019806686918377985,0.0027194054323780455,0.0036710958488072164,0.004438865385483342,0.003925974603685939,0.0029196037149418767,0.0026918420150980693,0.002951711400458827,0.0034317543581328116,0.004138097620043903,0.005239820798281628,0.007127578730948679,0.010754519444788082,0.018955931793126875,0.042943042331982095,0.1388855475701099,0.17371845631166222,0.05271835269619919,0.021771199770666886,0.011713492208584749,0.007346715865233938,0.005064564456581209,0.003712767260360081,0.002836454174109986,0.00222817982487112,0.0017821450955186643,0.001438408868485835,0.0011570819074499224,8.96941718903394E-4,6.803788336653536E-4,0.019119876076038433,0.013358701767049518,0.013529408157119454,0.006143191206669165,0.007529343955425147,0.01459650830994426,0.0021501487239413033,0.0012101752138403187,0.0015035614497045909,0.002008645357005221,0.001591266190560112,0.0016399391005252923,0.0019169771211837662,0.0013883166026813797,9.108373217842942E-4,8.642423936763442E-4,0.00109001530963627,0.0018319034769325013,0.0030448720963279306,0.002885906160431754,0.002224258012461649,0.0018945315550439835,0.0018164005541117855,0.0019114741998322799,0.002181872978598964,0.0026132150136715967,0.0031928603594324092,0.004070888301688301,0.005414499771063898,0.007146417514780593,0.008385048859905079,0.008202684243322907,0.00770151426411182,0.00843593340683195,0.011739132226631765,0.021597532181356398,0.054417585636235194,0.13461483073459274,0.11600402558556092,0.06575876719120138,0.03867154619328838,0.023488296268315452,0.01489331095538815,0.009962189387286801,0.007085614594111789,0.0053428250636900244,0.004261907263931411,0.003588602410944503,0.0031475110615571326,0.0028261110644938335,0.0025695238746672533,0.0023483064684998944,0.00213598323817574,0.0019059033790796709,0.001642153226967848,0.0013565113795670387,0.0010890761541949953,8.802250893937668E-4
46,1.1031720277905692,0.9930319155023263,0.7909585380853437,0.5672394474058801,0.36739552839710143,0.2201190016719714,0.12736057396401565,0.0741876194324553,0.044764351404082636,0.028423082065793883,0.019128531529938788,0.013677748944497616,0.010390853199134109,0.008376236907721012,0.0071514743211145825,0.00645178881562632,0.00613245593689237,0.006117288200023883,0.006368334925003187,0.006862039611036587,0.007561157169881962,0.008376628300796215,0.009129820006578335,0.00955798538860353,0.00941696055801348,0.008646961599292331,0.007437241850572546,0.006098317103875401,0.004880468640757289,0.00389994422782725,0.0031696917427342392,0.0026555821719749196,0.002314484314114951,0.0021112004565624403,0.002023647493502354,0.002043971113574809,0.002179813070643112,0.002458150609570646,0.0029340015058558514,0.0037074692958356296,0.004954924366606947,0.006983005983509334,0.010314863961646097,0.01581002894432574,0.024803027106389937,0.03929537516534423,0.06264051091162937,0.10243363069998238,0.1789667202729419,0.3080942553497557,0.25496848405995726,0.09504138950112069,0.03609706359243725,0.016339271212312004,0.008600932339673547,0.005116120270663357,0.0033718152101729253,0.002429626664219837,0.001896194492591786,0.0015914980507342538,0.0014280800677391012,0.0013624345450480978,0.0013735648796366763,0.0014521172901220125,0.0015927303458317303,0.0017853789216673156,0.0020039085876612924,0.002196103177259918,0.0022899400201587773,0.00222904031126947,0.0020159347464286247,0.0017136466481432941,0.0014004807042174903,0.001128766949489969,9.174123899536905E-4,7.64562573470555E-4,6.608496796129556E-4,5.967827314629342E-4,5.656110495950587E-4,5.641307801206465E-4,5.93022384926915E-4,6.575781284844256E-4,7.694907344650676E-4,9.507933393620769E-4,0.0012425952491027282,0.0017256763560238692,0.002565986547781651,0.003994478011647594,0.00515116792913172,0.004316841724441489,0.0037069051496930894,0.0038807001773257053,0.0044357174973830545,0.005287333984352838,0.006576938032510239,0.008707925115667502,0.012683258137699497,0.021445658494840217,0.046390648481656735,0.14319326140923797,0.1776299643217545,0.05219385193130218,0.020816502913431626,0.010895350934725215,0.006695182592028122,0.0045516695863112204,0.003309240558243326,0.002517554490113979,0.001972425218404199,0.0015688811313468096,0.0012434092256704155,9.383261564618066E-4,0.0021022973401146512,0.06303842577948511,0.012671909043170592,0.022968322008149092,0.005052565711692936,0.010198529669588998,0.015239893022073217,0.002947500881416371,0.0017083645793025141,0.0016271789400497043,0.0016763887787077986,0.0016300885022102862,0.0020703891749085527,0.00278401718918571,0.0016665040962115954,9.06176736904421E-4,7.423586306317156E-4,8.143666411037261E-4,0.00119782677955766,0.0018201603815549744,0.0019155838081069626,0.0017698953246467685,0.0017144376250414648,0.0017623159734707905,0.0018522657998274168,0.0019650536547086276,0.0022266957461944893,0.0027378096803716877,0.003671167432936091,0.005343573170687656,0.007987392835852291,0.010481463510435527,0.010528401928461995,0.009197985661762392,0.008696529857581809,0.00979832758530486,0.013562831385376757,0.023947153479538824,0.05545479919480569,0.12900129443182654,0.12250585241848928,0.06334813730348346,0.033455175577706525,0.019663301206062717,0.012651361588002431,0.008690447871685473,0.006290173214375367,0.0047701876675873105,0.003826454549426188,0.0032830720004095593,0.0029989567217627855,0.00287241512550623,0.002835736203475423,0.0028292744263493574,0.0027764893444032954,0.002587943834033128,0.002224211143122312,0.0017612939228851478,0.0013327891183985592,0.001015108415732826
47,1.1000232719385636,0.9444386659505035,0.747450031816996,0.5646011280940361,0.4010002083979944,0.2644026705195476,0.16379120906741798,0.09837498148040713,0.059272368602745054,0.036760462150438246,0.02383926668863347,0.016297765546786632,0.011786866050329792,0.00902582370194783,0.007314499460114761,0.006265695597975251,0.005663858757947066,0.005390924209986478,0.005386720543874934,0.005626167743860969,0.00610221233086487,0.006805376274479433,0.007691633525502768,0.008637976663885123,0.009411724061789119,0.009716723306080503,0.009352418938200711,0.00837348519612583,0.0070632504864285755,0.005740628368304484,0.004607233980013886,0.0037301057584569115,0.003096185451829325,0.0026648168310931665,0.0023963446152506654,0.0022631324535848218,0.002252886419459059,0.002370685831450319,0.0026435299037907358,0.003130933177211806,0.003947347794120476,0.0053081983469227215,0.007624721826267583,0.011701826358812865,0.019154826056270266,0.033290372870620914,0.06097464672179777,0.11646195080740634,0.2243103211484202,0.35692106442559,0.2837410297710452,0.126611001141029,0.05292396553455402,0.024172224225148496,0.012244275502077412,0.006833981943695818,0.004169462548163303,0.0027615770620478663,0.001974279373981702,0.001516176674246492,0.0012456999644410703,0.0010910505188906276,0.0010152448536316322,0.0010000435596555337,0.0010381429723000765,0.0011287968932360947,0.0012739821973802414,0.0014725343993586392,0.001710098935065034,0.0019466301877906886,0.002113708874651675,0.002140896617883213,0.0020048829943114695,0.0017510315966969283,0.001458214498951968,0.0011894383700898946,9.736980540807648E-4,8.149730592380917E-4,7.063974233494138E-4,6.393163849139688E-4,6.072504847372697E-4,6.073029286086607E-4,6.409643371634328E-4,7.156703959006368E-4,8.489443632533373E-4,0.0010801849076429715,0.0015077883083363026,0.0023982531887010924,0.0040419967692107974,0.004772817281723318,0.004407635045665904,0.00462684331057418,0.005370803334723148,0.006554267539315652,0.00831165244266325,0.011091383466523646,0.016058489685619706,0.026621367124678313,0.055618570307958665,0.16138531944944942,0.19370641579335401,0.05693048379002988,0.02204300095921129,0.011155469639531563,0.006636403747004033,0.004378875062504719,0.003097566106900254,0.0022955251250973497,0.0017475936381165095,0.0013339193677650068,9.723233725107068E-4,0.012121203560693818,0.44109953078108,0.014680859951946498,0.017995313688221992,0.004255221239167324,0.010828609895454902,0.012665169534728859,0.0035101392893637337,0.0022027630081206014,0.0016027863394935653,0.0014285735839206718,0.001591138491482177,0.0024355288236679704,0.004127658587898435,0.0024506283559263486,0.0012215212683212976,8.827234104577244E-4,8.249693549582919E-4,0.0010077882420994493,0.0013604810450313358,0.0015058839781922472,0.0015654519884477011,0.0016756760545278235,0.0018194916290300578,0.0018457877750753585,0.0016941813742015442,0.001640534506260242,0.001832998051976403,0.0023521189369429254,0.0034399276271400575,0.0055575726017860864,0.008680275639926543,0.010796164738128182,0.01084432304157838,0.010569127736112707,0.011221529451317342,0.013489651044640482,0.018825119922949846,0.031769512834988356,0.06680791715398028,0.1470811697371464,0.14787301508060488,0.07182987894468117,0.03591255098440632,0.0205107783856878,0.012790139994997096,0.008317615773652611,0.00553231123151399,0.003809229340651944,0.0028105092566726797,0.0022800649500829082,0.002037876997287392,0.0019825162081473953,0.002063953355864423,0.0022473053224461807,0.0024683474995955247,0.002599969055016338,0.0025082825401483017,0.0021930941133235936,0.0017918714092393126,0.001431229509121068
48.00000000000001,1.080272705021859,0.8740183027039228,0.6742754304567898,0.5245439013526665,0.40271803068897394,0.2946587118139116,0.20150735445665163,0.12966316331086894,0.08060580269999289,0.04994551797609488,0.03163719978073647,0.02082844208622174,0.014385224919814704,0.010469969836065051,0.008044346826080405,0.006525771484221271,0.005585861161074309,0.005039340457081531,0.0047841230989017595,0.004769058520341137,0.004975987863470703,0.005407715669503297,0.0060746764081989375,0.006971933841451791,0.008038867354650609,0.009107930449332889,0.009888504917205006,0.010064046641326535,0.009496592608168155,0.008348867917892503,0.006966991751074085,0.005658850559861721,0.004584082009564907,0.0037771604893279327,0.003211254846356004,0.00284480729509343,0.0026437842465115652,0.002589997577009773,0.0026850689527660562,0.002956248739780709,0.00346957017023559,0.004359294926718321,0.005893906148132683,0.008630074022195155,0.01379563160932855,0.024318572285011986,0.04779971871169235,0.10493812059369599,0.23792798554907135,0.3725657114288494,0.27121917714318755,0.14084640265624404,0.07067578196190548,0.036116599118185745,0.01904250770241897,0.010489105831168025,0.0061002675267499695,0.0037709940062008816,0.002485428121237829,0.0017476916196974405,0.0013101454441107644,0.0010455400692296302,8.867065868806749E-4,7.976905552790232E-4,7.596836029278783E-4,7.640832074768067E-4,8.090457112760451E-4,8.975973223314366E-4,0.0010358153627945197,0.0012291924978119833,0.001474632838395586,0.0017469571578983235,0.0019872734043275917,0.002114525219275197,0.002073205601587083,0.0018789957824484518,0.001605694825012016,0.0013302742791542002,0.0010976492715620199,9.214636697385933E-4,7.987940806300131E-4,7.21947917050824E-4,6.844270841376149E-4,6.834981724881204E-4,7.221710401778227E-4,8.138644170802897E-4,9.98515081860558E-4,0.0014024753823348877,0.002350166629735785,0.0035977213846659496,0.003992701247365817,0.004451292393418632,0.005387501024931512,0.006905764239020838,0.00923957208121713,0.012960235865296163,0.01951483588699205,0.03313804981014782,0.06946322540164629,0.19222546229520332,0.21473164428459796,0.06548957574836545,0.025259920156962743,0.012514278259817076,0.007238312213824653,0.004627415503177533,0.0031619616188827307,0.0022508841487213316,0.0016211285780379126,0.0011339256537613708,0.09485964840251082,0.15238903469956327,0.020679263416235327,0.014889275378297036,0.003854914409927498,0.009628779160142738,0.008634866608199161,0.003389459647543445,0.0024306379297651453,0.0014143953200816378,0.0010673402804285855,0.001209213057344016,0.001992930669821727,0.004342167237203045,0.003383381718470082,0.0018264852697801625,0.0012750134086659548,0.0010779913948243077,0.0011111198169570296,0.0013421604913283229,0.0015294149445827631,0.0017300703467418937,0.0020300719003365653,0.0023595545786224115,0.0023456112646241417,0.001867637329930711,0.0014853554670129236,0.0013861484367507309,0.0015259967966294676,0.0019540978164328034,0.0028627766042041516,0.004413397263711673,0.006152023155998233,0.007390853582488097,0.008346954442909478,0.009639431333551876,0.01184946076788656,0.015841121989755676,0.02369214654700274,0.04152018947139155,0.08819538752434108,0.1921221374171836,0.18933785457857422,0.09391115919920581,0.048364784670772334,0.02780710321940943,0.016693027408712594,0.009939450939799154,0.005883685841803382,0.0036265697488116187,0.002433421661132832,0.0018143900339351946,0.0015028537595661148,0.0013714607690390168,0.0013628988505967018,0.0014469933110157931,0.0015900436661732363,0.0017370645875955267,0.0018259200398391701,0.0018258777395780581,0.0017510500711504994,0.0016359497948107734
49,1.0569708271938454,0.7980530880358817,0.5872518704287523,0.4574579473352551,0.3695003242843334,0.2963238734960891,0.2267482358698837,0.1620120031763015,0.10846639248995711,0.06965603500389525,0.044218833296566756,0.02847854305392364,0.01894498933701659,0.013158338233784175,0.009596287236192155,0.007367437411396882,0.005959243673370357,0.005077667241552529,0.004554525622956274,0.0042960732565769785,0.004255028367039507,0.004415485574076583,0.004784185335104949,0.005382787710759563,0.006234424177875605,0.007335036258839218,0.008602046151901337,0.009816070674732679,0.010625045602375505,0.010697294055815163,0.009959847298322133,0.00866875016860969,0.007215442336345979,0.00589738801611311,0.0048466203157671054,0.0040789267856032865,0.0035615526956573637,0.0032557994128533446,0.0031365152444893327,0.0032010634944275554,0.003478093116411179,0.004045183786949923,0.005069777314601827,0.0069083905890926335,0.0103657212119103,0.017449746294048676,0.03389550782474508,0.07867456537458042,0.20906099990621702,0.34540469213616176,0.21879935742474638,0.12007606338350668,0.07177152011801907,0.04450284957259897,0.027390691129082715,0.01654415778931412,0.009920571103343708,0.006024357101265142,0.003772869638302582,0.002468387892733509,0.0017001414605233693,0.0012376707140534815,9.538227141142071E-4,7.783649785118045E-4,6.722846818524139E-4,6.140644535047397E-4,5.924933308290244E-4,6.030066026115594E-4,6.459547102043388E-4,7.258735431099885E-4,8.50939505834084E-4,0.0010313009496800013,0.0012738477571165412,0.0015702763107250627,0.0018795461233622947,0.002120985692264814,0.002206512919328081,0.0021046960072655277,0.0018671569457093101,0.0015829734310574713,0.0013210252810008142,0.001112387495006484,9.620838453477208E-4,8.646007257358456E-4,8.135885296668778E-4,8.075121550312799E-4,8.578410904840897E-4,0.0010178597840911532,0.0014644040758932336,0.0023399799743947635,0.0030002589761473917,0.003587132297219673,0.004497714440970293,0.0059806023104439065,0.008398245290260401,0.012498212227552246,0.020077461571324014,0.036343384619904856,0.08046768952996707,0.22274463050144452,0.2236048154995916,0.07192541431795772,0.028668871495083605,0.014302327024717202,0.008202523652134227,0.00513947838096791,0.0033988932666442367,0.0022894753918876838,0.0015157298975635833,0.03764977452750486,0.07562039034639416,0.032667888714539565,0.017600405422521396,0.004326200440014282,0.008329891856175931,0.006025776278468381,0.0031867050994062,0.002794021043083196,0.0014279577970998923,8.285451020472412E-4,8.290268503784755E-4,0.0012556403129359362,0.0028457350260485256,0.0030630761069156106,0.002080396822690216,0.001583601827612086,0.0013643343061435368,0.0013170950109149978,0.0014712621357554914,0.0016999752398926715,0.00205622708678397,0.002686036831228069,0.0035732681068834714,0.0038700896613734323,0.002929742488992386,0.0020107821425552714,0.0015749121448194047,0.0014469114349776695,0.0015338789606809352,0.0018633320842051065,0.0024889403198410293,0.00329858219295381,0.004100881737013356,0.004923408861754328,0.005944029817906038,0.007378191058690219,0.009541360500768693,0.013167526937418685,0.02051432242425369,0.03893610259409054,0.09338356281453435,0.22124468888762336,0.20172502018656885,0.10665306810298199,0.062401742242397744,0.039715907763400136,0.02477715886787827,0.014407303820847789,0.008101714186190398,0.0047313032392490365,0.002987013450392315,0.0020697648675691307,0.001577308920654105,0.0013201992633270375,0.0012062423114806901,0.0011821112530642384,0.0012064357607890154,0.0012440812058044353,0.0012721150872251257,0.0012831186820087517,0.0012805183058169026,0.001271809116813418
50,1.0411328028267262,0.7320822818508176,0.5039517243036213,0.3818332076624334,0.3133427849060631,0.26695727058488494,0.2255984168080684,0.18174939517790809,0.1363407441859973,0.0952199478716332,0.06318977964400287,0.04103558268935796,0.026797782288243022,0.01795229593437117,0.01249319680301541,0.009095361305148,0.006951669656116858,0.005586191288532692,0.0047210959952528,0.0041951783419100835,0.003917091875398894,0.0038394609069498636,0.003945090214599582,0.0042399387664255415,0.004748975740312907,0.005510371612295223,0.006560391776837089,0.007897198428465079,0.009415600201606601,0.01083906554232972,0.011744779389303775,0.011774949601244075,0.010907919570212728,0.00948070993410926,0.007931336266209562,0.006562550082737644,0.005496729278128092,0.004742997645040794,0.004269425734279702,0.004045979107661284,0.004066206553931147,0.004363594212876477,0.005038747189285814,0.006323169945833224,0.008746811748594374,0.01363308787988727,0.02481965892523046,0.055954908924348304,0.16136811992507527,0.30452530226774643,0.16310525199546888,0.08415622979733853,0.05351835361653904,0.03836499388468421,0.02861800838156261,0.021015835902758455,0.014755595006988878,0.009878149725611027,0.006411287291093669,0.004133479707201493,0.002707343194798232,0.0018316368666837452,0.0012936793920084735,9.597584956820933E-4,7.502620340426513E-4,6.188379765669934E-4,5.387924236587272E-4,4.950883541633879E-4,4.799077003254124E-4,4.903557258912407E-4,5.274711723419869E-4,5.960568107110054E-4,7.049210884917628E-4,8.66784137091845E-4,0.0010960472665115792,0.001400810077324011,0.0017652200438867986,0.0021273652934043854,0.002381357420334263,0.002434913810207844,0.0022831532517201794,0.0020079560235413143,0.0017077219723208475,0.0014448130332376087,0.0012418846698948685,0.001099887174740105,0.0010165424175815549,0.0010110169489282396,0.0011832773284257035,0.001706818567662234,0.0022866091922236495,0.0028395017991449767,0.0035906781483054477,0.004782501825360315,0.006779195800468081,0.01033199106371172,0.01728540908645632,0.033152974411261825,0.0791357781888974,0.23150242978717275,0.2062365657555525,0.06836752685828397,0.02867630894382592,0.014768288874392963,0.008580397177266203,0.005333227265020056,0.0033796336972429244,0.0020632295201755083,0.0388171997592625,0.05824515989930912,0.04642201687681653,0.028475342655887574,0.00628684635078813,0.007656475465845547,0.0047536771405062885,0.00324002183970497,0.0037927259674812286,0.0020227547503627384,8.999475716267932E-4,7.311688300783056E-4,9.053887891426818E-4,0.0017936770274323936,0.0021988465022017385,0.001840561235730565,0.00158545660279445,0.0014529091168291233,0.001333597228564469,0.001296423330694313,0.0014234578567270415,0.0017473213093140406,0.0024508681436847114,0.003840832701990829,0.005379267559287625,0.0049171780982620586,0.003446597550649356,0.0025081456784843167,0.002050948860027099,0.0018630397532459428,0.0018710924300711538,0.0020884948690599765,0.0024906119638942402,0.003004112533733911,0.0036222578716572575,0.004391545972468832,0.005353212326126845,0.0065203621167772285,0.007964234607177344,0.010197659061276612,0.0150134318631175,0.027951619508792852,0.07002413729865059,0.18521356689575613,0.15556005448902321,0.08059664426467282,0.05141334725316009,0.037243581776383615,0.026869153057431823,0.01804929902390017,0.011521223607252457,0.0073667199943295136,0.0048556639685322055,0.00335696531128424,0.0024609801492288153,0.0019327257518351318,0.0016328327730792593,0.0014683766392920683,0.0013743413061647154,0.0013099239127557765,0.001254414239908709,0.0011996495151884773,0.0011433792274322323,0.0010860212419512834
51,1.0383237562714716,0.6865196337871929,0.4362174900312452,0.3137636308788975,0.2527920447459484,0.21968523462562659,0.19759927186245424,0.1763512072489972,0.15021733396349007,0.1189433522673401,0.08708323254275654,0.059914848776238296,0.03984978048443764,0.026369139016404537,0.01775403297524933,0.012345139589724217,0.008943656598202536,0.006782648524278983,0.005396564868271699,0.004508505726600979,0.003955366226073702,0.003642945431363579,0.0035204278193817287,0.0035666388256048545,0.0037833978459911,0.004192991189353618,0.004837008028485647,0.005771965316083034,0.007052460033499745,0.008686495519928176,0.01055241301353159,0.012313129900396376,0.013454211753171826,0.013556317587551003,0.012617936383001639,0.011051422267149964,0.0093628684636529,0.007890906516543065,0.006772182764738396,0.0060241587659935454,0.0056278585134657945,0.005579922990960062,0.005929245137492818,0.006827491447419537,0.00864682140284655,0.012319398585492195,0.02050677416585877,0.04266324639644535,0.1212263807248183,0.2726787137007909,0.12810565037494656,0.05766770679945611,0.03475630427493568,0.02528326050885762,0.02052247067256164,0.01753889871927862,0.015025230473593262,0.01239205370598547,0.009598396308000436,0.006960149296163145,0.0048026765663307,0.003236651217255038,0.0021858781009655853,0.0015093556325045628,0.0010801203678957496,8.077004772589299E-4,6.340702591995125E-4,5.238080732381496E-4,4.558633287669349E-4,4.181206395242485E-4,4.0419037679836976E-4,4.117066332120556E-4,4.4163991233945975E-4,4.983538439454723E-4,5.902448079456698E-4,7.306830831692398E-4,9.383215553078434E-4,0.0012341043303453752,0.0016294849738051473,0.0021006137932416077,0.002559386777036659,0.0028660801201893793,0.0029158331077398327,0.0027221678096350658,0.002391288886798836,0.0020311714011626175,0.0017028916994559805,0.0014409921254113958,0.0013382142167496019,0.0015976792901567863,0.0020498097259835616,0.002543202330639894,0.0031687887171410363,0.004114491658866056,0.005683907458681508,0.008505393284179052,0.014156516686824201,0.027531685959782445,0.06866293342168098,0.21594392590193534,0.17311368460349938,0.05641599365477757,0.024345349328474417,0.012839032210075306,0.007505969425608682,0.004508339200787545,0.002481182937067614,0.04987898957874881,0.054480587695428316,0.04569977634984988,0.048280621788335545,0.009952838227693855,0.007677046952843387,0.0040393052074018925,0.003303669303922941,0.005596256111726864,0.004199370460481372,0.0015400100202366714,0.0010011959017737204,9.410566169927296E-4,0.0014485718435074766,0.001805765042054276,0.0017252559694085517,0.0016763909463080088,0.0016615405262610065,0.0014464422160270119,0.0011177356112649882,0.001007056752074539,0.0010951009183187374,0.0014143877814659642,0.0021652910096934073,0.0034536809574005995,0.004230373569141429,0.003800039831725761,0.003133010259527227,0.002683416098314557,0.0024295559470740307,0.0023138274303865294,0.002362639400528529,0.0026379509071239337,0.003128320654834105,0.003817127247786747,0.004722208663948563,0.0058255014044344845,0.006970579402219255,0.007894249091804636,0.008636504899161807,0.009945631492389506,0.013378611953733414,0.022819246235650445,0.05306408208716822,0.14230459247751637,0.11790253540145663,0.05531859349968746,0.033206420686170406,0.023570088120133274,0.017744040176839167,0.01340661244204988,0.010144773260283159,0.007788068959866492,0.006083599293344084,0.004860004291384222,0.003982096982860741,0.003354600403081278,0.002907061952490932,0.0025813715791758165,0.0023312286409685693,0.002124147934408693,0.0019386563420317753,0.0017602304628763583,0.001579859424611242,0.001395313921801919
52,1.047557603360356,0.6672216010857625,0.38900066969651903,0.2612327738611852,0.20122495138022636,0.171810904083225,0.15710926067054384,0.1485691813230699,0.13993731336322432,0.12642791148789434,0.10632733604863179,0.08223197137067223,0.05905906521530362,0.040413743754305106,0.027150223973097392,0.018368512543603527,0.012741451932326385,0.009163257123447476,0.006875451964439224,0.005399800307697428,0.00444540867156862,0.003838113938507359,0.003475356549704527,0.003299537312776839,0.003283233298095655,0.0034218794758653893,0.003731309169243431,0.004248423458401529,0.005032862457226116,0.0061649048976210406,0.007728384146194992,0.009758120646090345,0.012134124182584492,0.014461556835445272,0.016099106562459733,0.016494258134758077,0.015604550782318195,0.013913805669493316,0.01204149929255343,0.010417038355989602,0.009233456457424311,0.008549326107388967,0.008399035294940519,0.008882759855305514,0.010281424077890669,0.013326389092864594,0.020077907478054508,0.03762159638023646,0.09812487439562172,0.2543539103253081,0.11584091691224706,0.04446402840053971,0.0239656891694574,0.01616714680435449,0.012643726687519046,0.010937094069537688,0.010094893905714754,0.009606919871991105,0.009091625446666552,0.008255234136635843,0.006997565507408241,0.005484342923716308,0.004018737534635748,0.002823221866348551,0.0019561979990395423,0.0013694205512728738,9.85338813401756E-4,7.367840269832987E-4,5.76275824695997E-4,4.731833190889179E-4,4.086625583994191E-4,3.715789219354451E-4,3.558658517815005E-4,3.590474646830473E-4,3.816236137867969E-4,4.271513909116567E-4,5.029927523925953E-4,6.21755976824997E-4,8.032679856740578E-4,0.0010759993773735712,0.001474286105929877,0.0020230566414311062,0.0027006042550182983,0.003391206117412002,0.0038884872118293188,0.003999441180471545,0.003657240499471941,0.0029422589613494264,0.0021950035544328994,0.0020231375988827363,0.002307589692638744,0.002762091809678235,0.0033447853030573603,0.004186178070944146,0.005544513109889481,0.007955363142590084,0.012761086972226927,0.024174194154785937,0.06002461028030144,0.19647320585457678,0.14570214339373896,0.04510770815396793,0.01920726612216546,0.00996763860372307,0.005541138981150485,0.0027191096988883625,0.06916492314031757,0.058477970489189714,0.032332495325695224,0.06102774224587412,0.013374864244184298,0.008490331606338017,0.0034582431391539104,0.0028726283113536606,0.0062629459657926635,0.009571339618852993,0.0034876922849120806,0.0019512699174364851,0.001455512411898801,0.0015761880896032268,0.0018551543978476157,0.0019323408610593899,0.0021090023318007948,0.002371042865162523,0.0021337655501456774,0.0013851125345643066,9.753786935750543E-4,8.606181225744956E-4,9.195863851859587E-4,0.001177974992301411,0.0016883515092301828,0.0021786874307349663,0.0022876186714401317,0.0021705654169061747,0.002036837910554793,0.00194383485442445,0.0019048468546362623,0.0019848359693605813,0.002309696706714168,0.0029471666406055315,0.003931464279428862,0.005382141631349366,0.0074532822430620075,0.010018904208050336,0.01221800433192819,0.013086656840578647,0.013174940100344163,0.014052636142896863,0.017410712416360333,0.02672909402590903,0.0544841754594893,0.1325279165688046,0.11676036690682214,0.050689226367885906,0.027132330753217523,0.017400101386361028,0.012275204824074659,0.009090700213246317,0.007003859287206088,0.005593557508407538,0.004611414884308425,0.003942897964061147,0.0035215644812027487,0.0033009492145011864,0.003231629720855013,0.0032557733042862928,0.003317709066419342,0.0033705938607834435,0.0033708862105505224,0.0032731148139389884,0.003040591531114882,0.0026729080787885775
53,1.0613825900153337,0.678050622344505,0.36340355602103086,0.22568928366568128,0.16341015727937097,0.13346250897368298,0.11934349284111266,0.11374186840805689,0.11233328676267743,0.11132043100700317,0.10681584921016815,0.09600927953778667,0.07921306806657945,0.060029614765519414,0.04263930099481076,0.029245522424062694,0.019930487925222815,0.013792554454095975,0.009832681154757189,0.007282904847318588,0.005630716115917321,0.0045546230377291426,0.0038583810851090354,0.0034242209236771486,0.0031836488068727347,0.0031005365814277034,0.0031622364317637347,0.0033760943141065017,0.003769958725178959,0.004395828206890151,0.005335167113950319,0.006701266391088844,0.008625756722708152,0.011202063067821217,0.014353232515342847,0.017651090071228358,0.020284921277298463,0.021443332157382974,0.02091538308319466,0.01923108233944632,0.017200900746617964,0.015455296936083093,0.01434699727079997,0.014090253231251328,0.014970035050323358,0.017652769677270808,0.02397788874231836,0.0400063805603231,0.09188664846978305,0.24948292273003067,0.12565507173997162,0.04154259340219265,0.019675684697622813,0.011896113483594489,0.008469739444629351,0.006795364463567353,0.005978175248560352,0.005648510692077899,0.005619150186682875,0.005751867800559908,0.005889144522078454,0.005836248822330318,0.005425161094230345,0.004638475914525904,0.003649677621875997,0.0026951261790531503,0.0019231251813639873,0.001364141648089559,9.834130535829968E-4,7.314062425364065E-4,5.664673694481076E-4,4.5934945871920515E-4,3.911804222503422E-4,3.5042039722192646E-4,3.3049945107223457E-4,3.283597606720825E-4,3.43771768537956E-4,3.793167828244538E-4,4.4105981043778903E-4,5.401064048876059E-4,6.954226275961772E-4,9.384029939433791E-4,0.0013193227959234094,0.0019139041025578597,0.002821834891582797,0.00412767064547564,0.005702759485600428,0.006499795846144022,0.004917203558590219,0.0034232659748387622,0.0032357808937004398,0.0036148013394551345,0.0042327938678992936,0.005124785972789441,0.006522471988153467,0.00894626154568394,0.013693956245519341,0.024805193806058806,0.05936783932822066,0.19129518844953233,0.1333483726733883,0.039044246722745805,0.015873181850120446,0.007648248332972794,0.003312679738090836,0.10949828832709776,0.08769718327609127,0.02227082583816521,0.05991676578347001,0.01566855066760594,0.011445054531935167,0.0032197638921043327,0.002218455075674571,0.004381620034580781,0.011649209518088602,0.0059326014937527,0.0033272483136109463,0.002327807461597993,0.0019131308567703206,0.0019975300106798164,0.002180013169930662,0.0026632703278706748,0.003632551764527417,0.0040899144939165535,0.002646962638113084,0.0015498979314016764,0.0011123509665039524,9.610160427937411E-4,9.76847844967765E-4,0.0011462266878164362,0.0013624601627529062,0.0014683352614974982,0.0014814904540279756,0.0014634656823912702,0.0014300711345389765,0.0013766900500471909,0.0013322368978612759,0.0013925048583696502,0.0016553658386279707,0.0021911277717507976,0.0031377174002086288,0.004814368250257807,0.007768746442421335,0.012353212703013493,0.017414408995826806,0.020768510271726486,0.02260207931409389,0.025154230339461497,0.031016880229916603,0.04488334577608567,0.0808429878727498,0.16726098051702756,0.15894204962647798,0.06905254526677948,0.03366538391382605,0.019645448432713368,0.012854941008045632,0.00897820601849489,0.0065837249828533785,0.004988166953704518,0.003863374404467261,0.0030692845782321525,0.002532497340096841,0.0022055526691062083,0.002049144656748497,0.0020317472439618047,0.0021337104224788805,0.0023464658671343537,0.002663183889294018,0.0030575415718640617,0.0034522780249271446,0.0037066684490575136
54,1.0681696863603365,0.7227830015090723,0.36009393262980277,0.20598426491355942,0.13887952958005256,0.10680484012943145,0.09106859071451837,0.08421055881962497,0.08278148213547215,0.08465998941649988,0.08773402684876179,0.08923162796372083,0.08606397371362427,0.07654540521272724,0.062093202723058204,0.046434041521075956,0.032868326751481235,0.02270980734396828,0.015723387022498987,0.011114335337186334,0.008115822751407488,0.006163593770725018,0.004885962439196223,0.004049839354964137,0.0035125247179170647,0.0031886478290736216,0.0030298841366093276,0.0030135583851968943,0.003137293921736497,0.003418157936726804,0.0038957578039802627,0.004639300224178687,0.005758208162881868,0.007412809738989676,0.009811980414182023,0.013163681629447234,0.017521447466604254,0.022511213181880686,0.027143816146115763,0.03015786115954909,0.03090079087962929,0.029831717632165414,0.02807864725504325,0.026747545552126537,0.02672060108032303,0.02899069429977138,0.035598780064590343,0.052622202347466444,0.10387134439555983,0.2629628907725342,0.16456106754235605,0.048779545732941215,0.020293241685245725,0.010905127676849221,0.006954768172452847,0.005028771730956789,0.004016434096348192,0.00348536015049506,0.0032468984938846535,0.0032129215273905454,0.0033378821490751627,0.0035858165545762004,0.003900639601408311,0.004178212360103364,0.00426612241147135,0.004032436683974444,0.0034773439595264573,0.0027547595896762586,0.002054769214140642,0.0014887896412494872,0.0010777127412776952,7.958772354573006E-4,6.079138482517169E-4,4.843212713460763E-4,4.044125858665996E-4,3.5488684506156896E-4,3.27777790030725E-4,3.1891113754611687E-4,3.270461135031173E-4,3.536730365289372E-4,4.0351750889148336E-4,4.8604252748154136E-4,6.187652922725647E-4,8.3457051931736E-4,0.0011994736858876066,0.0018626803758676025,0.0032148811192584934,0.006181223606308448,0.009007842674885103,0.006390214742915452,0.004976280390490137,0.005095014748579746,0.005815055630976205,0.006965331774917911,0.00873248957336609,0.011689785389721215,0.01731754999648892,0.030181724918915968,0.06917532517781726,0.20831811130555322,0.13400530488452433,0.037712229340929514,0.014189969911138717,0.0053066456531153825,0.2415964667473472,0.26711560440387694,0.021240159823553793,0.05973164889153749,0.018480913746741767,0.019488852051369597,0.00391255636829441,0.0019920450023684496,0.002818163442736148,0.007915195633023358,0.005899112624107255,0.0037179722537029705,0.0026605668467316705,0.001852312055133453,0.0015504429910121495,0.0016573690611528795,0.002099332311167916,0.003316330883262992,0.005523925545810995,0.00522768623038732,0.003195611894629785,0.0020853878063302237,0.00157156181362785,0.0013229629806858303,0.0012441348124404964,0.0012880551868822705,0.0013572460927456919,0.0014182498557294505,0.0014744106556618816,0.0015070792259386353,0.0014700201711371804,0.0013421046939511426,0.001203257222444775,0.0011633354179160867,0.0012663456441667188,0.0015412575148049973,0.0020771907375212394,0.0030837578236079894,0.00492230525790778,0.007923867424968221,0.011929914246240157,0.016448724363956335,0.021691654605134055,0.029104294194466057,0.041865714896080305,0.0675396841294187,0.1264406330493813,0.2433023574479808,0.23893618393129137,0.11736005867907864,0.058517615775323,0.03361914363370194,0.02144822169599857,0.0144828183092575,0.010150108511651573,0.007202775971670243,0.005100707079386694,0.0036286652016085785,0.0026434787536816326,0.0020169888744206743,0.0016381394066353001,0.0014254575285089029,0.0013280331972748893,0.0013185203068775732,0.0013846786051197046,0.00152111507976665,0.0017202644852388775,0.001963247465222855
55,1.0585966592226568,0.8047924626660109,0.38182103822586627,0.2012722260993535,0.12579156144723097,0.09035979253269068,0.07248313636830457,0.06360543558986434,0.06010623616721199,0.060300420127729154,0.06321607784195359,0.06787138477493201,0.07267520054026666,0.07513988556347827,0.07258832987847871,0.06402988945615219,0.0514027713153265,0.03822307463326993,0.02712001357474916,0.018926067712230096,0.013308095944945053,0.009584717980496937,0.00714174705856967,0.00553660987213095,0.004478967829858724,0.003786346078991436,0.003346869853477452,0.0030941920276766396,0.002992358177972857,0.0030276998976470565,0.00320582012247933,0.0035528725521987484,0.004121372762645496,0.005001667331664303,0.0063405357057529955,0.008366506300208331,0.011412303319051386,0.015898052086051665,0.022188430299333577,0.030218014611935854,0.03899604591933325,0.04663912721256728,0.05152918219359736,0.05368618826533005,0.05483224860707149,0.057595786623587296,0.06563547538766552,0.08664323860787698,0.14514349703845417,0.3093103172460889,0.25078194047572866,0.07321336956492387,0.02708771409880279,0.012941980888101088,0.007371858847065726,0.004775092030246337,0.003423238142693718,0.002671626600326382,0.0022456917056558486,0.0020179605883135884,0.0019271526318660845,0.001945175875133964,0.002061636026136606,0.0022735992615502713,0.0025732795173933347,0.0029283017520571413,0.003257263860933102,0.003426640459456262,0.0033120069330097946,0.0029038467520965915,0.00233251193393076,0.0017641515947220392,0.001298245278396788,9.565428569054726E-4,7.204349725965993E-4,5.621675181140702E-4,4.5816550585510765E-4,3.9179420531052856E-4,3.5241954680737165E-4,3.3389522107335164E-4,3.3346171861848114E-4,3.5128317032524667E-4,3.907637129706815E-4,4.6014326029720224E-4,5.77184833030365E-4,7.840476087844478E-4,0.001205549138270121,0.0023281730000950587,0.005665634324684666,0.0076220672394258955,0.006186217003319093,0.006082754726111673,0.006957980005106413,0.008568913132378933,0.011091788249073498,0.015209973993550195,0.022799073150004807,0.03971277781301696,0.08964541883766622,0.24474583557308183,0.13600515728180126,0.03702813094300841,0.01135822594772341,1.4002202289629337,1.4329076936722926,0.03581719806964829,0.06980564389686782,0.022442107520810026,0.03708956310236899,0.007859332256292128,0.0026831131600559954,0.0024108525252363546,0.005440705900201735,0.00511244519232119,0.0037291714489707146,0.00292119497765274,0.0019447949817580806,0.0011374194895926054,9.749395812322301E-4,0.0010943949105856655,0.0015806595958447103,0.0028877973094194286,0.004251881594924391,0.00373671260454838,0.002796798139293511,0.002187667361495823,0.001817959075908351,0.001598285595461721,0.0015422010818842246,0.0016247535656138707,0.0017890068734503857,0.0020221520648765184,0.0022967794479260848,0.002479823047865925,0.0023566824164457678,0.0019644568257043494,0.0016010170307841618,0.0014087761878193376,0.0013776837431144565,0.001495593038656724,0.001800234568001591,0.0023873113663771955,0.003377311356688991,0.004829907363967002,0.006739773063136987,0.009217718740805328,0.01270644293114889,0.01826511941892181,0.028451759117089363,0.05049049143512698,0.1073127933870391,0.23273220041098502,0.2267264468932653,0.12215746232187655,0.07152659379254701,0.04827490029839641,0.035698675679969975,0.027275008915500127,0.020896790568937104,0.0154269814351835,0.010746828919747388,0.007180264256687083,0.0047635762629107455,0.0032466747671623143,0.0023241637550840315,0.0017656794351653216,0.0014282018307638649,0.0012296826770907352,0.0011236675423644763,0.001082473713759249,0.0010873418141769413,0.001123588922099664
56,1.0338700669486351,0.9228357651076611,0.4354145274056176,0.21275703936460708,0.12306095318233432,0.08225663724228877,0.06168677699239564,0.05082752156397533,0.04535059916724208,0.04333613138232212,0.0439131949153388,0.046672532913165886,0.0512920065628839,0.05713540753380841,0.06278821056309532,0.06588198292729995,0.0639543421757046,0.05634606587217294,0.04514535118287569,0.03362006905843981,0.024010493709854877,0.01694151687954512,0.012081074193359615,0.00883850705133284,0.0066939828338128905,0.005274711594876239,0.004335601661999993,0.0037220498720737056,0.003339275316102818,0.003131836416567872,0.003071478357157109,0.0031510844464895647,0.0033834204607222002,0.0038045127797948163,0.004482801605356984,0.005536846098135061,0.007166390256189464,0.009703066499901544,0.01368313664668544,0.019920086896323706,0.02947751893323537,0.04330469958192846,0.06132040223135742,0.08151521671463095,0.10083825487669872,0.11838995874920448,0.138379903774049,0.1725452597986946,0.2491712284193056,0.41891023556541246,0.40189159166584,0.13759486756729206,0.0475103905441748,0.020403927101260263,0.010402164948371652,0.006033530285638246,0.003876261573028461,0.002712047595339577,0.0020437036576365962,0.0016463740821683589,0.00141049850707449,0.0012803275376381035,0.001227722604384338,0.0012403230543650238,0.0013159507740946829,0.001459453731950937,0.0016791815503253398,0.00197945467985232,0.0023443175529980612,0.0027124074417803714,0.0029638410900361878,0.0029657774238116743,0.0026783110879381442,0.0022035038913188767,0.0016993426604404018,0.001271821852090606,9.52132365556026E-4,7.28755978875058E-4,5.782906560904664E-4,4.796711772027751E-4,4.177326437446593E-4,3.827929032034815E-4,3.694948827820911E-4,3.760908114291493E-4,4.0485910478267747E-4,4.6557704927230445E-4,5.9127492418449E-4,9.187014158987985E-4,0.002068583416393053,0.00443898889767272,0.004936848734816613,0.005173704261297546,0.0060979720437759986,0.00784855131880829,0.010773237368755587,0.015762631364938825,0.025175288571826337,0.046503626466503384,0.11040824219538745,0.27439610332434045,0.11746082441302197,0.028114995062864884,0.04152146247098212,1.798427369764395,0.08026784082243936,0.10044848567738651,0.02620427986285288,0.053941918011586015,0.027762969477399597,0.006128493424213767,0.0035182569021645345,0.004801144383413793,0.005028118206870249,0.004173187459868409,0.0037917707047838787,0.002890614923459378,0.0013677899463792594,8.351970585833142E-4,7.400589539338918E-4,8.583366563009734E-4,0.0013205776357392866,0.002063040579517613,0.0022963992304701857,0.0020435358083868626,0.001741914016083353,0.0014916555081835123,0.0012947089078980479,0.0012165620505471717,0.0013220277259808192,0.0015859778486500672,0.002025548793761879,0.0027475581485207692,0.003824310669371214,0.004831734938855091,0.00481676986330837,0.003937335800639521,0.0030931188740645666,0.0025671457278712063,0.0023023850741647313,0.0022372487218640645,0.00236920730732334,0.0027353967768882904,0.003364006324068958,0.004257576825084449,0.00544792325770902,0.00705956707939352,0.009366355880635927,0.012940468030502004,0.019162046423827156,0.032105436869313796,0.06619123418020434,0.15659913653537208,0.1526676575277873,0.07106446574595823,0.03993341773564536,0.02815041366441033,0.02321106326235284,0.020936666358493942,0.01987349106630984,0.018732452390526993,0.016551900026571587,0.013434994889553955,0.010157424236580333,0.007385204545749415,0.0053221737471594675,0.0038811363453302395,0.0029022400360182677,0.0022475123924918772,0.0018167998989294012,0.0015393748816395546,0.001364415130808061,0.0012554154949159604
57.00000000000001,1.0079668682685237,1.0627890905156134,0.5334037281480131,0.24533844327111431,0.13145900223192952,0.0816257865649175,0.05706966597479584,0.04395898649930962,0.03675371101879485,0.03301245660641964,0.03160841859643345,0.032043833552898866,0.034149301177979624,0.03790371998589621,0.04323340976755119,0.04968576286411012,0.05598511438153728,0.059849759169681306,0.058852090887118846,0.052317433074879,0.04223692146020588,0.0317156983720988,0.022874100113111966,0.016322222012820138,0.01178163842385442,0.008727962159167836,0.0066934135312321655,0.005339350772616636,0.004441392237387101,0.00385727258936798,0.0034998697970093522,0.0033191266996214254,0.003291531663186336,0.0034154429756452754,0.003711459496573207,0.004228387367582839,0.005057252572005861,0.006358928158363909,0.008416507297051165,0.01173326528537883,0.01721133471402425,0.026454939769248537,0.04219282056145885,0.06855604972652816,0.11035155251439656,0.1704637205505676,0.24793171539281011,0.3436285014219979,0.4715055898566733,0.6306207873905415,0.5946077065995611,0.28090238304999693,0.10491759015528804,0.042836559356946455,0.019945466319817213,0.010430211537813051,0.006015603311891343,0.0037731731967667343,0.002547582054462362,0.001837854658289864,0.0014089631647378757,0.0011433507583505369,9.792973072814857E-4,8.835330725559711E-4,8.384321090421253E-4,8.358783553185066E-4,8.744181928372683E-4,9.581146866676237E-4,0.0010961005863438214,0.0013015333059052643,0.0015872925587743847,0.001953497696933551,0.0023625128632928662,0.002712704387658424,0.0028573230983881376,0.002705123421963115,0.002312652617105192,0.0018349167306260915,0.0014016027812512263,0.0010654825322188378,8.257490029332939E-4,6.623370735259246E-4,5.544126330138715E-4,4.8618755048630775E-4,4.4756994325930393E-4,4.344601383560262E-4,4.539799155610121E-4,5.550887171530676E-4,9.747091297356625E-4,0.0021929056528855436,0.003137130006910553,0.0036467875326053564,0.00442350717794039,0.005798223856365302,0.008192070106647907,0.012533462030280497,0.02127307860310722,0.04256316387483321,0.11281045446485773,0.2589168079262621,0.07184355463861328,0.01912153894463328,0.26889104740416647,0.17728216285315032,0.12696004485551243,0.029309037321733695,0.04078575006856985,0.09778369566676061,0.01826328876238318,0.008042779907743259,0.005809528629575821,0.005505915228808987,0.004869939622649037,0.005163553210422146,0.005459054216699301,0.0028876748041359356,0.0013468777414345995,9.175342409045398E-4,8.170121803350412E-4,9.582897620836835E-4,0.0013353390375779835,0.001578116919965293,0.0015592430633648649,0.0014353383374329613,0.001278460040073476,0.0010815309503458934,8.863292262973032E-4,7.959752740156228E-4,8.376562042347293E-4,0.0010028709920722957,0.001343280222409014,0.002008528680162834,0.0031879152982569347,0.004654672913612243,0.005482779331066907,0.0053746398315693234,0.004915554408032816,0.00451295790431357,0.0042593739463328934,0.004151835858028288,0.004214294734894336,0.0045162113466734495,0.005116234087804037,0.006048878595889211,0.0073692137058301065,0.009179416452431527,0.011647127466233578,0.01510341667465562,0.020451755605753536,0.030600091622776042,0.05584623561413583,0.1267920733440169,0.1361228883786258,0.053680975512494726,0.02523376236419042,0.01542905244992939,0.011378871486048658,0.009477749627338227,0.008623167695821669,0.00824443044418743,0.007951573380499411,0.007585555543764103,0.007110922869687492,0.0065683333637075,0.00601407106540521,0.0054839622974781265,0.004986397460071714,0.004512523905850714,0.0040535722066055045,0.0036143990979620433,0.003211460101248221,0.0028587027809486103
58.00000000000001,1.0019454592318724,1.194977655116556,0.6927115573925059,0.31026213604894237,0.15486264886746012,0.08929307510576824,0.05812086164793569,0.04177420931697575,0.032639489610067074,0.027426158422801116,0.02459797816593491,0.023416792791703583,0.02355364749507149,0.024918725654369953,0.027575124592851604,0.031662675837868935,0.03725889311432687,0.04409016314822159,0.05107892591108378,0.0560607080461603,0.05648647221402623,0.051318000452895904,0.0422107058875817,0.03219818751664077,0.02353339248971352,0.016988018352303107,0.012389922907262886,0.00926659320480558,0.00717063196238547,0.005769508564432486,0.004839633152676859,0.004238192445391222,0.003877862921564156,0.003709568382482905,0.0037126811843711236,0.003891442300021198,0.004277393520888935,0.004939474038112684,0.006006660525814934,0.007714469928514337,0.010500791387359931,0.015209267849518013,0.023536070482894453,0.03903641193237234,0.06937343827095589,0.1308205907677494,0.2534612535778411,0.4677778833696826,0.7264508853545375,0.8469841828376624,0.7122209601592321,0.4435385425167297,0.22494312475606906,0.10524719308913157,0.049637890921712786,0.02462466368510339,0.013047385984472824,0.007405229631399493,0.004493186614344075,0.0029041297783855406,0.0019919396375762733,0.0014449012455998076,0.0011052030254403715,8.893740234889071E-4,7.516391780728105E-4,6.66325716190992E-4,6.191275537431458E-4,6.027072700218611E-4,6.145693010221123E-4,6.562457560806014E-4,7.333377638513871E-4,8.560974354722061E-4,0.001039947376361785,0.001304191804617652,0.0016645442027095117,0.0021120640081293187,0.002577082749390559,0.002910914213834267,0.0029551707344701757,0.0026808074182660775,0.0022202342980288093,0.0017415618021493703,0.0013413958935909185,0.0010416052802956636,8.27983092712696E-4,6.790940232365867E-4,5.819937382701923E-4,5.556540228013961E-4,7.30421704312161E-4,0.0014211156532257627,0.002232542944404898,0.0028007877580607065,0.0034472677570460968,0.004473592147173955,0.006246982594427571,0.009539562915912955,0.016448652896461094,0.03448337271438788,0.10297619588379758,0.1996699519522967,0.029229405692991248,0.10545307740958203,0.37588268045569817,0.16307984060819097,0.03945395179483609,0.02445253700797052,0.1041918180381281,0.035665386711343824,0.014441267025585151,0.007769040317047569,0.004953919277239652,0.004165987398354016,0.004595347040010167,0.007001320125634689,0.007505919162602172,0.003696514308681659,0.002096439876521108,0.001496041744663271,0.0012984369161332231,0.0014142888092805444,0.0016010066851484097,0.0016588925405261413,0.0016497944400826934,0.0015862144025570522,0.001408600455254115,0.0010892812533929255,8.01144752061866E-4,6.583929309746746E-4,6.321942954271654E-4,6.97228723963952E-4,8.754313272069618E-4,0.0012263050113638925,0.0017728027677698453,0.0023653605635731724,0.0027808057113525644,0.0029863924011364574,0.003090501666018126,0.003195651443850992,0.003379873523640586,0.003740519633290159,0.004421997308811783,0.005572741783606875,0.007302647474485721,0.009755949077617959,0.013172897433858672,0.01779729951354081,0.023650120855103828,0.030493077545390147,0.038751427586502775,0.05183246928213286,0.08121308873845616,0.15754078441941677,0.18962297255686753,0.0738026263861681,0.02953250226116719,0.015278255518327717,0.009615103912408678,0.006900999640111842,0.005469170312648965,0.0046311541245578946,0.004051182195889365,0.0036086254400413994,0.0032534661525598415,0.0029683128634010766,0.002750142087627914,0.002603388693498114,0.002538175215447147,0.002569356412219591,0.002713370530349746,0.0029810946116935045,0.003367455043252122,0.0038422273876416962
59.00000000000001,1.0382014629791505,1.2951856643222217,0.9214335778602558,0.4291308472197404,0.20287297690816666,0.10887487164818688,0.06592307677745346,0.04415924515445076,0.03220491257694237,0.02527895613159177,0.02118529495093967,0.01884822398249455,0.017728277232580355,0.017572450144996102,0.018303749298829507,0.019972944481654382,0.022734702866107487,0.02681509280523537,0.03241761968990161,0.039481512635557325,0.04723054559690304,0.05373099056131012,0.05625283240851946,0.0530488164571971,0.045075302289498784,0.035269641323073524,0.026259587363925124,0.019204897472227884,0.014138713307052688,0.010650602592543197,0.008291057995141477,0.00670764548168746,0.005657214425698986,0.004982653703116189,0.004588055171797022,0.004421077148671819,0.004463275855816944,0.004727944187972436,0.005266344017431046,0.006186427687743974,0.007694937056692785,0.010189882172127367,0.014472803480004407,0.0222726833391494,0.03766141722986787,0.07127294204966812,0.1536982090955303,0.3683638668706178,0.7527599179312441,0.8004354911218152,0.5675958612752711,0.391554362168417,0.27242821588369714,0.1818299395293909,0.11260523060266496,0.06501394464961623,0.03610538767285618,0.019985675594616024,0.011325795336107596,0.006675900447545115,0.004124896632908549,0.002679344196896283,0.0018301312578595465,0.0013133441758683602,9.888643961171318E-4,7.801373477691497E-4,6.441443746513419E-4,5.561690252731845E-4,5.019090563942994E-4,4.733380140884906E-4,4.6656844547935593E-4,4.808717812261605E-4,5.184707567022678E-4,5.849685869793238E-4,6.903932661424716E-4,8.507453374059285E-4,0.0010892936067190247,0.001434787112905368,0.0019091562105345754,0.002493111636973617,0.0030736503724216897,0.0034388044187831997,0.00340948606142733,0.003007590400330857,0.0024225230895667397,0.0018356733115634976,0.0013395568244264748,9.914754851456245E-4,9.254802407056128E-4,0.0013853938714707354,0.0021105555334071887,0.0027396357357392966,0.003387018519066656,0.004304821899423679,0.0058310690217733795,0.008654011126031872,0.014680424777293907,0.03129196035350196,0.10656077952531683,0.10647007412234677,0.504700713211386,0.7604640245860853,0.2849019370685213,0.09256493626365118,0.021447950974129715,0.05414338676259302,0.040921142235026124,0.01796885440808446,0.009651116687698072,0.0036769306914920335,0.002234346928235628,0.0021472724592053335,0.0031941254219114007,0.006958283486114304,0.007222978768165336,0.00469189577186667,0.0032671571931917566,0.0025466458027557765,0.002239561498816787,0.0022236106703414533,0.00228776054429895,0.002426565194322685,0.002642069619812838,0.0027381733944531264,0.0023548336623996947,0.0016173383146851285,0.0010882464078050176,8.289388435580175E-4,7.258273192103418E-4,7.227827273659014E-4,8.130497663040402E-4,9.962266710434452E-4,0.001225316543684844,0.0014188322049755594,0.0015383271613816406,0.0015951540327592286,0.001610621730711332,0.0016036930089333718,0.0016071475800324424,0.0016915956815263436,0.001973095333026813,0.002607040954243207,0.003819720450940579,0.006030119690187412,0.01009626640792852,0.017668303055636606,0.031235655647350116,0.0526886565171405,0.08136549658262586,0.11839305993105258,0.17742772343577498,0.28362693962790486,0.3267937168745401,0.1622431901071588,0.06531692675869194,0.03046463955617386,0.016716376515157273,0.010364953299542703,0.007148481244657259,0.00534832371686065,0.00419746588870442,0.0034014023130096932,0.002816321260281126,0.002368446236104208,0.002018590841135626,0.001746264670762651,0.0015418156952860475,0.0014017539530902486,0.0013257662788947605,0.001315429699062249,0.0013747250282451489,0.0015118988807625842
59.99999999999999,1.1396165804713358,1.3751336386859923,1.1879704380253544,0.6341998133322433,0.2962475967523809,0.14951588566187407,0.08431023558179536,0.052580083553984205,0.035749147684238175,0.026189807748838646,0.020495544985202355,0.017026397884593834,0.014947154514854608,0.013821320651143117,0.01342942813184413,0.01368593344585776,0.014603692043458603,0.01628347419763974,0.01891513225435449,0.022773042945865254,0.02816759000715276,0.03527286680365845,0.04372409591606475,0.05203447130504507,0.057451495787204515,0.05728577190513208,0.0512042978772533,0.04169232411188459,0.03190912705151962,0.02374453067687972,0.01766088889391675,0.01338415371540506,0.010459379346389639,0.008488174418840448,0.00718235997978176,0.006351988671920077,0.0058813317659184745,0.005710136738511224,0.005824182343539506,0.006256605786558425,0.007103993671369981,0.008568966745131752,0.011060993831507956,0.015444682983699278,0.02371319968036733,0.04108032350273631,0.08368697592379087,0.21139978122385275,0.5858421356462266,0.6528144360881315,0.3496488088735491,0.21540894814718023,0.1592336818515893,0.1309986214391717,0.11188817856239322,0.09332316643986918,0.07245996226034696,0.05120089312722931,0.03320080115503896,0.02035969832514847,0.012227741226046569,0.007399001105048057,0.004595358979890053,0.0029603895812697865,0.0019883952003957404,0.001395290096311302,0.0010232911082705808,7.840415468603945E-4,6.272005997163097E-4,5.235268544011963E-4,4.557835636173567E-4,4.1381775201167073E-4,3.918976777587206E-4,3.873229471915419E-4,3.9981905013100356E-4,4.31509822921763E-4,4.8744557089745104E-4,5.768105095424219E-4,7.150403682525877E-4,9.270075177787762E-4,0.0012506207284512382,0.0017370837540231136,0.002435923097305284,0.0033410128471392173,0.004284168124442659,0.00485263502305348,0.004535346082502945,0.0032815183688607442,0.002135327398335906,0.0021175482984663267,0.002750997354609367,0.003506311753435788,0.004320699632890117,0.005394633276945471,0.007094968994046869,0.010194569016986895,0.01690581824994365,0.03691603690615692,0.16920394632333924,0.4964845700037242,0.9887755331123198,0.4188036750846086,0.47685343161874444,0.039719319430678135,0.03182356598998893,0.042957374453899265,0.02206228535016562,0.014083616113726433,0.005166278659172803,0.0016709449544844992,0.0011624686413348544,0.0013389355501140165,0.0028611472978884484,0.004988522003686326,0.004608513441721008,0.00361551556159926,0.002876995563261198,0.0023554711907492116,0.00209596412279296,0.0021012286944403,0.002323001838263618,0.0028618556797540646,0.003882893487848944,0.004993631654919854,0.004726350251048278,0.003299212932779377,0.0022222402716100724,0.0016355599870562633,0.0013279292593418252,0.0011835844760318462,0.001158280133044866,0.0012138699122466088,0.0012932292409367642,0.0013547653010636753,0.0013845479010141048,0.0013766627582699668,0.0013249001320360574,0.0012337549684767791,0.0011353483909791692,0.0010857768293664866,0.0011395577390543045,0.0013436522552636952,0.0017685344734697345,0.0025680208085344385,0.004091098590866134,0.007115562208954207,0.01330061047802974,0.02591305138671333,0.05096422420070441,0.09994649813089512,0.19355661591231016,0.32017824997215644,0.30863755059671927,0.18393703163920366,0.10175316769359659,0.06003698233546408,0.03793802226366513,0.02491600664572558,0.017208008994286525,0.012492850794366838,0.009348331293074734,0.007164719582778323,0.005577521972396475,0.004375765484041003,0.0034410969769092105,0.0027093094818696987,0.0021444332315918827,0.001721407811406082,0.001417207354663261,0.0012092289379707882,0.0010773201887894137,0.0010059524704080086
61,1.325771011829176,1.4759154629426423,1.4209836639090965,0.9409049345513322,0.473656867040394,0.23233453152576414,0.12307237946501723,0.07151789718193682,0.045273808064210955,0.030911388965080566,0.022566880006935863,0.017497498521599757,0.014335863763121418,0.012364588283599834,0.011195688071559238,0.010621431407418917,0.010543164380066021,0.010938788208180113,0.011851861388781748,0.013394828329640406,0.015761970196505548,0.019244433553737818,0.024224577726245877,0.031089126327143942,0.03994152412720145,0.050004812850440436,0.05897774532811288,0.06342478240703583,0.0610486755603804,0.052864070841537505,0.04227253994414661,0.032324137746123235,0.02440435030969532,0.01863079968555753,0.014608951881561163,0.011879324072248789,0.010075090284023286,0.008944965364597154,0.008336377151403408,0.008177346132916447,0.008470437578177928,0.009307068076774777,0.010918791867009421,0.013812256855906603,0.019131789296913303,0.029757158620585956,0.05430223629563777,0.1256449358453769,0.38845174826879947,0.5846762665278489,0.2411053034610528,0.1197987358084168,0.07791512684675454,0.0605509208364827,0.05303777905818314,0.05027755471017798,0.049740326039936396,0.04937519628937451,0.047083148352990684,0.041404157525992816,0.032766738705427914,0.023397007840125373,0.015477325677978571,0.009831068291293913,0.006191294711306507,0.003954827427005341,0.002598357786515451,0.0017693098884039049,0.0012532541584651586,9.247740272872749E-4,7.111003508631389E-4,5.697071934242061E-4,4.7542090073605703E-4,4.1317939514332334E-4,3.739920473446094E-4,3.5270336757046766E-4,3.468042633199751E-4,3.5590567218186437E-4,3.8171575570746804E-4,4.285306591249695E-4,5.044314676632678E-4,6.236692246336459E-4,8.113142166383188E-4,0.0011127347213689609,0.001614978592854022,0.0025026808903554996,0.004211916444524639,0.007332112071980352,0.007494461330246348,0.004749594077410646,0.004500257045999214,0.005227823883038073,0.006345890222952723,0.007901644676493296,0.0103014582482762,0.01459772461750486,0.024135266351217925,0.05885107059960419,0.1408209326081328,0.13178038199604958,0.719001307323973,0.9601892590055053,0.18939556015610115,0.03961259238227751,0.051372881483708735,0.02996298845562069,0.02305554336847076,0.013754448079921855,0.002996967120621644,0.0013146555889458436,0.0010463651007368915,0.001612008784138988,0.003098618543857278,0.0036096768865803383,0.0032421561806226956,0.0027215985594045058,0.002111907091465142,0.0014885931158540842,0.0011447780705149012,0.001073568419635506,0.001198814037826139,0.001587939432649955,0.0024503699094193783,0.0036965477842439767,0.004326004187793795,0.0039180002650015585,0.003262953017688597,0.002756890139645436,0.0024178929441044193,0.0021984703369455605,0.0020751510319935245,0.0020362378037092617,0.0020555752197340847,0.002101592690440468,0.0021385665910672617,0.002118371239628298,0.001993910571105361,0.0017681633369775543,0.0015201142782884313,0.0013421124073303733,0.0012773881809001707,0.0013359979770649095,0.0015372550156082829,0.0019435381371123044,0.0027000560396087704,0.004105049683470988,0.006741608169576736,0.01176564047144562,0.02173733658030164,0.04336732913474239,0.09508909305175416,0.18527347932399646,0.15788642448460724,0.07959840997596017,0.04329279491566381,0.027714777220552926,0.02050157912345185,0.01678115503943009,0.014987780748758789,0.014274876511548093,0.013896566988462911,0.01355761338855658,0.013017280524975063,0.012075607335274702,0.010643645661093888,0.008834778818915584,0.00693771255146628,0.005246137834717756,0.003912647493610366,0.0029429176129553186,0.0022689127139730978,0.001810905170369058
62,1.5768958721282151,1.6207679232893795,1.5862376704417915,1.2774765724720538,0.7748673385962683,0.400608525447441,0.2060036827800865,0.11265258882528248,0.06648539421459612,0.042245297087268964,0.02871693838473932,0.020751600081659757,0.015856002250633803,0.012756012137541501,0.010769349341116063,0.009518037427990384,0.00879047572926352,0.008473196876043195,0.008517346181894246,0.008924245815094824,0.009743291803195489,0.01107983880034037,0.01311274974110445,0.016120530106833827,0.02050753525708041,0.0267972835792001,0.035501930849740314,0.04669542068223912,0.059179649130130366,0.06976822231469594,0.07424566286370012,0.0705106927072398,0.06057110286753282,0.048570479118172465,0.03768673202633329,0.029169522271527182,0.023015674539495302,0.018775847129938055,0.01597861031379223,0.014270990789788378,0.013441013501001879,0.013415482185956087,0.014278164050519007,0.016349293236285017,0.020420811133352822,0.02846132290792744,0.04607475745528748,0.0934598825919354,0.2674648848189116,0.5857517097114004,0.2179077654739051,0.08706966881485359,0.04802787602528528,0.03257139456117065,0.02543173287387684,0.022057646704654203,0.020785736182299726,0.020931232341106446,0.022167581753280215,0.024218359463903945,0.02658925389402198,0.02833554907584627,0.02816600356618963,0.025248308974713755,0.020150830600728625,0.014528632891040777,0.009782461145522402,0.00637995766875952,0.004150753316533682,0.00274763606935175,0.0018724095534933868,0.0013218371106867022,9.696185401310818E-4,7.399530882498423E-4,5.87680706412058E-4,4.857563682860923E-4,4.1785579410123005E-4,3.741226769240557E-4,3.487571924241259E-4,3.386877389245087E-4,3.429155547297911E-4,3.62343411096946E-4,4.000771756399301E-4,4.624550179605529E-4,5.618628587040141E-4,7.261032037771621E-4,0.001042641858820762,0.001980335853842892,0.006570509960821703,0.008660064387687525,0.006539290014603967,0.006668086651546716,0.00789146381540334,0.010008864194740591,0.013433386430705888,0.019589456458735627,0.03411961136177677,0.17845960676027858,0.7486478177639634,1.0191597046813052,0.9367323636148912,0.770564572326529,0.1451287551942148,0.07080949320159777,0.0430947664695225,0.03380340707795901,0.03821866524359715,0.012872557486216846,0.003647734567636334,0.0019390478886716115,0.0017383306908790063,0.0027782132342639627,0.003664927241766662,0.003720504330407471,0.003469676996265237,0.0029024845556843214,0.0019120623771163255,0.0010992578584439537,7.464772108098089E-4,6.409261479378483E-4,6.727938658952677E-4,8.542076689374816E-4,0.0012286434684834592,0.0016604301122036449,0.0018834315307044258,0.0018703340356215723,0.0017523807842633082,0.0016186452682947663,0.001512247790677316,0.00147850708550654,0.00156997434758118,0.0018058240002355227,0.002174916570036317,0.0026824049803183298,0.003341514182550589,0.004076490187974051,0.004596110236131637,0.004558924568022004,0.004051087046033585,0.00347257986849858,0.0030637973917416257,0.002869524231820466,0.002885742020923283,0.003139639254170799,0.0037230373071843906,0.004822347298337448,0.006776343004820477,0.01023802157687693,0.0166775988610896,0.02999758993373049,0.06158716548558697,0.12725301921677692,0.11919943572525046,0.05294674220354765,0.024557481003876305,0.0134879802865875,0.00860826079272284,0.0061934171548801535,0.004995721651995947,0.004480705045876572,0.004348924287400792,0.004508072233564112,0.004928155496042962,0.005601343434758029,0.0064988902924666475,0.007518293339095887,0.008448642361499729,0.009016086078777154,0.009024144983910428,0.008474393598018914,0.007543480006740877,0.006458394489805683
63,1.736302507425368,1.7306692906320837,1.6793434589340135,1.505239093917966,1.1395377903445134,0.7030464164369306,0.3835632360120478,0.2056356276326682,0.11481499370527379,0.06811133371897542,0.043060819715133654,0.028931506949315632,0.020570004290428715,0.015411925697123201,0.012124614597048501,0.009985840234078528,0.008590119308825942,0.0077046110405203936,0.007196057241807481,0.006993168481827648,0.0070679232288015995,0.007428145629679909,0.008118242927487604,0.009227634011366002,0.010908248662552082,0.013403583853475632,0.017090537772942564,0.02252569283963868,0.0304543780959294,0.04165700466218996,0.05638051782500914,0.07317351771854229,0.08785314885447035,0.09480224256655682,0.09121129175132076,0.07961865475294772,0.06524650629845578,0.05208999572187443,0.04177499355130258,0.034401231963762935,0.029525709137699644,0.026693974242392785,0.02565149109077566,0.026455154090676843,0.029666436303278004,0.03691283512165403,0.05277394623288139,0.0925889978494724,0.224840409042181,0.6083355833065178,0.2680186937478692,0.08831450478388822,0.04147396363320764,0.02448154313154206,0.016802244123796935,0.01287309595954925,0.01076096653944425,0.009679260626260379,0.009283005026850645,0.009428659069420227,0.010080098929947288,0.011262081347291498,0.013015061895963144,0.015310212390378237,0.017886775474571848,0.020053927802804725,0.020738323421564706,0.019151368702994158,0.01564278151012791,0.011511065317797265,0.00791039420214197,0.005270321895449819,0.003505689980846033,0.002373533081299892,0.0016543184254695568,0.0011941839544973242,8.954083875956838E-4,6.982229058532863E-4,5.664139596325964E-4,4.77966667233104E-4,4.194071097701507E-4,3.824633223591207E-4,3.620890966977577E-4,3.5525840583252005E-4,3.602160708272543E-4,3.764181631288005E-4,4.0884465149453487E-4,5.134225536878917E-4,0.0013349244578136253,0.005019472195892491,0.005598258266240936,0.005704899714056302,0.006695446847288748,0.00867115511212886,0.012140735977012629,0.018750958265689316,0.03816467491433432,0.34104635434073194,0.4157759312386241,0.8519205165055637,0.832793774494446,0.37305011257496146,0.11227616987639075,0.059328116433564566,0.03426055378091421,0.039319040867110626,0.05645651071413907,0.02021563630576031,0.008561951239587069,0.004977736112788872,0.004533308225620158,0.0054383381919369134,0.005796979163358194,0.006002827250142819,0.005956979628658756,0.004568909186740039,0.00238474855165124,0.0012114873569287548,7.760475003289485E-4,6.205834078638541E-4,6.034839760477807E-4,7.041830833840404E-4,8.886896605468957E-4,0.001042744616244042,0.001097220536903022,0.001070937496880323,9.903082740268744E-4,8.730483329368247E-4,7.444190117088344E-4,6.473550057200778E-4,6.184313663046358E-4,6.705365174999469E-4,8.127736413615373E-4,0.0010799891668262956,0.0015596570131753164,0.002403239577895379,0.0037365128108846728,0.005381718892912564,0.006796210482539231,0.007644185550470275,0.008076445659354736,0.008383392689553482,0.008762044099540074,0.00933994372686768,0.010276999823122678,0.01185832679398159,0.014566320236118261,0.019238481629311778,0.02757034673038935,0.04354258425665706,0.07704202344519989,0.14095775689347245,0.15399937582110515,0.0747265826527567,0.03180835869493932,0.015292635196220535,0.008404803913706056,0.0051672493568859345,0.003540112494972332,0.0026870951909749212,0.0022139198931245643,0.0019602222701778946,0.0018465303183803625,0.0018309497530003254,0.001888486693947255,0.0020007758395054684,0.002151819845386079,0.0023279154023038958,0.0025199454778330466,0.0027258754423501053,0.0029520102739485922,0.0032128062387245518
64,1.5754962435731774,1.5822810514845973,1.5781808126966521,1.517842791166625,1.350656285432904,1.0532480160176567,0.6990257186487508,0.4106123587557045,0.23038240702674415,0.1309441235694159,0.07763726565187797,0.04852407927927285,0.03202399820739664,0.02227636042669227,0.016285975500508143,0.012476649406684324,0.009989431895518453,0.008340099889487418,0.0072479075466509455,0.006547483288858169,0.006142404802806736,0.005980596104560427,0.0060419242918002625,0.006333455223589529,0.0068906082394640895,0.007784303640229377,0.009135855539077588,0.011143221864230432,0.014124179190645843,0.01858232097114378,0.0252935209916125,0.035372683780823845,0.05016793387012275,0.07061205458989263,0.09559349222792192,0.11997917237291768,0.13543108168896273,0.1361997347300087,0.12415317276520654,0.10629104548891335,0.0889200999224638,0.07520017699657736,0.06597765434276762,0.06126523907316384,0.061305885206753716,0.06751009481006583,0.08438404074906053,0.1263443943438989,0.24977770674655275,0.643209928234194,0.44324128639644,0.1289593234376518,0.05178314184241535,0.026684532739839145,0.01617110735505777,0.010994746573956278,0.008168424067965955,0.006527340625265227,0.005554640522174201,0.005001286664352419,0.004743927191266591,0.004726468883227121,0.0049353162986640504,0.0053898839098297565,0.00614025020235519,0.007265514352649582,0.008861255976007072,0.010990569728003562,0.013556964427206677,0.01609128334788922,0.01764538019910954,0.017235988547205476,0.014774244883085815,0.01128403217362264,0.00796451417363702,0.0054087886207983635,0.003650381271912729,0.0025015586231450938,0.001762680419961657,0.0012854586192956449,9.728589611790782E-4,7.643019827720001E-4,6.222427831139093E-4,5.228674021505617E-4,4.5004278810964406E-4,3.913735130824644E-4,3.3689568236186035E-4,2.929578699530099E-4,4.353887864290353E-4,0.0018735370074458551,0.0034645268500428684,0.004078473709286541,0.00490434432457876,0.006401245709251307,0.009128473332934449,0.014724832270222888,0.40049897547569085,0.477134948538023,0.3946787826244859,0.6873500405202219,0.4511604330820488,0.2139857879927796,0.09869147975538291,0.0312836400667489,0.020052530481059715,0.03521934903376825,0.044593358302167284,0.024292918922155748,0.014388275173862316,0.010306358051165617,0.009278152215483535,0.008940035358688059,0.009299448829072294,0.010905432879670836,0.012650074063529268,0.00942604877223166,0.0044881496839426546,0.002288263454006416,0.0014408401550331236,0.0010689857001466236,9.324818942976599E-4,9.617970002772117E-4,0.0010637485536321056,0.0011331094958727612,0.001152315705129257,0.0011083020801327772,9.941074577222736E-4,8.179350721344426E-4,6.284533995156654E-4,4.8578842229157266E-4,4.102667364615112E-4,3.9165633374835316E-4,4.2111091800260897E-4,5.053718633926294E-4,6.708238615589417E-4,9.602170274752632E-4,0.0014090066554826696,0.0020047438333677795,0.002686103265511937,0.0034055111632534355,0.004180040974708507,0.005096138608619181,0.006315250748033973,0.00812138418216539,0.01102230278481259,0.015894816383407354,0.024182915198012543,0.0383155048748938,0.062652963797144,0.10466804698786528,0.17216193072899155,0.24866319827963773,0.25536851270210137,0.16988037321777885,0.08752232630088704,0.042531801221161764,0.02151084960747162,0.011642712511096312,0.006883685935670539,0.004465795477551691,0.003128643813051849,0.002352326498479655,0.001884516483138815,0.0015951052157269522,0.001412181817845987,0.0012932851813016778,0.0012123230715115339,0.0011533968120213845,0.0011074836509456386,0.001070302261133589,0.0010408748854592064,0.0010207016179155286
65,1.1994433753163025,1.1562367937645655,1.1704852312995826,1.2052410785053451,1.2146813732395791,1.150282466573529,0.9816508654037229,0.7312422797590257,0.4776107621397964,0.28673344432137166,0.16769433112968796,0.09959699125893051,0.0613890399124588,0.03961538747466428,0.026822104990038422,0.019037771503743875,0.014137828948131507,0.010960408144462397,0.008851844257364745,0.007433784783926146,0.006481955993252781,0.005861672342610299,0.0054928898064465605,0.005331227964096343,0.005358157230211591,0.005577055063704574,0.006013837064858513,0.006722280220030419,0.007795544755636843,0.00938725208931364,0.011748311618954262,0.015289947682968237,0.02068842194980553,0.029047044706540428,0.04210271827369397,0.0623377601617668,0.09250675949636487,0.13359057804021018,0.18083360866806691,0.2216400801501184,0.24218508454748613,0.2390177074218242,0.2208797170485744,0.1999342179304443,0.1850570230421823,0.18197780379282358,0.19745680172978186,0.24786490949611872,0.38582108418434274,0.7687598706082612,0.8603152003374512,0.27892942078550903,0.09758418049873355,0.04375204520261879,0.02334947071006413,0.014094974488857659,0.009339804063949748,0.0066701649700512036,0.005073962354097637,0.004079052962937184,0.003447048246135933,0.0030508269975169384,0.002820944997050486,0.002720717131104007,0.0027344512104956102,0.0028624510526624315,0.003120142098598543,0.003540318636146263,0.00417807117636478,0.0051171843065464994,0.006472870130888876,0.008374223146257277,0.010886227583833803,0.01381470929997229,0.016437461994034116,0.01755653834967638,0.01635589480128286,0.013325191438031287,0.009805436363963638,0.006809701571225019,0.004637778045034519,0.0031786317399494033,0.002222658430683634,0.001591428632460432,0.0011597553167692494,8.439124229397734E-4,5.882930016006504E-4,3.721765645588565E-4,3.0726635539778276E-4,0.0010250188964537573,0.0024823938787807104,0.0034541946232377416,0.004348280587121184,0.005702206771441745,0.008140675326351291,0.013575324519794669,0.32813113215744605,0.10582102819944145,0.3948238133506316,0.37546562712840803,0.328209858907169,0.19876738569258545,0.058647545395092975,0.017842533395143093,0.015216435896405926,0.02778889591484348,0.024419591319913163,0.016237257667049046,0.010908375533170277,0.007430992891385153,0.0058493985598651495,0.005362254819997817,0.005715807844471968,0.007366699045213301,0.010382262412847778,0.01051829602307331,0.007316435154733234,0.004947361670507802,0.0036493380561615028,0.0028857378489744647,0.00244647224111544,0.00228916410265809,0.002286325369526082,0.0022878395360720746,0.002339229729895415,0.0022721314008743686,0.00199319143787428,0.0015230575298426214,0.0010565760915134624,7.388872118147892E-4,5.639704756155243E-4,4.8091538816876606E-4,4.5756048963082967E-4,4.848926931985052E-4,5.681689232758771E-4,7.148606872374723E-4,9.203520109092657E-4,0.0011633341286412962,0.0014187958638874362,0.0016724506980628432,0.0019232017648673704,0.0021810580834489075,0.00247220216719582,0.002857751890357586,0.003471274123972611,0.004593624423136326,0.006842263503514053,0.011740540650092515,0.023604192255391745,0.05585704832486262,0.13844796508822954,0.21345316031885297,0.17276233087001877,0.1253634498504828,0.09552343300536402,0.0734662841425404,0.05459823770554411,0.03826704072456584,0.026057483475616722,0.017673208114878276,0.01201362162660979,0.008303032728168042,0.005893882204720459,0.004327710713295383,0.0032983747142068414,0.0026069154623001487,0.0021269422665018477,0.0017799486625283219,0.001518056186669968,0.0013124410606898654,0.0011460031505815575,0.0010089306552622044
66,0.8754201608920794,0.7543692324305493,0.7154093047696984,0.7306085090415003,0.7805925769771648,0.8421906670223307,0.8807163226253127,0.8554223582782262,0.7431707266003004,0.5656796800191939,0.38170826440591565,0.2382744455625061,0.14461318564239184,0.08856205936716802,0.055894627861301116,0.03671206981990688,0.02517775424249533,0.018033142933483116,0.01347239494744041,0.01048089287668815,0.008475649328072652,0.0071134341271128715,0.006187794045661249,0.0055729346115651985,0.00519267798989716,0.005003243305686573,0.004984043041094019,0.005133588287262682,0.005469271798870585,0.006030973786346197,0.006889586055544468,0.008163130603278203,0.010045801033064917,0.012860068724317456,0.017150826132369044,0.02385600946107533,0.03461124206150143,0.05226283371548028,0.0815943272177691,0.1298403086543813,0.20524378176364072,0.31030812317209056,0.4305499706744026,0.534446453796522,0.5975174945069294,0.6248044739663667,0.6459175459171236,0.7019450405466665,0.8516780319862409,1.1843578425043082,1.4631824520073178,0.8033939466409511,0.28862525565043284,0.115190759280025,0.05386777788424842,0.028617165398349145,0.016792310989883766,0.010673941169294788,0.007252645632557048,0.005219130935190564,0.0039514313489306275,0.0031324044090225447,0.002590857601436515,0.002230209917888019,0.0019943610182509186,0.001850544396552605,0.0017804675870770415,0.0017758086873042656,0.0018362654076125719,0.0019693995915066468,0.0021921251411188888,0.0025341270665665302,0.0030438530187251282,0.0037977791635796405,0.004912412432145394,0.006552698927253532,0.008912217699828424,0.012100462824504839,0.015844505776942006,0.019096891319900555,0.020228813131835596,0.01839245206929219,0.014533140962220609,0.010355115397181444,0.0068899626227463245,0.004320610273380425,0.0024537130313362914,0.0011269192912990048,4.90255824365695E-4,9.88023552518668E-4,0.002544882687751953,0.004037098355464939,0.005380321323152694,0.007140402643452649,0.010100291060151015,1.0472351420219155,0.4309570818184038,0.12085190479875417,0.26736491681539293,0.3443878329916903,0.3350018777774616,0.2565105251789874,0.04753413853229539,0.015677470957120954,0.01853881328259177,0.02258829408367414,0.01816894622603922,0.013399788681127338,0.008387578965659235,0.004335362689247854,0.0027364159601551813,0.002210076647239222,0.002154517404070872,0.0026074516618633985,0.0035261090086548294,0.004067468183466807,0.0038897686299207237,0.003491841042394407,0.003169110528349511,0.0030193473442838804,0.003096836210768856,0.003360832697573198,0.003719252661935304,0.0040899744449349185,0.004926306592924253,0.0058633024799436915,0.006261741510740706,0.005390126300274694,0.0038509498966456455,0.0026262169295456395,0.001881522136610652,0.0014515072455275504,0.0012074468706645494,0.0010913993829098653,0.001081116971786932,0.001158310827697486,0.0012951065461339966,0.0014596478482146735,0.0016258860457872867,0.0017751669149407023,0.0018933003964529866,0.001971881320978323,0.0020172886321934993,0.002062427396185159,0.0021726642072929523,0.002450779757464836,0.003071801320931726,0.004416239231991772,0.00752569975528497,0.015910948449305923,0.04316790539215622,0.09897646933550394,0.06945652465864971,0.037339379590316864,0.02424898819865401,0.01811178922267581,0.014666105337012304,0.012332242725633831,0.010733268218071313,0.009676970846639045,0.008946753400269564,0.008492588022095326,0.008256264154560534,0.008150256407933511,0.008050844080659474,0.007827331058031182,0.007399559124382869,0.0067714385937006644,0.006008601133964472,0.00519178390346838,0.004387313921054373,0.0036409297707414336
67,0.6784217688753491,0.5060994582334698,0.4273716930319985,0.400336122203896,0.407517833983134,0.4418249282884832,0.49852904405248066,0.5682133234080906,0.6298958793052917,0.6509216806633916,0.603430137915783,0.49089972317883057,0.3527030428382852,0.23179488925836975,0.14594028394811162,0.09150153036462215,0.05855155165882448,0.038734500163247275,0.02663906503440871,0.01907610738852313,0.014218541814389824,0.011017853643258137,0.00886308290953204,0.007390948169342072,0.006381131590683886,0.00569813725969513,0.00525864464892384,0.005013092528261963,0.004935523390515291,0.005018598286669264,0.005272353979011871,0.005726397892302403,0.006436269000625891,0.007496059643680251,0.009061718521995702,0.01139392860279497,0.014938594328240884,0.02048232374229252,0.02946210777198608,0.044598636901700114,0.07120748179719733,0.11984824906015097,0.21105162257768648,0.3803541429851577,0.6696716505618212,1.076082499778614,1.497482753341887,1.8162014104852058,2.016240305220827,2.13309988897478,2.1096320124980297,1.7110340323208428,0.995817665920627,0.4636549209874001,0.20938219702726094,0.10029456037988478,0.05199347795726511,0.02909791681590693,0.017446266377130884,0.011120141980630875,0.007485083437873502,0.005291747562752401,0.003912198703469915,0.0030140665222655252,0.002413264547911931,0.002003789687928753,0.001722634344920328,0.001531509958841861,0.0014070056280223399,0.0013351837223810426,0.001308644082900308,0.0013250829133196625,0.0013869014279219813,0.0015017487398763397,0.0016841563372117182,0.0019587381929447967,0.002365885200579788,0.002971554544814549,0.003883564141431559,0.0052768769376024234,0.007425832990751293,0.010719278945479532,0.01556441204621039,0.021944403467785874,0.028373998045455248,0.03083071173940175,0.024259023634463344,0.010274344498395661,0.0020853255206610914,0.0017565047278414539,0.003769137394705407,0.006235811055374653,0.008719929882336597,0.011761631617478466,0.01539478518288455,0.62616023414749,0.1103465095185156,0.13907440880490268,0.2589721004627228,0.48739905674002004,0.4125661010009883,0.3521953771956526,0.06577707176355956,0.023659003514326787,0.027901387391762292,0.026908944167656584,0.02345492387184082,0.018279659535109773,0.009130947705653604,0.003785708052033511,0.002106768179349206,0.0014980380991856126,0.0013240607137417933,0.001526805367085404,0.00193240358207412,0.002178908618761977,0.0021821673783910733,0.002037136914723455,0.0018119025573753304,0.0015706281541168776,0.0014110362057470798,0.0013861282184841053,0.0014836412047146664,0.0016404130185648377,0.0020792232593833736,0.0028305733854664555,0.003944441532980982,0.005094423786861337,0.005705746000591724,0.005703784536284448,0.005440463651517615,0.005165865999695455,0.004938859417075288,0.004735460457074925,0.004552925057484274,0.004443906457323616,0.004449412438617284,0.004551227832282361,0.004689582404463316,0.0047841246268231176,0.004751088065748297,0.004540547480346423,0.004183537361917439,0.0037952141512508334,0.0035168822273481276,0.003466897979600785,0.0037627213607731875,0.0046227876282204546,0.006622844490418143,0.011560799596883093,0.02609402212837089,0.06681766456057889,0.061557503111803066,0.027494809196357693,0.014526823541528011,0.009144040119291501,0.006404173931269511,0.004755303920414315,0.003694068048276488,0.0029727415291956215,0.0024552125563600613,0.002085105579236678,0.0018303732019328291,0.0016729037075472247,0.0016032725155573535,0.001618667172150481,0.0017227401083693386,0.001926476611601369,0.002249219963232011,0.0027183553045346497,0.0033643177329568136,0.004204885063161266
68,0.5840501617453363,0.37481237069838036,0.27854079290704087,0.23343760788494525,0.2155622913979203,0.21572148676506517,0.23096952332922543,0.26133998208081977,0.3078078227768868,0.3693666979789367,0.43796649757615047,0.49332016813241936,0.5063456329823139,0.4588583996937983,0.3641420291720016,0.25849470158416693,0.17106036831386592,0.11013105024072216,0.07120936264271688,0.047133308262344326,0.03224880562062034,0.022901942595168874,0.016899053683315842,0.01295080366779065,0.01029708038625463,0.008483511885978916,0.0072337924461676915,0.006377406679104889,0.005808555195313034,0.005462712022405538,0.005303400623403985,0.005315233807316514,0.005501261523133827,0.005883969619198706,0.006510377269797913,0.007463053960326593,0.008881191367304208,0.011000462821093444,0.014230384106804665,0.01931102476081341,0.02764800610744017,0.04207510409067202,0.06871714919104387,0.12188449872531947,0.23762943521017266,0.5088667145835316,1.1178809674004015,1.9647492390915562,2.199512466722597,1.936622109667297,1.681847489729644,1.4943965333244336,1.3035592825890787,1.0516983873136327,0.7475685390464851,0.4643480851991629,0.2622804456682548,0.14273998952415287,0.0782999167516837,0.04439621784757084,0.026305377043104695,0.016338759936494418,0.010632353461567608,0.007233904673354067,0.00513265919138004,0.003788260683707399,0.002901798724294751,0.002302306010616929,0.0018889082192982117,0.0016004346918849068,0.0013989733438016158,0.0012607303727749674,0.0011708473301151425,0.00112044848253884,0.0011050174971736163,0.001123646504413054,0.0011789652805825604,0.0012777549263814452,0.0014324601109817463,0.001664134852071727,0.002007977572282888,0.0025240025209672962,0.003318942550975869,0.0045959302625617985,0.006784948379371742,0.010960159982381727,0.020483273351135794,0.04449992309353429,0.023700070418770394,0.0054528913825250816,0.0066881706475885065,0.009611799034335584,0.01317381169757033,0.017437972613854425,0.2925074649096575,0.9043367733419415,0.12418058281148499,0.1873398678167905,0.5224532734655478,0.8180707635385058,0.5949703845815134,0.5103077153610002,0.13752780292461483,0.05898991102050016,0.05550660091456213,0.0522453779494077,0.053716025727304544,0.04293785246730766,0.016663206701344427,0.006334394879244128,0.0032616293349187614,0.0020217871961192625,0.0016011919525262628,0.0017572708434702316,0.0020969997791010853,0.002306949625421887,0.0023236899841445353,0.002140446201124343,0.001763711202982591,0.0013221884692465238,9.94573828652989E-4,8.199599989108535E-4,7.527841936981347E-4,7.245099655762629E-4,8.021145876653911E-4,9.659208009037318E-4,0.0012167933429679404,0.0015085974082386523,0.001771485826531615,0.001974292807524255,0.0021340724943511168,0.0022896122500716052,0.0024913544586459765,0.002809763058980833,0.003339662619177133,0.004184272867855938,0.005438828346610556,0.007205999701143378,0.009609758236848384,0.012708690322626283,0.01621795379453681,0.019192829589707742,0.020408237479730182,0.01962936193720704,0.017928698901239524,0.016524177611445257,0.016102654731095907,0.017106199350401054,0.020343758266545674,0.028073573413119106,0.04713867221870164,0.09369800248138038,0.11799204187298995,0.05821313846027527,0.026779282113419203,0.01453647209155273,0.008938883680553695,0.005907607076631427,0.004123067593635664,0.0029823296637680303,0.0022031934341757735,0.0016584536411117228,0.0012747796384683882,0.001006180137104858,8.213676582032393E-4,6.980994456840255E-4,6.206337072177761E-4,5.783397825738167E-4,5.646853094397718E-4,5.764077038011886E-4,6.128491290808772E-4,6.754331464870717E-4
69,0.5685904286308336,0.3146700061589674,0.20615391151308018,0.1546602347173892,0.12887515081256534,0.11692241240856323,0.11402375271357548,0.11849447538767958,0.13035479874113243,0.15083487728357173,0.18208298994516736,0.22645536967982033,0.28440236536484836,0.3499628103648971,0.4056294092215732,0.4250481448481854,0.3912318650282345,0.31524276312386557,0.22800396023113512,0.15432494808009264,0.10183163610234501,0.067492827521318,0.04574752197924488,0.03200747472843081,0.023209349514352096,0.017462766718395802,0.013630009381455619,0.011026590925612083,0.009236368228149487,0.008003006280802909,0.0071672298787163885,0.00663065316323953,0.00633509085286344,0.006251215520428181,0.006373375558212769,0.006719275300295334,0.007334736730867101,0.008305562865406924,0.009781576684253054,0.012024277817309748,0.015504469258464848,0.02111442978562019,0.03066691456637982,0.04819204691948639,0.08375722318024978,0.16656256815821097,0.3965960101088669,1.08930958547484,1.7455461002955164,1.0932489468286168,0.6705591347832337,0.49857138188259603,0.4315738951970661,0.4145680458378048,0.423675501848391,0.44091991352095194,0.444729985112623,0.41316003547309715,0.3402134921255286,0.24610362554033138,0.1603304804855844,0.09824730707943594,0.05902778980107729,0.035801246796386556,0.02229210079880923,0.01436732816189002,0.009614603850544023,0.0066835459658262965,0.004822025955805896,0.003605747372802744,0.002790260665029876,0.0022312729301214055,0.0018415008813174435,0.0015669452698071223,0.0013735881525195142,0.0012397885766284123,0.001151872334355585,0.0011015729935044062,0.0010846030967129284,0.001099983902270125,0.0011499839954003852,0.0012407078471769035,0.0013836502945951087,0.001599176339422783,0.0019249519823714947,0.0024408630881874245,0.003368321030430201,0.0056663825966633075,0.015123660822791292,0.012844134647480989,0.009106738626258888,0.01008965072606017,0.012467022159527734,0.01611259255326314,0.16554869875215625,0.12901749969360413,0.10509263195850292,0.222767544000064,0.8232492953800948,0.8431016306620506,0.6398782634701445,0.43572962886710026,0.19334616673712912,0.12874998740058854,0.09809911676298913,0.0946329175966759,0.1257515180068132,0.12793237666125246,0.05402761587269736,0.02239219642810235,0.011518352913210862,0.00645944429489414,0.004501935658513968,0.004429905499381087,0.004859113009623761,0.005217478766163819,0.005275294750017863,0.004720546296998572,0.003507257835323909,0.002270769819926844,0.001482276259806995,0.0010674898528414355,8.559025379916266E-4,7.056303948331478E-4,6.7852605834298E-4,7.18748291623259E-4,8.093304971261552E-4,9.189762330504017E-4,0.0010165291326755886,0.0010850812771788518,0.0011196446097941552,0.0011220580166177517,0.0011024617048195338,0.0010832116427624573,0.0010956836286604291,0.001170656388919811,0.0013356251231096666,0.0016247007130317356,0.0020967612746439963,0.002861052772721669,0.004112073724134779,0.00616448949622456,0.009453004559506414,0.014467038291503578,0.021712059402761347,0.031914423037981254,0.04653576364195039,0.06847207378708906,0.10285677098200265,0.15733033530638654,0.2372585369353673,0.32024363839645303,0.3251400741976156,0.23167871727018385,0.1365912596635715,0.07855632244069972,0.04681280676845181,0.028719146260974777,0.018343077565112276,0.012007639816558793,0.00792500685135641,0.005270674069028302,0.0035464465741639737,0.002432616720495429,0.0017159745333077008,0.001254431600011204,9.554862779315942E-4,7.604995966587351E-4,6.329998246356686E-4,5.504794854239319E-4,4.989888791994355E-4,4.6972759361315334E-4
70,0.6302599263247599,0.3034774105552668,0.17572523239949453,0.11859916290972465,0.0897235390440616,0.07417731540237525,0.06596199381282944,0.06246230121592438,0.06257913707279186,0.06604773123368204,0.07320819614050245,0.0849865707577312,0.10298393120145576,0.12955735969430587,0.16759105234964503,0.21921276975466478,0.2822694917866645,0.34470758902678417,0.3829182809117253,0.37448609005651223,0.31952380741765035,0.24262292765915722,0.17054009019521912,0.11570905674477289,0.07828138431980074,0.05390467013216695,0.03820699158141759,0.02802272296228504,0.021310198236298983,0.01680715189909623,0.013740960906585735,0.011636846515487366,0.010201011068902657,0.009251680540747287,0.008679121532235422,0.008423218043798976,0.008462345353643087,0.008810735830300793,0.009524322829709326,0.010718400840963174,0.012606467919933605,0.015583435273079878,0.020412938227494355,0.0286878152706194,0.04410895113340978,0.07666864053371888,0.1596727436795421,0.4371250000017552,1.2772119964086275,0.8356951102788844,0.34993816672613387,0.19678694331807486,0.13761216158809925,0.11152787610439324,0.10073024620556115,0.09907546248926503,0.10447803270801809,0.11657095027706381,0.13558619730354793,0.16107458664994453,0.18971079342957026,0.21275477245862687,0.21715670341921003,0.1948538064905042,0.1526424208009523,0.10700493597674128,0.07001473160652687,0.04454244806937829,0.028384478301322364,0.018448024184317104,0.012345536799236626,0.008542951440789601,0.006120985946767094,0.00454024004759178,0.003483474844851481,0.0027615457986993777,0.002259566095615171,0.0019063675453738055,0.001657068614667227,0.0014829919968237172,0.0013657405917297143,0.0012936592562457624,0.0012596793111265428,0.0012599574352312132,0.0012929772515221985,0.0013592681454379914,0.0014650296450333064,0.0016604969198265047,0.0024431705074152606,0.006713927441789558,0.0076910088151389295,0.007964524986341658,0.009269309092973202,0.10548486137557028,0.31292736071383676,0.09579231473381279,0.06951031156114937,0.14007357790736566,0.544010397889275,0.47754263864130764,0.3931847927927821,0.22482054259852952,0.12101951829539442,0.07961528179153204,0.05429381432151297,0.04881316352093899,0.06561879179060659,0.08374750798755763,0.06287112829396428,0.04127419745640561,0.02997312886839208,0.024120711625926917,0.020582663286183422,0.01897120278536775,0.01926955798154325,0.021206874791165765,0.023803294504707043,0.02333165021614132,0.016941414726477425,0.009904081771399703,0.0058067183479273456,0.003758332066971454,0.002668320092390365,0.0018411316469887275,0.0015030700125707478,0.0013709572778554209,0.0013717881822343438,0.0014321354165838537,0.0014948759573145004,0.0015236386632183384,0.0014955423279774556,0.0014018370135282193,0.0012574356123408736,0.0011008310784718712,9.726768095521512E-4,8.949441506656103E-4,8.719059311916761E-4,9.030218251632732E-4,9.93586646078824E-4,0.0011614467947357893,0.0014424565725562255,0.0018956146156591223,0.0026080410697827405,0.0037050740837077578,0.005382827967252947,0.007996774915314293,0.01227868298078953,0.019902039715646233,0.035160247347858165,0.07034771795705519,0.1558626269982834,0.2481069004845248,0.17276828564825464,0.099250324204475,0.06569780658738021,0.05026315167032237,0.04283408968458524,0.03861219162876894,0.036848465400214636,0.036341978501292165,0.03533773376042175,0.03290320990475358,0.028636836895324983,0.023092222144554028,0.017422030707527042,0.012572044283193477,0.0088908331829466,0.0062854187499480196,0.00450402648400824,0.003301571862303647,0.0024909148300503075,0.0019419999609566652
71,0.7887028015537396,0.3407085975467654,0.17442757025303657,0.10613317900835481,0.0732747329148991,0.055608938390530174,0.04548289949499688,0.039595543340916334,0.036394493563607834,0.03513385241792809,0.035500048872440244,0.037463132509586355,0.04123592180792872,0.04730171325434199,0.056502786095915844,0.07019221426607238,0.09043279248332284,0.1201296360834061,0.16268914396761092,0.22019860789629317,0.28878791616983734,0.35249291035636876,0.3847112410093546,0.36644379494617296,0.30568001639243486,0.23008602099673583,0.1630131198335152,0.11301217641901169,0.07881723033519737,0.05622676247160332,0.04139174073289139,0.03157188479236703,0.024989665558941818,0.020531254281817055,0.01750591514298515,0.015487299238302318,0.014216714056428948,0.013547279760232542,0.013414989942032086,0.013829815310240327,0.014886810275620256,0.01680654613334685,0.02003364776169829,0.025474599411206434,0.0351238906860222,0.05396918158588719,0.09712214468638042,0.22528861546660536,0.7424966301294064,0.9147309136718512,0.29138587321514053,0.1275951904250777,0.07364265822112294,0.050451333099443316,0.03886398179659395,0.03269701300466641,0.029542889949080674,0.028375057376157718,0.028783844968230065,0.030706642617124583,0.03434207082493556,0.04014747249996587,0.04887093746442053,0.06154745009464492,0.07927797028796019,0.10238806581549717,0.12848424324330382,0.15013794968751093,0.1563110026803004,0.14111101264495882,0.11104610032468266,0.07884891256139881,0.052841648807050265,0.03473999141436579,0.02300088169746217,0.015571447274226557,0.010862946518258134,0.007834997984663895,0.0058476645093118885,0.004514406556138276,0.003600930976127619,0.0029630388280320378,0.002509756659677511,0.002181290730344635,0.0019350097660375174,0.0017349988991799603,0.0015427686558952347,0.001319279357695649,0.001167221668111482,0.0027583263092577433,0.006015113569202515,0.007264486067801443,0.009782320274506663,0.02589820621118468,0.07784256806470095,0.134079438702886,0.04586718765172683,0.09342287722784462,0.2577628857286909,0.2931017856188491,0.27524440641300235,0.1760623798203911,0.08864014076293755,0.03920298118660128,0.022457287871410936,0.0179665267971155,0.020769508469089138,0.022940664563168848,0.019773849539675866,0.015517572715338622,0.012445780143803901,0.01114493853249582,0.011500926394877223,0.012393954746473023,0.013737497905984346,0.016557553212688782,0.022333129918904616,0.031351055032004846,0.03735416282259674,0.03388406447258637,0.026719102530058065,0.02117636746361325,0.01749529160073006,0.012992901143754057,0.010609133045792992,0.008815697659423298,0.007786811816100042,0.007319108247791414,0.007104775460940154,0.006874990762877149,0.006405469244777959,0.005591192025081527,0.00455114505345393,0.0035492301468066363,0.0027703723595899647,0.0022413631412042585,0.001909156662032071,0.0017167225274235562,0.0016300675741238535,0.0016404551494355775,0.0017601091332724581,0.0020169077190662727,0.0024505344307345347,0.0031145930663389857,0.004091030094877737,0.005525082016984486,0.007701524590055473,0.011232551588573956,0.017604928777324204,0.031060906406722377,0.065633219922164,0.1440376147280972,0.11341531158617643,0.045794209152705295,0.022027824266751716,0.013011172251900004,0.008933916837769729,0.006759640380090225,0.005577056486962224,0.004995144775312798,0.004715672993388154,0.004644667399682806,0.004725632570766222,0.004922334586675682,0.005211837568965697,0.005582596641571645,0.006034458924952717,0.006578386454780292,0.007234232684610229,0.008024398068819204,0.008959912448230797,0.010015705987111994
72,1.0501070481865558,0.45191669322417616,0.20513789203262434,0.11222448165489944,0.0707491028830645,0.04947076013488116,0.03744885775901397,0.030221955997355804,0.025742638376636807,0.022989170393402095,0.021427216736292238,0.02078053143932414,0.020928337979343736,0.021861748434683984,0.023673227127184684,0.026570788779459776,0.03091831767803872,0.03731102384225169,0.046702428574117744,0.06060328000724518,0.08135628532997917,0.11239565437502393,0.15808111480643156,0.22196196741424434,0.30165637881092927,0.38105109092491907,0.429807057969243,0.42271944678280143,0.3639468419698367,0.2826354223752121,0.20649802220686958,0.1475869585124075,0.10613412287771733,0.07813209400908475,0.059437943487140744,0.046946941536162565,0.03858625162169253,0.033040096519187136,0.029500878945060306,0.027501645491960963,0.02682231332207313,0.027458562327504838,0.029659703045593323,0.034082175655617435,0.04221546177407318,0.05761567030852339,0.09010527598215956,0.1741588244591253,0.4761472833016727,1.147367393394694,0.3921966875267493,0.13601454026935034,0.06588631802069173,0.03906202814168599,0.026384233694274842,0.019555215720044403,0.015567847996874384,0.013139635761209006,0.011660363068611651,0.010820508491857606,0.010462541140112842,0.010516968059385168,0.010975523101600373,0.011883952650080177,0.013348609080270166,0.015556855394368824,0.018815099571152336,0.023610625098213118,0.030700338974330287,0.041205496871282644,0.05660175234270109,0.07825480334882952,0.10579361667965649,0.13402520836915885,0.15148927936647907,0.147359779259473,0.12307047597499678,0.09120530069172562,0.06297621707273504,0.04232996856557767,0.028539214993229523,0.019627118545262164,0.013868254894322878,0.010070512766766295,0.007467860496419614,0.005563790481905839,0.004011192735831455,0.002572909693188521,0.001386227879199998,0.0020056164742922786,0.00616827657198686,0.009617491751184747,0.6233212885479368,0.12813309351506394,0.11850446866395946,0.10558440897322086,0.050138660498933334,0.08407209272507254,0.1659649265124286,0.25866998290622917,0.28398196179926943,0.2513656459082201,0.11140066788196062,0.03607497691263322,0.016944132131792702,0.012173527832099344,0.012693455109314536,0.012781903301030711,0.011261826697817447,0.009179591799899882,0.0070654838570137065,0.005351452058679143,0.004388885372834282,0.003966735985335491,0.0038575386382536897,0.004060916228930942,0.004682768938117387,0.005698933066847512,0.006682380623014443,0.00716426042356775,0.007217249782802461,0.007220454571879776,0.007495560101242302,0.007477338671359394,0.008933941166497079,0.011215734442802855,0.014133656771290677,0.017700027705367095,0.022357057173882793,0.0286651645859863,0.03639471533337116,0.042960222883962035,0.043923514852159236,0.038407123006842986,0.03051684353065961,0.023715348168640463,0.018780922503315017,0.015319922839830734,0.01286047224716112,0.011138387278022722,0.010069830594761216,0.009647771257213769,0.009869040258461286,0.010729190628225813,0.012258386905764097,0.014569881522582172,0.017934207186187764,0.022949796664461085,0.031013789295260365,0.04577341597679805,0.07810482685271865,0.15761508205246896,0.20774550900560954,0.0868990965232564,0.033376545460683346,0.01590078848547572,0.008995691207529627,0.005690894640066321,0.003957336005471149,0.0030111712321083963,0.002432495167553886,0.002064647835678433,0.0018231183754623679,0.0016595484670565838,0.0015451803692411352,0.0014626403637282525,0.001401589096848347,0.0013563046572398305,0.0013243348624899353,0.0013057679576397457,0.0013028334397961092,0.001319658194177708
73,1.2616975736826714,0.7056932893904897,0.29367418451541183,0.14359386362059862,0.08220653753487296,0.05286201394637715,0.037081491241136195,0.027847946206611244,0.0221164902978173,0.018421534317993978,0.01600034335447096,0.014433582441269743,0.01348420158454786,0.01302045355512412,0.012978059772586327,0.01334259442775703,0.01414404312383408,0.015460723791221122,0.017432988979212423,0.020290076911930917,0.024397308040371362,0.030336682392304127,0.03904290886079994,0.05202847165271722,0.07173656641774602,0.10201898537751974,0.14851351483752312,0.2179850836150393,0.31431780679709925,0.42881687772875166,0.5305522906669384,0.5764316852741993,0.5456760361445718,0.45908794525332686,0.35670676747640684,0.26695282976803447,0.19913144236722358,0.15151552860231834,0.1192416473243181,0.09785013275367624,0.08415189980204536,0.07615772228255266,0.07286279765555725,0.07417202994291149,0.08114696704035763,0.09699639847929756,0.13034109973377866,0.20754303347342454,0.43183858879939907,1.1736564440151547,0.8527502324208954,0.2498800983771567,0.10044025814619519,0.05139109456476048,0.030612691411136355,0.0202354151049911,0.014447613009827451,0.010960958930078906,0.008743714439799901,0.007282176930990782,0.006301032726970904,0.00564477141414965,0.00522286533335929,0.0049827862099132625,0.004896275464718482,0.00495253752729468,0.0051555485955267245,0.0055243760559952,0.006096425548821842,0.00693441213690234,0.008138956409174829,0.009870430360051745,0.01238655109233744,0.016106830706323624,0.021721088255367046,0.030361535465304845,0.04383075388899134,0.06473125799162542,0.09586257473167703,0.13736994426851223,0.180754046628958,0.20629375848862197,0.1971863827438589,0.15889682740789415,0.11192934385654026,0.07092234944568042,0.03941482610255596,0.01659139606491385,0.004264618313432468,0.0027605588094269263,0.008563448716153535,0.017132386820889887,0.057314213865089475,0.09914228090311598,0.5607713938680956,0.1473830492843191,0.10266299369184402,0.10393667716594461,0.21355360600274464,0.3798797624253227,0.45999074020089153,0.5464596268451827,0.2904006118926729,0.0774205463247587,0.028560871502232098,0.017554778266475272,0.016672154612608087,0.016300766734611557,0.01496213858711135,0.012607045582568326,0.009145457224711924,0.005895518119533718,0.0039773250031315925,0.0030000313503949407,0.002481259907216731,0.0022367843205726907,0.00221513573547408,0.002342368530479566,0.002482321982096125,0.002538167798961318,0.002503585982324803,0.002417661084672078,0.0023177754682578737,0.002083600271795061,0.002105229647008341,0.0022471155446706645,0.002521038427948711,0.0029399021525707194,0.003551299140200528,0.004459934997122403,0.005829965972233893,0.007843247878509013,0.010582112022786304,0.013923420982587446,0.01765549456306369,0.021780306262659314,0.026689617787805403,0.03316063295034047,0.04231642437879034,0.05546543210756037,0.07346903176888843,0.0957183873067689,0.12016768015468192,0.14520388960390837,0.17085462398060688,0.1978317326683988,0.22629934583979774,0.2561156042981645,0.2889317006997712,0.3317215945794513,0.40126557875866237,0.527063653411509,0.6970624110403009,0.6109106442535628,0.291033396588757,0.12278251137884394,0.05765075263282534,0.03007995578867209,0.017388764210488367,0.011103825955444466,0.007597682541919413,0.005522900917802597,0.00422703869712179,0.0033745852330131615,0.0027843818494483153,0.002354730572361453,0.002026820359836476,0.001765992573258389,0.0015517759580086666,0.001372345297780782,0.0012211929188015813,0.0010949141840513865
74,1.1843369480562715,1.1546124194348333,0.5245942162845907,0.23148607083248163,0.11904479968417862,0.06975890122993213,0.04510213766441515,0.031452588816224654,0.023303125748333313,0.018155899970962234,0.014769367209490961,0.012480370190780367,0.010914427309853694,0.009851418949673937,0.009159142308713758,0.00875883349096735,0.008606855999259371,0.008685242459160723,0.008997663589143263,0.009569378996786783,0.010450940808959419,0.011726446453322686,0.013528374334576484,0.01606293743849397,0.019653152917540887,0.024812655977294342,0.03237373748068856,0.04371119333125703,0.06113167298002479,0.08852769704609821,0.13236499140976174,0.20273676785091382,0.3129194156577268,0.47296749013585376,0.6721693226823646,0.8606916552958809,0.966250720837679,0.950053615704309,0.8372326412743961,0.6870666260592617,0.547460311825362,0.43887679008931413,0.3632538156518141,0.31610660285320114,0.29337685362154714,0.2946816375542285,0.3267031082003022,0.41244247065157996,0.6244031796096495,1.1958677821932795,1.952402913234778,0.8721732369933174,0.29717370730856685,0.12726615444160688,0.06528708759616643,0.03792795901769788,0.024109301750808686,0.016419562561897753,0.011819696426504713,0.008911388168988333,0.006991790378716041,0.005682201592422365,0.004766924695195758,0.004117533542719902,0.00365489959885509,0.003329124308100098,0.003108489681637478,0.0029732087902056255,0.002911882152283011,0.002919595662519853,0.00299713345886649,0.003151095469245081,0.003394940738051346,0.003751211586532231,0.004255515801924467,0.00496338106542309,0.005962083885608757,0.007391483594953127,0.00948184165735573,0.012625117600927908,0.01751571674857509,0.02544483847085133,0.03896430152651274,0.06354553503489854,0.11233876634899087,0.22203840595990715,0.4982049067938155,0.7267735759551205,0.059897596173984415,0.006984077247032177,0.012415448979291865,0.025284151883849453,0.061106834236783855,0.16634772398923028,1.8269996976808756,0.3450581808956782,0.27147847608363973,0.2774904769143843,0.5855905298147538,0.8771463006325939,1.150269921245154,1.2842689943049863,1.1076679176303639,0.4215799167356597,0.1360367434786583,0.06589217527423193,0.05379098863621351,0.05147707803228379,0.05093457050375379,0.04589253506839396,0.031231201197146532,0.01722095657172919,0.009912410993797362,0.006404175665717856,0.004501932639794214,0.0034238550492828174,0.0029093023176935103,0.0027566719289115857,0.0027505962936327775,0.0027451530804040755,0.0026767565847011596,0.002526908322019287,0.0022921555907542512,0.0018959927658135087,0.0016699743665474335,0.0015111007229228733,0.0014283465697509236,0.0014113692192779105,0.0014534103729220758,0.0015593256160171974,0.0017418093316944197,0.0020107363815369157,0.0023615903239263864,0.0027750205426201663,0.003231429219850765,0.00372726169060399,0.0042826270236090355,0.004946043941845095,0.005807235675284487,0.007024895956079907,0.008874297493888825,0.011827906071386514,0.01671388779280515,0.02507397117501785,0.040018180717078834,0.06832828070569681,0.12572388174498297,0.2489815820698726,0.5088114859962605,0.9237167694542665,1.2000997386943506,1.139964192392509,0.9648110070772499,0.8073315729054008,0.682370592713723,0.5808204741045372,0.49366662550693063,0.4042591394542951,0.3285384199465279,0.26148879259080277,0.1991625127918273,0.14654771644916165,0.10575541435275479,0.07604222075697466,0.05511533367435863,0.04049638696013402,0.030187758771449393,0.02278485547785226,0.01736356805457686,0.013331342488405704,0.010305668283749896,0.008030069040760687
75,1.0000030001652773,1.4197752701543007,1.0724904593347562,0.49140558548852586,0.2280835887831958,0.11995717642230805,0.07048162604952415,0.04517278646492062,0.031011939335304838,0.022515467972299523,0.017132435307808235,0.013574619511167705,0.011146490736443195,0.009451580403878328,0.00825385855539278,0.007408099165565933,0.0068230710830886375,0.0064412958861342125,0.0062276421309465264,0.006162919415659338,0.006240527697631579,0.00646520777905941,0.006853522735675298,0.007436125733893031,0.008262292614840015,0.009407760876681204,0.010987816233675509,0.013179141433090081,0.016256829895469345,0.020658434021008327,0.02709750917511842,0.03676994991989158,0.05173749655756109,0.07565169391250263,0.11511883900068093,0.18217076704043147,0.2981320045154148,0.4969882727807809,0.818069106856423,1.2667038014843108,1.7549109756372894,2.1269678573467807,2.2835870325015595,2.2332157840342357,2.053583758459142,1.8427002533622823,1.6798872616184344,1.6169846888797106,1.7011891578614404,2.0105545356478034,2.6227920914681513,2.954336183316956,1.7992221222049871,0.7547384678374517,0.3278843515608089,0.1602505774774472,0.0870315992566465,0.05143946688754977,0.03254433230289118,0.021776660399911236,0.015277456116180591,0.011164796100212376,0.008458159755604456,0.006617633958994628,0.005331718726881755,0.00441342418044284,0.0037466541057130974,0.0032572639845214004,0.002896821933981056,0.002633193923037843,0.0024449408967001807,0.002317927714173468,0.0022432703927000746,0.0022161390864224376,0.0022351570493499735,0.0023022757470299595,0.002423111697680616,0.0026078367530395427,0.0028728599446667074,0.0032437943403429933,0.003760721647668219,0.004487961455571743,0.0055336669067703225,0.007093981798347795,0.00957065032741066,0.013969222324438256,0.023842762090075676,0.06372571537434064,0.6538705874287735,0.024123899152574107,0.0126384140189698,0.46722465649685785,0.08411123755647279,0.11515194180416706,0.6183347833274941,0.21907069996843917,0.14981742719967397,0.5276830417593374,1.187321036472719,1.0660981388486117,1.17033013629045,1.2894866890397552,0.9826744466351001,0.6601162302481837,0.471097470481572,0.313252637449494,0.23078737834087001,0.2165358830073593,0.2577675188599301,0.335015207191204,0.30538711622183823,0.17324080130121797,0.09161942055921127,0.05365071773033982,0.03335917179943076,0.021289185137801068,0.014855570193407054,0.012060049800151998,0.010988203893619288,0.010516752242745935,0.010063016876048993,0.009263887070114213,0.007931122926630377,0.005983576619116235,0.004664244260071248,0.0036797860031111316,0.003016738545307217,0.002580197245623844,0.0022964128242370027,0.002129753219032766,0.0020682173887754556,0.002103915149636043,0.002220242761664894,0.002392125777265428,0.0025943304133176836,0.002807909094067744,0.003021871318343095,0.003234034599720916,0.00345493172374402,0.0037144720665357183,0.0040675342351063,0.004597091186757822,0.005422331455031678,0.006727378919285732,0.008834146604218504,0.012371569674705752,0.01869427350300939,0.031049149091915557,0.058304894098917884,0.12804325316934242,0.3101479502453763,0.4360691696486923,0.24891792215742536,0.131500913541509,0.08033646030485425,0.05543818414622792,0.04188302584455109,0.03326234049338441,0.028028840852425033,0.025358810520142522,0.023986759764745944,0.023685468460099716,0.024340965905563287,0.02593278959425989,0.028527419350808762,0.03228038093124028,0.03743980574542969,0.044337349016875104,0.05334141016056003,0.06473421255476294,0.07847604846119216,0.09387653893537128
76,0.9705053050771472,1.2891812957684101,1.5712434333561687,1.2045837175751501,0.6090826898623221,0.29341047100774936,0.15401475869403866,0.08886143535662684,0.05554325227609537,0.03706989281244592,0.02612121784551863,0.019271215063431626,0.01479304448903467,0.011759633658691825,0.009646138039696276,0.008141902112673002,0.00705612712233004,0.006268096892682059,0.005699764354469192,0.005300112514443443,0.00503599860808149,0.004886732678502445,0.004840924110798796,0.004894811711167058,0.005051683172616351,0.0053222427717978665,0.005725989580237568,0.006293886174491012,0.007072897565505442,0.0081334623980208,0.009581802772189531,0.011580534300766334,0.014384018360706574,0.018400825501256043,0.02430792318526968,0.03326752786869216,0.0473565640897124,0.0704563756318151,0.11018246270198395,0.18224045268488323,0.3203983070328488,0.5976060304037621,1.152729406107528,2.116206150459253,3.206438239277185,3.785692129975388,3.890566237194099,3.9059204102785134,3.981421337391943,4.092588720499632,4.170420541542192,4.1696006561532455,4.046839229143748,3.6605702047240936,2.834514717542641,1.78054384207501,0.9663006320458342,0.5041915342794495,0.26998252017044727,0.15195279475682366,0.09027627547383486,0.05646045486996227,0.037000741899080036,0.025288697891799862,0.017949789869843278,0.01318380513894419,0.0099897391478823,0.007789391595445175,0.006237072555076162,0.005119607068740351,0.00430186446327614,0.0036960913923367385,0.0032441227555229917,0.0029067847997501692,0.0026574377257131483,0.002477972337101056,0.0023563081873547677,0.002284846832878807,0.0022595684532970423,0.002279605761464856,0.002347235399700236,0.002468336900976506,0.0026535562095461778,0.002920891002593736,0.0033020347284537337,0.0038617266942536956,0.004778846976443911,0.006896625164960534,0.020917260043899398,0.03378527558680328,0.009489320022978118,0.04432745967820418,0.029457800324453158,0.06671710197953491,0.12407995291486558,0.07565886808030699,0.05568653606606218,0.17198353313387024,0.6380066971202749,0.6952561452665496,0.4937259504463711,0.3888616313565869,0.23705368554434345,0.13452221504154616,0.09390981210658943,0.08243602614942,0.07156675534858777,0.06589423186832268,0.0724784319513311,0.09692588266834794,0.12905343717079154,0.13655611601403414,0.12230630910606279,0.10956303735537704,0.10739924056875919,0.1136941267178195,0.11635979723284004,0.1107266651233201,0.10682659521374434,0.11075424426123788,0.12246995136937107,0.13543853008836645,0.13296697419150988,0.10304525321313653,0.0742907376252632,0.05157114929306759,0.036870781800107603,0.027465305174445905,0.021108463988229163,0.016651759460556137,0.013613431473067872,0.01172407984322594,0.010701034305279872,0.010249635655638707,0.010120442944225256,0.010125716944888794,0.010129336764030852,0.01004417763717522,0.009846970595209502,0.009591214763117532,0.009390903755385841,0.009379783823934994,0.009683738518855975,0.010432167730241868,0.011807826484722617,0.014140055187299012,0.01809231181745669,0.025115014497301615,0.038733720185675426,0.0688333587567609,0.14686678862243988,0.3268800539874858,0.3018412016192196,0.13482007017818268,0.06585988100372997,0.037796809166293195,0.024327851109979336,0.016666320568418734,0.012119403440587297,0.009364509310480823,0.007502827495257592,0.00622146569067403,0.005330551604630237,0.004711044094816788,0.004286483545397802,0.004007166648233061,0.003840831712133452,0.0037668122629208023,0.0037721881109971356,0.003849222260349508,0.00399374761182272,0.004204341977579208
77,1.2716130351515988,1.3505150924910418,1.5327238469860502,1.725451806083733,1.5727097428300838,1.0010250447478761,0.5236039832906749,0.2729506941332024,0.15168488578762412,0.09057378142916658,0.05769350596155403,0.038848343938726576,0.027435279532160767,0.02019238745129409,0.01541150637881236,0.0121501617935146,0.009864052272347485,0.008226154831097569,0.00703320761327619,0.006155207467288348,0.0055070719499259934,0.005032205331613132,0.0046927076014233035,0.004463430727460795,0.004328353062355352,0.004278421168817944,0.004310390019726157,0.004426423813760652,0.004634379573112529,0.004948833603046945,0.00539306759539732,0.006002455654406292,0.006830064589920179,0.007955945289193802,0.009502853545874006,0.011663641473821004,0.01475077328521699,0.01928986458171191,0.026205834617224984,0.037217000651888876,0.05573349657297014,0.0890964668414651,0.15478747938923404,0.2998326032442319,0.6666279821583587,1.642750277727567,2.9133147810138667,2.3017099126555194,1.4835536510087628,1.088668971880215,0.9210890302717809,0.873584958106165,0.9067041615009988,1.0099346462695613,1.1838210892795265,1.4252189163526034,1.7061136867273072,1.9516570083976312,2.047472899884621,1.9017004935515698,1.5298870784532093,1.071415065877509,0.6785810103376264,0.409540685025861,0.245767430279036,0.15040998867810793,0.09500644178491602,0.06220012407627683,0.04222278396516381,0.029677346162057815,0.02155518027826434,0.01614354438204156,0.012441933798249746,0.009849876940701123,0.007997312241146281,0.006650402046216328,0.005657959288516405,0.004920221225628638,0.004370209851428528,0.0039623461545862946,0.0036653300512692268,0.003457557031747051,0.0033240161058340737,0.0032539518304265207,0.0032387291957550832,0.0032697194485639537,0.0033400477687997206,0.0035017728905054005,0.004879745377819477,0.016570405677246724,0.007330890033025168,0.09044325550213397,0.01932426323057885,0.05270021799095102,0.05603407664621512,0.05103979683816381,0.04120363386712001,0.07916208198950274,0.24161453836322072,0.45331203068238146,0.3324197639036494,0.2210308543494367,0.12542576299070715,0.06820553461353651,0.03946861748638153,0.02649965908923527,0.019719311673233035,0.016093191414688495,0.015083886993973852,0.01609531872399479,0.017121958663868453,0.016373006868228738,0.014376609022637472,0.012331640944786337,0.010966372954254986,0.010676234730018526,0.011489425678433628,0.012972714613505512,0.014793210015032834,0.01721008218621151,0.02099239442619469,0.02726579626393434,0.03668253389044614,0.04541595096539259,0.05725399138734075,0.06672730315479145,0.07485789333268036,0.08454505736805645,0.09898763518612644,0.12070369456752436,0.1493535819500265,0.17957107308028186,0.20491220593411202,0.22468330698282915,0.24235024894252702,0.2595657129240274,0.2732835322303225,0.2766701133591947,0.26411986935002846,0.23742562137911907,0.20531116929258794,0.17643593517355952,0.15496671558846323,0.14144050001275485,0.13511684497345877,0.13552742021819084,0.14332951581280032,0.16118546877469742,0.1955515731962584,0.2611730357231922,0.3924952203166995,0.6599220084908092,1.0229600645301986,0.8670818275345104,0.4468991059314161,0.22582253668575988,0.12564669041285492,0.07495935201723636,0.04796415266031697,0.03259713523101767,0.02298867848330383,0.016775223338064985,0.012640695323550527,0.009820231737313416,0.007852771830647289,0.006452673088690268,0.005439220021771819,0.004695918410147722,0.004146158675943467,0.003738369457813081,0.0034368979572232243,0.003216437429455482
78,1.8073997736122271,1.8401844928574227,1.8314296140628834,1.8408333319606915,1.890283430395774,1.9114749179016879,1.7112115684087523,1.2185651277534613,0.7171320868599648,0.39650859638738745,0.22394794997756556,0.13303034560946803,0.08347699102183964,0.055135076791530915,0.038124204930052155,0.027456196881284384,0.02050273147448698,0.0158164325173979,0.012566519695922408,0.010257887677534421,0.008585454297543099,0.007355644957996352,0.0064425230121409145,0.005762474951621541,0.005259185280024663,0.004894510565100189,0.004642850278420057,0.00448766889903763,0.004419407431080389,0.004434361254970694,0.004534314708553319,0.004726879468802336,0.005026631121719929,0.005457322546664055,0.0060557398091936,0.00687827636415453,0.008012283422343586,0.009596265225255713,0.011857359896738761,0.015184701650543468,0.020282742199152975,0.028518772876994503,0.042795454890342914,0.07005070173397042,0.1297856556856497,0.2905837999999773,0.8560567309351588,1.9985971981935067,0.9813852679480886,0.4338285234342993,0.25187830857785065,0.17602444919310864,0.1393360094903528,0.12079042765010016,0.11247863252799607,0.11120512313566845,0.11589987038074838,0.12676675771119633,0.14509889311263216,0.17345724308409405,0.21613467997956592,0.2798346166212855,0.3741952345813231,0.5107674554372721,0.6968362133232244,0.9190710158521525,1.1217497812297361,1.2127951190898083,1.1294303859899368,0.9061599838694309,0.6456003181312202,0.4280908908312989,0.2761352572780803,0.17869384201019145,0.1180585570238059,0.08029792947547969,0.05639721341968526,0.04091614768093578,0.03063246828906313,0.02362818988060471,0.018742705797886536,0.015257430612617327,0.012714267100994511,0.010808549044647972,0.009321468864178636,0.008069469595371411,0.006853571250833242,0.005425098737122859,0.004053607699877784,0.009946265508852034,0.13953863385515566,0.21472304810873089,0.02798162839275849,0.04807722919712039,0.06370645324119976,0.08188730027249207,0.06162359505135574,0.08607268137876777,0.18096445122457727,0.3516605249944411,0.36117312721234784,0.2681103118257167,0.17459136328683575,0.10570380782436233,0.05365331698515396,0.02803951994902213,0.017100649102202867,0.01191621875469306,0.009656876935916802,0.008971826580743558,0.00857020300962211,0.007799994919466944,0.006756564517792826,0.005682612980065913,0.0047479774524460455,0.004067603089922736,0.0036708028705299514,0.0034851670820563855,0.0034295141628619395,0.0034830370574849153,0.003674762589746037,0.004045410372767119,0.004551177967819219,0.004759153513050802,0.005245882342542246,0.0055541853938553985,0.005735070626478072,0.00588464301668127,0.006113674258178412,0.006549993416467788,0.007337863163336057,0.008622053473809527,0.010538574452403943,0.013252331713309643,0.017050350419586094,0.02246730052441429,0.030433653827773393,0.042442231503994295,0.06067660816619778,0.08799603471657583,0.12783507660515675,0.18457000714492236,0.2652387410378856,0.3831827109007783,0.5639385943977321,0.8534183778467493,1.3221782762422967,2.032329537516715,2.9056216790057254,3.618581973175347,3.9014976486475885,3.8339503868225417,3.620829671591921,3.3848189052425925,3.166985574832832,2.966130802812769,2.755224626614843,2.441738532996832,2.166741536803592,1.826297965586108,1.4405914945491047,1.074835981400178,0.7727988463054185,0.5469836868627761,0.3878017704208637,0.27845367660618753,0.2036249477128229,0.15198394819470232,0.11585231010080116,0.09019488545302944,0.0717192170691498,0.05824342054734597
79,0.6817829868413199,0.844317638909794,1.071653483873117,1.352302007735998,1.6374450630484056,1.8586418188766303,1.9841426135232414,2.0279695623179417,1.9842879165128937,1.7815058166879696,1.3769695180369685,0.9069408565317033,0.5437503660556113,0.31997504596789783,0.19297137798571645,0.12125407693161007,0.07965107500582648,0.054603384532955095,0.03893425036449542,0.028773590789171456,0.02196847248871645,0.017279488676624585,0.013968809481123374,0.011583273533704504,0.009836601347074748,0.008543420756372296,0.007581213942755003,0.006867781388859638,0.0063475977437926845,0.005983428313823709,0.005751175094378423,0.0056368089022979274,0.00563476391233413,0.005747507184651994,0.005986260024847018,0.006373128803787349,0.006945308202373615,0.007762740046713093,0.008922055379940654,0.01058277907390222,0.013019209841722201,0.016730500185053714,0.022695944276397338,0.033039195949178576,0.05304233917192074,0.09869351651346789,0.23481720551845714,0.8189694800106534,1.1715674730654908,0.35059674164046367,0.14703176854776945,0.08193892809265346,0.05399559370572152,0.03968379943459981,0.03152700503822593,0.026585964171184386,0.023528223691110323,0.021690639455378764,0.020727153754775976,0.02046090822850075,0.02081838161817897,0.021801263159975555,0.023479120991412243,0.025997208535079454,0.029599823891894972,0.03467470761491995,0.04183049576481452,0.05202976894770226,0.06681829398099343,0.08872119704628696,0.12192039222591047,0.17336046679469394,0.25431550485506704,0.38167408479362885,0.5754542381822088,0.8435128622046278,1.1458073216635347,1.3688989320354474,1.3878137675047062,1.1903525860812938,0.8911141812659873,0.6124632839190132,0.40536726234590154,0.2664394966289898,0.17576329116592537,0.11500505590580543,0.07100768857283568,0.03565550070128235,0.010745874483197677,0.00993327371551063,0.14030770916679597,0.35052341401522674,0.10530680724099312,0.100128497012457,0.21435435786029278,0.405165551289359,0.24603750586156473,0.26372243188408584,0.35599559493958033,0.49301164855695484,0.6019352042468205,0.5878120672103749,0.5658896474968126,0.5300226928870443,0.28163106358116535,0.11611756795928531,0.05643924346885883,0.03176726804819403,0.02098971645586936,0.0167242974514502,0.014804927865039121,0.013330542765616613,0.011793947464572855,0.010090559677852814,0.00825158715808627,0.006526309611238468,0.005195078797929674,0.004289167629093674,0.0036894903748464648,0.003297677677342872,0.0030711906646957825,0.002995954101510001,0.003016454753546003,0.002865644095397194,0.002956730905821112,0.0029807198544902504,0.002949603471233649,0.0028837769426952463,0.0028065828007766296,0.002746212028897147,0.002732946894796814,0.0027914775376842726,0.002936128091162567,0.0031752574050295007,0.0035211798762703693,0.0039988058910657735,0.004650185466809222,0.005534652577272805,0.006724843482557581,0.008302381342923323,0.010363839270698375,0.013049991386309034,0.016606819123680953,0.021492248880604994,0.02858237162223729,0.0396393882622143,0.058518573428158346,0.09470376202851635,0.1752973652793858,0.3890906185391963,0.9120006099202662,0.9197497973103841,0.4467540252061387,0.238228007262698,0.15113415648615647,0.10892663812095488,0.08599998923999876,0.07080414304729668,0.06151370209930534,0.05656572761737298,0.05318950654044917,0.0509204413051209,0.04944664086310335,0.048595560097196976,0.04830422921546799,0.04859220260284967,0.049543535617371674,0.05129727916140227,0.05404437241259799,0.05802912878511444,0.06355510772228523,0.07099721504606117
80,0.17177555146148193,0.1806830247693464,0.20071488301543994,0.23465752610848528,0.2879574348360872,0.3697085548300619,0.4936892906840511,0.6775086215570137,0.9345977615377955,1.252940021778456,1.573725717013965,1.81326349744734,1.9166161726736237,1.8568668444082943,1.61217222031711,1.2228717214681482,0.8220930690623257,0.5169826825253984,0.3209903592359433,0.20331359759964124,0.1332735457469076,0.09079678966509423,0.06426930164601874,0.0471669366051367,0.03579804781386137,0.028027315698076975,0.0225856856651118,0.018697670499873576,0.015876791258399237,0.013810719984423002,0.012295207554727983,0.011195216933078568,0.010421678519762433,0.009917546858529478,0.009649695503170243,0.009604826978398713,0.00978863530220029,0.01022834065900763,0.0109797892212061,0.012142148040959701,0.013887086190868264,0.016518534722077156,0.02060350282730555,0.027287089613126623,0.03915521955083445,0.06305272339172838,0.12191225497043257,0.3253562943232681,1.1635133422469883,0.5539923887342666,0.16674347846736012,0.07486071848222332,0.042286972122683314,0.02741488197146597,0.01948413898838151,0.014800114209012833,0.011832354968503864,0.009858104769841213,0.008501785713004605,0.007553803891758704,0.006890894825278068,0.0064379822667919055,0.0061486762469094396,0.005994825245681816,0.0059607958318005465,0.006040419681364198,0.006235606862784191,0.006556168358809325,0.007020714964001669,0.007658747097828867,0.008514309974797534,0.009651945069337295,0.011166239501232226,0.013197264374182106,0.015955993388611988,0.01976719840864376,0.025144011744594266,0.03292206289004478,0.04451060136970452,0.062385214231283515,0.09111092042593404,0.1396226197857872,0.22680039345578132,0.3969175786648455,0.7704676830874,1.7523059753695889,4.974689115095266,10.414281959808203,0.22197078434077233,0.013722927940792941,0.13738128888198642,0.5355686661907987,0.36923248592261104,0.46016346827263616,1.1385019522579436,2.9443994905383857,2.3192658378318156,2.119449616782234,2.498125950825076,1.979267112456047,1.6263728384580711,1.5000581690148131,1.846845848620177,2.691085376197334,3.100977938652037,2.43338240768687,1.4034809837199107,0.710582010812213,0.3471410900429172,0.2041023369012413,0.15317625175841038,0.13345969052608528,0.12381775567530567,0.11260562541530109,0.09183851992995062,0.0659402258529275,0.045244888010758814,0.03200089880480588,0.023745119093103926,0.01833155606094691,0.014683047188056571,0.012346049615609079,0.010905372861391593,0.0093190120657868,0.009059698771743868,0.008804881417927256,0.008498299956696655,0.008103219553646873,0.007610877858896358,0.007059217220836054,0.0065248516261382835,0.006083734668997396,0.005776884344200494,0.005610530451636403,0.005576984221998823,0.005673053391284965,0.00590862453050198,0.006307281721528769,0.0069020179223917245,0.007730288744919253,0.008834498659896729,0.010272306763357058,0.012137107436548776,0.014590226500297957,0.017917125397796288,0.022643109350876274,0.02979964838947586,0.041602156089593,0.06341825464741392,0.11057036868682855,0.2362151136530358,0.593235678371506,0.61027760844674,0.24001166009478944,0.10905039020282775,0.06101813920947158,0.03933251615755864,0.02736699243556563,0.020431599129471265,0.016319601408727073,0.013484299742805106,0.011446276567548357,0.009925742175430869,0.008755575741892308,0.007833320791077262,0.007094439318931172,0.006497390191162082,0.006015078414666218,0.005629696417855336,0.00532938500656256,0.005105966108531667,0.004953454373388274
81,0.05857810852548106,0.05326431317747049,0.051003377447436986,0.05108423038484513,0.05328887597529921,0.0577450701581637,0.06491051743642595,0.07565284738962172,0.0914387018511704,0.11468568903663455,0.1493794503000417,0.20210862261403148,0.28364015650671187,0.410687594132435,0.6055575982366941,0.8865920012301849,1.2405790179654133,1.594602062697941,1.8433166816140867,1.9141806289229018,1.7808587262450015,1.4676074700737682,1.0761341590205193,0.7280738142407359,0.47714422111572974,0.3143433195539269,0.21246347836627766,0.14860648814974659,0.10781797690106182,0.08110166182462435,0.06314863443305208,0.050803697778082295,0.042158294011422875,0.03603440609745789,0.03169219485565506,0.02866309636961077,0.026653992856953294,0.02549309973020085,0.025102348164830666,0.025489723042015314,0.02676195690329297,0.029166919500252252,0.03319290891893582,0.039798018730972676,0.05098213025541952,0.07141171048491829,0.11398641773717003,0.22471100500622293,0.6322070750186581,1.4154058078363105,0.43011887208443766,0.14556927261014346,0.06813278727657594,0.03851371274108628,0.024503579757742516,0.01690882442363415,0.012387597927232475,0.009507353272820644,0.007576900745691864,0.0062318334786725105,0.005266368423826705,0.004557793755326145,0.004029666715731268,0.0036326770614977005,0.003334149033546699,0.003112023537949698,0.0029512849425863377,0.0028417842719859706,0.0027768963682762824,0.0027527000985948535,0.002767507747720212,0.002821649170188022,0.002917466757566913,0.0030595146289660487,0.003254990024904967,0.003514465821104471,0.003853052024675475,0.0042922106184096415,0.0048626207605726975,0.0056088249406309855,0.0065970865082344825,0.007929505600881738,0.00977163517529048,0.012413385321947976,0.01642791486862344,0.02319833010212395,0.037444521924892775,0.09215807033123492,6.5339120881992745,0.018321671405225157,0.06297435493458597,0.0888787468570361,0.046057176094331194,0.13299347318308644,0.3395811043117989,1.2326226690976259,1.0369637478657305,0.9213913088831392,1.1876255609660011,1.206836503770193,0.6586840899632871,0.39223125770560613,0.3311946296510059,0.39286192988860613,0.4451523201119479,0.40728431779381347,0.34981556939236114,0.3332336267222895,0.3666657588995656,0.3920417511436221,0.3791922529280879,0.3745424563638292,0.4183864624960103,0.5503396592617473,0.8096593955666502,1.1304809196034815,1.3148967130705256,1.326302975923978,1.2854741613358944,1.2549969543853035,1.2015118014482977,1.0654065699216249,0.8579635334233446,0.6456458869525368,0.5677746784650497,0.5207694105926436,0.4943203690634892,0.47015014138785,0.4314519057541059,0.3733337337250156,0.3070306732938469,0.24762970339987309,0.2019427586168985,0.16912285201842214,0.14577995609853003,0.12887112669526396,0.11645473086281317,0.1075928993516438,0.10198937631234319,0.09959402908922589,0.10034812318596566,0.10413647168408964,0.11087017652125103,0.12060499952732925,0.13368201111475375,0.15095847320409675,0.17425494893431093,0.207238122329055,0.2572627254391766,0.3397228815513886,0.48972136159620777,0.7966638752193999,1.48845270481259,2.6162225074618015,2.1381148510336825,1.007271057257088,0.5001529976795598,0.2808853765311081,0.1772861752747985,0.12287862016872071,0.09033265282942825,0.06957188768244366,0.05559697522552307,0.04575614438479112,0.03855762975442839,0.03311983834102962,0.02890100653169232,0.025558408849270547,0.02287067600454913,0.020692150752053586,0.018924432887846107,0.01749813382076519
82,0.025404633609988018,0.0208301124741591,0.018032290815940016,0.0163131895177279,0.015317968644805252,0.014860129053950186,0.01484608939290778,0.015241092097189053,0.016054759262493452,0.01733784250503539,0.01918734909884354,0.02176035250301612,0.02529945390663091,0.03017631387592138,0.03696533097082341,0.04656970570415207,0.06044097974568631,0.08096818387673138,0.11217560887273627,0.16096779844560205,0.2392543942560093,0.367066101737466,0.5749668844353498,0.8976547058305043,1.3414463806171413,1.8317063159202316,2.2271039011039098,2.425845677494282,2.3985420385406657,2.1487073467786675,1.7364706717296574,1.2888351875293835,0.9134116409222115,0.642549689256537,0.4604587001143234,0.34072953762727065,0.26187058047186157,0.20943559145339624,0.17435818647098583,0.15109907316568302,0.13635488798722373,0.12829097091657815,0.12615973521439786,0.13023693236291223,0.14214568531377167,0.1659339642651451,0.2111630204365914,0.30267616282179494,0.5175076131115894,1.135971972330869,2.1803081724334246,0.9806321710087483,0.33973396881108253,0.15105596239524008,0.08044739868684975,0.04824995862639788,0.03144286682559474,0.021790391286880626,0.015841662941986065,0.011971692244533105,0.009344226732423055,0.0074979034080771955,0.00616355127298887,0.005176763802562094,0.004433218796342552,0.003864563906493699,0.003424789825460191,0.0030822230059230197,0.0028146607350236852,0.00260633044040423,0.0024459443060417174,0.002325432590105843,0.002239110959160849,0.0021831352444746936,0.002155155132797151,0.0021541143727636927,0.0021801691368406426,0.002234714378418301,0.00232052501624737,0.0024420398109325425,0.002605850223699078,0.0028215270890328114,0.0031030909130747835,0.0034719311434961643,0.00396369451318183,0.004648931309500037,0.005718914997462133,0.008092330535563073,0.03253645253448077,0.03404031453240456,0.048535290002169565,0.028455226511280973,0.018536920306671756,0.02811768682673906,0.06390245340630465,0.17229896220446683,0.19644978361298737,0.1937570172183212,0.28314459615975296,0.6693876349791356,0.2648855595499922,0.1127208199044748,0.07424023109034475,0.06455428822165177,0.05457548048658234,0.041134089484174234,0.02949473524825815,0.021981657036787106,0.018447674335677764,0.01708037410901663,0.01612964005674132,0.015327211833836289,0.015107037045152432,0.015821287136205026,0.017353959651407957,0.018906446498633045,0.019585940582820274,0.019283546423979225,0.018541980579670166,0.01800714188111008,0.01823305129246095,0.019664646361140438,0.022166862045380747,0.022574894990613856,0.02675058850174824,0.03139172153080383,0.0371342762252372,0.04489882921609162,0.05566335429864884,0.07012095951224517,0.0882382030794692,0.1093029059222512,0.13283175481227452,0.15970578001705446,0.19283704446692163,0.23767575964061977,0.30329655811668804,0.4045237895008702,0.5653603338014601,0.8243310154241564,1.243339853773022,1.9207282480925678,2.9937025263461075,4.55304389139532,6.328130080755999,7.47744334176529,7.480160771024697,6.8037205341682885,6.0404095697404285,5.417448405767818,4.95078738986455,4.603044143867095,4.341385874737734,4.148053415114544,4.01761240529628,3.9517435519334594,3.9438599726567016,3.743191835871254,3.8275866918983206,4.066119889333052,4.300631239716358,4.558102951387725,4.84379218476591,5.159673951734451,5.507544862741221,5.887399506148782,6.294468619104705,6.716919876709054,7.135957842586103,7.529312273575215,7.8773300622897136,8.168985455939106
83,0.013058121501907695,0.00992056138977544,0.007998374710051418,0.006752794790310401,0.005918155125144908,0.0053519024516267165,0.004972840259711005,0.004732996007722318,0.00460379572268686,0.004568905516752531,0.004620445795568111,0.004757067457108246,0.004983179433488981,0.005309013702261727,0.005751442395193356,0.006335629621280612,0.007097769828565998,0.008089386807141486,0.009384008226020568,0.011087595391697505,0.013355086019399371,0.0164171566655562,0.020624528995865747,0.026523232191065567,0.034986082797234065,0.04744934601196223,0.06635211801323017,0.09597703168698037,0.14409942501880305,0.22525225389736067,0.3669722352533445,0.6198910127515268,1.0637993152793037,1.7653941549301244,2.621943942532568,3.306975994681201,3.6527825029343344,3.800651752649094,3.8993161121177122,3.957520941610589,3.877361976651593,3.568379903607556,3.07219587839359,2.536638409310974,2.0824640690287515,1.7522544811496907,1.5426078952217015,1.4409307210047269,1.4450190805715588,1.5756704156166443,1.8946826839674118,2.523217816315893,3.465627065440553,3.576538470118455,2.1135568019757924,0.9988287245882107,0.4946150234176462,0.2692108136578555,0.15938539636608431,0.10099577908240617,0.06759558792797515,0.04731688953353079,0.03438996283071942,0.025810241544869703,0.019919853022275454,0.015758207861511008,0.012745115132113391,0.010517418953336667,0.008840687191230273,0.00755946482889903,0.006568224866360538,0.005793860913530555,0.005184837917127351,0.004704302148950615,0.004325611121040312,0.0040293803641845444,0.0038015037064904234,0.0036318124300503277,0.0035131623620478884,0.0034408118359818512,0.00341199628684237,0.0034256261601184894,0.0034820372387399452,0.0035827113255241265,0.003729909432246001,0.0039266229205834925,0.004181681634496033,0.0045782651216880865,0.007438247835695216,0.0391488668962358,0.043007428872794004,0.02690259010153704,0.018977785521841952,0.019457560713308078,0.03598353369995342,0.07279698200209017,0.08938502079209609,0.09210288723248355,0.12293443766220545,0.4013362881836037,0.4316070360552394,0.12704252442383587,0.06411814693614683,0.046353896055678544,0.035053000849528004,0.025324480076856292,0.01783392216114138,0.01267852753611007,0.009492846911991074,0.007593542125515293,0.006360243295550728,0.005517458942516347,0.005000234480416569,0.004776942278197551,0.004738023818538904,0.004692303405702712,0.004506982821290614,0.004189007647962373,0.003816165280497278,0.0034674402094827116,0.0032064185800164237,0.0030787907421643934,0.003065165713438582,0.002816190697711343,0.0029757884586713475,0.003156551300839721,0.003378352368339541,0.0036663861146124556,0.004033180605943247,0.0044689684672707475,0.004941232473995767,0.005412332767371611,0.0058626705923558444,0.00630064091905152,0.00675936359232455,0.007292337477529343,0.007974537687198475,0.008907428059240552,0.010225368595407297,0.012106884164486598,0.014803102151916648,0.018703357231210294,0.024470146202489926,0.03331470350777366,0.047601811539838695,0.07232483841331189,0.11916908847382246,0.2192230198104863,0.46405886838476224,1.0199892769956456,1.1461815745543782,0.5844243574074688,0.2922403589568738,0.16776546211154475,0.10762968333886691,0.07487898331195275,0.055427248727437414,0.042004391668633505,0.03306581463002032,0.02757919317803009,0.023554772661238333,0.020566391167269854,0.018313036104531354,0.016587916857890583,0.015249845479564294,0.014200978071169391,0.013371709369321184,0.012710933014392382,0.012180087503098467,0.011749773223996372,0.011397939237649706,0.011108813596657989
84,0.0076303897466451324,0.00547088792683355,0.004186721996052019,0.003364994747596478,0.00281119135133546,0.0024240673458191405,0.002146818203817663,0.0019456889211867932,0.0017997289522352414,0.0016955262615806523,0.001624344383517257,0.0015804970576653997,0.0015603979428076642,0.0015619995147294374,0.001584470321672261,0.0016280298159091222,0.0016938988792430136,0.001784347939079264,0.0019028414570186666,0.0020542923895187706,0.002245456541418372,0.002485518174731292,0.0027869496065071296,0.003166776335444371,0.0036484581666959806,0.004264728315862733,0.005061957689386414,0.0061070081984030775,0.007498258995319987,0.009383840812432783,0.011992745689462857,0.015689825892480417,0.021077085544447545,0.029189287952500163,0.04189323740512739,0.06275782262150971,0.09910167734851558,0.1672623387074516,0.307501772282472,0.6286210924563288,1.4087180864976174,2.741022727614092,2.8193006944456473,1.9151905980913948,1.3309266444878134,1.0371956852705384,0.8971875094079391,0.8452970414950987,0.8551348547585528,0.9198704793399766,1.0449895073455668,1.246620463097185,1.5517137158681669,1.9957379897746703,2.608840144362929,3.3778193973981496,4.195498863712468,4.87854693586914,5.305167144592805,5.502599965961993,5.544658028349852,5.398307188255486,4.890475424105233,3.9261358340827095,2.7644344745467517,1.7845679366950806,1.1195486269828057,0.7097659408217764,0.4630967907282511,0.31283104930454697,0.2188606151435052,0.158276423504095,0.11801409542333292,0.09048719673993048,0.07117658648350415,0.057315287658015364,0.047162618301653206,0.03959497598022262,0.033869313950372584,0.029482754501077995,0.026086830908375238,0.023433166988339634,0.02133691857066277,0.01964876841536293,0.01822681162841424,0.01689431701070879,0.01534803036625766,0.012912274560301737,0.008612422876404235,0.06674279831786394,0.06041720081823061,0.09888355731244745,0.0738154047963743,0.05669934555573489,0.06885868924255982,0.10993725063329791,0.14138191824375806,0.15485567600351036,0.186432343532538,0.3404502815255415,0.8681850437555461,0.9754351103807652,0.35832359842727257,0.1964579985956943,0.13773631229988506,0.10355679902411385,0.0793582133355026,0.05916649251059995,0.041667751452840435,0.02909782597510384,0.021201528576451426,0.016244846927392892,0.013090941003302672,0.01118291359148081,0.01012590322220958,0.009502651365306815,0.008987481297405495,0.008444539893068242,0.00786253074083305,0.007272115987728609,0.006718793547820498,0.006263035203292186,0.005907045662354575,0.005161910744080782,0.0050644351066954085,0.005012360922563114,0.005021997789103154,0.005113693797795609,0.005299482645989127,0.005578873465205755,0.005936245652789539,0.006348805166990985,0.00679938942586539,0.007283712533358622,0.007810843105317247,0.008402538176490343,0.009095228270580803,0.009944113578376478,0.011026972414720943,0.01244748190661495,0.014342372519743542,0.016899467092600536,0.020393922665601912,0.025252560611406728,0.032166556597748364,0.04229725432856675,0.05767547409334796,0.08203149484974957,0.12265318269361236,0.19486472261614907,0.3333326083620399,0.6184808585362607,1.18829989597512,1.8472391038848015,1.6799689961399276,1.1175754059252847,0.7439606959347299,0.5302970888442051,0.4142025924867468,0.34947003024665535,0.312168227343329,0.29361368493907897,0.2895216249762798,0.2984058097664945,0.3209069779024045,0.359818598166273,0.42078334487459007,0.513950693588199,0.6574109237156539,0.8843458028424583,1.258540468419792,1.909569168973291
85,0.004943851176630201,0.0033907854522545774,0.0024958127199437687,0.0019351196975568308,0.0015620504231419914,0.0013024718242660993,0.001115690106575579,9.778922108843976E-4,8.744194155340134E-4,7.958758148654035E-4,7.360431614703501E-4,6.907053492846997E-4,6.569574194984591E-4,6.327854612806089E-4,6.168046852855544E-4,6.080937382998519E-4,6.060901432202844E-4,6.105265636256005E-4,6.213961827716902E-4,6.389407824304411E-4,6.636586800116677E-4,6.963324489508097E-4,7.38078921756334E-4,7.904268745881608E-4,8.554315881719726E-4,9.358409588480218E-4,0.001035336229444413,0.0011588838005449746,0.0013132566280570574,0.001507821089746278,0.0017557505187244748,0.0020759445391546815,0.0024961542004968322,0.003058243927251596,0.003827403145225269,0.004909026193719647,0.0064813711816104035,0.00886303722139863,0.012664147990073727,0.019161649010252226,0.03136440984426426,0.05763884929535746,0.12766922924585142,0.39125971808969057,1.3456675479558924,0.60834781648526,0.21971021904836896,0.11338086303519646,0.07207350175918738,0.05202383259894279,0.04089698579137307,0.03420068556888889,0.0299916026563313,0.027323595589090612,0.025697857299674838,0.024839418559322982,0.02459678405976308,0.024893793585572574,0.025706049134607792,0.02705024431986381,0.028981335702009923,0.03159557934171424,0.03503919270717427,0.039523724182561185,0.04535064256064602,0.05294965422028922,0.06293842482943146,0.0762167329038012,0.09411742763368981,0.1186532755070743,0.1529292099935257,0.20184554124497517,0.2733208008280407,0.3804473959319974,0.5452926695418314,0.8053963806017627,1.2236936323376704,1.89846421146806,2.9528676021396456,4.448654252576795,6.201518710042035,7.762603405507538,8.851203193442673,9.654687720909543,10.60266218717436,12.0871159916657,12.99217982049155,4.951454314370796,0.12689575741146938,0.40629230691753104,0.2789325426066522,1.361927321051478,3.658436154321415,3.47389937638398,2.857705940760645,1.6347314357639922,1.4160945067227075,1.6553304750683522,3.433426460029136,4.48888471083203,4.4964488525183794,4.592631344916431,3.9522305737672996,2.9806914741760133,2.430221397105297,2.3277555291817387,2.7296010615119477,3.7457834765476137,4.868267912710608,5.456066166187102,5.685713047248055,5.812167778303995,5.8243006153573385,5.449282194910661,4.655214380816304,3.908505162789179,3.511845667641641,3.4734935365754076,3.7578419157001455,4.348705638647352,5.178054081638717,6.040300365148008,6.538887064650668,6.867821178499996,7.264567531034254,7.490892890593381,7.723503803542946,7.958316290074279,8.130638984495315,8.194790774114594,8.172515998321256,8.129795468741655,8.120112285011167,8.155118943681957,8.205562641072921,8.213130140189012,8.109499223537165,7.842919585223485,7.398780618967439,6.798308011481969,6.080644953253884,5.287358898558087,4.458841516977396,3.637581511159334,2.8683734622109545,2.1909217306949906,1.6296796437816445,1.1892585589336842,0.8581442004903121,0.6166130563840814,0.443771492236343,0.32131107752258536,0.2348442922062025,0.1737045489610007,0.1302635285883154,0.09921043023406569,0.07688502393506731,0.05767228662134064,0.043688050484107635,0.035009293129168846,0.028065993013922225,0.022594722746785974,0.01830179283098005,0.014934920116507853,0.012293335734887036,0.010220004340913372,0.008592675574943887,0.007316325613175392,0.006317091896140061,0.005537531478896363,0.004933019887888602,0.004469066373170058
86,0.0034963510874081046,0.00231846744514408,0.001657774388230666,0.0012519175567402949,9.857555875228967E-4,8.024440380720422E-4,6.713495256066898E-4,5.748063893391953E-4,5.020634004622804E-4,4.462855699548145E-4,4.029695672743406E-4,3.690602200291777E-4,3.4243538417146876E-4,3.2159408944379734E-4,3.0546171889144755E-4,2.932651568073983E-4,2.844512453336262E-4,2.78632974967684E-4,2.755540938223014E-4,2.750664937482237E-4,2.771169823571201E-4,2.817415110309091E-4,2.890659633955432E-4,2.993134440589166E-4,3.128188095921432E-4,3.300521051697449E-4,3.51653791522935E-4,3.7848642760794773E-4,4.117102335815633E-4,4.528944178795755E-4,5.041836104168193E-4,5.685516293646749E-4,6.501978342504424E-4,7.551840077720507E-4,8.92492204196278E-4,0.0010758511491956774,0.001327036542686482,0.001682167434750299,0.0022045352603418888,0.0030129599394713813,0.00435130040300929,0.006783760080695013,0.011857815578354724,0.0250846146502268,0.0771168354684079,0.43110818632440523,0.15691632207213604,0.04273517189182389,0.0193995638452059,0.011250261807546293,0.007492766857078723,0.005454460796569114,0.004225968210725039,0.0034297143175943488,0.0028860421387278392,0.0025005628547306743,0.0022198214430230487,0.002011727336603838,0.0018561130730796779,0.0017398446356137309,0.0016541391649187345,0.0015930228304632617,0.0015524101074229362,0.0015295381510023055,0.0015226132252263815,0.001530589533445025,0.001553034993556458,0.001590057865361539,0.0016422797529828004,0.0017108480597659175,0.0017974865292571419,0.0019045873633581193,0.0020353535713239753,0.0021940066981707687,0.0023860842761816237,0.0026188654098752164,0.002901985672758433,0.003248341232587393,0.0036754515731854793,0.004207582410576887,0.004879200889782702,0.005740938651390364,0.006870735091481161,0.008397062845984016,0.010555250529558895,0.013856837871854764,0.019796071994464724,0.03626215646463779,0.7476926016624692,0.03779070568565661,0.03151413833367538,0.07365661174945179,0.17279403270994,0.14149126358354025,0.27012275992749646,1.2960648793364051,0.5261779129035138,0.18557575209001057,0.11949637218819924,0.08065603788417522,0.049078358682280734,0.030115386989303026,0.021500853537270832,0.017420197616819122,0.014079548125608325,0.01149086705830722,0.010007011843930304,0.009395896325717747,0.00891433316969073,0.008003288772057533,0.0067882758176340515,0.005618377905548616,0.004706681991207957,0.004121266704504349,0.003804614987025354,0.0036202434660881824,0.003469261038556992,0.0033365194387938047,0.0032448634061890795,0.003208858954283788,0.0032143961231217385,0.003226293320079026,0.003189792630373038,0.0027720583123017352,0.0026364443275186007,0.0024716057712413403,0.0023112721019335554,0.0021839167113603436,0.0021067144370945706,0.002087336990359019,0.0021243859898012253,0.002211848425654103,0.0023458152438387268,0.0025285250713043645,0.00276826427271163,0.0030768533109837696,0.003466913037008145,0.003951389386901625,0.004548442722308616,0.005293918017619816,0.006262230886166371,0.007601033913027275,0.009603690981312672,0.01289659036268865,0.019007163604625187,0.032449632074685715,0.07036366301865736,0.1913596303936164,0.15825129079081482,0.05103078929525142,0.021497541767232207,0.011390887986311351,0.006972598180729946,0.004697864720980356,0.003386924931731985,0.0025669357839288847,0.00202110194714696,0.0016050356142880491,0.0013021247705477792,0.0010938504149730663,9.279797839300362E-4,7.954185174972096E-4,6.891142453292817E-4,6.037435141957693E-4,5.352534715152839E-4,4.8050162441795065E-4,4.3703258071132805E-4,4.029388550256079E-4,3.7676542953605737E-4,3.5743630274901107E-4,3.4419268164323475E-4,3.365385958932607E-4
87,0.0026715320270057907,0.0017280545737558683,0.0012099063203874407,8.965908184787294E-4,6.936157220943286E-4,5.55155901803755E-4,4.56860636000465E-4,3.8484662334895876E-4,3.3074364390104244E-4,2.892712515017015E-4,2.569713563228672E-4,2.3150777317595617E-4,2.1126082732130327E-4,1.950833818924389E-4,1.8214904868468985E-4,1.7185505363835596E-4,1.637586103116541E-4,1.5753448157337186E-4,1.529463482217725E-4,1.4982746422207593E-4,1.4806779393025128E-4,1.4760589588937859E-4,1.4842451851109065E-4,1.50549368135484E-4,1.5405090303062934E-4,1.5904937333233396E-4,1.6572373523852593E-4,1.7432559795599006E-4,1.8520012822819177E-4,1.988170244374617E-4,2.1581660080277924E-4,2.3707927555940742E-4,2.6383244090138537E-4,2.9781898760740855E-4,3.415711543127654E-4,3.9887157634712765E-4,4.7556259469148194E-4,5.810390675974572E-4,7.311710561687838E-4,9.54459381924313E-4,0.00130624377315037,0.0019056293271421804,0.0030481647939409563,0.005639054333282244,0.013594941180707684,0.05932185666960784,0.15335778979669568,0.02437049392316086,0.008464745585074032,0.004257165455327374,0.0025787579761621243,0.0017459688800547338,0.001273359108028774,9.796992665186926E-4,7.849789463555483E-4,6.494479507486681E-4,5.51545790216591E-4,4.787571792748416E-4,4.2341502594294355E-4,3.806127329290702E-4,3.4709595950145226E-4,3.206419272289361E-4,2.996958489099268E-4,2.831497697483237E-4,2.702036962117885E-4,2.6027608289759877E-4,2.529449514664157E-4,2.479086501165923E-4,2.449596365089059E-4,2.4396723290643366E-4,2.4486686652993363E-4,2.476543080888285E-4,2.523841056122536E-4,2.5917193041202904E-4,2.6820101149700216E-4,2.7973332305103595E-4,2.941268083851558E-4,3.118608252061312E-4,3.335734553966299E-4,3.601168983464219E-4,3.926421281829788E-4,4.327345119825979E-4,4.8264700075518487E-4,5.457448231273186E-4,6.274888380288238E-4,7.381109519512064E-4,9.02370082454634E-4,0.0012160311318340797,0.002866284518472042,0.008288231307161763,0.0034730528136044125,0.007541472242405609,0.010246152520270918,0.007929094335077984,0.007895450878006556,0.023101428283971267,0.12630954936866837,0.12533149739238547,0.04417851207140044,0.018951703503479873,0.008571106939568111,0.004193756978924218,0.002408433120969046,0.001717230805924662,0.0013661133111844113,0.0011609450500413886,0.0010560559076981547,9.904396637844975E-4,8.926251395843639E-4,7.517770813112327E-4,6.052683771489717E-4,4.80252531750302E-4,3.858175442356477E-4,3.234734475590284E-4,2.8895059043201383E-4,2.725747534239565E-4,2.6561321138228374E-4,2.6415254656336924E-4,2.6706849241060635E-4,2.728505497535302E-4,2.781022896059101E-4,2.790124999906054E-4,2.73497950179346E-4,2.446676754095462E-4,2.2922313426996038E-4,2.1330331094008726E-4,1.9883979420418028E-4,1.8768994009594523E-4,1.8128187015286007E-4,1.8062037387352729E-4,1.861126199128358E-4,1.977356597023348E-4,2.1550631391077822E-4,2.3982949216753294E-4,2.7150301417084644E-4,3.1146243082735484E-4,3.605001443006583E-4,4.1930034343249685E-4,4.891291221544023E-4,5.732428648127052E-4,6.788274354281274E-4,8.197219882583197E-4,0.0010216163059766617,0.001334464295537063,0.001865862675055333,0.002884297014783767,0.005212072897305653,0.012191119912479056,0.037778290253685,0.03164300723922405,0.010002470905734931,0.004347358465810179,0.002400382707923593,0.0015333011015796923,0.0010769243573027902,8.075020642135693E-4,6.343363288553645E-4,5.119877262440612E-4,4.2455371572045527E-4,3.6069318929377817E-4,3.1105687611154403E-4,2.7207214093683354E-4,2.4129236119220784E-4,2.169753279306126E-4,1.9782017254464966E-4,1.8282387181520389E-4,1.712087686042838E-4,1.6238646903537717E-4,1.5593736766368954E-4,1.5159338133003802E-4,1.4921739812920673E-4,1.4877827858434428E-4
88,0.002190773028594753,0.0013930981558445909,9.615486859940339E-4,7.035266967947085E-4,5.378588969406276E-4,4.25665480874747E-4,3.464875527300538E-4,2.88753657181886E-4,2.455339814499165E-4,2.1248150722078795E-4,1.867629842266805E-4,1.6647176085548166E-4,1.5028975322504913E-4,1.3728493161232217E-4,1.2678579132686927E-4,1.1830123826916005E-4,1.1146817430637712E-4,1.0601649534490925E-4,1.0174534960771147E-4,9.850688500922772E-5,9.619513112107776E-5,9.473853229765101E-5,9.409520535963896E-5,9.425037070789082E-5,9.521568060987333E-5,9.70303965572538E-5,9.976459136247066E-5,1.0352481312604098E-4,1.0846300068078943E-4,1.1478996416607112E-4,1.227955750642509E-4,1.328791883658111E-4,1.4559619568599262E-4,1.6173085834423858E-4,1.8241347349328292E-4,2.0931527406931462E-4,2.449857667234789E-4,2.934648079493705E-4,3.6145784901382445E-4,4.607537768139512E-4,6.136461405742578E-4,8.665084576258798E-4,0.0013291971476879043,0.0023159991954235476,0.005041897221395145,0.017712148760720085,0.11087471468558524,0.017455507692082227,0.004977327580110471,0.0022835005513518686,0.001307527203532378,8.499576650504445E-4,5.999906478739211E-4,4.4891253806990584E-4,3.508225592327648E-4,2.836553796312581E-4,2.3574475714468522E-4,2.0045631427827726E-4,1.7379354900260135E-4,1.5323419671884104E-4,1.371242362983969E-4,1.2434391919988573E-4,1.1411480128881771E-4,1.058836971956636E-4,9.925047663862195E-5,9.392181897684947E-5,8.968086604614812E-5,8.636691711051929E-5,8.386165585428134E-5,8.207975478334509E-5,8.096251187411443E-5,8.047367475175264E-5,8.059693019182676E-5,8.133475704306152E-5,8.270850531690507E-5,8.475970518766922E-5,8.755275396932272E-5,9.117930734890074E-5,9.576495978767725E-5,1.014792257889036E-4,1.0855062019110498E-4,1.1729025247017489E-4,1.281310967212247E-4,1.4170004985034318E-4,1.5897086359695497E-4,1.8166280185481822E-4,2.1361341510210837E-4,2.676640691180208E-4,3.8320432307392785E-4,0.003997172256704732,0.0014507185346501448,0.002865572741249963,0.0031172912782549264,0.002679173090480402,0.0025946858742981298,0.005080649317347328,0.02071157293877888,0.07120825279719174,0.029210209980885565,0.009914788033097196,0.003955581744931071,0.0018378434411910408,9.922366817883858E-4,6.575760468215425E-4,5.08581918262707E-4,4.3648283136996124E-4,4.0274501895253044E-4,3.7479226397329324E-4,3.289944726352359E-4,2.7046560362234976E-4,2.1536166458652954E-4,1.7107808913435532E-4,1.383095358798643E-4,1.1614290249744692E-4,1.029729712110289E-4,9.625248185864821E-5,9.363543578698582E-5,9.380130314831113E-5,9.59523511019733E-5,9.897729433716674E-5,1.011642604573637E-4,1.0099029129557675E-4,9.831155312521264E-5,9.029877884118822E-5,8.425267599060647E-5,7.869909838568615E-5,7.405812965152999E-5,7.074397295467818E-5,6.910177002432607E-5,6.943604281181183E-5,7.19710108694272E-5,7.687213899684903E-5,8.433839906335685E-5,9.466842946697852E-5,1.0823576837812218E-4,1.253893548611195E-4,1.4636566486683075E-4,1.7135814157168453E-4,2.0087191854605924E-4,2.3634884484099842E-4,2.8095400842289566E-4,3.4063076561641583E-4,4.2609285342145177E-4,5.574840641738076E-4,7.764143685367146E-4,0.0011811014710134957,0.0020498832641135476,0.004404332106168331,0.013188403963871434,0.024570412089242474,0.008163188494699032,0.003166310585858082,0.0016409340092099626,0.0010122291899747542,6.969121578645666E-4,5.165692418387365E-4,4.030865822624805E-4,3.2611727951928533E-4,2.7186359456793813E-4,2.3135817965474765E-4,2.0043204614422338E-4,1.7649100124400777E-4,1.5783675184849865E-4,1.432898748963519E-4,1.3198058547222397E-4,1.232435392916931E-4,1.1656753875118646E-4,1.1157252729356697E-4,1.079978018950793E-4,1.056913718817741E-4,1.0459508235914907E-4,1.0472485838027961E-4
89,0.0019199472912329676,0.0012087574067928073,8.274217609966911E-4,6.009540956690009E-4,4.5632628216833916E-4,3.5881497243061064E-4,2.9025342626535215E-4,2.40415020314429E-4,2.031996308655665E-4,1.74793705242143E-4,1.5271895538903748E-4,1.353117421397374E-4,1.2142430098262379E-4,1.1024623546870367E-4,1.0119412665086511E-4,9.384121270170371E-5,8.787144105450646E-5,8.304879654793679E-5,7.91964734581723E-5,7.618256371342821E-5,7.391018093543906E-5,7.231070285400928E-5,7.133929777993752E-5,7.097222093668908E-5,7.120559337273714E-5,7.205555496217321E-5,7.355984688189619E-5,7.578105822113666E-5,7.881200151070251E-5,8.278401394244777E-5,8.787949818339615E-5,9.435086562055949E-5,1.0254949715461324E-4,1.1297091716237663E-4,1.263271438535267E-4,1.436663720186723E-4,1.6657874771878485E-4,1.975668082958892E-4,2.407501633758804E-4,3.032990598024207E-4,3.986044989083255E-4,5.540776576631537E-4,8.332610096453316E-4,0.0014123097640676616,0.0029383227969633522,0.009379516505859782,0.06913875711067455,0.014468029437197756,0.003657630593574588,0.0015932581163590046,8.852214041707577E-4,5.634572014551172E-4,3.912671500804456E-4,2.887416139235179E-4,2.229358769804124E-4,1.7828580826381764E-4,1.4667207693618047E-4,1.2352679771975627E-4,1.0612263295475398E-4,9.275109565763354E-5,8.229885441169773E-5,7.401617754647262E-5,6.738409606528017E-5,6.203501004520223E-5,5.770354846721384E-5,5.419523070563975E-5,5.1365966442382245E-5,4.91083606312738E-5,4.7342415311769846E-5,4.600915327583328E-5,4.50662420555612E-5,4.448503570303924E-5,4.424866710444044E-5,4.435096685292094E-5,4.479608703129182E-5,4.5598789852552076E-5,4.678543741571605E-5,4.839580522022815E-5,5.048595957342593E-5,5.3132625042936644E-5,5.6439802210057456E-5,6.054907126604279E-5,6.565656213338943E-5,7.204362980955038E-5,8.01407394438951E-5,9.069004460980068E-5,1.052833159435461E-4,1.2874615759223506E-4,1.4785573974598177E-4,0.0027421963444157708,0.0010269840331548084,0.0018204810598300785,0.0017726201158577285,0.001682357134327926,0.0017178425359574024,0.0028513229428845694,0.010155249276477131,0.04120062907093784,0.023743276318476624,0.007329930601317501,0.002785779423239946,0.0012974693957389454,6.970640085331612E-4,4.4722163472869547E-4,3.385371893506231E-4,2.8943787711961113E-4,2.663205699869149E-4,2.445484108858071E-4,2.1078004495226366E-4,1.7128339945686512E-4,1.3634915137642522E-4,1.0938410431470677E-4,8.974960090030187E-5,7.618885161895585E-5,6.759193380324329E-5,6.279068296384802E-5,6.0745481725090585E-5,6.074721308299016E-5,6.21793521555317E-5,6.413735221576328E-5,6.537572716337413E-5,6.49095623627532E-5,6.288138271603199E-5,5.8702208670364E-5,5.480328431398059E-5,5.150385092396553E-5,4.8957150513955716E-5,4.730740506794254E-5,4.667818670238305E-5,4.7213671552596806E-5,4.9076107510476625E-5,5.2445501447424725E-5,5.7538330471642825E-5,6.461686553547483E-5,7.39598048226088E-5,8.579864416429689E-5,1.0027322787110994E-4,1.175047039044524E-4,1.3786538252747571E-4,1.624203608853039E-4,1.9346163226415436E-4,2.3521813658116574E-4,2.9520075365885783E-4,3.873192635077294E-4,5.397880201522617E-4,8.176494361404335E-4,0.001399344745066624,0.002910816433841268,0.008326211631760007,0.02037927793377266,0.007730825250390944,0.0028322584341652283,0.0014175515038392162,8.572551463660507E-4,5.831633079430951E-4,4.2897187777327024E-4,3.330597711711898E-4,2.691946954766352E-4,2.2452009491224486E-4,1.9097305387081814E-4,1.6559065185695233E-4,1.4608837419332105E-4,1.3099471368590492E-4,1.1929816399310446E-4,1.1025778689397599E-4,1.0330995618248696E-4,9.802426408820681E-5,9.408368874142212E-5,9.127461200099515E-5,8.947754705320502E-5,8.865372362711996E-5,8.882710793411726E-5
90,0.0017939636244453556,0.0011257565343420913,7.685268360193517E-4,5.568480481499677E-4,4.219058437033111E-4,3.3105932472046593E-4,2.672636394925814E-4,2.2093862261934115E-4,1.8637725250321825E-4,1.6001575001213568E-4,1.3954040771170447E-4,1.2339937354096E-4,1.105227608400247E-4,1.0015557589466183E-4,9.175447934927909E-5,8.492206466623691E-5,7.936393613137204E-5,7.486006397128637E-5,7.124533010999092E-5,6.83961495360425E-5,6.62212195515326E-5,6.465516205835435E-5,6.36542743836573E-5,6.319390117154313E-5,6.326714864406807E-5,6.388482467856312E-5,6.50766338390758E-5,6.689381254888694E-5,6.941358659908999E-5,7.274611437051735E-5,7.704501444589333E-5,8.252328824803413E-5,8.947766323390753E-5,9.8326536380839E-5,1.096706697517345E-4,1.2439343254816662E-4,1.438328142662022E-4,1.700903674920134E-4,2.0661728004896774E-4,2.5940267545777255E-4,3.3959056269123564E-4,4.69884599426219E-4,7.025788981917652E-4,0.0011813097057311297,0.0024259105657560434,0.007535536236128015,0.05607354718265596,0.013366350020033026,0.0032461840074044955,0.0013907485159885345,7.655420163398514E-4,4.8420655333388885E-4,3.3461737364403417E-4,2.4596033969437385E-4,1.892576025645336E-4,1.5089284247768643E-4,1.237921990275853E-4,1.0398911099835903E-4,8.912171642093442E-5,7.771385865633612E-5,6.880547710949087E-5,6.175112847524861E-5,5.610465796297452E-5,5.155040078735915E-5,4.7860669480002556E-5,4.4868679571941985E-5,4.245085861305941E-5,4.051503672385048E-5,3.899243057719831E-5,3.783214307399184E-5,3.6997380712697355E-5,3.6462883862681955E-5,3.621325077309867E-5,3.6241959097705986E-5,3.65509758105425E-5,3.715091497350433E-5,3.806176594733517E-5,3.931428505087667E-5,4.0952238521947924E-5,4.303583416757355E-5,4.564694734023424E-5,4.889728865306435E-5,5.294189807659094E-5,5.8003586035228564E-5,6.44238140281128E-5,7.279151249288374E-5,8.436311525958183E-5,1.0283143010627951E-4,1.1176514286952198E-4,0.0022872160483516104,9.641708928775905E-4,0.0015703223257204043,0.0014230969640802217,0.0014193652217592571,0.0015330757590790896,0.002460379003234607,0.008432573143140148,0.03414510096645668,0.021859223034375437,0.006553079027899333,0.00246158081776834,0.0011596621772611366,6.301597370316892E-4,4.0311316409442644E-4,3.035255964820641E-4,2.5877339736405476E-4,2.3693408736869288E-4,2.1542335584442274E-4,1.8373116327859783E-4,1.4843892045119164E-4,1.1819557010722441E-4,9.53348156596314E-5,7.887957289020534E-5,6.747271927075731E-5,6.0076374428997965E-5,5.580672947902767E-5,5.39225326875265E-5,5.387169868889571E-5,5.509478494938548E-5,5.674357877430582E-5,5.768934469811106E-5,5.708833489384614E-5,5.515607779995295E-5,5.1728340602389104E-5,4.8309899489944945E-5,4.551866237568822E-5,4.344949881115791E-5,4.218804998242478E-5,4.180805777963099E-5,4.241530412363232E-5,4.415413611202532E-5,4.720373357551186E-5,5.1781430211363845E-5,5.8139428043966015E-5,6.653395700819025E-5,7.716941492974928E-5,9.016394735503933E-5,1.0562375261059272E-4,1.2389385497750215E-4,1.4595742997998865E-4,1.7391182922539704E-4,2.1160104313257386E-4,2.6581823152739764E-4,3.490864870622729E-4,4.866736824074367E-4,7.364367056565357E-4,0.001255646368578231,0.0025888632013918384,0.007298876221933029,0.019039806424004598,0.007637971380910615,0.0027512278393149307,0.0013619962378873208,8.185172676358935E-4,5.546826699816743E-4,4.070116050397834E-4,3.154799625861009E-4,2.54844328241064E-4,2.1252401080837927E-4,1.8070677968022987E-4,1.5669433811917217E-4,1.382830575122262E-4,1.2405940042380985E-4,1.1305434635756816E-4,1.045595071551137E-4,9.8037058261066E-5,9.307723596185389E-5,8.937923166603572E-5,8.674152306204908E-5,8.505279389091953E-5,8.427879539655882E-5,8.44448292119343E-5
