% Model,spaceplate_double_2d.mph
% Version,COMSOL 6.2.0.415
% Date,"Jul 15 2025, 13:30"
% Table,Table 11 - Global Evaluation 1
% theta0 (deg),"freq=10000 Hz, abs(p2_scat)^2 (kg^2/s^4)","freq=10200 Hz, abs(p2_scat)^2 (kg^2/s^4)","freq=10400 Hz, abs(p2_scat)^2 (kg^2/s^4)","freq=10600 Hz, abs(p2_scat)^2 (kg^2/s^4)","freq=10800 Hz, abs(p2_scat)^2 (kg^2/s^4)","freq=11000 Hz, abs(p2_scat)^2 (kg^2/s^4)","freq=11200 Hz, abs(p2_scat)^2 (kg^2/s^4)","freq=11400 Hz, abs(p2_scat)^2 (kg^2/s^4)","freq=11600 Hz, abs(p2_scat)^2 (kg^2/s^4)","freq=11800 Hz, abs(p2_scat)^2 (kg^2/s^4)","freq=12000 Hz, abs(p2_scat)^2 (kg^2/s^4)","freq=12200 Hz, abs(p2_scat)^2 (kg^2/s^4)","freq=12400 Hz, abs(p2_scat)^2 (kg^2/s^4)","freq=12600 Hz, abs(p2_scat)^2 (kg^2/s^4)","freq=12800 Hz, abs(p2_scat)^2 (kg^2/s^4)","freq=13000 Hz, abs(p2_scat)^2 (kg^2/s^4)","freq=13200 Hz, abs(p2_scat)^2 (kg^2/s^4)","freq=13400 Hz, abs(p2_scat)^2 (kg^2/s^4)","freq=13600 Hz, abs(p2_scat)^2 (kg^2/s^4)","freq=13800 Hz, abs(p2_scat)^2 (kg^2/s^4)","freq=14000 Hz, abs(p2_scat)^2 (kg^2/s^4)","freq=14200 Hz, abs(p2_scat)^2 (kg^2/s^4)","freq=14400 Hz, abs(p2_scat)^2 (kg^2/s^4)","freq=14600 Hz, abs(p2_scat)^2 (kg^2/s^4)","freq=14800 Hz, abs(p2_scat)^2 (kg^2/s^4)","freq=15000 Hz, abs(p2_scat)^2 (kg^2/s^4)","freq=15200 Hz, abs(p2_scat)^2 (kg^2/s^4)","freq=15400 Hz, abs(p2_scat)^2 (kg^2/s^4)","freq=15600 Hz, abs(p2_scat)^2 (kg^2/s^4)","freq=15800 Hz, abs(p2_scat)^2 (kg^2/s^4)","freq=16000 Hz, abs(p2_scat)^2 (kg^2/s^4)","freq=16200 Hz, abs(p2_scat)^2 (kg^2/s^4)","freq=16400 Hz, abs(p2_scat)^2 (kg^2/s^4)","freq=16600 Hz, abs(p2_scat)^2 (kg^2/s^4)","freq=16800 Hz, abs(p2_scat)^2 (kg^2/s^4)","freq=17000 Hz, abs(p2_scat)^2 (kg^2/s^4)","freq=17200 Hz, abs(p2_scat)^2 (kg^2/s^4)","freq=17400 Hz, abs(p2_scat)^2 (kg^2/s^4)","freq=17600 Hz, abs(p2_scat)^2 (kg^2/s^4)","freq=17800 Hz, abs(p2_scat)^2 (kg^2/s^4)","freq=18000 Hz, abs(p2_scat)^2 (kg^2/s^4)","freq=18200 Hz, abs(p2_scat)^2 (kg^2/s^4)","freq=18400 Hz, abs(p2_scat)^2 (kg^2/s^4)","freq=18600 Hz, abs(p2_scat)^2 (kg^2/s^4)","freq=18800 Hz, abs(p2_scat)^2 (kg^2/s^4)","freq=19000 Hz, abs(p2_scat)^2 (kg^2/s^4)","freq=19200 Hz, abs(p2_scat)^2 (kg^2/s^4)","freq=19400 Hz, abs(p2_scat)^2 (kg^2/s^4)","freq=19600 Hz, abs(p2_scat)^2 (kg^2/s^4)","freq=19800 Hz, abs(p2_scat)^2 (kg^2/s^4)","freq=20000 Hz, abs(p2_scat)^2 (kg^2/s^4)","freq=20200 Hz, abs(p2_scat)^2 (kg^2/s^4)","freq=20400 Hz, abs(p2_scat)^2 (kg^2/s^4)","freq=20600 Hz, abs(p2_scat)^2 (kg^2/s^4)","freq=20800 Hz, abs(p2_scat)^2 (kg^2/s^4)","freq=21000 Hz, abs(p2_scat)^2 (kg^2/s^4)","freq=21200 Hz, abs(p2_scat)^2 (kg^2/s^4)","freq=21400 Hz, abs(p2_scat)^2 (kg^2/s^4)","freq=21600 Hz, abs(p2_scat)^2 (kg^2/s^4)","freq=21800 Hz, abs(p2_scat)^2 (kg^2/s^4)","freq=22000 Hz, abs(p2_scat)^2 (kg^2/s^4)","freq=22200 Hz, abs(p2_scat)^2 (kg^2/s^4)","freq=22400 Hz, abs(p2_scat)^2 (kg^2/s^4)","freq=22600 Hz, abs(p2_scat)^2 (kg^2/s^4)","freq=22800 Hz, abs(p2_scat)^2 (kg^2/s^4)","freq=23000 Hz, abs(p2_scat)^2 (kg^2/s^4)","freq=23200 Hz, abs(p2_scat)^2 (kg^2/s^4)","freq=23400 Hz, abs(p2_scat)^2 (kg^2/s^4)","freq=23600 Hz, abs(p2_scat)^2 (kg^2/s^4)","freq=23800 Hz, abs(p2_scat)^2 (kg^2/s^4)","freq=24000 Hz, abs(p2_scat)^2 (kg^2/s^4)","freq=24200 Hz, abs(p2_scat)^2 (kg^2/s^4)","freq=24400 Hz, abs(p2_scat)^2 (kg^2/s^4)","freq=24600 Hz, abs(p2_scat)^2 (kg^2/s^4)","freq=24800 Hz, abs(p2_scat)^2 (kg^2/s^4)","freq=25000 Hz, abs(p2_scat)^2 (kg^2/s^4)","freq=25200 Hz, abs(p2_scat)^2 (kg^2/s^4)","freq=25400 Hz, abs(p2_scat)^2 (kg^2/s^4)","freq=25600 Hz, abs(p2_scat)^2 (kg^2/s^4)","freq=25800 Hz, abs(p2_scat)^2 (kg^2/s^4)","freq=26000 Hz, abs(p2_scat)^2 (kg^2/s^4)","freq=26200 Hz, abs(p2_scat)^2 (kg^2/s^4)","freq=26400 Hz, abs(p2_scat)^2 (kg^2/s^4)","freq=26600 Hz, abs(p2_scat)^2 (kg^2/s^4)","freq=26800 Hz, abs(p2_scat)^2 (kg^2/s^4)","freq=27000 Hz, abs(p2_scat)^2 (kg^2/s^4)","freq=27200 Hz, abs(p2_scat)^2 (kg^2/s^4)","freq=27400 Hz, abs(p2_scat)^2 (kg^2/s^4)","freq=27600 Hz, abs(p2_scat)^2 (kg^2/s^4)","freq=27800 Hz, abs(p2_scat)^2 (kg^2/s^4)","freq=28000 Hz, abs(p2_scat)^2 (kg^2/s^4)","freq=28200 Hz, abs(p2_scat)^2 (kg^2/s^4)","freq=28400 Hz, abs(p2_scat)^2 (kg^2/s^4)","freq=28600 Hz, abs(p2_scat)^2 (kg^2/s^4)","freq=28800 Hz, abs(p2_scat)^2 (kg^2/s^4)","freq=29000 Hz, abs(p2_scat)^2 (kg^2/s^4)","freq=29200 Hz, abs(p2_scat)^2 (kg^2/s^4)","freq=29400 Hz, abs(p2_scat)^2 (kg^2/s^4)","freq=29600 Hz, abs(p2_scat)^2 (kg^2/s^4)","freq=29800 Hz, abs(p2_scat)^2 (kg^2/s^4)","freq=30000 Hz, abs(p2_scat)^2 (kg^2/s^4)","freq=30200 Hz, abs(p2_scat)^2 (kg^2/s^4)","freq=30400 Hz, abs(p2_scat)^2 (kg^2/s^4)","freq=30600 Hz, abs(p2_scat)^2 (kg^2/s^4)","freq=30800 Hz, abs(p2_scat)^2 (kg^2/s^4)","freq=31000 Hz, abs(p2_scat)^2 (kg^2/s^4)","freq=31200 Hz, abs(p2_scat)^2 (kg^2/s^4)","freq=31400 Hz, abs(p2_scat)^2 (kg^2/s^4)","freq=31600 Hz, abs(p2_scat)^2 (kg^2/s^4)","freq=31800 Hz, abs(p2_scat)^2 (kg^2/s^4)","freq=32000 Hz, abs(p2_scat)^2 (kg^2/s^4)","freq=32200 Hz, abs(p2_scat)^2 (kg^2/s^4)","freq=32400 Hz, abs(p2_scat)^2 (kg^2/s^4)","freq=32600 Hz, abs(p2_scat)^2 (kg^2/s^4)","freq=32800 Hz, abs(p2_scat)^2 (kg^2/s^4)","freq=33000 Hz, abs(p2_scat)^2 (kg^2/s^4)","freq=33200 Hz, abs(p2_scat)^2 (kg^2/s^4)","freq=33400 Hz, abs(p2_scat)^2 (kg^2/s^4)","freq=33600 Hz, abs(p2_scat)^2 (kg^2/s^4)","freq=33800 Hz, abs(p2_scat)^2 (kg^2/s^4)","freq=34000 Hz, abs(p2_scat)^2 (kg^2/s^4)","freq=34200 Hz, abs(p2_scat)^2 (kg^2/s^4)","freq=34400 Hz, abs(p2_scat)^2 (kg^2/s^4)","freq=34600 Hz, abs(p2_scat)^2 (kg^2/s^4)","freq=34800 Hz, abs(p2_scat)^2 (kg^2/s^4)","freq=35000 Hz, abs(p2_scat)^2 (kg^2/s^4)","freq=35200 Hz, abs(p2_scat)^2 (kg^2/s^4)","freq=35400 Hz, abs(p2_scat)^2 (kg^2/s^4)","freq=35600 Hz, abs(p2_scat)^2 (kg^2/s^4)","freq=35800 Hz, abs(p2_scat)^2 (kg^2/s^4)","freq=36000 Hz, abs(p2_scat)^2 (kg^2/s^4)","freq=36200 Hz, abs(p2_scat)^2 (kg^2/s^4)","freq=36400 Hz, abs(p2_scat)^2 (kg^2/s^4)","freq=36600 Hz, abs(p2_scat)^2 (kg^2/s^4)","freq=36800 Hz, abs(p2_scat)^2 (kg^2/s^4)","freq=37000 Hz, abs(p2_scat)^2 (kg^2/s^4)","freq=37200 Hz, abs(p2_scat)^2 (kg^2/s^4)","freq=37400 Hz, abs(p2_scat)^2 (kg^2/s^4)","freq=37600 Hz, abs(p2_scat)^2 (kg^2/s^4)","freq=37800 Hz, abs(p2_scat)^2 (kg^2/s^4)","freq=38000 Hz, abs(p2_scat)^2 (kg^2/s^4)","freq=38200 Hz, abs(p2_scat)^2 (kg^2/s^4)","freq=38400 Hz, abs(p2_scat)^2 (kg^2/s^4)","freq=38600 Hz, abs(p2_scat)^2 (kg^2/s^4)","freq=38800 Hz, abs(p2_scat)^2 (kg^2/s^4)","freq=39000 Hz, abs(p2_scat)^2 (kg^2/s^4)","freq=39200 Hz, abs(p2_scat)^2 (kg^2/s^4)","freq=39400 Hz, abs(p2_scat)^2 (kg^2/s^4)","freq=39600 Hz, abs(p2_scat)^2 (kg^2/s^4)","freq=39800 Hz, abs(p2_scat)^2 (kg^2/s^4)","freq=40000 Hz, abs(p2_scat)^2 (kg^2/s^4)"
0,1.3410029626973459E-5,1.3891735631626689E-5,1.458326362682677E-5,1.5517127652922118E-5,1.6737356078766915E-5,1.8301654657652845E-5,2.0283572029189423E-5,2.2773671894770297E-5,2.5877445818856417E-5,2.9705319422282743E-5,3.4346331789402396E-5,3.981313427879911E-5,4.594814468768555E-5,5.2304876336265496E-5,5.808157497727616E-5,6.22522466681528E-5,6.396957642998038E-5,6.302063135147441E-5,5.993075849608307E-5,5.562525640530534E-5,5.098816758425785E-5,4.662759047325839E-5,4.286456138091936E-5,3.982068398533287E-5,3.751005238411538E-5,3.59033140100438E-5,3.496475257490364E-5,3.4671681611256675E-5,3.50240741716158E-5,3.604894871020534E-5,3.780062227294967E-5,4.035400023169408E-5,4.378193077199861E-5,4.809753682234464E-5,5.3130889984714005E-5,5.831925754028791E-5,6.249121901244507E-5,6.397506266139288E-5,6.144239368009282E-5,5.505735101924249E-5,4.652231998826583E-5,3.7826033397672296E-5,3.0204234259316027E-5,2.405166603350327E-5,1.9283251649101535E-5,1.5647227932859403E-5,1.2881901003360648E-5,1.0769275797698937E-5,9.142778568270438E-6,7.87970660790352E-6,6.890903259414782E-6,6.1117258338991825E-6,5.495133770658207E-6,5.006684895074483E-6,4.621001848135433E-6,4.319304200949207E-6,4.087694506858259E-6,3.915975148219506E-6,3.796842347345528E-6,3.725354594373207E-6,3.6986093096279502E-6,3.7155882684177463E-6,3.7771530390711114E-6,3.886189622525776E-6,4.047919513891649E-6,4.270415400982394E-6,4.5653867698335805E-6,4.949337244312678E-6,5.445244852451311E-6,6.084979553739376E-6,6.912740852112548E-6,7.989834551876123E-6,9.400993949198046E-6,1.1261869007914676E-5,1.3725495733882567E-5,1.6980981723335695E-5,2.12282589845694E-5,2.659986396029059E-5,3.30027119041136E-5,3.992143112566435E-5,4.638164306801527E-5,5.1289542858867E-5,5.3906716127826264E-5,5.379676843593769E-5,5.017868157829303E-5,4.193432608776803E-5,2.9803263840405733E-5,1.780375905866937E-5,9.350508978971256E-6,4.564795170851018E-6,2.1335560200911872E-6,9.538432503005828E-7,3.957888179080774E-7,1.4134689368278898E-7,3.531941867146309E-8,2.045831845869465E-9,4.300040573701148E-9,2.362082787725845E-8,5.0869901545494826E-8,8.163066899803504E-8,1.1392625297384963E-7,1.4707110938065632E-7,1.810896258950949E-7,2.164257079858171E-7,2.538067883824333E-7,2.9419443053494354E-7,3.387888331434098E-7,3.8907361817983174E-7,4.468989465076948E-7,5.146098906387462E-7,5.952360899014378E-7,6.927706757736392E-7,8.125846422262573E-7,9.620525670300051E-7,1.1515162378296432E-6,1.3958016789231012E-6,1.7166655501853026E-6,2.1468439335773503E-6,2.7369392355094113E-6,3.5674651480953818E-6,4.770461395766914E-6,6.568967130087048E-6,9.348665536374993E-6,1.3778339466844807E-5,2.095057282351662E-5,3.2216971290955866E-5,4.743058700589022E-5,6.079569478050816E-5,6.344097738273749E-5,5.6383017317278334E-5,4.717377273321848E-5,3.9785674647288575E-5,3.482689364901252E-5,3.194029014741377E-5,3.075539730417965E-5,3.109747615296974E-5,3.30113144249331E-5,3.67545284209952E-5,4.272357022229712E-5,5.10295376972655E-5,6.000063137321967E-5,6.386953554159377E-5,5.641281392259056E-5,4.147173383506644E-5,2.770831881837583E-5,1.82061572329183E-5,1.2218788162672862E-5,8.476761701371037E-6,6.0851628597383025E-6,4.508007366812145E-6,3.4339524735639697E-6
0.59536,1.3410182860612559E-5,1.3892095250681908E-5,1.458404202484158E-5,1.5518492925560723E-5,1.673940137799093E-5,1.8304367447183462E-5,2.0286806737376282E-5,2.277713297077966E-5,2.588069360839372E-5,2.9707817690053826E-5,3.4347558300290115E-5,3.981276093439797E-5,4.594623755850164E-5,5.2301962797981965E-5,5.807837624098211E-5,6.22491179024439E-5,6.396619606651707E-5,6.301643622949387E-5,5.992568377251747E-5,5.5619923477732785E-5,5.098345608604862E-5,4.662414596602126E-5,4.2862579825290785E-5,3.981994519660758E-5,3.751005955045511E-5,3.5903441094460245E-5,3.4964362713703866E-5,3.467021292780362E-5,3.5021100254493837E-5,3.604422144933807E-5,3.779410176412283E-5,4.034587242354598E-5,4.377260874236947E-5,4.808763752169367E-5,5.312118380277057E-5,5.831062381389194E-5,6.248469829894728E-5,6.397199472365112E-5,6.144416854176101E-5,5.506436886104433E-5,4.653324032349456E-5,3.783849569005023E-5,3.0216145538117124E-5,2.4061819315556777E-5,1.9291254201999177E-5,1.565319760212112E-5,1.288619826677457E-5,1.0772331764290984E-5,9.145000792139974E-6,7.881434251900646E-6,6.892391019685964E-6,6.1131443563169194E-6,5.496579610300596E-6,5.008195849643369E-6,4.6225744700950375E-6,4.320908482533665E-6,4.089266810230998E-6,3.9173458655944E-6,3.7978739943406923E-6,3.7261930191406716E-6,3.6993377764116607E-6,3.7162344845290515E-6,3.7777448189339076E-6,3.886762680677431E-6,4.048514448154516E-6,4.271073461157656E-6,4.566146219689057E-6,4.950230624796282E-6,5.4462971117325E-6,6.086206924485851E-6,6.9141503700533715E-6,7.991424184060307E-6,9.402753377691438E-6,1.1263780993319848E-5,1.3727537037727884E-5,1.698311921899854E-5,2.123042809956348E-5,2.6601902979096387E-5,3.300422715758846E-5,3.9921645985077577E-5,4.63794419711579E-5,5.1283828005063626E-5,5.3896555932880345E-5,5.378057652005195E-5,5.01531183982678E-5,4.189674761923709E-5,2.9759533946424453E-5,1.7766515896710933E-5,9.325636927413283E-6,4.5501769906723415E-6,2.1253794109898724E-6,9.493509164598018E-7,3.933699894598456E-7,1.4011356405378083E-7,3.478294964789629E-8,1.932305456823177E-9,4.452309501263938E-9,2.3947019731567254E-8,5.1315916522264264E-8,8.216511518403878E-8,1.1453196627421385E-7,1.4774027039111402E-7,1.8182092583531262E-7,2.172227520215424E-7,2.546773121956779E-7,2.951501198486536E-7,3.3984566475508065E-7,3.902527327685096E-7,4.482281472555912E-7,5.161259604531956E-7,5.969882587855477E-7,6.948257849007268E-7,8.150349032108634E-7,9.650274126251228E-7,1.15520080651802E-6,1.4004663588278973E-6,1.7227144899726744E-6,2.1548970402063497E-6,2.747975036936361E-6,3.583077318081185E-6,4.793331842965826E-6,6.603751917360717E-6,9.403625107984205E-6,1.3867997258102291E-5,2.1097919977997643E-5,3.244376130485061E-5,4.770086153348178E-5,6.094434588492238E-5,6.335328468680171E-5,5.6170126775467924E-5,4.695877624444092E-5,3.960850900217417E-5,3.4688395328813424E-5,3.183321992940666E-5,3.067387324058197E-5,3.103906648491853E-5,3.297776814359275E-5,3.675264511810755E-5,4.2764879996835295E-5,5.112011077679659E-5,6.009712822230104E-5,6.38221250749124E-5,5.611632657044128E-5,4.106937411482901E-5,2.7358712087679696E-5,1.794581049372661E-5,1.2030583063616906E-5,8.338176056805064E-6,5.979498980364144E-6,4.42424465641486E-6,3.364933965014763E-6
1.19072,1.3410638940838445E-5,1.3893163887184001E-5,1.4586361643909195E-5,1.552257035612581E-5,1.6745519673931806E-5,1.8312493104997234E-5,2.0296506902108924E-5,2.2787523799379305E-5,2.5890457137135428E-5,2.9715343666607392E-5,3.4351275200024224E-5,3.981167611965927E-5,4.59405391132498E-5,5.229322637687713E-5,5.806876972937342E-5,6.223972179618452E-5,6.395605903492012E-5,6.300386770485901E-5,5.991047540969926E-5,5.56039251075314E-5,5.096930114075208E-5,4.6613776085768705E-5,4.285659432640892E-5,3.9817696095759655E-5,3.751006607833265E-5,3.590383001620937E-5,3.496322340710754E-5,3.466585564126837E-5,3.50122385720691E-5,3.603010172804006E-5,3.77745938343695E-5,4.032152410353632E-5,4.3744652406221474E-5,4.805792420580644E-5,5.309203507751166E-5,5.828469583659907E-5,6.246512488918259E-5,6.396278312014148E-5,6.144945932589175E-5,5.508535511701297E-5,4.6565930467343764E-5,3.787584235862923E-5,3.0251880670373E-5,2.4092312327404695E-5,1.9315310638995244E-5,1.5671157113086175E-5,1.289913343876521E-5,1.0781531624107059E-5,9.151686962570692E-6,7.886625326650358E-6,6.8968535351711935E-6,6.1173934264892206E-6,5.500908264670923E-6,5.012720562972091E-6,4.627287388599476E-6,4.325721446666867E-6,4.0939902954128466E-6,3.92147028748424E-6,3.800980821949697E-6,3.7287178750263365E-6,3.7015313059534207E-6,3.718179784654612E-6,3.779524939309518E-6,3.888484450372693E-6,4.050299606148714E-6,4.273046026324892E-6,4.5684215781809875E-6,4.952907278363118E-6,5.449450995586853E-6,6.089887944384148E-6,6.918380843586702E-6,7.996199082536368E-6,9.40804248100619E-6,1.1269532691597548E-5,1.3733680679680068E-5,1.6989552919663803E-5,2.123695365936678E-5,2.6608029129792196E-5,3.300876719974119E-5,3.992226874463425E-5,4.637280663765563E-5,5.1266649847350065E-5,5.3866039456577846E-5,5.3731941608295395E-5,5.007631783510719E-5,4.178389502005152E-5,2.9628379917465653E-5,1.7654996484466442E-5,9.251258110678733E-6,4.506503241457795E-6,2.1009705998722966E-6,9.359531291086438E-7,3.8616640965267866E-7,1.3645018302552543E-7,3.3199903773629494E-8,1.6114912260107927E-9,4.924533827439503E-9,2.493809276532572E-8,5.2664477243559914E-8,8.377763174226578E-8,1.1635741307079005E-7,1.4975555213003763E-7,1.8402242326152344E-7,2.1962156494344537E-7,2.5729693410590395E-7,2.9802591816800194E-7,3.430259267623717E-7,3.93801312737717E-7,4.5222900298920473E-7,5.206901662958441E-7,6.022645033811635E-7,7.010160157251193E-7,8.224178514890213E-7,9.73994554239939E-7,1.1663125070209377E-6,1.4145417027412252E-6,1.7409789445577407E-6,2.1792323511096717E-6,2.781355173820082E-6,3.630352294778186E-6,4.862675044282727E-6,6.709372574082541E-6,9.570756236983567E-6,1.4140978646148014E-5,2.1546525430351114E-5,3.3131476970481196E-5,4.850847330976456E-5,6.136520988392291E-5,6.306578149554007E-5,5.552456400179815E-5,4.6316278942786636E-5,3.908146260864948E-5,3.427689984738946E-5,3.151521027529272E-5,3.043192850532106E-5,3.086629237922567E-5,3.287998777011729E-5,3.675113236757098E-5,4.289527540110172E-5,5.1399796596356255E-5,6.0385774287590124E-5,6.36510388817752E-5,5.5186384066984924E-5,3.984364609269616E-5,2.6308551282799873E-5,1.71684311363373E-5,1.1469658650121976E-5,7.925063118528837E-6,5.664125522023149E-6,4.173752691725087E-6,3.1580181178071263E-6
1.7860800000000001,1.3411385932109488E-5,1.3894909615987583E-5,1.4590174206639358E-5,1.5529302838499252E-5,1.6755655739642166E-5,1.8325990538518384E-5,2.0312657100421965E-5,2.2804863002139854E-5,2.590679198050991E-5,2.972798510399897E-5,3.43575877729683E-5,3.9809977384807756E-5,4.59311084581716E-5,5.227866788715121E-5,5.805271035696065E-5,6.222401243213904E-5,6.393915944229521E-5,6.298295765478779E-5,5.9885162391536226E-5,5.557724467465406E-5,5.0945624114160744E-5,4.65963547998808E-5,4.28464654621728E-5,3.981382138969579E-5,3.7510009737843234E-5,3.590448623611843E-5,3.496140768941711E-5,3.4658737890769204E-5,3.499765061995625E-5,3.6006756144621845E-5,3.774223834701626E-5,4.028103761745145E-5,4.369806499646337E-5,4.800832024043255E-5,5.304331722019496E-5,5.824135095685349E-5,6.243241761499424E-5,6.394735497664273E-5,6.145811639256162E-5,5.512006301982417E-5,4.6620136963886736E-5,3.793791676150566E-5,3.031141301264697E-5,2.4143219470174214E-5,1.9355546941259766E-5,1.5701241411963304E-5,1.2920822988113393E-5,1.079695973248007E-5,9.16288563539832E-6,7.895295462636035E-6,6.904280506274777E-6,6.124446073458639E-6,5.508085988409368E-6,5.0202276310501365E-6,4.63511892091076E-6,4.33373664635115E-6,4.101877876384192E-6,3.9283787992998905E-6,3.8061932678814533E-6,3.7329534941188423E-6,3.7052101992604444E-6,3.7214401849540222E-6,3.7825038648801594E-6,3.891358831560545E-6,4.053272087300798E-6,4.276324125594165E-6,4.572199506457909E-6,4.957352051481772E-6,5.454692724268031E-6,6.096013745762007E-6,6.925431857471009E-6,8.004170390685053E-6,9.416886035422987E-6,1.1279162677195843E-5,1.3743976020909032E-5,1.7000335199297592E-5,2.12478772891446E-5,2.661825458604369E-5,3.3016297446233954E-5,3.9923214340952793E-5,4.636161993456472E-5,5.12378865508299E-5,5.38150394126906E-5,5.3650669259733796E-5,4.9947934148760334E-5,4.1595411921261E-5,2.940991228390794E-5,1.7469834997567812E-5,9.12808531204399E-6,4.434315572584244E-6,2.0606917004544493E-6,9.138867347104152E-7,3.743361652660912E-7,1.304660783938981E-7,3.0648973611978115E-8,1.1423792269045262E-9,5.762737851449818E-9,2.663138345974489E-8,5.494704773873304E-8,8.649574548779208E-8,1.1942758978194502E-7,1.5314051958959074E-7,1.8771718732680112E-7,2.2364559248220452E-7,2.616903618334184E-7,3.028487606206404E-7,3.483598983043567E-7,3.997543389620215E-7,4.5894292260097376E-7,5.283526319832654E-7,6.111268090326812E-7,7.114196972212199E-7,8.348347486807288E-7,9.890881579155942E-7,1.1850339216479512E-6,1.4382834999531408E-6,1.7718286372432898E-6,2.2204023892955925E-6,2.837935005065147E-6,3.710664127789902E-6,4.980783432466816E-6,6.88979497895821E-6,9.85711157840481E-6,1.4609812149482279E-5,2.231674832359506E-5,3.430209738692498E-5,4.984102769940187E-5,6.19812358940918E-5,6.250925781776789E-5,5.4429647604500885E-5,4.525571362750497E-5,3.821887563320389E-5,3.360512431147765E-5,3.0996574146555466E-5,3.0038256480884775E-5,3.058752212980017E-5,3.272788484915942E-5,3.676430888423376E-5,4.3136903765862835E-5,5.189553338360215E-5,6.086347658906231E-5,6.32634916229108E-5,5.350227611927134E-5,3.7745593143309654E-5,2.455920081480967E-5,1.5888155864101263E-5,1.0549036647853326E-5,7.246703775410767E-6,5.1449134230876E-6,3.7597204697505557E-6,2.814256515631206E-6
2.38144,1.3412404765943146E-5,1.3897279947954788E-5,1.4595399659779055E-5,1.5538595113170663E-5,1.676971687294974E-5,1.834479008908279E-5,2.0335230137254696E-5,2.282918007706674E-5,2.592978946236609E-5,2.9745887462614644E-5,3.4366671483943186E-5,3.980782832363478E-5,4.591804610004637E-5,5.225829106013057E-5,5.803012473863209E-5,6.220191399179402E-5,6.391548781079928E-5,6.295376018040875E-5,5.9849795012697875E-5,5.553985715215384E-5,5.091229649838547E-5,4.6571673525636635E-5,4.2831960590356346E-5,3.9808126834629885E-5,3.750978341272167E-5,3.5905414963746615E-5,3.495903373553746E-5,3.4649070714569135E-5,3.49776045473249E-5,3.597446319906571E-5,3.769727119726733E-5,4.022455463991803E-5,4.363285699337902E-5,4.793870198248146E-5,5.297482058290355E-5,5.8180382965297036E-5,6.238643858986756E-5,6.392558934752871E-5,6.146989504636915E-5,5.5168085776866856E-5,4.6695436794859606E-5,3.802445233479553E-5,3.039469130126841E-5,2.4214659457969747E-5,1.9412170349277354E-5,1.5743674934590515E-5,1.2951462088926227E-5,1.081875859913683E-5,9.178679982085217E-6,7.907472861896654E-6,6.914656480144668E-6,6.134258369954522E-6,5.518056760214994E-6,5.030664177860313E-6,4.646031825025546E-6,4.3449419500287E-6,4.112949786619061E-6,3.93812134655389E-6,3.8135619841973823E-6,3.738940600834167E-6,3.710408628135032E-6,3.72604287595785E-6,3.786699660170285E-6,3.895393005830394E-6,4.057427703444643E-6,4.280893312701885E-6,4.577458038888903E-6,4.963539642384434E-6,5.461998944403685E-6,6.10456884396549E-6,6.935301776045147E-6,8.015355634272984E-6,9.429324373514493E-6,1.1292734600220756E-5,1.3758505274822333E-5,1.701555412177313E-5,2.126327007676591E-5,2.6632602090373135E-5,3.302676282386564E-5,3.9924342788637156E-5,4.634568694043549E-5,5.119733362870333E-5,5.374334045272937E-5,5.353643032423976E-5,4.976738639172878E-5,4.1330710653853194E-5,2.9104335956801666E-5,1.7212102201899484E-5,8.957306886935119E-6,4.334512000377102E-6,2.005141420704573E-6,8.835427715607052E-7,3.5814006943742384E-7,1.223415612260642E-7,2.725993751341383E-8,6.222692111446028E-10,7.042857899181039E-9,2.9088518939986338E-8,5.821558691585786E-8,9.036493755097563E-8,1.2378382095251714E-7,1.5793415756021402E-7,1.9294341503876232E-7,2.2933369775237587E-7,2.678986078835393E-7,3.0966343467513523E-7,3.5589803033511207E-7,4.081702304843532E-7,4.684392316286319E-7,5.391974908395301E-7,6.236794949312574E-7,7.261690093436877E-7,8.524569410175553E-7,1.0105358860093172E-6,1.2116757805578144E-6,1.472128441122273E-6,1.8158969491559833E-6,2.279357333404911E-6,2.919191845471976E-6,3.826397403293172E-6,5.151656188333147E-6,7.151973957416735E-6,1.0275109297338684E-5,1.5296541590592666E-5,2.3443790680477752E-5,3.5990068476608145E-5,5.166555823558644E-5,6.265607702955991E-5,6.157889457558968E-5,5.2866646634878284E-5,4.379558537966756E-5,3.7044751902165374E-5,3.2693726040044736E-5,3.0293977366136787E-5,2.9507038934550364E-5,3.0216752651489324E-5,3.253866086195412E-5,3.681789875240834E-5,4.3530194531934044E-5,5.2654377791430336E-5,6.151029561242035E-5,6.246967389164918E-5,5.0857260574013705E-5,3.470974943065646E-5,2.2124303705741945E-5,1.4134030121136197E-5,9.293182938296953E-6,6.320208798660232E-6,4.432765449247589E-6,3.188249319359795E-6,2.3358777812194274E-6
2.9768000000000003,1.3413670479107515E-5,1.3900202921943013E-5,1.460192681198713E-5,1.5550313673833437E-5,1.6787571938260316E-5,1.836879179072253E-5,2.0364184808254576E-5,2.286051307301119E-5,2.5959574671582507E-5,2.9769252682717797E-5,3.43787719182052E-5,3.980546003805435E-5,4.5901496900336856E-5,5.223210609594737E-5,5.800091384289979E-5,6.217332182952657E-5,6.388503157445856E-5,6.291635304026189E-5,5.9804447852586964E-5,5.549173313476422E-5,5.0869143791128754E-5,4.653944343305328E-5,4.2812753558427236E-5,3.9800336208517E-5,3.750923006107501E-5,3.590661532197057E-5,3.49562594876683E-5,3.463714417157353E-5,3.4952473527460915E-5,3.593361441801073E-5,3.764002837248647E-5,4.015228274185356E-5,4.354905377719738E-5,4.7848905034818E-5,5.2886254663079675E-5,5.810149955926661E-5,6.232698927776798E-5,6.38973178072727E-5,6.14844624735249E-5,5.522886345844844E-5,4.6791236842897446E-5,3.8135064599196536E-5,3.05016293754572E-5,2.430678723587277E-5,1.9485465083325283E-5,1.5798770739481298E-5,1.2991326102023104E-5,1.0847131697771722E-5,9.199191126094199E-6,7.923201528693395E-6,6.927963458809429E-6,6.146771034583377E-6,5.530742690651423E-6,5.043955117292205E-6,4.659971680662126E-6,4.359317460543292E-6,4.12723160696201E-6,3.950766338642732E-6,3.82315768164592E-6,3.7467365372135945E-6,3.7171751138535127E-6,3.7320269465305612E-6,3.792138910497928E-6,3.900598454802646E-6,4.06276195591189E-6,4.2867344437793665E-6,4.584167010912514E-6,4.9714345649692005E-6,5.471336176877595E-6,6.115530096001577E-6,6.947986325302391E-6,8.029777125263014E-6,9.445411889631037E-6,1.1310336146493553E-5,1.3777383321907595E-5,1.7035334483960144E-5,2.1283235024339335E-5,2.665110854072983E-5,3.304009157487921E-5,3.9925461860633887E-5,4.6324735408688026E-5,5.114470176875696E-5,5.3650634228401097E-5,5.3388753078067765E-5,4.9533851192692585E-5,4.0988981988740934E-5,2.871198126869213E-5,1.688332539648508E-5,8.740586762198582E-6,4.2083396141393775E-6,1.935147820601033E-6,8.454609404516677E-7,3.3793769894650493E-7,1.1232510124729096E-7,2.321161662642351E-8,1.8526002993380106E-10,8.86959685070343E-9,3.239452442163915E-8,6.254183290239594E-8,9.544805269657684E-8,1.294832585058543E-7,1.641904376283084E-7,1.9975405486569908E-7,2.367398411339857E-7,2.7597873712166356E-7,3.1853242060799863E-7,3.6571092125816936E-7,4.191310199073766E-7,4.808156428256303E-7,5.533437920115473E-7,6.400707664922167E-7,7.454525046641582E-7,8.755298633094503E-7,1.0386652267483237E-6,1.2466870519612888E-6,1.5167104961537888E-6,1.8741081857946909E-6,2.3574918284362117E-6,3.027308124374529E-6,3.9811002983442095E-6,5.381290357350168E-6,7.5064193113599315E-6,1.0843621200588388E-5,1.6234586128657952E-5,2.497938460533094E-5,3.823714516292873E-5,5.390795816098215E-5,6.31875286693874E-5,6.0152126479574904E-5,5.082635607928672E-5,4.196637777543058E-5,3.5592507862955135E-5,3.157042158256964E-5,2.942968539125704E-5,2.8857564743554694E-5,2.9773839933233924E-5,3.23381725023376E-5,3.6952569490027253E-5,4.414029931360447E-5,5.3745474454381505E-5,6.225454663421104E-5,6.0922050310954517E-5,4.696520654488284E-5,3.068529301681112E-5,1.9047457747287515E-5,1.1958086976269524E-5,7.742189526861783E-6,5.173176039479193E-6,3.5455588746582883E-6,2.4698028861466906E-6,1.7271730121738888E-6
3.5721600000000002,1.3415153950543692E-5,1.3903588658457769E-5,1.4609614274460528E-5,1.556428669791965E-5,1.6809050081539933E-5,1.8397862964874243E-5,2.0399462765134442E-5,2.2898905297870942E-5,2.5996303624660244E-5,2.97983373866879E-5,3.4394204603977874E-5,3.980317308543444E-5,4.588165412657335E-5,5.2200134611628676E-5,5.796495673706135E-5,6.213810399100264E-5,6.384777573381148E-5,6.28708396009853E-5,5.974922391528065E-5,5.543284451020223E-5,5.0815951031384985E-5,4.649929885432154E-5,4.2788424530437094E-5,3.9790087284032714E-5,3.750813578448846E-5,3.590807218486817E-5,3.495327503410729E-5,3.462332173416598E-5,3.492273324510951E-5,3.588471566539602E-5,3.7570951378199577E-5,4.0064504409160465E-5,4.344670635056479E-5,4.7738733251442836E-5,5.27772515868671E-5,5.800431909006478E-5,6.225380494815032E-5,6.38623249293459E-5,6.150140721062917E-5,5.530169295517697E-5,4.690677385715968E-5,3.8269240502777215E-5,3.063209185130548E-5,2.4419782394420245E-5,1.9575785994898614E-5,1.5866928993911888E-5,1.3040772440590073E-5,1.0882347271883247E-5,9.22458275538943E-6,7.942545802444484E-6,6.9441846291491375E-6,6.161911808890508E-6,5.54604475116113E-6,5.060002259967604E-6,4.676864707354357E-6,4.376832609684131E-6,4.1447514379360566E-6,3.966399017159847E-6,3.835070837302996E-6,3.7564155212414806E-6,3.7255731497163246E-6,3.7394443601634305E-6,3.798857988909758E-6,3.906992383907282E-6,4.069271426325639E-6,4.293824814687831E-6,4.5922887271812425E-6,4.980991177437775E-6,5.482660118371592E-6,6.128865296721923E-6,6.963476627848106E-6,8.047459703999977E-6,9.465214877247148E-6,1.133207746565296E-5,1.3800757297288755E-5,1.7059839104913232E-5,2.1307910327606147E-5,2.667382993124988E-5,3.3056200627077055E-5,3.992633101812804E-5,4.629841666288792E-5,5.1079613988642755E-5,5.353651250522346E-5,5.3207012032167845E-5,4.924625266926413E-5,4.0569209683430033E-5,2.8233347570534483E-5,1.6485514893558642E-5,8.480063365212852E-6,4.057384021989628E-6,1.8517581552469977E-6,8.003219317737227E-7,3.14181919167682E-7,1.0072943009528104E-7,1.872905653544111E-8,1.6433068536126845E-13,1.1374841425113012E-8,3.665658890660761E-8,6.801631262460381E-8,1.0182448117740876E-7,1.365981872304707E-7,1.7197771619179034E-7,2.0821628137373847E-7,2.4593263071089134E-7,2.860035089121033E-7,3.2953566120297435E-7,3.7788927518059766E-7,4.327425944113596E-7,4.961989204118031E-7,5.709467964854744E-7,6.604949572015688E-7,7.695187814654493E-7,9.043789180946864E-7,1.0739128600026337E-6,1.2906699871415623E-6,1.5728855263754497E-6,1.9477188914594133E-6,2.4567165456448393E-6,3.165299739898571E-6,4.179723248300931E-6,5.678139399802481E-6,7.968094036951517E-6,1.1589694333276349E-5,1.747155688662327E-5,2.699344930072016E-5,4.108067839994585E-5,5.642158498555382E-5,6.331022974933508E-5,5.811533109854443E-5,4.832114930942639E-5,3.9812504640622256E-5,3.3904013191042896E-5,3.026867752934907E-5,2.8430598072394855E-5,2.811388160961288E-5,2.9285194584054712E-5,3.21636952068209E-5,3.7230787015555564E-5,4.506883399820289E-5,5.52570612937704E-5,6.288731400166706E-5,5.8025534196821924E-5,4.1509547130787994E-5,2.5690665308913812E-5,1.5426701550547592E-5,9.446070391457981E-6,5.957766776500039E-6,3.847992118293201E-6,2.5116677950150914E-6,1.622047522706512E-6,9.960030209961302E-7
4.16752,1.3416824139208893E-5,1.3907331398151574E-5,1.4618291750886164E-5,1.558030406238736E-5,1.6833939176759027E-5,1.843183518636133E-5,2.0440984484166624E-5,2.294440102646462E-5,2.6040159514375444E-5,2.983345043407774E-5,3.44133546240533E-5,3.980133980495686E-5,4.585876451411406E-5,5.216241595716941E-5,5.792211545294887E-5,6.209610319150915E-5,6.380370362585285E-5,6.281735124310972E-5,5.968425990505751E-5,5.5363171798105085E-5,5.075247009042575E-5,4.645080198073674E-5,4.2758460163583974E-5,3.977692701934011E-5,3.750622113949309E-5,3.590974570721017E-5,3.495029264960717E-5,3.4608032780350243E-5,3.488895827238998E-5,3.5828388375880504E-5,3.74905937679006E-5,3.996158832460764E-5,4.3325905118980636E-5,4.76079707225952E-5,5.264737126590747E-5,5.788836690537055E-5,6.216654749503134E-5,6.382034831009169E-5,6.152025088165717E-5,5.538574127684614E-5,4.704111562457464E-5,3.8426325667083234E-5,3.078587585282463E-5,2.455383383323518E-5,1.968354979337278E-5,1.5948634505248653E-5,1.3100242603887912E-5,1.0924743003024157E-5,9.255066946013539E-6,7.965596194382048E-6,6.963309283631832E-6,6.1795987359747395E-6,5.563843980645074E-6,5.078683410408568E-6,4.696615114472135E-6,4.3974424467928775E-6,4.16553615554778E-6,3.985119191284839E-6,3.849411189701705E-6,3.7680688798465466E-6,3.735681918379158E-6,3.7483611443247707E-6,3.8069046438774363E-6,3.914599545918348E-6,4.0769555998819465E-6,4.302139702666397E-6,4.60177893701818E-6,4.992153855221098E-6,5.495914874236316E-6,6.144531472170392E-6,6.981756717714074E-6,8.068427803519638E-6,9.488808633561888E-6,1.1358088955036292E-5,1.3828805798620458E-5,1.7089270186711324E-5,2.133747332144947E-5,2.6700847551291996E-5,3.307500255415825E-5,3.992666674968556E-5,4.6266307160887403E-5,5.1001602317482255E-5,5.340045835897019E-5,5.299041324395726E-5,4.890324953125509E-5,4.00701907893908E-5,2.7669159413101848E-5,1.6021195539297788E-5,8.17834644356694E-6,3.883555216266059E-6,1.7562257899895571E-6,7.489376744541222E-7,2.8741196541382915E-7,8.792662673944968E-8,1.4079972864847931E-8,2.678763686902508E-10,1.4715662144290523E-8,4.200250388345471E-8,7.474708804142891E-8,1.0958912222649027E-7,1.4521514368900588E-7,1.8137796868853332E-7,2.1841082372978316E-7,2.5699474329923564E-7,2.980609108398885E-7,3.427702551394852E-7,3.9254383638152687E-7,4.4913499894962835E-7,5.147457447157186E-7,5.921996923076346E-7,6.851955338010829E-7,7.986814634089588E-7,9.394175305651732E-7,1.1168376205806935E-6,1.3444011566371915E-6,1.641766056570003E-6,2.0383768583762854E-6,2.579561593958333E-6,3.33720389820855E-6,4.4289728882381545E-6,6.05380192220822E-6,8.557774800617446E-6,1.2551137502618697E-5,1.9073169841326982E-5,2.9574211513577766E-5,4.452927057894517E-5,5.894774826172589E-5,6.271984079149523E-5,5.5396013523226195E-5,4.5393723553853657E-5,3.739208395729589E-5,3.202769310111543E-5,2.882602092959989E-5,2.7327211916798465E-5,2.7304733898480583E-5,2.8785503802211452E-5,3.20694790472248E-5,3.7750188930844686E-5,4.6474455367763065E-5,5.726869663174445E-5,6.285843904377413E-5,5.28664610835984E-5,3.428706633603736E-5,1.9891686675026498E-5,1.1441981179582194E-5,6.7296928481482736E-6,4.0315228511527525E-6,2.4091219602380976E-6,1.3768810289107174E-6,6.752145682891611E-7,1.5103642127697665E-7
4.76288,1.3418650823900397E-5,1.3911312052466337E-5,1.462776173440391E-5,1.559811752352076E-5,1.686198408116213E-5,1.8470500670458947E-5,2.0488644342709584E-5,2.2997040167171418E-5,2.609134796850512E-5,2.9874949729465433E-5,3.443667589609177E-5,3.980040688882216E-5,4.583313422265686E-5,5.211901485745643E-5,5.7872241007758005E-5,6.204713927558588E-5,6.37527977529642E-5,6.275605013429048E-5,5.960973258827832E-5,5.528271317993018E-5,5.067842883691151E-5,4.639344907267571E-5,4.272225443248667E-5,3.9760306253663893E-5,3.750313087847642E-5,3.5911558584404245E-5,3.494753439293745E-5,3.459176297154872E-5,3.485181704497534E-5,3.576537037523247E-5,3.7399628435363575E-5,3.9844002653557577E-5,4.318679668424705E-5,4.745639700707398E-5,5.2496108729162115E-5,5.7753071709856295E-5,6.20647966195249E-5,6.377107770779251E-5,6.15404618359706E-5,5.5480062483978655E-5,4.719316422739135E-5,3.8605510309702766E-5,3.0962689000591016E-5,2.4709120392197303E-5,1.9809223394633758E-5,1.6044452891256372E-5,1.3170264089643535E-5,1.0974731360178418E-5,9.290911103860642E-6,7.992476517939434E-6,6.985339006929766E-6,6.199744492449797E-6,5.584003367268904E-6,5.099851647947165E-6,4.719102119061379E-6,4.421083160603924E-6,4.189606681482936E-6,4.007038214830516E-6,3.866306922046129E-6,3.781805179907468E-6,3.747597038815559E-6,3.758858739589228E-6,3.816339871480388E-6,3.92345445194386E-6,4.085819139393544E-6,4.311654364400841E-6,4.612588199892787E-6,5.004857410465726E-6,5.511032226674928E-6,6.162472954542102E-6,7.0028005796211E-6,8.092701825257747E-6,9.516273756931713E-6,1.138851826073021E-5,1.3861737520095242E-5,1.71238705188353E-5,2.137214487173519E-5,2.673227529810046E-5,3.309641412990311E-5,3.992614949924476E-5,4.622791101726089E-5,5.091010425565797E-5,5.324183550233289E-5,5.2737975932362464E-5,4.850321952239332E-5,3.949056300490067E-5,2.702043518524614E-5,1.549344128232567E-5,7.838510487888435E-6,3.6890694793149644E-6,1.6499941767015014E-6,6.922395869349936E-7,2.582451633061204E-7,7.434224993191843E-8,9.570507735445882E-9,1.218226148817859E-9,1.9071919900000575E-8,4.857879303408394E-8,8.285825335974987E-8,1.1885114111235134E-7,1.5543385855240998E-7,1.9248586799408423E-7,2.304311534445493E-7,2.7002221818040116E-7,3.122535824371005E-7,3.583500691816863E-7,4.098052938467308E-7,4.684627991564035E-7,5.366437881635946E-7,6.173357709902149E-7,7.144689685792089E-7,8.333257049303997E-7,9.811578087332591E-7,1.1681378717599263E-6,1.408859999749021E-6,1.7247690779948198E-6,2.1482033544039455E-6,2.7293227187918368E-6,3.5483488115699114E-6,4.7378284548235005E-6,6.524041539132329E-6,9.304082641437292E-6,1.378031332438097E-5,2.1128206579194216E-5,3.2823162494843137E-5,4.8516690335265725E-5,6.108212450040363E-5,6.112838240527378E-5,5.199183433872087E-5,4.2119165491081506E-5,3.477398020269546E-5,3.001574925455764E-5,2.7282139248569863E-5,2.6152752505282614E-5,2.646425411019493E-5,2.832164448442666E-5,3.213821561657039E-5,3.867070937422281E-5,4.860594870383065E-5,5.972100311688614E-5,6.083689789984306E-5,4.4370087981998976E-5,2.5485545029135604E-5,1.3681055700946458E-5,7.376824755898128E-6,3.999259579608761E-6,2.0978220203720676E-6,9.578707765563717E-7,2.2138357812863497E-7,1.4504077563955037E-6,1.213391057356707E-8
5.35824,1.342060784378621E-5,1.391540129610044E-5,1.4637801678934306E-5,1.561744115657406E-5,1.6892884797386878E-5,1.8513608148248584E-5,2.0542304816710078E-5,2.3056851842124166E-5,2.6150091227667993E-5,2.992323816097899E-5,3.4464689974511344E-5,3.98008980329939E-5,4.58051355412231E-5,5.2070030319843615E-5,5.781518061771894E-5,6.199101218688816E-5,6.369504060015364E-5,6.268713225108921E-5,5.95258661665032E-5,5.519149523410658E-5,5.059354230787102E-5,4.632667844726773E-5,4.267911046247326E-5,3.9739574269127924E-5,3.7498422370111555E-5,3.591338111448061E-5,3.494521715292012E-5,3.457504226722573E-5,3.481206509375784E-5,3.569651588118909E-5,3.729885524677583E-5,3.971232999275455E-5,4.30296035518753E-5,4.7283805893987456E-5,5.2322904231501936E-5,5.759776249303245E-5,6.194803941908888E-5,6.371415278836565E-5,6.156147019877644E-5,5.558361851913046E-5,4.7361662420580326E-5,3.880581484836594E-5,3.116212400181044E-5,2.4885787166385456E-5,1.9953308847811333E-5,1.6155024877639456E-5,1.3251451813281315E-5,1.103280539459814E-5,9.332445897608783E-6,8.023352283563419E-6,7.010295199823254E-6,6.222261941557577E-6,5.606370639878651E-6,5.123335035651369E-6,4.744176818133686E-6,4.4476669065040225E-6,4.216972198971852E-6,4.032275052272366E-6,3.885903409151813E-6,3.797750160960127E-6,3.7614312602272352E-6,3.7710354393379487E-6,3.827240022064577E-6,3.933603947293088E-6,4.095874623555782E-6,4.322346545524117E-6,4.624663736020547E-6,5.0190278821272E-6,5.527931070741751E-6,6.182619353241697E-6,7.026568782332857E-6,8.120293829117389E-6,9.54769156025265E-6,1.142352633619545E-5,1.3899789078924364E-5,1.716392424237401E-5,2.1412193927976682E-5,2.6768267895004745E-5,3.312036643844884E-5,3.9924432362078403E-5,4.618266381279123E-5,5.080445931486427E-5,5.305987580803791E-5,5.244851018033366E-5,4.804424149465134E-5,3.882884072684591E-5,2.6288567798288492E-5,1.4905910271987495E-5,7.464083269137827E-6,3.476426917978222E-6,1.5346778884643027E-6,6.312649229433402E-7,2.273673807878755E-7,6.044858951636679E-8,5.5403486256712606E-9,3.1063562983140765E-9,2.464350544096199E-8,5.6548553077300616E-8,9.24881998022319E-8,1.2973253427575924E-7,1.6736603540107768E-7,2.054077183804214E-7,2.443825403871974E-7,2.85123629248365E-7,3.286981305534877E-7,3.764052669359464E-7,4.298241520435219E-7,4.909055046598989E-7,5.621130205013165E-7,6.466311239214722E-7,7.486696212062015E-7,8.739165245469181E-7,1.0302244083269561E-6,1.2286744410027767E-6,1.4852670816569555E-6,1.8236810961137877E-6,2.27990683010764E-6,2.9102669653510674E-6,3.805740056538982E-6,5.11829539198277E-6,7.110299520430019E-6,1.024651150979689E-5,1.534959299130144E-5,2.375376947251629E-5,3.683675124302278E-5,5.282508139586759E-5,6.228029090794799E-5,5.834576794873679E-5,4.7984800528749436E-5,3.859893692752703E-5,3.203248967232901E-5,2.792086379711787E-5,2.5677070151559605E-5,2.4942887793439237E-5,2.563434444768869E-5,2.7961431357014553E-5,3.2506037884222286E-5,4.02726996909038E-5,5.1834238839990834E-5,6.188189153396258E-5,5.4103925235915925E-5,3.214305200799808E-5,1.5996948378286626E-5,7.704550399411045E-6,3.6232261880275705E-6,1.519825643813298E-6,3.666146183246366E-7,7.175964835054054E-6,4.934860294635986E-9,1.1145311945142881E-5,3.0866074966491597E-7
5.953600000000001,1.3422676834693526E-5,1.3919463231143024E-5,1.4648166719774043E-5,1.5637952167374056E-5,1.692629466283129E-5,1.856085831886306E-5,2.0601789824359213E-5,2.3123846834629383E-5,2.6216621138049104E-5,2.9978758525775502E-5,3.449798419976967E-5,3.980341647054858E-5,4.577521416140483E-5,5.201560572363345E-5,5.775078614282369E-5,6.192750548619312E-5,6.363041535620018E-5,6.261083049347877E-5,5.943294054999882E-5,5.508958537272004E-5,5.049752602176517E-5,4.624988053974851E-5,4.262824379365842E-5,3.9713973659515085E-5,3.7491553024841765E-5,3.5915014181335316E-5,3.494353504258019E-5,3.4558430300275226E-5,3.477053613583822E-5,3.562279421030688E-5,3.7189208507222656E-5,3.956728354783187E-5,4.285464657450571E-5,4.709002796196833E-5,5.212715682889056E-5,5.7421666716481236E-5,6.181565849862422E-5,6.364915890211496E-5,6.15826837040075E-5,5.5695304130146456E-5,4.7545204279614274E-5,3.9026076447634934E-5,3.1383630388157806E-5,2.508391726366978E-5,2.0116324217714757E-5,1.6281058098121368E-5,1.3344508568248974E-5,1.109954468075813E-5,9.380074014072623E-6,8.058440300372464E-6,7.038227996661852E-6,6.247071079540901E-6,5.630782232858844E-6,5.1489370536972254E-6,4.771659163180924E-6,4.477076059861435E-6,4.247623258316507E-6,4.060951255988295E-6,3.908361377382109E-6,3.816046352309667E-6,3.777315001025963E-6,3.7850078327345294E-6,3.839699074658335E-6,3.945110115309449E-6,4.107145752936994E-6,4.334199553983432E-6,4.637951864959332E-6,5.034583840388126E-6,5.546517180762544E-6,6.204883572360196E-6,7.053004809788104E-6,8.151202564941372E-6,9.583138530730577E-6,1.1463282385402684E-5,1.3943221765074303E-5,1.7209756834037614E-5,2.145794187814479E-5,2.6809029727371572E-5,3.3146816437707165E-5,3.992115170179662E-5,4.6129938040781076E-5,5.068390598422415E-5,5.285366511685083E-5,5.212059051273913E-5,4.7524075638142635E-5,3.808346186258529E-5,2.547541656475579E-5,1.4262877435071049E-5,7.0590278674967815E-6,3.248384216670892E-6,1.4120407257610432E-6,5.671413154030019E-7,1.955223101473063E-7,4.675711121965554E-8,2.3572623307154625E-9,6.208658396392469E-9,3.1647238212395915E-8,6.60890262576128E-8,1.0378766550179818E-7,1.4236651894821952E-7,1.811339819293165E-7,2.2026026033910962E-7,2.603809908758003E-7,3.024191466166968E-7,3.4752434352172154E-7,3.9708175732842705E-7,4.5277056950702217E-7,5.166680601309426E-7,5.914072725103234E-7,6.804079415377572E-7,7.882158249458217E-7,9.210093802861864E-7,1.0873724344527295E-6,1.2995007437848252E-6,1.575135214620374E-6,1.9407466093769986E-6,2.4369404970162183E-6,3.1279233888570414E-6,4.118618183002912E-6,5.586515730662451E-6,7.84196101468725E-6,1.1439964700159425E-5,1.7358970222114613E-5,2.709798817212444E-5,4.165845357951884E-5,5.6982638374951646E-5,6.194900161378125E-5,5.435787494026721E-5,4.353235364115143E-5,3.4948273599383294E-5,2.9240837252900075E-5,2.579296143118108E-5,2.404991503974266E-5,2.3736779056566184E-5,2.4870870603400692E-5,2.7813943213339108E-5,3.342192655291163E-5,4.308764111917048E-5,5.6508495525541805E-5,6.0444697069662164E-5,3.940780891867564E-5,1.8014441852717636E-5,7.416145637246916E-6,2.7766371983949595E-6,6.809656946696174E-7,7.237747139196847E-6,2.476476969204517E-8,1.5994138243636786E-5,6.415967667767837E-7,4.433558115700841E-8,8.992112742268983E-6
6.54896,1.3424851451027089E-5,1.392335965029602E-5,1.4658593022983905E-5,1.5659292203110456E-5,1.6961818710448824E-5,1.861189899256577E-5,2.0666877258726587E-5,2.3198008860934353E-5,2.6291170843529786E-5,3.0041987277500607E-5,3.453720899389422E-5,3.980864715831856E-5,4.574389680180293E-5,5.195593997855337E-5,5.767892379730236E-5,6.185639046730646E-5,6.355890644204583E-5,6.252741769316125E-5,5.933130037485295E-5,5.497710594646402E-5,5.039011156327058E-5,4.616241035596199E-5,4.2568787552414284E-5,3.968263602970933E-5,3.7481867139814024E-5,3.5916170344184396E-5,3.494263906539006E-5,3.454249882068967E-5,3.472813058352364E-5,3.554528665228334E-5,3.707176367283418E-5,3.940972400121653E-5,4.2662369847066004E-5,4.687495715337434E-5,5.1908242178631734E-5,5.722391061381767E-5,6.166691882645072E-5,6.357562026515239E-5,6.160350351784825E-5,5.5813975945669266E-5,4.774225133548009E-5,3.926493804059807E-5,3.1626484218634703E-5,2.530349886628794E-5,2.029877974415534E-5,1.6423315653090527E-5,1.345022395335461E-5,1.1175621028938626E-5,9.434279517094644E-6,8.098019389639055E-6,7.069226605008573E-6,6.274107537226362E-6,5.657068706665831E-6,5.1764381039704905E-6,4.801335355993786E-6,4.509157083140903E-6,4.281523745903462E-6,4.0931846562453425E-6,3.933854299091585E-6,3.836852234706641E-6,3.7953966099441254E-6,3.800912143151444E-6,3.853830992516866E-6,3.958053453458831E-6,4.119671011312662E-6,4.347205940214687E-6,4.652401136460376E-6,5.0514383648538095E-6,5.566683500416794E-6,6.229160066298672E-6,7.082031237970213E-6,8.185407909389416E-6,9.622679786724264E-6,1.1507957514416819E-5,1.3992316916046468E-5,1.7261733914387304E-5,2.1509766267009216E-5,2.6854823912043673E-5,3.317575978046751E-5,3.9915939784999346E-5,4.606905053746577E-5,5.05475795009054E-5,5.262212744205926E-5,5.175252516920202E-5,4.6940142728693266E-5,3.7252847900156955E-5,2.458340879292675E-5,1.3569260972342413E-5,6.627716526774825E-6,3.0079222427878665E-6,1.2839709337212649E-6,5.01069631500751E-7,1.634996801171037E-7,3.381016795167457E-8,4.110938406393484E-10,1.0818302301147114E-8,4.0313448074933176E-8,7.73889228255197E-8,1.1691758707079738E-7,1.568957640860399E-7,1.9686911161256006E-7,2.3716936548069106E-7,2.7855208728682327E-7,3.2203950585524323E-7,3.6887431949041306E-7,4.2054057490501293E-7,4.7883417657057E-7,5.459814233743448E-7,6.248161059868327E-7,7.190385332696584E-7,8.335974458086321E-7,9.752635578427536E-7,1.1535105402105294E-6,1.3819024033410474E-6,1.6803380172926325E-6,2.0787891885212595E-6,2.6237225904618692E-6,3.3894986302890456E-6,4.499274649855518E-6,6.164429837928922E-6,8.759800410857636E-6,1.2961573353985458E-5,1.9945984674791526E-5,3.133177054000533E-5,4.717387714856724E-5,6.018782535367757E-5,5.9641683696136266E-5,4.935621151651561E-5,3.883690283354576E-5,3.128083864713521E-5,2.646497668156236E-5,2.3676669635899534E-5,2.2438725682802096E-5,2.2581124892478344E-5,2.4259237946118463E-5,2.8081287625112818E-5,3.540714900948415E-5,4.8170347241427555E-5,6.117467031450531E-5,4.6320486654934006E-5,1.9022125920878388E-5,6.150509007018529E-6,1.4462365014218493E-6,3.76554303654253E-11,1.5467723775847106E-7,1.0931477876852651E-5,1.6184719696078496E-6,2.923303865981037E-9,8.568022464121595E-6,4.66399552416759E-6,5.244051661603735E-7
7.1443200000000004,1.3427142056658968E-5,1.3926954921516745E-5,1.4668801844744583E-5,1.5681069302496983E-5,1.699901237012132E-5,1.8666320068876514E-5,2.0737290776324295E-5,2.3279284632480063E-5,2.637396505395122E-5,3.0113426910632003E-5,3.4583074073929185E-5,3.981735835460066E-5,4.571179892690827E-5,5.189129960277874E-5,5.759948515185527E-5,6.177743093531528E-5,6.348049974180891E-5,6.243720926872892E-5,5.922136454846379E-5,5.485424994210573E-5,5.027106454933122E-5,4.606360264239949E-5,4.24998000540744E-5,3.964457913478466E-5,3.746858268050302E-5,3.5916453304733275E-5,3.4942614021741647E-5,3.452781091214485E-5,3.4685800992582236E-5,3.546518091397789E-5,3.6947742638505504E-5,3.924067641906426E-5,4.245336763494887E-5,4.663858148682822E-5,5.1665535362876915E-5,5.700352263448399E-5,6.150095370986696E-5,6.349298989011745E-5,6.16233390802526E-5,5.593848556942603E-5,4.7951155413095745E-5,3.952084163075322E-5,3.188975690891765E-5,2.5544387638172248E-5,2.0501148577442425E-5,1.6582600560373202E-5,1.3569471067946481E-5,1.1261803505099473E-5,9.495637531083844E-6,8.142442068439068E-6,7.103431055567555E-6,6.303332771948647E-6,5.68506190908701E-6,5.205598476561342E-6,4.832956064099971E-6,4.543714282600088E-6,4.318601743406225E-6,4.129081552888346E-6,3.962564814575974E-6,3.860340782693804E-6,3.815842203275368E-6,3.8189053311736044E-6,3.869772049919445E-6,3.972536242623226E-6,4.133507747843246E-6,4.361371809807934E-6,4.667966251019055E-6,5.069501865496482E-6,5.588311178546937E-6,6.2553235713543335E-6,7.113545960572008E-6,8.222864824344626E-6,9.666361518858427E-6,1.1557716926587535E-5,1.4047369598929733E-5,1.7320258432774638E-5,2.1568103354730493E-5,2.6905981103345044E-5,3.320724457675993E-5,3.990843943795769E-5,4.5999272211072196E-5,5.039451082037153E-5,5.236400770458228E-5,5.134232095851263E-5,4.628950373963296E-5,3.6335480181090586E-5,2.3615648784779183E-5,1.2830638787219798E-5,6.174894742018731E-6,2.7582082323208496E-6,1.1524536103300562E-6,4.3430526242448505E-7,1.3212249667048724E-7,2.2172044921496698E-8,1.0727289881709648E-10,1.7240384818771436E-8,5.088225676651223E-8,9.064550625522135E-8,1.3204676535200827E-7,1.7347047743003449E-7,2.1471033428373202E-7,2.5626864381572365E-7,2.990297545517331E-7,3.4412491171256563E-7,3.929015354741868E-7,4.4695721742690465E-7,5.082238993060497E-7,5.791032696139569E-7,6.626670673173069E-7,7.629502393395045E-7,8.853852901566699E-7,1.037459166880164E-6,1.2297308583208861E-6,1.4774496814024598E-6,1.8032026302154915E-6,2.2413789597744446E-6,2.8459483939891086E-6,3.704480600591155E-6,4.964268064168644E-6,6.882312989275213E-6,9.921307187264043E-6,1.4920893434989051E-5,2.3296381061355568E-5,3.660779343451487E-5,5.2922694082083846E-5,6.139040920539259E-5,5.528333759400619E-5,4.369242541379199E-5,3.41054623585856E-5,2.7695019281699618E-5,2.3758964189893744E-5,2.161011725642062E-5,2.088281741448684E-5,2.1541623717942284E-5,2.3956700237296745E-5,2.9212295914986156E-5,3.9752969446514305E-5,5.6880614668204855E-5,5.163323674857331E-5,1.7843304951657596E-5,3.720382075404952E-6,1.0354934081655866E-7,9.72981360804364E-7,1.4949524289727863E-6,5.042784799200728E-6,1.4651549941272284E-8,6.286712309147685E-6,1.0153909341549537E-5,1.2765169954648905E-6,5.164569115205256E-7,1.1115883797172026E-5
7.739679999999999,1.342958086024531E-5,1.393012150818859E-5,1.4678504379122004E-5,1.5702860635587143E-5,1.7037380705122083E-5,1.872364852866817E-5,2.0812690940083634E-5,2.336757269087721E-5,2.646520876289532E-5,3.019359677787461E-5,3.463634332811491E-5,3.9830402292215135E-5,4.5679632260475746E-5,5.182203152714584E-5,5.751239943812976E-5,6.169038872941213E-5,6.339518242969739E-5,6.234056522882784E-5,5.9103636037080595E-5,5.4721298137602917E-5,5.014020505020195E-5,4.595279009350672E-5,4.242027539640107E-5,3.959870615237488E-5,3.7450778632775005E-5,3.591533613426834E-5,3.49434526924139E-5,3.4514896700882846E-5,3.464453394362497E-5,3.538376248195763E-5,3.6818516852749685E-5,3.906134642730408E-5,4.222841275468223E-5,4.63810178868568E-5,5.13984395311014E-5,5.675944125224134E-5,6.13167504714289E-5,6.340063561236069E-5,6.164162079229413E-5,5.606771630181163E-5,4.81701893042215E-5,3.9792027931177825E-5,3.217228476640038E-5,2.5806264797568604E-5,2.0723831421053086E-5,1.675973511230038E-5,1.3703200131439548E-5,1.1358962185237666E-5,9.564823898696095E-6,8.192147006354567E-6,7.14104529774624E-6,6.334746039857641E-6,5.714604144954042E-6,5.236163199740977E-6,4.866235936941201E-6,4.580503840678808E-6,4.358739386634979E-6,4.168727198781162E-6,3.994679946390336E-6,3.8866971984645906E-6,3.838834907189962E-6,3.839165805580379E-6,3.887682993785561E-6,3.988686002627468E-6,4.148736616907364E-6,4.376721768182844E-6,4.684612850600246E-6,5.088685915700087E-6,5.611271596899901E-6,6.283228599611094E-6,7.147418732505801E-6,8.263497022595095E-6,9.714202459528018E-6,1.1612710526690905E-5,1.4108680276854089E-5,1.7385765736801072E-5,2.1633448906438776E-5,2.69629074126826E-5,3.324138563139824E-5,3.989832059837549E-5,4.5919840314958817E-5,5.02236271756673E-5,5.2077853151511504E-5,5.0887643697703764E-5,4.5568841835036754E-5,3.532999573239803E-5,2.25760308759365E-5,1.2053250574933064E-5,5.7056342041290896E-6,2.5025524351562284E-6,1.0195404436559976E-6,3.681379853827815E-7,1.0223340834956606E-7,1.2419397037208603E-8,1.8598601034143642E-9,2.5786712681313637E-8,6.359956496544971E-8,1.0606144400849632E-7,1.493493496727736E-7,1.9224635775299433E-7,2.348023514132932E-7,2.7769798674798007E-7,3.2195498407915885E-7,3.6882391275907577E-7,4.1976989771483657E-7,4.7652098475003804E-7,5.41167840269341E-7,6.163188922166894E-7,7.053284483011228E-7,8.126314862048986E-7,9.44242895000685E-7,1.108518872407749E-6,1.3173481096693862E-6,1.5880675609582356E-6,1.946636633010326E-6,2.4330676893892307E-6,3.111039977436469E-6,4.085533219225905E-6,5.5362782791109735E-6,7.78273688169131E-6,1.140904962902316E-5,1.7474728789753863E-5,2.764784616732827E-5,4.2937948187789094E-5,5.786721330538969E-5,5.966788044241982E-5,4.9263270863527495E-5,3.777705112968039E-5,2.9514232098688876E-5,2.426490934161856E-5,2.1162637211053415E-5,1.9625941716983266E-5,1.943086291501172E-5,2.0736423034336242E-5,2.4328874943510294E-5,3.2482038842269575E-5,5.0067318286604504E-5,5.429075350840916E-5,1.3027104712896295E-5,8.276323227679868E-7,1.263444341354608E-5,1.7824939481382416E-8,1.1989276980556031E-5,1.342503982266018E-7,1.9417759754386313E-6,1.619734507063105E-5,3.524631083731944E-6,4.678805117109286E-7,6.602574122832699E-6,1.7573960810356507E-5,9.613316231894855E-6
8.33504,1.3432227461455537E-5,1.393274612785574E-5,1.468740746569671E-5,1.572421618945505E-5,1.7076378402886652E-5,1.8783343658565428E-5,2.0892665855164367E-5,2.3462711022989594E-5,2.656507429092484E-5,3.028302212087699E-5,3.469782807276286E-5,3.984871461720988E-5,4.56482117481032E-5,5.17485763800356E-5,5.741764714189811E-5,6.159503009379804E-5,6.330294229431587E-5,6.223789117190059E-5,5.8978711524628384E-5,5.457863750409978E-5,4.9997430483970074E-5,4.5829324890145634E-5,4.2329157623612934E-5,3.9543807862183424E-5,3.7427383688069997E-5,3.5912138779165905E-5,3.494502743375583E-5,3.4504225313241E-5,3.460532783540908E-5,3.530240220625471E-5,3.668560743876806E-5,3.8873134766919045E-5,4.1988485640941454E-5,4.6102550909093857E-5,5.110642109716655E-5,5.649052855182244E-5,6.111313667788954E-5,6.329782160276656E-5,6.1657809161806E-5,5.6200622774210454E-5,4.839758622035104E-5,4.0076544599141866E-5,3.247264129163564E-5,2.608859156989017E-5,2.096711452243576E-5,1.6955534048795535E-5,1.3852428019631157E-5,1.1468069939744545E-5,9.642624375998895E-6,8.247671994171132E-6,7.1823515127570665E-6,6.368398175019724E-6,5.745559579912386E-6,5.267869204967659E-6,4.900854982761417E-6,4.6192286411694665E-6,4.401761953411277E-6,4.212174387717166E-6,4.0303848454356404E-6,3.916115622290948E-6,3.864573307120972E-6,3.861893557187617E-6,3.907750873747185E-6,4.006658894855062E-6,4.165466277425775E-6,4.393304461422416E-6,4.702323231067739E-6,5.1089082547569815E-6,5.635429651311504E-6,6.31271002898039E-6,7.183488375416891E-6,8.307190614849505E-6,9.766184506212466E-6,1.1673061854152869E-5,1.4176544151683925E-5,1.7458716002219412E-5,2.1706356520841812E-5,2.7026090683254615E-5,3.3278378514302295E-5,3.988529846235157E-5,4.582997339823283E-5,5.00337545799981E-5,5.1761993622193504E-5,5.038577442118803E-5,4.477444966649547E-5,3.4235306322230365E-5,2.1469351905159124E-5,1.1243981241598646E-5,5.225273604631938E-6,2.244359313338201E-6,8.873169960660372E-7,3.0387055688848265E-7,7.468029069631062E-8,5.131127044406663E-9,6.084150785119071E-9,3.677021962213209E-8,7.871273523430667E-8,1.2384141163211084E-7,1.6900213143613085E-7,2.13382410416615E-7,2.572938645259594E-7,3.0160206635397457E-7,3.474745484434441E-7,3.9629229259320154E-7,4.4965283025395207E-7,5.094343870874462E-7,5.779132999893704E-7,6.579424167503853E-7,7.532127490032591E-7,8.686393607807452E-7,1.0109414750352263E-6,1.1895359881999503E-6,1.417951311435046E-6,1.7161306930282545E-6,2.1143045116637835E-6,2.659724802678832E-6,3.4288081951274758E-6,4.549854614149881E-6,6.247007529225444E-6,8.926912996772967E-6,1.3343945188431618E-5,2.0846767208552178E-5,3.326053334812278E-5,4.9908977865742465E-5,6.036455392632897E-5,5.4787961919357206E-5,4.229535902824745E-5,3.197513219985455E-5,2.5187789127286168E-5,2.103680888792135E-5,1.8701929009156776E-5,1.7756771020653773E-5,1.816658905493876E-5,2.0453584280403745E-5,2.6546833569985663E-5,4.304734670776823E-5,5.295873889177488E-5,4.9274972405358525E-6,1.1507678779164017E-5,5.817895700820467E-8,9.343605635281732E-6,9.910875425549328E-7,1.5208376325325974E-7,1.631166894638334E-5,1.0377220835477128E-5,9.355999684324853E-7,2.3142002070525434E-6,1.414019785206771E-5,1.429767729520932E-5,3.964224218921603E-6,6.316015034207592E-7
8.9304,1.3435174764845473E-5,1.3934736538424224E-5,1.4695220216246887E-5,1.5744663556575244E-5,1.711541076194902E-5,1.8844792769224173E-5,2.0976721485356427E-5,2.356446349922887E-5,2.6673686541226684E-5,3.0382221082058718E-5,3.476837838203848E-5,3.987331222919304E-5,4.56184615753476E-5,5.167148194679437E-5,5.731527483653635E-5,6.149113302325297E-5,6.320376648292156E-5,6.212963788158822E-5,5.884729047586872E-5,5.442678054783305E-5,4.984274092634907E-5,4.569260381439311E-5,4.2225359040347966E-5,3.947856857638145E-5,3.7397167161421994E-5,3.590600552728E-5,3.494705945202414E-5,3.449617290378917E-5,3.456916607059491E-5,3.522253937030257E-5,3.6550681435505334E-5,3.8677649222696866E-5,4.173480313043257E-5,4.580367488036196E-5,5.0789052089969814E-5,5.619559118628421E-5,6.0888768120853324E-5,6.318368486489985E-5,6.167139879316445E-5,5.633627239389401E-5,4.8631588670336254E-5,4.0372265438512735E-5,3.278911483118924E-5,2.639056126525253E-5,2.1231120672258245E-5,1.7170770384427543E-5,1.4018222527468542E-5,1.1590201382490215E-5,9.729942823519163E-6,8.309667090832589E-6,7.227725444611965E-6,6.404407121122128E-6,5.7778280337883254E-6,5.300455218473539E-6,4.936462430227131E-6,4.659534551085389E-6,4.447426573652444E-6,4.259430014620975E-6,4.069854789280128E-6,3.948794579673283E-6,3.8932688778972045E-6,3.887309499133559E-6,3.930190341040796E-6,4.026642896587146E-6,4.1838382126776905E-6,4.411198632785734E-6,4.721102985664813E-6,5.130099089460152E-6,5.660648549183918E-6,6.343585164416609E-6,7.221561070375746E-6,8.353788119586919E-6,9.822242733899644E-6,1.1738855351629244E-5,1.4251237917167515E-5,1.7539583486794603E-5,2.178743273319892E-5,2.7096104222880976E-5,3.3318512623406866E-5,3.9869152712078606E-5,4.572888890677034E-5,4.9823622554485306E-5,5.141452082625559E-5,4.9833561817532236E-5,4.390222608523302E-5,3.3050744498376594E-5,2.0301417093830866E-5,1.0410321573571494E-5,4.739346857551839E-6,1.9870736626133933E-6,7.578678585847839E-7,2.427962293502796E-7,5.030114857867742E-8,8.77744732542658E-10,1.3188840650138082E-8,5.049899957985004E-8,9.646594135985509E-8,1.441884175142302E-7,1.9118161808595507E-7,2.370386066852393E-7,2.8233569116918124E-7,3.2812880275779766E-7,3.7573973833795164E-7,4.2669203003611216E-7,4.82732475773191E-7,5.459127202960878E-7,6.187270682640547E-7,7.043185129670543E-7,8.067811448026856E-7,9.316092672255873E-7,1.0863791679748161E-6,1.2818113293954183E-6,1.5334731915232644E-6,1.8645942007708091E-6,2.31087771698601E-6,2.9290282057533985E-6,3.8124515631802E-6,5.121296979510105E-6,7.141856015437713E-6,1.0405112782163379E-5,1.590620360654534E-5,2.534594774654968E-5,4.027885913248552E-5,5.621461486367536E-5,5.878790135118272E-5,4.74749116047958E-5,3.513785072600098E-5,2.654255450682544E-5,2.119402020125245E-5,1.8030272854350098E-5,1.6392726456529496E-5,1.6054205100519067E-5,1.7308155551488744E-5,2.174999284279968E-5,3.721216915005873E-5,3.994399943937788E-5,4.3200583559393066E-8,1.912223364000604E-6,1.9433266346498724E-6,6.160290053359599E-6,2.1914225026561354E-8,1.2362169135502871E-5,2.090780315972027E-5,2.9815255516640376E-6,7.562385725532997E-7,9.220742250303406E-6,1.4989966137012337E-5,7.114815600561791E-6,1.0551675788083807E-6,2.505869745491391E-7,3.4572452235678318E-6
9.52576,1.3438555208178109E-5,1.3936028924167962E-5,1.4701661601911225E-5,1.5763713976573736E-5,1.7153835935561593E-5,1.8907307714950587E-5,2.106427189668703E-5,2.367250522685658E-5,2.679110637608884E-5,3.049168945905467E-5,3.484887215850934E-5,3.990528912491552E-5,4.5591419798045566E-5,5.159141642837255E-5,5.720541116006668E-5,6.137849573378227E-5,6.309763962677435E-5,6.201629907581629E-5,5.8710183029941455E-5,5.426638516926665E-5,4.967626667640587E-5,4.5542097109975835E-5,4.210778322819754E-5,3.9401576718013024E-5,3.73587331831968E-5,3.589588330820014E-5,3.4949086196807017E-5,3.4490986677317435E-5,3.4536985137498266E-5,3.5145659484878175E-5,3.641554321622397E-5,3.847671281317698E-5,4.1468845781535984E-5,4.548513865690657E-5,5.044606002422779E-5,5.587341043890414E-5,6.064212017922003E-5,6.305720640907061E-5,6.168191537476695E-5,5.647388704645517E-5,4.887050698248949E-5,4.06769229276652E-5,3.311969469749869E-5,2.6711050898720896E-5,2.1515753239168846E-5,1.740613271668152E-5,1.4201679973025733E-5,1.1726527923707655E-5,9.827807721317515E-6,8.378907532025912E-6,7.277652472597317E-6,6.442975067517832E-6,5.811361220046133E-6,5.333674732124928E-6,4.972683733850238E-6,4.701008975004034E-6,4.495411166840852E-6,4.310439577358163E-6,4.113245146851521E-6,3.984930903850822E-6,3.925142139583117E-6,3.9156537632211E-6,3.9552441798214645E-6,4.04886053177871E-6,4.204031485775973E-6,4.430519561233526E-6,4.740988532743649E-6,5.1522087779567216E-6,5.686796367930578E-6,6.3756576730675025E-6,7.261410243921121E-6,8.403083341475032E-6,9.882255173279933E-6,1.1810122099894967E-5,1.4333003735735203E-5,1.7628842088074707E-5,2.1877328073594872E-5,2.7173606965425043E-5,3.336218218831335E-5,3.9849747057361696E-5,4.561582319515502E-5,4.9591871245700036E-5,5.10332667832735E-5,4.922737174652134E-5,4.294768790433943E-5,3.177624009272706E-5,1.9079131841288478E-5,9.560302716723636E-6,4.253499019864258E-6,1.7341223629410145E-6,6.332401310762763E-7,1.861754324681931E-7,2.9908449798288484E-8,2.1024554491757355E-10,2.3567745647328033E-8,6.726992005637823E-8,1.1709513198061713E-7,1.6729979006282594E-7,2.1606083179976855E-7,2.6337334142933856E-7,3.100787600590177E-7,3.5742779399312133E-7,4.069051438312309E-7,4.601903821392641E-7,5.191990983620884E-7,5.861839398212759E-7,6.638961730198494E-7,7.558248848601649E-7,8.665494196178071E-7,1.0022675188280353E-6,1.1716062901695007E-6,1.3869024319164564E-6,1.6662851105570392E-6,2.037177534540807E-6,2.5423970473193454E-6,3.251199712555113E-6,4.2801075734048E-6,5.8337828574156415E-6,8.287708696073743E-6,1.2354181543138321E-5,1.936680851737475E-5,3.1352056913429916E-5,4.831651091827588E-5,5.940279943175364E-5,5.274129819779491E-5,3.9038544301248815E-5,2.836421402924531E-5,2.161228222739075E-5,1.7549736781549597E-5,1.5242293493490993E-5,1.425412239191668E-5,1.467117531108608E-5,1.7819669299502363E-5,3.375538126133828E-5,6.479656492064351E-6,2.7885956617307722E-5,2.069203892579283E-9,9.389097607189767E-6,2.665686346939168E-7,2.6604159955577463E-6,2.1523843120803202E-5,1.111078028247825E-5,7.318749400187772E-7,3.7459746102745533E-6,1.1482465340002533E-5,1.037056965406888E-5,2.195460979542548E-6,1.5305658699826155E-7,1.9896140651976374E-6,8.002557188859207E-6,9.202055240345563E-6
10.12112,1.3442547242152712E-5,1.393659583505E-5,1.4706469018940769E-5,1.5780869767747443E-5,1.7190968704842588E-5,1.8970122568860402E-5,2.1154629743605347E-5,2.3786406973614743E-5,2.691731205785951E-5,3.0611882964870566E-5,3.494020159092221E-5,3.994580981271598E-5,4.556824109010427E-5,5.1509181046535366E-5,5.708828377476675E-5,6.125694642971403E-5,6.298454136805587E-5,6.189840684237806E-5,5.856831603769833E-5,5.409827448051644E-5,4.949829779102145E-5,4.5377381150583645E-5,4.197535325761308E-5,3.931134097228193E-5,3.731051934215901E-5,3.58805019157588E-5,3.495042753087604E-5,3.4488744974055723E-5,3.450963714340992E-5,3.507326602987619E-5,3.628212009585534E-5,3.827236703780572E-5,4.1192382340497785E-5,4.51479918374518E-5,5.007738530969456E-5,5.5522783191170095E-5,6.037148471156897E-5,6.291717711538633E-5,6.16889035945555E-5,5.661288298897814E-5,4.9112787137523496E-5,4.098815624529366E-5,3.346206935387915E-5,2.70485750840166E-5,2.1820633822359185E-5,1.7662172932183406E-5,1.4403894563251575E-5,1.1878307629912728E-5,9.937376171946931E-6,8.45630588685867E-6,7.332744069743902E-6,6.484406939733715E-6,5.846181362016473E-6,5.367312301289485E-6,5.009131371232726E-6,4.743182637493519E-6,4.5453044715926445E-6,4.3650697542478614E-6,4.1606790390681105E-6,4.024711858271791E-6,3.960417256830825E-6,3.947182665699055E-6,3.983182794125206E-6,4.073570899515901E-6,4.226267196035815E-6,4.451425687974257E-6,4.762055411476912E-6,5.175216911632187E-6,5.713754575476018E-6,6.4087238017728096E-6,7.302778625749239E-6,8.45481776027306E-6,9.946032905485148E-6,1.1886824320810749E-5,1.4422030379017842E-5,1.772694674172222E-5,2.1976723236530246E-5,2.7259338915226973E-5,3.340989394899755E-5,3.982704804079572E-5,4.549005344445538E-5,4.9337060927518475E-5,5.0615781541262055E-5,4.856303525152078E-5,4.1906004237106436E-5,3.0412529815806617E-5,1.7810570543209425E-5,8.702402110026561E-6,3.7733910629172127E-6,1.4888528446945404E-6,5.154058431996743E-7,1.3521193088048703E-7,1.4273033704153508E-8,3.6485563440867097E-9,3.759106433804196E-8,8.736176511138197E-8,1.408225335163543E-7,1.9336273982120203E-7,2.4380574389360835E-7,2.9254060894170527E-7,3.4067192345641114E-7,3.896486737300858E-7,4.4112748123248455E-7,4.969591358571942E-7,5.592507882668433E-7,6.304890012021715E-7,7.137293481380018E-7,8.128759510665144E-7,9.330960628812084E-7,1.0814481605025965E-6,1.2678592114813753E-6,1.5066906889047843E-6,1.8193297177157526E-6,2.238629048336538E-6,2.81681177328354E-6,3.6401401633835448E-6,4.857344028429433E-6,6.7370162775746285E-6,9.786370679270848E-6,1.498734100193956E-5,2.412631472025031E-5,3.915091254258065E-5,5.560842061058831E-5,5.693032219514754E-5,4.361876370399542E-5,3.070527886907496E-5,2.2284482181889355E-5,1.7212894210834716E-5,1.4230047172169075E-5,1.2656274701271416E-5,1.2373903500655849E-5,1.4521101620293805E-5,3.75095846214513E-5,3.5308089888783686E-7,3.972132656582422E-7,7.505891203422204E-6,4.95401354310916E-6,2.200755455604916E-7,1.906413694986997E-5,2.1978808072285896E-5,2.539412298560832E-6,9.039180156495793E-7,7.212082789798375E-6,1.0093713970953542E-5,4.472313869103388E-6,3.3652501552639E-7,8.027857934528185E-7,7.1573002409831106E-6,1.2422790098674585E-5,9.543065304775652E-6,4.705127407476021E-6
10.71648,1.3447381989715467E-5,1.3936454613043772E-5,1.4709407822256033E-5,1.579563326110878E-5,1.722608605768948E-5,1.903239285263069E-5,2.1246997390551585E-5,2.3905618897176796E-5,2.705217875045726E-5,3.074319677021961E-5,3.504325662903842E-5,3.999609983248612E-5,4.555019706260553E-5,5.142572145845617E-5,5.696423706501631E-5,6.112635455205065E-5,6.286444339178402E-5,6.177652429243328E-5,5.842273644217633E-5,5.392345586778616E-5,4.9309315146281994E-5,4.519817483667466E-5,4.182704548854756E-5,3.9206312927889266E-5,3.725080107946838E-5,3.5858357475305306E-5,3.4950151599060185E-5,3.4489313688086236E-5,3.448784644573794E-5,3.50068453714812E-5,3.615244110261454E-5,3.806686890443603E-5,4.090748977404253E-5,4.4793630866040915E-5,4.9683245738994995E-5,5.514257554510603E-5,6.0074975221757286E-5,6.276215878916569E-5,6.169190372154434E-5,5.675290629030175E-5,4.935708689783895E-5,4.130357657194061E-5,3.3813640626012406E-5,2.7401245857867153E-5,2.2145034889051682E-5,1.7939243471283135E-5,1.462591777374566E-5,1.2046868315173527E-5,1.0059934345281803E-5,8.542922831143049E-6,7.3937542116329465E-6,6.529129892775462E-6,5.8824019707456515E-6,5.40120326308631E-6,5.04542000521893E-6,4.785535651948472E-6,4.596598329788179E-6,4.423089438036969E-6,4.212232475156477E-6,4.0683051835270336E-6,3.999314777422805E-6,3.98216401860972E-6,4.014302329499857E-6,4.10107069418865E-6,4.250812348313211E-6,4.474125171399239E-6,4.784427148072452E-6,5.199142721840654E-6,5.741428639588399E-6,6.4425812587173526E-6,7.345383107416106E-6,8.508679210590944E-6,1.0013311228738813E-5,1.1968839173171347E-5,1.4518431659292461E-5,1.783431030869735E-5,2.2086309536006437E-5,2.735411064420055E-5,3.346227004256503E-5,3.980114175465961E-5,4.5350920664523674E-5,4.905768365205955E-5,5.015931023861293E-5,4.783579727179996E-5,4.0772063196647577E-5,2.8961400858697987E-5,1.6505012420326244E-5,7.845420064808023E-6,3.3045956155729292E-6,1.2544697618854788E-6,4.06224112175076E-7,9.102886220021047E-8,4.107789614554671E-9,1.1669622775346133E-8,5.559618004158568E-8,1.1102785162079112E-7,1.6785059850308006E-7,2.2254937901672555E-7,2.745712173161077E-7,3.246867724993018E-7,3.7425947889471056E-7,4.249393186900217E-7,4.785644307527449E-7,5.371740519642909E-7,6.030935688643197E-7,6.790828700896558E-7,7.685595712833746E-7,8.759283080956525E-7,1.0070735738273731E-6,1.1701160008751553E-6,1.3766068901844866E-6,1.643475142765401E-6,1.9963110428000297E-6,2.475117269227303E-6,3.144806554658874E-6,4.115243049773749E-6,5.581318678456377E-6,7.906437179892343E-6,1.1798591921522445E-5,1.8643862087624443E-5,3.072095162736046E-5,4.8284882695146685E-5,5.842105301413315E-5,4.85898384551391E-5,3.362685703107415E-5,2.321779497962767E-5,1.698254606370006E-5,1.329552473114521E-5,1.11763991966891E-5,1.0289519379366734E-5,1.1709278979129724E-5,1.2997088801329033E-5,1.8609293492826512E-5,2.1512732325224143E-7,1.0207588374726252E-5,4.294413787093331E-7,6.700498367080539E-6,2.0931095025401705E-5,1.1633299257470367E-5,5.213204602382914E-7,2.7706636724548935E-6,7.592341871175715E-6,6.663915091640161E-6,1.1322894747499673E-6,3.265685853334728E-7,5.207299769482782E-6,1.3275403581119818E-5,1.5378266604058024E-5,9.111612792715603E-6,4.640006918560305E-6,5.121152282816933E-6
11.31184,1.345335000579186E-5,1.3935676218796219E-5,1.4710281782331175E-5,1.5807517315637826E-5,1.7258434841177128E-5,1.909319675919769E-5,2.134045914648026E-5,2.4029453914345977E-5,2.719545615091285E-5,3.0885942133648955E-5,3.5158905096505926E-5,4.005743288522341E-5,4.5538673556825295E-5,5.1342137352532116E-5,5.683375022469635E-5,6.0986643691745544E-5,6.273730617409333E-5,6.165123499600337E-5,5.8274611094784826E-5,5.3743138416194695E-5,4.911002240223396E-5,4.5004379461955115E-5,4.166192920659563E-5,3.9084917071455024E-5,3.7177703227688693E-5,3.5827700722479465E-5,3.4947041633045836E-5,3.449229955475603E-5,3.4472160168754105E-5,3.4947824110517894E-5,3.602860786468198E-5,3.7862680408227594E-5,4.061656712897895E-5,4.44238430440823E-5,4.926420697925968E-5,5.4731790615274056E-5,5.9750543684010155E-5,6.259044163238269E-5,6.169041447105753E-5,5.689386053306701E-5,4.960235841723085E-5,4.162085081299872E-5,3.417155805832763E-5,2.7766743075502746E-5,2.248780980986974E-5,1.8237423777451012E-5,1.4868705892922576E-5,1.2233581969586537E-5,1.01968930501533E-5,8.639975755123286E-6,7.461595217133523E-6,6.57771336177389E-6,5.920250414555339E-6,5.43525676750756E-6,5.081186429195256E-6,4.8275089673008635E-6,4.648683701581661E-6,4.4841499530983865E-6,4.267916846768978E-6,4.115846816516417E-6,4.042042194113155E-6,4.020870426880334E-6,4.048921060456348E-6,4.131693859932419E-6,4.277982791439188E-6,4.498882042088684E-6,4.80828440521E-6,5.224056629177148E-6,5.769760744592945E-6,6.477041072206725E-6,7.3889230462983585E-6,8.564303758798711E-6,1.0083742879601638E-5,1.205594264515574E-5,1.4622222539631811E-5,1.7951275783521194E-5,2.220676289938954E-5,2.7458785574032335E-5,3.352004446157648E-5,3.9772246815365405E-5,4.519785260054516E-5,4.875217651959347E-5,4.966076950121254E-5,4.7040269354146914E-5,3.9540583303204E-5,2.7425966563989134E-5,1.5172933762232647E-5,6.998328149761315E-6,2.852486790794514E-6,1.0339717594452097E-6,3.07404025645572E-7,5.464517390710889E-8,5.137503100945827E-11,2.4695262220702956E-8,7.787802876157943E-8,1.3848807192577287E-7,1.9835529654016339E-7,2.5501105509750325E-7,3.0849628897608463E-7,3.5994675138296526E-7,4.109782334780596E-7,4.63443766925821E-7,5.193733943044264E-7,5.810144824835371E-7,6.50941989837712E-7,7.322364337845355E-7,8.287481294916103E-7,9.454888138318755E-7,1.0892245267679695E-6,1.2693988990265424E-6,1.4996164365788809E-6,1.8001070400096783E-6,2.2019747650402367E-6,2.754828017722669E-6,3.541115574774467E-6,4.704411546096787E-6,6.508046026162149E-6,9.461404495105513E-6,1.4588310147723128E-5,2.3861180320419757E-5,3.95931066163961E-5,5.599015440160657E-5,5.3240861284415036E-5,3.7173505159594674E-5,2.4432737596381507E-5,1.6828595385428458E-5,1.238887307247349E-5,9.749761856236126E-6,8.323572001810041E-6,9.54291542501585E-6,1.0011460915125195E-5,8.822847314926324E-8,1.2358488345764586E-5,7.932792467633278E-6,6.934206602056569E-7,1.962606931943997E-5,1.787006773647999E-5,2.2213331265381276E-6,4.5101196929241706E-7,4.890355205714266E-6,6.820566572586181E-6,3.28746748953222E-6,4.51390053751653E-7,2.558252278336848E-6,1.2000643622812671E-5,1.846176191005808E-5,1.6335911863404482E-5,8.195113160558325E-6,5.021237086282324E-6,8.291526879021131E-6,1.5055832212665678E-5
11.907200000000001,1.3460808053152781E-5,1.3934394352846621E-5,1.4708944383410525E-5,1.5816057448549223E-5,1.728724173158197E-5,1.9151538836128948E-5,2.1433975178439315E-5,2.4157071160866234E-5,2.734674441879478E-5,3.104031997505169E-5,3.5287969065540936E-5,4.01311140499109E-5,4.5535164264471935E-5,5.1259689502584455E-5,5.6697455257727807E-5,6.083780632818758E-5,6.260307578940636E-5,6.152312884080925E-5,5.812522200971189E-5,5.35587476357219E-5,4.8901378041866113E-5,4.47961215733262E-5,4.1479212141668605E-5,3.8945588884038986E-5,3.708922013860349E-5,3.578653189992552E-5,3.493956528895028E-5,3.449700118412537E-5,3.4462892602712084E-5,3.489751818111355E-5,3.5912756550301E-5,3.766244910146496E-5,4.03223413647889E-5,4.404084607275285E-5,4.882125724922954E-5,5.428965152644275E-5,5.9396013044329626E-5,6.240000036672867E-5,6.168383978763307E-5,5.7035922786602026E-5,4.984793459992951E-5,4.193780400613024E-5,3.453277739114766E-5,2.8142300964896443E-5,2.2847324021638615E-5,1.855643632705551E-5,1.513305390906503E-5,1.2439828286977574E-5,1.0349776775310763E-5,8.748844223159526E-6,7.537352410688864E-6,6.630889145576739E-6,5.9600917623040995E-6,5.46948177767127E-6,5.116114469527144E-6,4.868522210543155E-6,4.700852178150594E-6,4.547765639460288E-6,4.327658838578422E-6,4.16742608963265E-6,4.088782021710342E-6,4.063570181220471E-6,4.0873736242214035E-6,4.1658094653630975E-6,4.308144822865756E-6,4.526021559636462E-6,4.833874033111001E-6,5.250092627616258E-6,5.798744491057381E-6,6.511942619309188E-6,7.433092619971121E-6,8.62128177607432E-6,1.0156894526574882E-5,1.2147794679721986E-5,1.4733293656510618E-5,1.8078083932721605E-5,2.2338710814617153E-5,2.7574253807862223E-5,3.3584051332034485E-5,3.9740721661159923E-5,4.503038497458573E-5,4.841893567269711E-5,4.9116723075957124E-5,4.61703911614425E-5,3.820628462543644E-5,2.5810967929420034E-5,1.3825946243236404E-5,6.170092819147773E-6,2.4221281225668516E-6,8.300905660891718E-7,2.204694235629229E-7,2.695310720821466E-8,2.6523429576680177E-9,4.3079982688851186E-8,1.046791137418981E-7,1.6992034850637466E-7,2.324786540466313E-7,2.9087184005353064E-7,3.456985865457683E-7,3.984393927358015E-7,4.5095387308358253E-7,5.052996288640854E-7,5.63710003206711E-7,6.286630744156889E-7,7.030202506084739E-7,7.902395637888323E-7,8.946907967424349E-7,1.0221264648978166E-6,1.180404713023462E-6,1.3806340430224787E-6,1.6390479480360927E-6,1.980188568906908E-6,2.442534977180605E-6,3.0889093426542936E-6,4.026699268809015E-6,5.449321244911432E-6,7.725781053019647E-6,1.1600139871815794E-5,1.860429539841949E-5,3.141115918345151E-5,4.9905880267187874E-5,5.63391056853327E-5,4.1316302741868476E-5,2.596023569991613E-5,1.6724163794342782E-5,1.1467016537007228E-5,8.326718535333568E-6,6.406149477534793E-6,2.013417337017155E-5,6.415073485912471E-6,1.0421654198701275E-6,1.1429518873111346E-5,1.0526958981940822E-6,6.821347665863373E-6,1.722702175042419E-5,1.0102204966343634E-5,2.468764160867138E-7,1.8061953162544073E-6,6.181218356434769E-6,5.854228474606934E-6,1.728932106085339E-6,1.2669635205301782E-6,8.787042299764247E-6,1.7731395195985644E-5,2.1693581401006732E-5,1.5305339803941492E-5,7.080353063826514E-6,6.059755889164091E-6,1.1071951542345292E-5,1.6277828701051317E-5,1.8651112037808577E-5
12.50256,1.347018580773308E-5,1.3932814748817535E-5,1.4705310841370317E-5,1.5820825558737296E-5,1.7311725724862736E-5,1.9206356611386002E-5,2.1526377758372377E-5,2.4287460127777093E-5,2.7505468698467328E-5,3.120639132539188E-5,3.54311971372454E-5,4.021845854670557E-5,4.554125998260517E-5,5.1179803460760006E-5,5.6556154263887057E-5,6.0679920495398884E-5,6.246168126857034E-5,6.139278408858312E-5,5.797595599827544E-5,5.3371936246478146E-5,4.8684626431513883E-5,4.457379809399633E-5,4.12782916586519E-5,3.878682160296491E-5,3.6983245829895416E-5,3.5732604295036776E-5,3.492584851183766E-5,3.450235914220955E-5,3.446006377660676E-5,3.48570731326072E-5,3.5807009803224826E-5,3.746897837937962E-5,4.0027863243452254E-5,4.3647320402014847E-5,4.835588352040006E-5,5.38156998611199E-5,5.900912993246659E-5,6.218845260407157E-5,6.167141743341017E-5,5.717954309744277E-5,5.009361545577879E-5,4.225253954926928E-5,3.489414660209174E-5,2.8524717202691306E-5,2.3221392605674574E-5,1.8895553793155954E-5,1.5419514167505467E-5,1.2666944717392638E-5,1.0520204114592566E-5,8.87107102986936E-6,7.622296881064699E-6,6.689570937686933E-6,6.0024532585179905E-6,5.5040154449090746E-6,5.149964687395287E-6,4.907998725768419E-6,4.752304967037314E-6,4.61329655234347E-6,4.391278090242695E-6,4.223068332203068E-6,4.13967712137565E-6,4.110515340352136E-6,4.130002630356003E-6,4.203817322166239E-6,4.341714993350357E-6,4.555934303023509E-6,4.861517546294075E-6,5.277461060629139E-6,5.828441280078752E-6,6.5471718401707094E-6,7.477597725426724E-6,8.67916923918397E-6,1.0232247971908311E-5,1.2243927044873177E-5,1.4851385427896097E-5,1.8214836863761986E-5,2.248269191555293E-5,2.770139640175313E-5,3.365520322457898E-5,3.970706401055658E-5,4.4848179094168804E-5,4.8056329684916386E-5,4.8523356499899225E-5,4.521940759605823E-5,3.676413710970638E-5,2.412308876177227E-5,1.247667234977605E-5,5.369480117964103E-6,2.0181633652673096E-6,6.452348876645888E-7,1.4672690686261972E-7,8.697507975610376E-9,1.2354165939684744E-8,6.709907160287025E-8,1.3617933313720368E-7,2.0545154946506562E-7,2.7032048515239347E-7,3.302210232264233E-7,3.862676491892549E-7,4.402617411516958E-7,4.942963193303028E-7,5.506346752609778E-7,6.117260991621648E-7,6.803053719667793E-7,7.595638270187956E-7,8.534055796463269E-7,9.668268613355546E-7,1.106489714791681E-6,1.2816168406431634E-6,1.5054357107811854E-6,1.7975954963698257E-6,2.1883759340664877E-6,2.7263482351594063E-6,3.4930311327400545E-6,4.63253003897621E-6,6.415131203952422E-6,9.38123258855636E-6,1.4670251012764871E-5,2.4615153479290936E-5,4.187598272417118E-5,5.6470171530355295E-5,4.584823982864754E-5,2.7835175234061393E-5,1.6640179246034204E-5,1.0489797866900767E-5,6.86923257804113E-6,4.4841871633139455E-6,5.7702726841503476E-6,5.494268204099777E-8,1.8096657605439772E-5,1.0096684376577696E-5,9.073176758298665E-7,1.5521284458740213E-5,1.2056830897742667E-5,2.0237476708721264E-6,1.5467247831108265E-7,5.124061250514941E-6,7.277932829497458E-6,5.251416620721412E-6,1.7614068481349805E-6,4.332045629892521E-6,1.553391396135994E-5,2.133958779284437E-5,2.2375766096759613E-5,1.2766371160815377E-5,6.119773972246028E-6,7.365486064232837E-6,1.185488362293867E-5,1.522376793595273E-5,1.5440615637288342E-5,1.0509452400076494E-5
13.09792,1.348199240740926E-5,1.3931224503145313E-5,1.4699370679772798E-5,1.5821445156257867E-5,1.733111328885281E-5,1.9256530635740355E-5,2.161637057785515E-5,2.4419426210504198E-5,2.7670852688071905E-5,3.138404469640128E-5,3.5589232315856386E-5,4.032076549866465E-5,4.555863277065673E-5,5.110406897430582E-5,5.641083520752646E-5,6.051316837662205E-5,6.231303315740764E-5,6.1260745601647E-5,5.7828287608117114E-5,5.318458960877789E-5,4.84613266152226E-5,4.433812269474529E-5,4.105881109117555E-5,3.8607221941316994E-5,3.68576154811452E-5,3.566343860959588E-5,3.4903656339332636E-5,3.4506906893975916E-5,3.4463332897542206E-5,3.482739521427278E-5,3.571341764260841E-5,3.728518610503671E-5,3.9736491355284294E-5,4.324643140840674E-5,4.787014568961844E-5,5.330990864439295E-5,5.85876423719133E-5,6.195302479959348E-5,6.165212790412078E-5,5.732542195092767E-5,5.033974956920962E-5,4.256357504140275E-5,3.525252196380749E-5,2.8910391305872707E-5,2.360723128174203E-5,1.9253500519371453E-5,1.57282988173729E-5,1.291616020275802E-5,1.0709856974710284E-5,9.008357223332026E-6,7.717895451305538E-6,6.754872671413157E-6,6.048048706276322E-6,5.539153029308815E-6,5.182608321364078E-6,4.945398222079347E-6,4.8021713719109085E-6,4.679935672080055E-6,4.458463346337842E-6,4.282714987195648E-6,4.194813094258227E-6,4.161926605533344E-6,4.177147130132378E-6,4.246140802733626E-6,4.3791575757232224E-6,4.589078455608952E-6,4.891618459723251E-6,5.306461209696536E-6,5.858997886962209E-6,6.582682420101935E-6,7.522177719447735E-6,8.737505232163051E-6,1.0309207662624942E-5,1.2343735855022192E-5,1.497606345151715E-5,1.8361458551455846E-5,2.2639108299698773E-5,2.784103921713735E-5,3.373445778958511E-5,3.967190017571773E-5,4.4651033478352235E-5,4.766271051008853E-5,4.787645050434902E-5,4.417987102987962E-5,3.5209705078501546E-5,2.237126470856619E-5,1.1138551707871382E-5,4.604849554348536E-6,1.6447153254766745E-6,4.814416655232423E-7,8.723849100080856E-8,4.5785865486480675E-10,2.94817694920318E-8,9.693738411836611E-8,1.7248590456182E-7,2.4514801329223673E-7,3.119293288705956E-7,3.7310449333754757E-7,4.3025691986374944E-7,4.85481875997927E-7,5.410936758462488E-7,5.995621728813127E-7,6.635667773713503E-7,7.361289917665856E-7,8.208214653772146E-7,9.220773460155191E-7,1.0456519402349698E-6,1.1993315753521853E-6,1.394060117815173E-6,1.6457966348382474E-6,1.9787029414285955E-6,2.4308582796757377E-6,3.0650238192707257E-6,3.990089548928648E-6,5.406570539826273E-6,7.709651612420897E-6,1.1734644404116602E-5,1.931463171744936E-5,3.378509346208886E-5,5.294750070329532E-5,5.024180288196241E-5,3.0085384113493953E-5,1.6538322595656795E-5,9.41645763709701E-6,5.3478791331099056E-6,2.5621274517562464E-6,2.766798767560817E-6,1.0163781810788699E-6,1.3403112298676987E-5,3.2334727599551377E-6,3.905969558781775E-6,1.286373764918519E-5,6.389211149468401E-6,6.347172138527023E-8,2.2757785722557477E-6,8.368446854000158E-6,8.54340656843791E-6,5.062025273528412E-6,2.7527133603242316E-6,1.0454310851314541E-5,1.9528955710903642E-5,2.2636516244944896E-5,2.0390022308213043E-5,9.589324138113701E-6,5.4762061339383874E-6,7.750185325184876E-6,1.0757851136202037E-5,1.2621443091949643E-5,1.1334133241192517E-5,6.570986449744671E-6,2.5684355817259073E-6
13.69328,1.3496822762054315E-5,1.393000129848154E-5,1.4691200665716591E-5,1.5817607937885764E-5,1.734465623523185E-5,1.9300898380815504E-5,2.170253193071509E-5,2.4551578567652804E-5,2.784189190136364E-5,3.157296056614042E-5,3.576257524299144E-5,4.043928615666427E-5,4.55890142466E-5,5.103423412141209E-5,5.626268517225062E-5,6.033785666803209E-5,6.215702407424385E-5,6.112749948444064E-5,5.7683754336093504E-5,5.2998824230584104E-5,4.8233377321718084E-5,4.4090172092781174E-5,4.082072031515469E-5,3.840557469154737E-5,3.6710159400440376E-5,3.557635044036898E-5,3.487038347088508E-5,3.450872501832602E-5,3.447192787947195E-5,3.480907316989736E-5,3.563388636241385E-5,3.711405020092767E-5,3.945186240342925E-5,4.284183829561504E-5,4.736674431189008E-5,5.27728074129945E-5,5.812940706153077E-5,6.169053321673422E-5,6.162458340431263E-5,5.747445939098461E-5,5.0587304556723525E-5,4.286999001028961E-5,3.560491508666613E-5,2.929539902274704E-5,2.4001429517278463E-5,1.9628353607192812E-5,1.605916615539934E-5,1.3188509658063072E-5,1.0920435372377839E-5,9.16254895985426E-6,7.825816735654838E-6,6.828124997282964E-6,6.097802004489119E-6,5.575378352974243E-6,5.21406448036035E-6,4.9802568761129606E-6,4.849538584146123E-6,4.746703681946668E-6,4.528748378154043E-6,4.346201648104112E-6,4.254197730318879E-6,4.217974644431634E-6,4.2291273995444625E-6,4.293216239859208E-6,4.420979082842127E-6,4.625979671940953E-6,4.924667833775825E-6,5.337492986429105E-6,5.890664522555069E-6,6.6185194391172236E-6,7.566632002232867E-6,8.795836440826618E-6,1.0387116177637745E-5,1.244648102215173E-5,1.5106697506809071E-5,1.8517654025302058E-5,2.280817125433326E-5,2.799389590726083E-5,3.382277123030539E-5,3.963596190639539E-5,4.443888682156394E-5,4.7236419592634556E-5,4.717135278012742E-5,4.304368159045253E-5,3.3539606477387704E-5,2.0566957543355048E-5,9.825576310805883E-6,3.883947044612875E-6,1.3052979030133E-6,3.4033715157082485E-7,4.280031372445881E-8,2.6339929170307344E-9,5.423029901299404E-8,1.3267939529727688E-7,2.1362381360915194E-7,2.8900596919349727E-7,3.5729272502024274E-7,4.195149778741654E-7,4.776742127465918E-7,5.341299689867832E-7,5.91404293186991E-7,6.521744163900424E-7,7.193659195259384E-7,7.963218676825592E-7,8.870572568361777E-7,9.966352018557953E-7,1.1317358051412458E-6,1.301545926142471E-6,1.5192040961278366E-6,1.8042432074047724E-6,2.1869051326653013E-6,2.716145746677465E-6,3.475344375772504E-6,4.615181345027435E-6,6.427576728851574E-6,9.524382543846554E-6,1.5284472490219623E-5,2.674281404410341E-5,4.6495566761855534E-5,5.3562880173209E-5,3.271604959758431E-5,1.6362960651614372E-5,8.20386347254951E-6,3.738537388896034E-6,1.9226606151410844E-7,2.598910854698814E-7,1.773527424506783E-5,8.6778474852647E-6,8.129159960649046E-7,8.290384018854363E-6,7.749096551848591E-6,1.539373962077701E-6,2.988721697270727E-7,7.70792452021604E-6,1.0901406586853322E-5,9.885989066649145E-6,4.928841371289783E-6,5.2046012921411065E-6,1.6354726053609866E-5,2.073439210516846E-5,2.1688959010802346E-5,1.6300906606770356E-5,6.641757617632449E-6,4.826554586015395E-6,6.779502876298814E-6,8.655174575956218E-6,9.38886433039061E-6,7.301526021116166E-6,3.3949256833855884E-6,9.785148704868428E-7,7.149063204034025E-7
14.288640000000001,1.3515363549461697E-5,1.3929622377152782E-5,1.4680977875559754E-5,1.5809091471793204E-5,1.7351652264577525E-5,1.933827236239509E-5,2.1783322602398528E-5,2.4682321349559567E-5,2.80173274935328E-5,3.177257337606219E-5,3.595154267973263E-5,4.057518609305318E-5,4.563416724406966E-5,5.0972193081464234E-5,5.611309989573895E-5,6.015443832490497E-5,6.199353218190666E-5,6.099344473376085E-5,5.754392320755183E-5,5.2816977663277826E-5,4.800303644167245E-5,4.383143064705987E-5,4.0564339235511325E-5,3.818091567237124E-5,3.653877024020259E-5,3.5468493121224233E-5,3.4823057803120636E-5,3.450540177101469E-5,3.4484572860174394E-5,3.480229107462941E-5,3.557009459531387E-5,3.695853984480439E-5,3.917784594844694E-5,4.243768663155336E-5,4.684907675525174E-5,5.220561502804564E-5,5.7632529878335924E-5,6.139738965738186E-5,6.158689863664339E-5,5.7627668859505456E-5,5.083791901709439E-5,4.3171580162945866E-5,3.5948669959935004E-5,2.9675608560190525E-5,2.4399955880469695E-5,2.0017451520418885E-5,1.641129272907916E-5,1.348472649315184E-5,1.115359400585073E-5,9.335613387369283E-6,7.947931796472474E-6,6.9108891317542835E-6,6.1528691109983104E-6,5.613393677834902E-6,5.244539192243371E-6,5.012234016589203E-6,4.893494061378613E-6,4.812454937013725E-6,4.60148965843212E-6,4.413234837845949E-6,4.317737763687687E-6,4.2787576465791345E-6,4.286225492941962E-6,4.345478221801184E-6,4.4677191296528005E-6,4.667227831772144E-6,4.961247298289243E-6,5.371066905536578E-6,5.923812480580382E-6,6.6548446744762064E-6,7.610851057865795E-6,8.853749100817123E-6,1.0465279269105729E-5,1.2551295204553128E-5,1.52424471220345E-5,1.8682869748929377E-5,2.2989841852815702E-5,2.8160500204896473E-5,3.392103753816526E-5,3.960004858679579E-5,4.4211809377740916E-5,4.677578612507211E-5,4.6402947728822856E-5,4.180218278588588E-5,3.1752101630710246E-5,1.872435690471818E-5,8.551958198524662E-6,3.2137079059949122E-6,1.0027460426018759E-6,2.2310990008053504E-7,1.3928664324869368E-8,1.54364442376128E-8,8.66569136775962E-8,1.7430120181654167E-7,2.5952736805796017E-7,3.3694230919370824E-7,4.0632712615660725E-7,4.6938124547906786E-7,5.28470548850439E-7,5.861872401400281E-7,6.452464347811924E-7,7.0853378516864E-7,7.792394621201544E-7,8.610688437452405E-7,9.585523116954125E-7,1.0775068910158856E-6,1.2257469116403685E-6,1.4142202494800473E-6,1.6589004549534375E-6,1.984079688499198E-6,2.4283878584801416E-6,3.0564291337279717E-6,3.982788938028533E-6,5.425435544000615E-6,7.834888651917038E-6,1.2231416790012664E-5,2.106422882124342E-5,3.876499028147426E-5,5.4647355794976855E-5,3.5691313735234916E-5,1.6033379890253756E-5,6.808998605460256E-6,2.0189986776522097E-6,3.697341493978297E-6,4.597131519572842E-7,2.0867316381334016E-5,4.93426646701387E-6,1.3304115296555777E-6,8.153041775904665E-6,3.6334571784113504E-6,2.416000705408548E-8,2.791029630104654E-6,1.312041103035627E-5,1.27978200993131E-5,1.0690031905552433E-5,4.980240346835215E-6,9.260136513082178E-6,1.9009696774783413E-5,1.981994807139654E-5,1.879819163512375E-5,1.131547495493219E-5,4.3146857420891186E-6,3.7649716334996726E-6,5.1802987960960405E-6,6.43237891708778E-6,6.399598451756623E-6,4.154409973846641E-6,1.475539602543117E-6,6.038692991012639E-7,1.9709857880480877E-6,5.398848318727761E-6
14.883999999999999,1.3538398830529534E-5,1.3930673127912004E-5,1.4668992638330608E-5,1.5795777677640787E-5,1.735146801329548E-5,1.9367462749985435E-5,2.1857099306196825E-5,2.4809849510574874E-5,2.8195621775618958E-5,3.198203168816346E-5,3.615622130219366E-5,4.072950095170312E-5,4.5695850060364115E-5,5.0919966391670346E-5,5.596368816355781E-5,5.9963534999718865E-5,6.182242854407901E-5,6.0858862913485464E-5,5.7410348038545914E-5,5.26415880223756E-5,4.777293303817923E-5,4.3563831322966035E-5,4.029042240706613E-5,3.7932611910897504E-5,3.634148374177501E-5,3.533691799049048E-5,3.475836041881298E-5,3.4494003778316105E-5,3.449941643782742E-5,3.48067331505955E-5,3.55233959381691E-5,3.6821530928060555E-5,3.891848190536077E-5,4.2038581606270096E-5,4.63212761562645E-5,5.1610373771869143E-5,5.7095541365055975E-5,6.10696439909104E-5,6.153654826295991E-5,5.778604852859589E-5,5.109392696740221E-5,4.346901108589836E-5,3.62816666594185E-5,3.0046842747452308E-5,2.4798206579063628E-5,2.041732103484993E-5,1.6783135643687026E-5,1.3805111252979223E-5,1.1410856230500968E-5,9.529599908993123E-6,8.086307372589919E-6,7.004967160747296E-6,6.214657765751852E-6,5.654147920638862E-6,5.274464608401427E-6,5.04116371752528E-6,4.933180831863175E-6,4.875898547675301E-6,4.675848590854666E-6,4.483368910004604E-6,4.3852135835554755E-6,4.3442751236054716E-6,4.348661088019269E-6,4.403340042442771E-6,4.519936833494388E-6,4.713469890543855E-6,5.002028746630324E-6,5.4078114210206845E-6,5.958950293570065E-6,6.691962421886668E-6,7.654851099685848E-6,8.910908364285807E-6,1.0543001736716611E-5,1.265720494588642E-5,1.538225728823746E-5,1.885625867883038E-5,2.318376889445612E-5,2.8341128538624265E-5,3.403001305427195E-5,3.9564972965019095E-5,4.396997974756889E-5,4.6279113800439357E-5,4.5565623975158965E-5,4.044633494979688E-5,2.9847817080869795E-5,1.686046382826861E-5,7.331739622896409E-6,2.600080944689964E-6,7.391673189955158E-7,1.3049717142001724E-7,8.542992326272151E-10,3.88822575519359E-8,1.2667639404163277E-7,2.216652351945988E-7,3.100335794111247E-7,3.887863531133217E-7,4.5886794882505975E-7,5.225565747937418E-7,5.825274107522612E-7,6.415725794524153E-7,7.025850257514284E-7,7.686605539782632E-7,8.432754525812884E-7,9.30545639736652E-7,1.0356053252516554E-6,1.165179682163122E-6,1.3284861560396753E-6,1.5387131730360595E-6,1.8155561579368635E-6,2.189785611339344E-6,2.711948909946909E-6,3.470063912341196E-6,4.628477544217294E-6,6.521278687526519E-6,9.900214149322925E-6,1.663919314731218E-5,3.124459171051489E-5,5.2661536406746565E-5,3.89163922361213E-5,1.543826735436561E-5,5.19984872813716E-6,2.7656884555399585E-7,8.977047805790487E-7,6.157861162693964E-6,1.1067698221918247E-5,1.178226806884123E-6,2.5237771779483055E-6,5.3899499935125145E-6,1.1102713980350504E-6,5.167885486055757E-7,8.849245219834957E-6,1.6436747422393962E-5,1.3956315846651096E-5,1.0207486617598668E-5,5.6974919810954815E-6,1.3070401956069571E-5,1.858475843026669E-5,1.737713240079358E-5,1.4552932460094567E-5,6.739379680963461E-6,2.51617371267651E-6,2.5410900218605836E-6,3.853639080571958E-6,4.778364034421691E-6,4.334383894717689E-6,2.4103288185406605E-6,1.0123276068825196E-6,1.6219516285322858E-6,4.738032914167327E-6,9.358118761567296E-6,1.2976794017132943E-5
15.479359999999998,1.356681522673108E-5,1.3933855164122792E-5,1.4655661094256736E-5,1.5777671717750238E-5,1.7343564291243693E-5,1.9387304572059375E-5,2.1922134456902204E-5,2.493215054865355E-5,2.8374936815485263E-5,3.220015745917192E-5,3.63764171222745E-5,4.0903085481622545E-5,4.577577256930314E-5,5.087967250285028E-5,5.581626943141539E-5,5.976595909963315E-5,6.164358928944015E-5,6.0723887350881204E-5,5.728451704380746E-5,5.247536135549181E-5,4.7546069797083154E-5,4.328979084183712E-5,4.000022255636564E-5,3.7660447297237507E-5,3.611657261626531E-5,3.5178653757558615E-5,3.467266565830619E-5,3.4471061344518206E-5,3.4513964343071136E-5,3.482148232375761E-5,3.5494707924982675E-5,3.6705704487733336E-5,3.86778991630179E-5,4.164953939464499E-5,4.578822741752534E-5,5.099007612618979E-5,5.651760591692869E-5,6.070307727895525E-5,6.14702203174314E-5,5.795040326293437E-5,5.13583441072825E-5,4.376396257969024E-5,3.660254579633991E-5,3.040508854350914E-5,2.5191107918965387E-5,2.0823636296447034E-5,1.7172293026267904E-5,1.414937607533726E-5,1.169350075254242E-5,9.746582166353674E-6,8.243188868293972E-6,7.112407584329065E-6,6.28484437110422E-6,5.698862264461558E-6,5.304536534642179E-6,5.067108858680294E-6,4.967864739920374E-6,4.9356383243277885E-6,4.7507819656087795E-6,4.555985150956645E-6,4.456253105911601E-6,4.414398346020325E-6,4.416562307067536E-6,4.4671685536007555E-6,4.578191842315777E-6,4.76539791914342E-6,5.047769801531801E-6,5.448476629699781E-6,5.9967371823894675E-6,6.730344407132541E-6,7.698810960299706E-6,8.967104396773897E-6,1.0619634855403498E-5,1.2763166561283444E-5,1.552486839099426E-5,1.903665451454813E-5,2.338922789938817E-5,2.853571514970089E-5,3.415022683765542E-5,3.953148920570069E-5,4.371364413846486E-5,4.5744651779977735E-5,4.4653239854528086E-5,3.896699482618878E-5,2.783059331012008E-5,1.4995006210236425E-5,6.178362439746471E-6,2.0478836171884463E-6,5.159174381975075E-7,6.278539905457394E-8,3.525534265187289E-9,7.279683271328141E-8,1.740612319874672E-7,2.745184411003027E-7,3.648781810690053E-7,4.4427341595661275E-7,5.146604945257243E-7,5.788070453674498E-7,6.39642702112546E-7,7.001267740392101E-7,7.633150374432711E-7,8.325166300357191E-7,9.115197586603463E-7,1.0049089341745762E-6,1.118531084687225E-6,1.2602150289259822E-6,1.4409339713077585E-6,1.6767711233421235E-6,1.992410416276939E-6,2.4276907635317395E-6,3.0507418024448516E-6,3.9864433135545545E-6,5.48416803783454E-6,8.098118453806083E-6,1.3226750581207019E-5,2.4722694045343117E-5,4.770003051671402E-5,4.222280937282619E-5,1.443546529502218E-5,3.3841366042350365E-6,5.789014501215141E-6,5.209260953839418E-7,2.0843874714981887E-5,5.2599919640008E-6,2.602559039364864E-7,3.983493826373381E-6,3.2232944906068566E-6,5.078756847093235E-7,2.30745647588632E-6,1.625578992708381E-5,1.778959347925172E-5,1.4100618420221525E-5,8.604271397242786E-6,6.934178106563588E-6,1.452136865552382E-5,1.6215756160047703E-5,1.3936099811821648E-5,9.806472790135662E-6,3.3303016829160416E-6,1.1774096372466063E-6,1.8709696732072886E-6,3.371344570880483E-6,4.13467933658614E-6,3.589679704753236E-6,2.2167000540607025E-6,1.93483289581191E-6,3.992215030315948E-6,8.522730783518405E-6,1.3786706339765975E-5,1.7371420796230302E-5,1.7064379561520646E-5
16.07472,1.3601606611226107E-5,1.3939993794032926E-5,1.4641537110462786E-5,1.5754920856869824E-5,1.732752305026523E-5,1.9396689431535253E-5,2.1976642959522935E-5,2.5047013602022363E-5,2.8553117802428795E-5,3.242540574987292E-5,3.661160117074948E-5,4.109655579733881E-5,4.5875543569522744E-5,5.0853489444121946E-5,5.567286285596918E-5,5.9562733935301046E-5,6.145691331830483E-5,6.058847386350603E-5,5.716779094250088E-5,5.2321125144134777E-5,4.732581371447202E-5,4.301223663602111E-5,3.969555035384619E-5,3.7364711234629056E-5,3.5862652317505035E-5,3.4990806005170133E-5,3.456210482849269E-5,3.4432573483091004E-5,3.4525021372691776E-5,3.484491536967249E-5,3.5484387748293415E-5,3.661342695039723E-5,3.8460213740184204E-5,4.127591438527766E-5,4.525555476643724E-5,5.034877375600036E-5,5.5898759104227366E-5,6.029335983854913E-5,6.13836807200816E-5,5.8121111832369694E-5,5.163480350316263E-5,4.405925304543542E-5,3.691094512837716E-5,3.074675170860228E-5,2.557328178619576E-5,2.123122618676857E-5,1.7575374992085076E-5,1.4516467457629366E-5,1.2002416559288956E-5,9.988574971949751E-6,8.420969210517579E-6,7.235504365129659E-6,6.36538742460891E-6,5.749052480369996E-6,5.3357485637814265E-6,5.090414627184682E-6,4.997011040593624E-6,4.990234449945212E-6,4.8250450892384465E-6,4.630275964330778E-6,4.530306738432415E-6,4.488838378565886E-6,4.489931517363001E-6,4.5372527351540295E-6,4.643018990105923E-6,4.8237312866156535E-6,5.0993040422903016E-6,5.493933273887411E-6,6.037992491277883E-6,6.77065212457383E-6,7.743109365535708E-6,9.022303740137001E-6,1.0694635237158578E-5,1.2868118830754311E-5,1.566884465065039E-5,1.922256063657286E-5,2.360506629656579E-5,2.8743763333421594E-5,3.4281878557092615E-5,3.9500202963099274E-5,4.344305548582721E-5,4.517054503209009E-5,4.3659088044896084E-5,3.735533546836502E-5,2.5708418795679015E-5,1.3150138614480614E-5,5.104219453785242E-6,1.56069604106126E-6,3.3360014412049887E-7,1.9824336969960418E-8,2.1619966994077725E-8,1.1682195633049783E-7,2.2844661311699934E-7,3.3249454794223057E-7,4.2369508124313685E-7,5.030410926677473E-7,5.73352679892808E-7,6.378004885806307E-7,6.995160039695432E-7,7.615945489807309E-7,8.272412277193535E-7,8.999844038014103E-7,9.83956137406567E-7,1.0842810206609202E-6,1.2076557530613925E-6,1.3632666270138014E-6,1.5643180277236474E-6,1.8307101165703233E-6,2.193997378467224E-6,2.707186471941278E-6,3.46567068397936E-6,4.656473019881709E-6,6.688765182776869E-6,1.0593217919831882E-5,1.9404431742288445E-5,4.0793870397002466E-5,4.535497696642846E-5,1.2863560252101651E-5,1.4926917338029376E-6,5.498858187412962E-6,2.232709291431785E-6,2.1969538665384544E-5,1.8895852248136101E-6,3.7295279506304455E-7,5.174721088960564E-6,2.31894122553115E-6,1.2922985629135104E-6,6.0815733221988155E-6,2.16308306131687E-5,1.7636773235433936E-5,1.2997082644410358E-5,6.886546227703185E-6,7.812136568571987E-6,1.3374913008876912E-5,1.2861733158413067E-5,1.0049334250355579E-5,5.49262541193699E-6,1.2029529736929394E-6,6.063150772427186E-7,2.26789141095945E-6,3.963678994153728E-6,4.689080976680545E-6,4.247618406121151E-6,3.391608266087378E-6,4.003827112584148E-6,7.333394356433195E-6,1.2535270995011756E-5,1.789840408443748E-5,2.1325702623970965E-5,2.031795507636825E-5,1.6864829009250265E-5
16.67008,1.3643878269491274E-5,1.3950044812765358E-5,1.4627323317393468E-5,1.5727832809309406E-5,1.730307547614899E-5,1.9394601410943217E-5,2.2018816503211202E-5,2.515204735382404E-5,2.8727683116648434E-5,3.2655826592788444E-5,3.6860852491635616E-5,4.131022512349103E-5,4.599660891165948E-5,5.084360545427385E-5,5.5535665763842835E-5,5.9355109920154274E-5,6.126234591235842E-5,6.045237552147155E-5,5.706133236606762E-5,5.218176638682778E-5,4.71158727600863E-5,4.2734623117998525E-5,3.9378827451514115E-5,3.7046287081791855E-5,3.557879644216089E-5,3.477067693866563E-5,3.442265673881174E-5,3.437403824529234E-5,3.452864859059656E-5,3.4874598860258026E-5,3.549209605334976E-5,3.654661129935795E-5,3.8269404901441466E-5,4.092330041953181E-5,4.47295760967284E-5,4.9691656971961684E-5,5.524016223080313E-5,5.9836287014684054E-5,6.127167121263067E-5,5.8297837243871435E-5,5.1927426549706695E-5,4.435893152465346E-5,3.7207737248085705E-5,3.106895020580832E-5,2.5939279895756014E-5,2.1634147429213606E-5,1.798790244935032E-5,1.4904374110706452E-5,1.233792274038361E-5,1.0257419373737421E-5,8.622138262204848E-6,7.3767868908513265E-6,6.458536740174943E-6,5.806547580048347E-6,5.369421451732466E-6,5.11175819465399E-6,5.02036608085066E-6,5.038287991112474E-6,4.897212503416972E-6,4.7052378410525675E-6,4.606626250056736E-6,4.56711347430577E-6,4.5686066502684594E-6,4.613765509300652E-6,4.714895538067963E-6,4.889191784713104E-6,5.1575248344336125E-6,5.545165889377221E-6,6.083699745224072E-6,6.81375478694952E-6,7.788360299443073E-6,9.076703647231838E-6,1.0767633902441359E-5,1.2971053620648852E-5,1.5812625146088636E-5,1.9412160002340038E-5,2.3829661460484474E-5,2.8964258174661916E-5,3.442472720986237E-5,3.947146440709816E-5,4.315839041263381E-5,4.455475876722386E-5,4.257586234442575E-5,3.5603445197812126E-5,2.3494376192192878E-5,1.1349890279965498E-5,4.120214671114759E-6,1.1407984851703102E-6,1.9209004292613665E-7,1.0533621930733292E-9,5.45639196125286E-8,1.7042962212392648E-7,2.8934028827112906E-7,3.9512075929097266E-7,4.860198895782042E-7,5.646291584566426E-7,6.344906467759202E-7,6.990971993965578E-7,7.617340680085946E-7,8.256049890280558E-7,8.940542357437195E-7,9.708400119865167E-7,1.0604792624903099E-6,1.168727219282868E-6,1.3033076655666716E-6,1.4751039902065824E-6,1.7002153090490172E-6,2.003713326411114E-6,2.4269646765725447E-6,3.0430595685443013E-6,3.992634316213896E-6,5.577995758965563E-6,8.55312858232476E-6,1.52038910278326E-5,3.329823827070748E-5,4.795444242995587E-5,1.05824961236396E-5,1.0836485259548882E-7,1.7882457523768007E-6,5.4777162501698635E-6,1.1857290885432486E-5,3.510913587567301E-7,1.900391768968167E-6,6.139201381410738E-6,2.5187574765777098E-6,2.546188090040572E-6,1.1280107953866307E-5,2.3915989084067094E-5,1.632516876795041E-5,1.0745750909397076E-5,5.526074146846241E-6,7.558972268411402E-6,1.0690252332833386E-5,9.258721208095518E-6,6.3125584561440706E-6,2.327508425108164E-6,2.447047418961667E-7,1.2364096674043834E-6,3.818439662829121E-6,5.599853999304584E-6,6.390420903734722E-6,6.110135249798074E-6,5.556411662441794E-6,6.87845543169645E-6,1.100540478548497E-5,1.6028586210761004E-5,2.1009916281864522E-5,2.4189339819515865E-5,2.262067265588446E-5,1.8370670746929806E-5,1.574423659901366E-5
17.26544,1.3694850482136663E-5,1.3965100578710338E-5,1.4613881068703444E-5,1.5696893079692556E-5,1.727013046189176E-5,1.938015657993749E-5,2.2046865580916058E-5,2.5244708127759973E-5,2.889582326730208E-5,3.288903117150864E-5,3.712279999539241E-5,4.1544033714678334E-5,4.6140180226987565E-5,5.0852157560228286E-5,5.540701949891711E-5,5.9144574236676386E-5,6.105990801203874E-5,6.031512436029349E-5,5.696602820003804E-5,5.206015299518095E-5,4.692025624501205E-5,4.2460934754029954E-5,3.9053129600797664E-5,3.670673651448295E-5,3.526465833991685E-5,3.451590425322047E-5,3.425026751375648E-5,3.429051411258216E-5,3.452014295910241E-5,3.4907191757150675E-5,3.5516651446225967E-5,3.650655880140697E-5,3.8109167658965186E-5,4.059740448847755E-5,4.4217220369747095E-5,4.902509265624575E-5,5.454435732946804E-5,5.932810076603863E-5,6.112787090967254E-5,5.847918390292454E-5,5.2240613597668634E-5,4.4668323062156745E-5,3.7495255097836246E-5,3.136983536152623E-5,2.6283887368341515E-5,2.2025840079494236E-5,1.840425602910174E-5,1.5309932656082713E-5,1.2699552472008707E-5,1.0554628364994212E-5,8.84920573564866E-6,7.538996968472623E-6,6.5668372527495145E-6,5.87350468453191E-6,5.407226980238417E-6,5.132191543542954E-6,5.038038397878539E-6,5.078546691590899E-6,4.965721078292903E-6,4.779677506228721E-6,4.684251318777007E-6,4.648518623716779E-6,4.652219402641881E-6,4.6967187605248256E-6,4.794200029418535E-6,4.962470346991979E-6,5.223361410438152E-6,5.603258820270043E-6,6.13500392747702E-6,6.860741010772569E-6,7.835443862694579E-6,9.13078630697685E-6,1.0838513038394235E-5,1.307110413416075E-5,1.5954600674902345E-5,1.960335260537809E-5,2.406089968385746E-5,2.9195588112553104E-5,3.457797590688497E-5,3.944524671561031E-5,4.285964288259104E-5,4.389497148418765E-5,4.1395632848627336E-5,3.370514531193157E-5,2.1207481522816407E-5,9.619347460651072E-6,3.235360987262965E-6,7.891532401523341E-7,9.057491093191909E-8,5.537267228352453E-9,1.0155786625009356E-7,2.3294057219306944E-7,3.5613677075843716E-7,4.6182874259786014E-7,5.512978083183457E-7,6.284837802532428E-7,6.975182975105092E-7,7.621436730634583E-7,8.257578113478073E-7,8.916513182207493E-7,9.63303409062845E-7,1.0447205272191591E-6,1.1408592656965233E-6,1.2582239905840342E-6,1.4058025497231497E-6,1.5966465994181946E-6,1.850716335834036E-6,2.2003503522775147E-6,2.7016328642547857E-6,3.460427364789766E-6,4.700002156150812E-6,6.96891033722459E-6,1.1942941017200823E-5,2.6281589939793886E-5,4.955442220554608E-5,7.581218249217036E-6,4.23748372999105E-6,6.371915622298389E-7,9.441639462039542E-6,4.906213843460305E-6,4.418216757742934E-8,5.163794917591764E-6,7.064610943207043E-6,3.4198363165846703E-6,4.397454536717598E-6,1.6281247575955544E-5,2.3685313290052146E-5,1.4153311663972689E-5,7.902680186617869E-6,4.279330333083117E-6,6.205616539051149E-6,7.636109774150334E-6,6.00211942680911E-6,3.2964279757791444E-6,6.096306617138709E-7,4.462020140679383E-7,3.192315153227812E-6,6.289082437957758E-6,8.04544560521365E-6,8.973058247872348E-6,8.775999444721268E-6,8.267687127188692E-6,1.0127555776196732E-5,1.4360291401297899E-5,1.8521256214729515E-5,2.2713313130882823E-5,2.5493487944466988E-5,2.3551389459190008E-5,1.8693124055104997E-5,1.5634949053426606E-5,1.5313547420828882E-5
17.8608,1.3755861467568031E-5,1.3986395370715962E-5,1.4602239183568212E-5,1.5662780822836113E-5,1.7228802612177286E-5,1.9352645232958047E-5,2.205906910101851E-5,2.5322339377625296E-5,2.9054411010695893E-5,3.3122164891905576E-5,3.73955652921515E-5,4.179747421170921E-5,4.6307154500870616E-5,5.088115731079625E-5,5.528936058688572E-5,5.893285085482478E-5,6.0849730085769624E-5,6.0176023191100144E-5,5.688240749577897E-5,5.195903767483438E-5,4.674321665280879E-5,4.219567350435752E-5,3.872221664252006E-5,3.6348375408171825E-5,3.4920594304080514E-5,3.422461643122024E-5,3.404100093657771E-5,3.417671801428536E-5,3.449404756806798E-5,3.49383623414172E-5,3.55558801374491E-5,3.649378184446682E-5,3.7982740163443485E-5,4.030389148997571E-5,4.372590560413025E-5,4.835660955981061E-5,5.3815500187349234E-5,5.8765896599540486E-5,6.094495890832333E-5,5.866231468624346E-5,5.257873790781785E-5,4.499401091089608E-5,3.777749036842539E-5,3.164892551047393E-5,2.6602489415280096E-5,2.2399378436750826E-5,1.8817701281420477E-5,1.5728651491528378E-5,1.3085805181890635E-5,1.0881185981821443E-5,9.104588598511903E-6,7.725047128160295E-6,6.69312532777233E-6,5.952420078568706E-6,5.451206295030476E-6,5.1531751972725834E-6,5.050572807318469E-6,5.110027118155857E-6,5.028939232441611E-6,4.852235963586848E-6,4.762008433182218E-6,4.73210128715683E-6,4.740152850233991E-6,4.785912285088122E-6,4.8811620578581366E-6,5.04418392970224E-6,5.297745620585723E-6,5.669373632359711E-6,6.193200514036118E-6,6.9129223766088E-6,7.885529891072262E-6,9.185369246832682E-6,1.0907486561265503E-5,1.3167648630586829E-5,1.6093218136312202E-5,1.9793826724906647E-5,2.4296185248209607E-5,2.9435484688151744E-5,3.4740160191262134E-5,3.942101445937861E-5,4.25464945621618E-5,4.318843126912683E-5,4.010984122309102E-5,3.1657059725691236E-5,1.8873250800650932E-5,7.983588861535267E-6,2.4564422422395977E-6,5.054279534517333E-7,2.7612373657110802E-8,3.200786988161163E-8,1.6160530482258058E-7,3.035457717338409E-7,4.281346252631101E-7,5.319691618898348E-7,6.188956217974002E-7,6.93966291498297E-7,7.617815307731226E-7,8.262705848252007E-7,8.909122654389254E-7,9.590713808538003E-7,1.0343671555270073E-6,1.1210848702593464E-6,1.2246963428135232E-6,1.3526155179780529E-6,1.515422873021396E-6,1.7290203821478766E-6,2.01871118720175E-6,2.427559014098342E-6,3.0352644425885083E-6,4.006553462406749E-6,5.738717739729669E-6,9.438546940286359E-6,2.031145440973764E-5,4.963760740158904E-5,4.193329346567945E-6,2.569891097104718E-5,7.098333668901957E-7,1.1385587239507432E-5,1.463139854135404E-6,9.551686329703558E-7,9.698499672522648E-6,7.88511271069271E-6,4.5474176881308485E-6,6.7254199810761715E-6,1.9590499832184262E-5,2.174639925367141E-5,1.1434131938260213E-5,5.169591306096106E-6,2.9382171673504563E-6,4.437278550422948E-6,5.046711784128288E-6,3.5507382823138193E-6,1.4192380263967028E-6,2.7276341467143763E-7,1.851502066422321E-6,6.182124030852998E-6,9.265282618460827E-6,1.0902635832621165E-5,1.1988624920376969E-5,1.1726967634041955E-5,1.1077948865869126E-5,1.3245846947872233E-5,1.6923642637413157E-5,1.983453987053162E-5,2.293981110028439E-5,2.5088213244864994E-5,2.291794088754489E-5,1.7748815877669895E-5,1.4353151191642938E-5,1.3518058641880031E-5,1.3819624113550155E-5
18.45616,1.3828369589753333E-5,1.4015310052027977E-5,1.4593601401027932E-5,1.562638280331574E-5,1.7179438862621194E-5,1.931157570198341E-5,2.205383102432701E-5,2.5382223460750906E-5,2.9200024996793655E-5,3.3351890309091E-5,3.767670924752798E-5,4.206951440901716E-5,4.6498025337556944E-5,5.09324032503051E-5,5.518515527696568E-5,5.8721887321887755E-5,6.06320884326358E-5,6.003415059134144E-5,5.6810558745211435E-5,5.188094410738859E-5,4.658917075707698E-5,4.194382832895305E-5,3.839054634582555E-5,3.597433656352152E-5,3.454778255591156E-5,3.389559994070863E-5,3.379121885898187E-5,3.402716479224676E-5,3.444420131419772E-5,3.496272910525659E-5,3.5606467417887244E-5,3.6507809906496206E-5,3.789270478224549E-5,4.004819862653587E-5,4.326337620367274E-5,4.7694822064983E-5,5.3059544823212934E-5,5.814810267230102E-5,6.071481980059607E-5,5.884255476711071E-5,5.2945727420176275E-5,4.534373660039292E-5,3.8060248651869885E-5,3.190743335844685E-5,2.689148714787447E-5,2.2747823459826102E-5,1.9220517585032233E-5,1.6154581674253538E-5,1.349387840339995E-5,1.1237294450034163E-5,9.39045210943351E-6,7.937952060521334E-6,6.840514012196874E-6,6.046136146577415E-6,5.503783441630128E-6,5.176601883980858E-6,5.05901129590486E-6,5.1321446500302005E-6,5.085263845914416E-6,4.9214348476173006E-6,4.83852743505811E-6,4.816648639607684E-6,4.831502521008142E-6,4.880878591310149E-6,4.975802854342588E-6,5.1348211894961335E-6,5.381567541800286E-6,5.744716185201762E-6,6.259714670929221E-6,6.971827048024287E-6,7.940091641634223E-6,9.241647828838661E-6,1.097517936262913E-5,1.3260425290556444E-5,1.6227111757036448E-5,1.998116882739623E-5,2.4532489112932144E-5,2.968099161842594E-5,3.490904972696869E-5,3.939758848329876E-5,4.22181632995352E-5,4.243177058885326E-5,3.870933640362836E-5,2.9459950189909173E-5,1.6523793312190998E-5,6.466432452049822E-6,1.787761878415213E-6,2.880541727567476E-7,1.1946682788247403E-9,7.890703040868576E-8,2.3354185366871788E-7,3.8132833893224297E-7,5.045548974689543E-7,6.048282582385047E-7,6.881167656511826E-7,7.603660698422972E-7,8.265373592937087E-7,8.906958458529843E-7,9.563808200150793E-7,1.0270303177882006E-6,1.1064219035749042E-6,1.1991684451242524E-6,1.3113638730526977E-6,1.4515563562293474E-6,1.6323931765222365E-6,1.8736640231874427E-6,2.2084353153675367E-6,2.6966966789717365E-6,3.4598394699170366E-6,4.784540491807474E-6,7.529237656219117E-6,1.5540342483949736E-5,4.782482315113385E-5,1.3135291362323678E-6,1.4573364566544104E-5,2.803930176288364E-6,9.412464056922274E-6,1.9671182210123493E-7,3.210120840342696E-6,1.449413694391577E-5,8.377853423165488E-6,5.596721108882449E-6,8.853316503906027E-6,2.056536680045035E-5,1.87129930586059E-5,8.503882384337089E-6,2.9487840509724455E-6,1.6721306927052398E-6,3.0379598791466356E-6,3.4017651952797253E-6,2.1907821077406327E-6,8.467770119656096E-7,1.0854478117921E-6,4.348436777430889E-6,9.680969478252074E-6,1.226855943775099E-5,1.3671920941378304E-5,1.486342060991644E-5,1.4405333773091475E-5,1.3537770122240397E-5,1.5708637703731265E-5,1.8410885791624083E-5,1.99918283479516E-5,2.1880571711695625E-5,2.3169642738976782E-5,2.08209509522446E-5,1.5671435834961545E-5,1.2114786108544912E-5,1.0820651123921939E-5,1.0577452715296143E-5,1.0771541005821907E-5
19.05152,1.3913954680271869E-5,1.4053376086407626E-5,1.4589352556686753E-5,1.5588805127214126E-5,1.7122642786251438E-5,1.925671833309109E-5,2.2029742963188952E-5,2.5421646125213252E-5,2.9328989179990662E-5,3.3574383165495305E-5,3.7963185625844044E-5,4.235852025275425E-5,4.671278758531574E-5,5.1007380296834694E-5,5.5096815808479245E-5,5.851382440918819E-5,6.0407440472622893E-5,5.988838166792133E-5,5.675005156381311E-5,5.1828036158613354E-5,4.646259794545281E-5,4.171082461381601E-5,3.8063269463754564E-5,3.558861465868259E-5,3.414833129103036E-5,3.3528471778699055E-5,3.3497788923384236E-5,3.383635151609865E-5,3.436383705254847E-5,3.497383706873004E-5,3.566382039170329E-5,3.654698286056958E-5,3.784076239340385E-5,3.9835317880495534E-5,4.283749931126801E-5,4.704928674151728E-5,5.22843513319233E-5,5.747500177846E-5,6.042893233299706E-5,5.901302755006188E-5,5.334452254851173E-5,4.5726195937346435E-5,3.835124441495968E-5,3.214856615409301E-5,2.714874076877524E-5,2.3064672490285624E-5,1.9604255325384083E-5,1.6580271750776657E-5,1.3919401391015039E-5,1.1622068723035019E-5,9.708492459708284E-6,8.180721973319478E-6,7.0123613778099E-6,6.157843038653627E-6,5.567775327257361E-6,5.204810759954592E-6,5.064935973891536E-6,5.144839808146814E-6,5.133243035704149E-6,4.985748256429211E-6,4.912280998986946E-6,4.900692781070458E-6,4.92504676743663E-6,4.9808271893136115E-6,5.077867694230678E-6,5.234675958373093E-6,5.475617979467985E-6,5.8304912783775804E-6,6.336068770814701E-6,7.03918163393778E-6,8.000907030906915E-6,9.301225710900434E-6,1.10426992086785E-5,1.334965168963057E-5,1.6355257399005124E-5,2.0163014414765558E-5,2.476644597086767E-5,2.9928475488602975E-5,3.508157543183489E-5,3.937301618551908E-5,4.1873232648929375E-5,4.16207760835577E-5,3.718448404174094E-5,2.712029100832259E-5,1.419722546293842E-5,5.089091741403749E-6,1.2309933643644734E-6,1.3431252522446687E-7,8.814739121409027E-9,1.444263319214608E-7,3.160609053587834E-7,4.652828849082476E-7,5.845580564181421E-7,6.796441942210194E-7,7.582175635772257E-7,8.269160893623013E-7,8.909671235727772E-7,9.54532716805196E-7,1.021204483298733E-6,1.094506595503467E-6,1.1784106097904057E-6,1.277931279880044E-6,1.3999379298584827E-6,1.5544374155202925E-6,1.7568586161704633E-6,2.0325519605596563E-6,2.426626631626164E-6,3.0284138683110428E-6,4.044119013876307E-6,6.079030741040732E-6,1.1876187355151571E-5,4.414891163182759E-5,4.753518946313288E-8,4.950190774877016E-6,2.380733444320141E-6,5.398002799172054E-6,5.028053719438485E-8,6.274287261921474E-6,1.8537879795294725E-5,8.351440424322416E-6,6.4479978226479995E-6,1.011136926205613E-5,1.9348945096040312E-5,1.5042705097192924E-5,5.693534840773212E-6,1.32378387138282E-6,8.870120091185615E-7,2.546147509228422E-6,2.9046157116300744E-6,2.0178232762147768E-6,1.4931833053940652E-6,2.7933206390977375E-6,7.601958251329334E-6,1.316952563288858E-5,1.4878596945139093E-5,1.5868221044032543E-5,1.7011552112962323E-5,1.629336592496219E-5,1.5209206423584582E-5,1.7056720274853474E-5,1.8666556919215267E-5,1.9089230738352724E-5,1.9827983667200796E-5,2.0159174475062803E-5,1.7626610415522436E-5,1.2777518129059039E-5,9.29102191233576E-6,7.736471273807495E-6,7.197160198030887E-6,7.1177115474987145E-6,6.913896235281787E-6
19.64688,1.4014318236696686E-5,1.410227895374999E-5,1.4591063575804362E-5,1.555138254537919E-5,1.7059295715543385E-5,1.91881480154222E-5,2.1985651146429074E-5,2.5437973529091743E-5,2.943742993403996E-5,3.378534493988455E-5,3.825130573932508E-5,4.2662182824183E-5,4.6950838059645175E-5,5.110714704080185E-5,5.502659726224525E-5,5.831094457695637E-5,6.017645416819897E-5,5.973742613388983E-5,5.669986905963538E-5,5.180197208652554E-5,4.636791381939882E-5,4.150245148162092E-5,3.774620392848421E-5,3.5196089290429725E-5,3.372536851614682E-5,3.312384876475658E-5,3.315831399682394E-5,3.359898781570989E-5,3.424573668142556E-5,3.496418246804358E-5,3.572195442457296E-5,3.660823884202063E-5,3.782748087458461E-5,3.966954490822245E-5,4.2456020321995295E-5,4.6430289808496246E-5,5.149969114736037E-5,5.6749249594839156E-5,6.007897017058485E-5,5.9164390521377E-5,5.377640684105177E-5,4.615070561426582E-5,3.8660118111318556E-5,3.237777735521358E-5,2.737401191091661E-5,2.3344389262008974E-5,1.9960137361346566E-5,1.6996848810516324E-5,1.4356205838268574E-5,1.2033186438719408E-5,1.0059649564496765E-5,8.456203272021269E-6,7.212212842197618E-6,6.291072238430519E-6,5.646399354934722E-6,5.240594445958735E-6,5.070491930604996E-6,5.1486879405157E-6,5.171718619174253E-6,5.0437008746672325E-6,4.981651397871331E-6,4.98254093812078E-6,5.019234116848932E-6,5.0845942547518825E-6,5.186752887562967E-6,5.3437683824989755E-6,5.5805159682205704E-6,5.927842425430698E-6,6.423835988696861E-6,7.116879347764632E-6,8.070045127845717E-6,9.366129423538797E-6,1.1111694859857047E-5,1.3436140411654424E-5,1.6477142654430364E-5,2.0337238284244738E-5,2.499450611765794E-5,3.0173690345247558E-5,3.5253795810799674E-5,3.934445825370911E-5,4.150946684002355E-5,4.075011206721014E-5,3.552540138026275E-5,2.4651990066295446E-5,1.1936244154061901E-5,3.868870980244062E-6,7.851393557853675E-7,4.043511114764577E-8,4.752733109127692E-8,2.2653887174234854E-7,4.077320611106308E-7,5.543288748965607E-7,6.672562820134002E-7,7.556201452757635E-7,8.284217762514467E-7,8.928085603692387E-7,9.54191679009751E-7,1.0168015426754942E-6,1.0842855167568291E-6,1.1602813339522538E-6,1.249010626541904E-6,1.3559980916659455E-6,1.4891091207573054E-6,1.6602916131056235E-6,1.8888877264769837E-6,2.2087095540709334E-6,2.685315783197885E-6,3.4664809975642004E-6,4.9758586501038545E-6,9.12387250118138E-6,3.917348024776947E-5,4.003167737084076E-7,1.4991256016234848E-6,2.0347196465485018E-6,2.2535161276159673E-6,5.349084204936718E-7,9.44545584958489E-6,2.11808502685408E-5,7.77202935951562E-6,6.856589971092177E-6,1.0160134895252037E-5,1.6520607695942813E-5,1.1143318001367663E-5,3.284905895278706E-6,3.246569355411323E-7,9.756395857671363E-7,3.203482627499268E-6,3.561065949554374E-6,2.9557048101539684E-6,3.1106501397869578E-6,5.145852338892757E-6,1.116561675819353E-5,1.629002435212562E-5,1.6842997733910572E-5,1.7171370344784122E-5,1.800494950464008E-5,1.701305552086931E-5,1.574225197627683E-5,1.7003105620142853E-5,1.7642361021595172E-5,1.723274797972383E-5,1.7054508398567084E-5,1.6520530296557982E-5,1.3840716459981613E-5,9.494907805443283E-6,6.3250405671127374E-6,4.794991569009611E-6,4.2480660818887384E-6,4.146678338454085E-6,3.959663614757485E-6,3.309867600160776E-6
20.24224,1.4131282132699025E-5,1.4163860988125703E-5,1.4600495455395783E-5,1.551568528312135E-5,1.6990573938035534E-5,1.9106283537143108E-5,2.1920725622148146E-5,2.5428740855891484E-5,2.952135230435988E-5,3.398003525156733E-5,3.853671841951622E-5,4.2977454007277545E-5,4.721087641606225E-5,5.123221317469589E-5,5.497647467048949E-5,5.811559539228202E-5,5.994002532018055E-5,5.957988352237333E-5,5.665835819338306E-5,5.180374738772154E-5,4.630931739692113E-5,4.13247649364067E-5,3.744578673715621E-5,3.480252288161866E-5,3.3283106470359655E-5,3.2683503207855774E-5,3.277137440820936E-5,3.3310270220612614E-5,3.408245010657519E-5,3.492529958674775E-5,3.5773418825945514E-5,3.668690777407707E-5,3.7852021260382516E-5,3.9554192968001815E-5,4.212627755877774E-5,4.584856723449974E-5,5.071712988898257E-5,5.597632752352207E-5,5.9657619542226564E-5,5.928476219175239E-5,5.424022367215727E-5,4.662671162548237E-5,3.8998356475095856E-5,3.260294990545571E-5,2.756937299110404E-5,2.358298348915274E-5,2.0279605966902968E-5,1.7394267635259217E-5,1.4796183423850238E-5,1.246651512510053E-5,1.044374241967115E-5,8.766848861338124E-6,7.4437040071225794E-6,6.4496764065330976E-6,5.743279205143104E-6,5.287202417809032E-6,5.078391220827421E-6,5.144980129062425E-6,5.199977480889408E-6,5.093989717012125E-6,5.045026700836922E-6,5.060337220106474E-6,5.1121967507065705E-6,5.190606180284452E-6,5.30143266683149E-6,5.461755211021345E-6,5.696619901353768E-6,6.0377740595727265E-6,6.5245772084155125E-6,7.206932170081994E-6,8.149835726034193E-6,9.438803718202692E-6,1.118439418119415E-5,1.3521401049416144E-5,1.6592941899760342E-5,2.0502177748584963E-5,2.521314448430615E-5,3.0411906753451835E-5,3.5420916811227E-5,3.9308104545960244E-5,4.112361675749557E-5,3.981300004405789E-5,3.372239324250889E-5,2.2078064940420474E-5,9.78580831603471E-6,2.8180430631116385E-6,4.4659874480382864E-7,1.7165656360274397E-9,1.1400014330406597E-7,3.2301943475159907E-7,5.070089015536475E-7,6.473145979505702E-7,7.517176247306607E-7,8.319305464429502E-7,8.979297278324773E-7,9.57206828662056E-7,1.0152847904643961E-6,1.0764416411903926E-6,1.1443924545978472E-6,1.2229282670831555E-6,1.3165977225014014E-6,1.4315847418546817E-6,1.5770673607389607E-6,1.767673147125565E-6,2.0285599940318792E-6,2.4075425655884253E-6,3.0098502856565426E-6,4.129447576613625E-6,7.072482913289763E-6,3.377130592542872E-5,8.873836856320353E-6,3.3065485783901017E-7,1.9915829238918966E-6,9.069452619256691E-7,2.0473948826420492E-6,1.209834022418033E-5,2.2211038812353272E-5,6.7764470406785085E-6,6.534520801917317E-6,9.063010253615246E-6,1.2826111100605714E-5,7.425976620692892E-6,1.4768502475072775E-6,4.423722372265035E-8,2.1604117414575153E-6,5.021441456625637E-6,5.234717209097783E-6,4.793195455486987E-6,5.388543261811521E-6,7.872195295739289E-6,1.4612511779959782E-5,1.887328059804623E-5,1.8114513059487066E-5,1.7523882546196756E-5,1.7727881385308537E-5,1.643386418572507E-5,1.4993842038438823E-5,1.5536574458724637E-5,1.5447777190770216E-5,1.4570798312032717E-5,1.3797448335100307E-5,1.2649445801985703E-5,9.960459309718195E-6,6.2708861865064605E-6,3.6492032980893912E-6,2.4413741580923513E-6,2.1531310012747985E-6,2.2469073322129567E-6,2.256582399128292E-6,1.9383815369900416E-6,1.3985694081564798E-6
20.8376,1.4266785299673785E-5,1.4240123600148358E-5,1.4619602470070386E-5,1.5483523525777197E-5,1.69179614281699E-5,1.901192204406877E-5,2.1834529090545178E-5,2.539175071932672E-5,2.9576736097738105E-5,3.4153327164440616E-5,3.8814409769793216E-5,4.330049636444999E-5,4.7490811734228216E-5,5.138241086996107E-5,5.494800127228991E-5,5.793008460658359E-5,5.9699275272425946E-5,5.941431293362981E-5,5.66232059837348E-5,5.183353205861633E-5,4.6290610721190015E-5,4.118396458599629E-5,3.716900263739174E-5,3.4414531531222756E-5,3.282687426628071E-5,3.221049339526974E-5,3.233677054867755E-5,3.296619430878562E-5,3.3866582330631E-5,3.4847923344904943E-5,3.580927996422423E-5,3.6776526203799245E-5,3.791184887276084E-5,3.949127160951093E-5,4.185487554674684E-5,4.5314961894778205E-5,4.994977743872522E-5,5.516486015298872E-5,5.9159580454733345E-5,5.935994929396637E-5,5.473151946299377E-5,4.716310822023408E-5,3.93790943969667E-5,3.283449418246016E-5,2.773955126190114E-5,2.3778597194101694E-5,2.055499605602821E-5,1.7761760502412975E-5,1.5229292134292806E-5,1.2915757740620486E-5,1.0859028737670313E-5,9.114398776163791E-6,7.71040523357424E-6,6.637785636532874E-6,5.862447339106662E-6,5.3483448374308094E-6,5.091902783144323E-6,5.135766739158915E-6,5.217897247247452E-6,5.13562257404231E-6,5.100924986287714E-6,5.132160503773138E-6,5.201799744462977E-6,5.296868151191975E-6,5.420394623965042E-6,5.587833356046393E-6,5.823922216345437E-6,6.16105357444373E-6,6.639757909073088E-6,7.311404115672244E-6,8.242819686436417E-6,9.522084888058488E-6,1.1263616780759103E-5,1.3607718502337815E-5,1.6703682533111446E-5,2.0656876837225098E-5,2.5419123281426675E-5,3.063811199506787E-5,3.557737833835348E-5,3.925913237773316E-5,4.071122301791565E-5,3.8800862343588906E-5,3.176669261459167E-5,1.9431960753819103E-5,7.790047946714453E-6,1.9430453061841103E-6,2.0933461117175245E-7,1.26278346921539E-8,2.0455250596750234E-7,4.314508580757704E-7,6.122235210601942E-7,7.430087213485279E-7,8.369585820665694E-7,9.077165818073853E-7,9.659175706168335E-7,1.0192485055114124E-6,1.0732791203379801E-6,1.1323172285431471E-6,1.200159927655448E-6,1.2807969212252255E-6,1.3791965825590885E-6,1.5023961179471059E-6,1.6613369549013334E-6,1.8745002304594743E-6,2.1763337549892257E-6,2.6408694136300277E-6,3.469345025423642E-6,5.537722115840661E-6,2.874090426337686E-5,1.0079385739374619E-5,8.484275537613778E-8,2.384611015744842E-6,8.6407185404471E-7,4.547643136891504E-6,1.3850160504954857E-5,2.176252660843347E-5,5.578168062078902E-6,5.4708199910410425E-6,7.199926206197235E-6,9.012159414251664E-6,4.282620853221694E-6,3.762930253197905E-7,5.61532153408737E-7,4.4347713731320225E-6,7.844820929444741E-6,7.676099543066734E-6,7.213244744113828E-6,7.999347793026101E-6,1.0662615830735598E-5,1.757449857340504E-5,2.0852945795920338E-5,1.8785918415572075E-5,1.7096997127143072E-5,1.6399086695820007E-5,1.4726156821889148E-5,1.3107487821161423E-5,1.2956788022373172E-5,1.2406840525358715E-5,1.1371107043095223E-5,1.0322995729188459E-5,8.880899039722398E-6,6.399107257678438E-6,3.4980701423863566E-6,1.62161349091654E-6,9.878985159644219E-7,1.1624592432052377E-6,1.6128940545298194E-6,1.949370541443628E-6,2.0233728473327737E-6,1.9876901183037625E-6,2.2308314090288887E-6
21.43296,1.442287760523356E-5,1.4333228735939704E-5,1.4650534870056535E-5,1.545694986919289E-5,1.6843257850701485E-5,1.89062670153989E-5,2.1727082388047743E-5,2.5325178608595628E-5,2.9599651550384648E-5,3.429978786851254E-5,3.9078726952708277E-5,4.362665327256852E-5,4.7787681960110766E-5,5.155676596896486E-5,5.4942150532178645E-5,5.775654468312162E-5,5.945552077051859E-5,5.9239311633912875E-5,5.659144912569956E-5,5.189051065588247E-5,4.6314990552111686E-5,4.1086241253716676E-5,3.692328902949816E-5,3.403952841322883E-5,3.2363114086071185E-5,3.170925718628371E-5,3.185575005380441E-5,3.2563893309748425E-5,3.359114879731757E-5,3.472223981005472E-5,3.5819181817461495E-5,3.686869392752578E-5,3.800244205158518E-5,3.948113240413391E-5,4.164731574836949E-5,4.4840023358994464E-5,4.921190612031923E-5,5.4326729818605114E-5,5.858266941037117E-5,5.937408581823918E-5,5.524169519110609E-5,4.776733710281857E-5,3.9816771757913916E-5,3.308534726307513E-5,2.789217938801988E-5,2.3932047154589153E-5,2.0780292163915312E-5,1.8088499775680466E-5,1.564377831700783E-5,1.3372180941934696E-5,1.1301707649150892E-5,9.499453934843507E-6,8.015583429040347E-6,6.859724293203864E-6,6.008339362631257E-6,5.428200305663015E-6,5.114836111720896E-6,5.12386098606938E-6,5.226069902696079E-6,5.168061962646871E-6,5.148140476023909E-6,5.196159172043694E-6,5.285734430079532E-6,5.4009907873638025E-6,5.541596201206102E-6,5.720644677100516E-6,5.961930030003815E-6,6.298091420349198E-6,6.7706413250959476E-6,7.4323218812003115E-6,8.351677219687474E-6,9.619149589038595E-6,1.1352756835385032E-5,1.369819821620876E-5,1.6811386869792758E-5,2.0801334123968022E-5,2.5609797375114848E-5,3.084728183833505E-5,3.571701706690523E-5,3.9191719396622654E-5,4.026642172653565E-5,3.7702947363194083E-5,2.9651634702171555E-5,1.675807656745295E-5,5.988721261076403E-6,1.2440959809089416E-6,6.513234953839303E-8,6.693069351901334E-8,3.151823504380853E-7,5.492166942029763E-7,7.215667560472795E-7,8.400773018208097E-7,9.219220578139333E-7,9.820670092233653E-7,1.0315217966938958E-6,1.0780337317450275E-6,1.1271572244644828E-6,1.1832079707920487E-6,1.2500715024908527E-6,1.331973522861348E-6,1.4343953178675642E-6,1.565459442308302E-6,1.7385080862163704E-6,1.9778548960688735E-6,2.334474371780932E-6,2.943025447085982E-6,4.376062104245815E-6,2.4567956413178154E-5,1.0675533249182599E-5,5.209410439186607E-8,3.3287199518782127E-6,1.410468361102314E-6,7.159832875760933E-6,1.4607429303360077E-5,2.0171563302530672E-5,4.353737593004007E-6,3.95252750571785E-6,5.099882040808348E-6,5.707903704251237E-6,2.014925681026087E-6,6.259029338754957E-9,1.8294592700198958E-6,7.555013929760457E-6,1.138976992929729E-5,1.0544402734848584E-5,9.813985565627306E-6,1.059151088894712E-5,1.317060843131408E-5,1.9716733048030337E-5,2.2135582941601566E-5,1.8963634664169815E-5,1.6148308682822144E-5,1.4424446619409649E-5,1.2292597690215102E-5,1.0478289857781773E-5,9.788697077882974E-6,9.024098730338843E-6,8.044127550359792E-6,6.9779658064671994E-6,5.541714187486018E-6,3.4894090142208205E-6,1.4805346020721215E-6,4.894847928703658E-7,5.993631676500768E-7,1.362374486272583E-6,2.271374985319148E-6,3.0131429891441137E-6,3.490553549396142E-6,3.870039199690126E-6,4.5336201532950815E-6,5.873123771823275E-6
22.02832,1.4601709850156897E-5,1.4445499252994833E-5,1.4695641330390128E-5,1.543826021173629E-5,1.6768581897137134E-5,1.8790948460058022E-5,2.1598923443882927E-5,2.522768167764065E-5,2.9586393147701264E-5,3.441378638415457E-5,3.932342965081281E-5,4.3950445390639644E-5,4.809759479263279E-5,5.175337732722369E-5,5.495914691231414E-5,5.7596766299272974E-5,5.921020760779058E-5,5.905359330947158E-5,5.6559523054341774E-5,5.197273649257239E-5,4.638481334602043E-5,4.103759216734523E-5,3.671641636104708E-5,3.3685640843300416E-5,3.189933876746536E-5,3.118565820850893E-5,3.133120124967359E-5,3.2101985922300746E-5,3.3249993367469567E-5,3.453823375039275E-5,3.579150438563705E-5,3.6952997303861864E-5,3.811701778228808E-5,3.952208860710318E-5,4.150758380738656E-5,4.44335553303148E-5,4.851844847570912E-5,5.347693604513873E-5,5.792889115096985E-5,5.9310769267583586E-5,5.575730353291286E-5,4.844424562542103E-5,4.032661028403711E-5,3.337086284521702E-5,2.8037932643786133E-5,2.404727196438304E-5,2.0951904737512952E-5,1.836445403603777E-5,1.6026673095930343E-5,1.3824513545483538E-5,1.1765410833461773E-5,9.92093483380504E-6,8.361851746347728E-6,7.119864779108407E-6,6.185769933106337E-6,5.5314288461750605E-6,5.151528252923074E-6,5.1128071975806785E-6,5.225888288396899E-6,5.191360134327549E-6,5.185900420101415E-6,5.250717794096139E-6,5.36166051893196E-6,5.500268055982914E-6,5.6624584227522344E-6,5.85819491522423E-6,6.1095381445165385E-6,6.4487995224557865E-6,6.918154379314407E-6,7.571558288492522E-6,8.479130313668511E-6,9.733436528143236E-6,1.1455732873062438E-5,1.3796770684587725E-5,1.6919174081977385E-5,2.09367325580948E-5,2.578344356729719E-5,3.10347159468365E-5,3.583330906175256E-5,3.909911993694809E-5,3.978175660899577E-5,3.65059692679069E-5,2.7374402407173826E-5,1.4111001989376663E-5,4.413715398686703E-6,7.152834904120362E-7,3.935765712025248E-9,1.577957106548474E-7,4.4158618040175835E-7,6.734833029077966E-7,8.330552464777395E-7,9.370456291825081E-7,1.005438580249728E-6,1.0539807984312806E-6,1.0938039331556694E-6,1.1325915468722741E-6,1.1758178247096513E-6,1.2277705680645266E-6,1.2924060961449909E-6,1.3741903732148535E-6,1.4791762568569797E-6,1.6168100800593667E-6,1.8037388575630823E-6,2.073845280496392E-6,2.513907964153065E-6,3.484202129361872E-6,2.1342905415048816E-5,9.709108860907628E-6,2.5035043607345126E-7,4.778960396965944E-6,2.086670228442111E-6,9.311143771056466E-6,1.4490082777827958E-5,1.783759667881746E-5,3.2017977792048635E-6,2.385384794805848E-6,3.2699450581757454E-6,3.3452797539628987E-6,7.737397234113972E-7,3.184153362563061E-7,3.6365343946034435E-6,1.106885763593736E-5,1.5280917751801912E-5,1.3455099240055556E-5,1.2151344761083718E-5,1.2774995283519236E-5,1.5037882643235498E-5,2.0737479601752997E-5,2.2518916458564328E-5,1.8654225556222044E-5,1.487393091905633E-5,1.2188892164325753E-5,9.595192757306556E-6,7.6061312062766814E-6,6.607888846078077E-6,5.844211089977179E-6,5.056780564829539E-6,4.151103852446351E-6,2.9496814372920436E-6,1.4896759913294653E-6,4.154776896886469E-7,3.638984230576615E-7,1.2823819106849314E-6,2.6787657729242396E-6,4.098407645771398E-6,5.290379083848874E-6,6.150705502324581E-6,6.818286124575076E-6,7.680635057046303E-6,9.138737946117744E-6,1.1464874178101672E-5
22.62368,1.4805518423453385E-5,1.457941764286721E-5,1.475747134189353E-5,1.5429993700480646E-5,1.6696370372983274E-5,1.8668034474889213E-5,2.145115655885823E-5,2.5098506315507105E-5,2.9533628829442412E-5,3.448962886748258E-5,3.954177181090746E-5,4.426559882384119E-5,4.841569956194782E-5,5.196931537668865E-5,5.499829350714158E-5,5.7452002893581565E-5,5.8964800531856455E-5,5.885605321656346E-5,5.652335330278427E-5,5.207701427844614E-5,4.65013372277038E-5,4.104359974524364E-5,3.6556342518329556E-5,3.336160329319487E-5,3.144405167267102E-5,3.064697698393683E-5,3.076779358003935E-5,3.158091005957302E-5,3.2838255772799546E-5,3.42861374017027E-5,3.571363902502827E-5,3.701702728442314E-5,3.824630092994037E-5,3.961002277350397E-5,4.143769436974837E-5,4.4104113957300176E-5,4.788439371310557E-5,5.2633174433654264E-5,5.7205309182248196E-5,5.915471268893578E-5,5.6259693067380556E-5,4.919470733267532E-5,4.092386371996568E-5,3.370858077228728E-5,2.8190543977794266E-5,2.4131639814898883E-5,2.106938625323284E-5,1.8581379879926612E-5,1.6364594829372967E-5,1.425911758099715E-5,1.2240762997244343E-5,1.0375437182280721E-5,8.7506768663615E-6,7.4223852426057394E-6,6.399871852422499E-6,5.663187203694314E-6,5.2068436070918965E-6,5.106825551629331E-6,5.219585198150598E-6,5.206269617645142E-6,5.21401724340829E-6,5.294644090898696E-6,5.4273951190777344E-6,5.5918168907836965E-6,5.779915357717201E-6,5.9978052925547165E-6,6.2649066642174905E-6,6.612432171051891E-6,7.082724279758745E-6,7.730683432801771E-6,8.627814215580369E-6,9.868537537159311E-6,1.1576901922419137E-5,1.390814971649956E-5,1.7031308277870133E-5,2.1065627447593234E-5,2.5939587572792016E-5,3.119641930386473E-5,3.591968716008181E-5,3.89738079321911E-5,3.924799776644062E-5,3.519382014376022E-5,2.4938448382374396E-5,1.1553029419858503E-5,3.0861673349181355E-6,3.4511990596059914E-7,1.4248714107205429E-8,2.7793067475172486E-7,5.791807928339623E-7,8.011780651321368E-7,9.444893975483263E-7,1.032246486670256E-6,1.0861701528757046E-6,1.1223088749924933E-6,1.151690430858552E-6,1.1818163882951764E-6,1.218004958375636E-6,1.2644518880814385E-6,1.3251163287511145E-6,1.404629329136789E-6,1.5095625692078119E-6,1.6508373460128583E-6,1.849753145463073E-6,2.158893284049162E-6,2.7920988673876325E-6,1.858947069078536E-5,7.6161684140350435E-6,1.4527525790333967E-6,6.476753030974947E-6,2.701785225548611E-6,1.080496702346247E-5,1.3700254430228967E-5,1.5120915794671917E-5,2.1752046379269638E-6,1.1311171954092078E-6,2.0834189532858087E-6,2.140194660122503E-6,5.559403691332362E-7,1.2136383932113819E-6,5.674831622357379E-6,1.440169087465617E-5,1.9102389815248688E-5,1.6069255622452724E-5,1.3836091412170959E-5,1.4157505118934596E-5,1.59449454746299E-5,2.043658495828435E-5,2.1739623794411236E-5,1.7726215458373706E-5,1.3335454278648541E-5,9.928841196616004E-6,6.9928565656003535E-6,4.927484452684187E-6,3.877176568367719E-6,3.297180238661745E-6,2.7922095060889686E-6,2.1617111248170167E-6,1.3405922905421226E-6,5.460441854121299E-7,3.6292858414296104E-7,1.1939188554087072E-6,2.8656755923198916E-6,4.855242849016489E-6,6.79584000462102E-6,8.477488319626585E-6,9.711234870329254E-6,1.0544035317692694E-5,1.1383485224353032E-5,1.2674432272105693E-5,1.4682487280835615E-5,1.76415291457271E-5
23.21904,1.5036602689313593E-5,1.4737622184014116E-5,1.4838777588594001E-5,1.543493242709395E-5,1.662937381061352E-5,1.8540033873585474E-5,2.128548915906683E-5,2.4937589253438028E-5,2.9438560358258525E-5,3.452172084529355E-5,3.972661492074406E-5,4.456510875314034E-5,4.873619968848101E-5,5.2200553661268316E-5,5.505780854048469E-5,5.732275186860803E-5,5.872062395370061E-5,5.864580443724498E-5,5.64784869072385E-5,5.2198827904635165E-5,4.666444845356168E-5,4.1109169594237785E-5,3.6451038202736426E-5,3.3076629065496925E-5,3.100663291578239E-5,3.0101843726861162E-5,3.0172047134304054E-5,3.100321400575522E-5,3.235286616495777E-5,3.395697737623999E-5,3.557239635032638E-5,3.704652115733536E-5,3.83783707707947E-5,3.973800599328042E-5,4.143719964804702E-5,4.385845841464717E-5,4.732410472550228E-5,5.181514259328288E-5,5.64245357089221E-5,5.889382001259917E-5,5.67252567241071E-5,5.001405883840348E-5,4.1622781114495624E-5,3.411785891093996E-5,2.836669979212625E-5,2.4196089199479736E-5,2.113600481029286E-5,1.8733853229321416E-5,1.664484205932281E-5,1.4660530179869185E-5,1.2715132090390212E-5,1.0856531932032646E-5,9.181721014660114E-6,7.770888806559598E-6,6.6559688446315685E-6,5.82913659698565E-6,5.286193673234511E-6,5.110750326701044E-6,5.21022244887745E-6,5.214315701029798E-6,5.233018274788515E-6,5.3273580657883165E-6,5.4811379425220236E-6,5.672782290230518E-6,5.890537053325154E-6,6.136120279886435E-6,6.425362859657091E-6,6.787419817575423E-6,7.264087059787462E-6,7.910778967368447E-6,8.800111605647725E-6,1.0028052987096859E-5,1.1720935174865435E-5,1.4037740995614582E-5,1.715318200004004E-5,2.1192069199820725E-5,2.6079297025621867E-5,3.1329502302111334E-5,3.5969917891961204E-5,3.880768128184918E-5,3.8653962535257354E-5,3.3747453111733065E-5,2.2356585665180538E-5,9.149768001687785E-6,2.0147207388398328E-6,1.1749255322791805E-7,8.358935045883408E-8,4.1972912375432456E-7,7.231387941275808E-7,9.289740688968895E-7,1.0534098198283668E-6,1.1237593759106801E-6,1.162538304833017E-6,1.1856735631605719E-6,1.203882981663141E-6,1.22436540840177E-6,1.2521834830289338E-6,1.291324382238589E-6,1.3455849710074207E-6,1.4195138860824389E-6,1.5198588471341147E-6,1.6588250260117471E-6,1.865034934329652E-6,2.253797618407057E-6,1.506386112128643E-5,5.17640828016978E-6,3.6003595925234374E-6,7.994091190133854E-6,3.2077633406143484E-6,1.153493184941047E-5,1.2418126318683185E-5,1.2290086119099949E-5,1.3200518987580567E-6,4.3083520296500957E-7,1.7457464528344473E-6,2.1334692651825117E-6,1.2549115604197525E-6,2.5743959446744936E-6,7.671341340137502E-6,1.701405532357027E-5,2.243906264231899E-5,1.8186773408412066E-5,1.4664169550848763E-5,1.4462390132019841E-5,1.5689032721986906E-5,1.8807700311192505E-5,1.9657623952995935E-5,1.59914273624992E-5,1.1482788918990399E-5,7.729050243038545E-6,4.686440402555164E-6,2.7274108299376787E-6,1.8776658272669844E-6,1.628788823901816E-6,1.4653902877594597E-6,1.1752068192026072E-6,8.02503029785867E-7,6.578534115920934E-7,1.2350507748613527E-6,2.775898580493298E-6,5.015549063713024E-6,7.451029856193296E-6,9.857286202575418E-6,1.2066017329308455E-5,1.3720732319760142E-5,1.4661514501646242E-5,1.5310309492582733E-5,1.621843778210128E-5,1.7636815563802427E-5,1.983246054093522E-5,2.2952644439917188E-5
23.814400000000003,1.5297292630793305E-5,1.4922899145337294E-5,1.4942518111531388E-5,1.5456101575866376E-5,1.657064970567016E-5,1.8409890256693447E-5,2.110425377877288E-5,2.4745646582276447E-5,2.929908913528187E-5,3.4504754330468084E-5,3.9870572552487446E-5,4.4841339781316486E-5,4.905241393551313E-5,5.2441949169692254E-5,5.513468725459537E-5,5.7208522776263114E-5,5.847865157057773E-5,5.8422167684910015E-5,5.64202546386209E-5,5.233233096070364E-5,4.687238517586836E-5,4.123822370004454E-5,3.640827802236882E-5,3.284026267523005E-5,3.059719874217466E-5,2.956011516677503E-5,2.9552317759222015E-5,3.0373773464520796E-5,3.179303401507169E-5,3.354320661711971E-5,3.5354556709921496E-5,3.702565521538881E-5,3.849862340317509E-5,3.989596371415309E-5,4.150267716894552E-5,4.370095525808931E-5,4.685057542242538E-5,5.104361207176068E-5,5.560469235358751E-5,5.852145093167203E-5,5.712655771684769E-5,5.0890494803010294E-5,4.24352132069668E-5,3.461933532680454E-5,2.858582778173077E-5,2.4255097233799833E-5,2.1159105620957613E-5,1.8820216394274288E-5,1.685669882651518E-5,1.5012440230846976E-5,1.3172721264682418E-5,1.1354109426130668E-5,9.652018780449452E-6,8.1678357839628E-6,6.959338154501869E-6,6.035422469587847E-6,5.395578895073915E-6,5.129980874981797E-6,5.20163630327998E-6,5.2178223294033895E-6,5.244236473599747E-6,5.349060872176781E-6,5.521712327178973E-6,5.74060094940508E-6,5.9907380756900865E-6,6.269197366170835E-6,6.587354862296461E-6,6.971215110163674E-6,7.461075644555889E-6,8.112213500328619E-6,8.997942562472038E-6,1.0215404494751527E-5,1.1892650874567224E-5,1.4191498537690283E-5,1.7291228276568276E-5,2.1321640650577603E-5,2.6205406518557573E-5,3.1432563982989725E-5,3.597851236374236E-5,3.859231282381283E-5,3.798632883100935E-5,3.214509775902722E-5,1.9654501478262838E-5,6.9641525481003315E-6,1.1952298846624242E-6,1.2901492850257139E-8,1.98981806262916E-7,5.754481859864543E-7,8.684513548629281E-7,1.0532945538114984E-6,1.1570634977713613E-6,1.2093488670922768E-6,1.2326408597058094E-6,1.2423661573585528E-6,1.2487346928386345E-6,1.2585048079017435E-6,1.2763367625359744E-6,1.3057955012324019E-6,1.350159046773358E-6,1.4132652364081E-6,1.5009469395767932E-6,1.625556146469059E-6,1.8384724658706173E-6,9.909194266881246E-6,3.051774227424E-6,5.9133486209626965E-6,8.899849561244117E-6,3.5909517862061553E-6,1.1398558537767296E-5,1.0769474388567272E-5,9.519343221034703E-6,6.806490646955775E-7,3.9318717545407976E-7,2.3091849525006883E-6,3.2548239268237306E-6,2.7215732039624516E-6,4.291178936632978E-6,9.488706350376826E-6,1.8591836255828577E-5,2.4883352010332127E-5,1.976846715114265E-5,1.4685898049499158E-5,1.3672893304668739E-5,1.4276442452147101E-5,1.6080296661282303E-5,1.6443322858358817E-5,1.339718673692198E-5,9.263698759139403E-6,5.604278834272104E-6,2.766440247328087E-6,1.1556256645242161E-6,7.387661684109634E-7,9.302043316504955E-7,1.1373389894788042E-6,1.2092432916116965E-6,1.289127296405316E-6,1.7109837516066967E-6,2.8549860207879815E-6,4.8459344355143024E-6,7.354149364931341E-6,9.956226964178936E-6,1.2638772306813436E-5,1.533567838418352E-5,1.7506114401168773E-5,1.8617651290099903E-5,1.901166095277863E-5,1.9430826798397496E-5,2.0148336565221E-5,2.138044103899935E-5,2.3484597500083404E-5,2.6119891628986588E-5
24.40976,1.5589903657303414E-5,1.5138169061915105E-5,1.5071857690267175E-5,1.5496770632936603E-5,1.6523554727162826E-5,1.8280968595155777E-5,2.0910413919673806E-5,2.4524245085929332E-5,2.9113980318055855E-5,3.4433916301774135E-5,3.996618449491213E-5,4.5086160984688736E-5,4.935689141816092E-5,5.26872879571519E-5,5.522461047856162E-5,5.710760881304015E-5,5.82392483441903E-5,5.818459742506555E-5,5.634394650657908E-5,5.247041575520511E-5,4.712147807831496E-5,4.143334666398664E-5,3.643538922836265E-5,3.2662212921376284E-5,3.0226442441270102E-5,2.9032703784708448E-5,2.8918691678215002E-5,2.9699903838868178E-5,3.116068848299844E-5,3.303939505229394E-5,3.5047565031880664E-5,3.6937511019549575E-5,3.858988966752937E-5,4.007043406092022E-5,4.1627225986985994E-5,4.363294257459838E-5,4.647464270995726E-5,5.033932683466139E-5,5.476876316922923E-5,5.80385067379116E-5,5.7434539486645474E-5,5.180369309255523E-5,4.336879747736693E-5,3.5234163247680803E-5,2.8869789162496514E-5,2.4326494952077808E-5,2.115021940331506E-5,1.8843310626333665E-5,1.6992809201003103E-5,1.529909353549472E-5,1.3595159692652364E-5,1.185393121577262E-5,1.015503523048162E-5,8.61374423923597E-6,7.314802642337973E-6,6.2885903241850245E-6,5.541646515074051E-6,5.1704630274323855E-6,5.19835381552727E-6,5.219890284179237E-6,5.249850380122889E-6,5.360860683821425E-6,5.548793701195751E-6,5.793302972276094E-6,6.077072165185521E-6,6.392701662430838E-6,6.746491071353912E-6,7.160181403812688E-6,7.671404979587676E-6,8.334382921621715E-6,9.222504774736222E-6,1.04335961403784E-5,1.2096797651276177E-5,1.437572614443759E-5,1.745275772881703E-5,2.1461394167481413E-5,2.6322642183474688E-5,3.150601784338066E-5,3.594113678584995E-5,3.8319223202257936E-5,3.722942806012323E-5,3.0363060428350414E-5,1.6874065160610135E-5,5.049711403277341E-6,6.119275167989372E-7,9.843611692620891E-9,3.474653027366874E-7,7.374204686201129E-7,1.0100298548668374E-6,1.1703513935191698E-6,1.2523938955357215E-6,1.286414049267648E-6,1.2941655192387403E-6,1.2902253586549058E-6,1.2840872954899464E-6,1.2818881734610296E-6,1.2876464976684885E-6,1.3041011530634616E-6,1.3332494737805423E-6,1.376675883206422E-6,1.4361477329835406E-6,1.5234385587845257E-6,4.97413743218064E-6,1.5728372657031426E-6,7.942905405123048E-6,8.999217753844392E-6,3.8351524271770685E-6,1.0364428310319158E-5,8.858127812561444E-6,6.925054947915324E-6,2.809438199465805E-7,1.00421921478832E-6,3.6904893429407997E-6,5.364613469324661E-6,4.7977930629016256E-6,6.256273459887066E-6,1.1127465713705439E-5,1.915690057568541E-5,2.606112668233022E-5,2.085048524645073E-5,1.4140615256829687E-5,1.206355490205572E-5,1.1971753251811129E-5,1.2682103585806248E-5,1.2587298121291877E-5,1.0195243757080943E-5,6.771304620342323E-6,3.6082073962478776E-6,1.2962554714713954E-6,2.9058729463480666E-7,5.063273719776457E-7,1.2058673964471106E-6,1.777513849720655E-6,2.1942545244024416E-6,2.686865680856865E-6,3.5577553543190863E-6,5.055611301296518E-6,7.21223484132799E-6,9.64147483861599E-6,1.202822441828271E-5,1.462113818609421E-5,1.755611965813148E-5,2.0244686496029217E-5,2.169153447468221E-5,2.1902641798059865E-5,2.1831644272182643E-5,2.1897410543424042E-5,2.2205723544331486E-5,2.3174070868241816E-5,2.4853032983962537E-5,2.6299819548390618E-5
25.00512,1.59166748309246E-5,1.5386464351014554E-5,1.5230167351256193E-5,1.5560456045553057E-5,1.6491737395839213E-5,1.8157036078111164E-5,2.0707553573913688E-5,2.4275850840497033E-5,2.888301687133033E-5,3.430511347596791E-5,4.000611776999807E-5,4.5291110114952906E-5,4.96415799597732E-5,5.292941080519489E-5,5.532192533827375E-5,5.7016885157301816E-5,5.800187559957202E-5,5.793253029818329E-5,5.62449744255196E-5,5.260487080194257E-5,4.7405935047201936E-5,4.169538714945723E-5,3.6538947156817395E-5,3.2552163004245026E-5,2.990546499738211E-5,2.8531373234188285E-5,2.828279345530789E-5,2.8991343246943425E-5,3.0460819837505416E-5,3.24429361779152E-5,3.4640360211402813E-5,3.676473119142567E-5,3.8632744323908144E-5,4.024447192162801E-5,4.1800017968033406E-5,4.365207131111285E-5,4.620416248261367E-5,4.972179561184637E-5,5.3943355596413204E-5,5.745489397386927E-5,5.762183766042511E-5,5.2724101792480924E-5,4.442469884566339E-5,3.598292554683706E-5,2.924247628718334E-5,2.443116984604877E-5,2.112491706029689E-5,1.881088544279258E-5,1.705042950716001E-5,1.5507020164878928E-5,1.396270668174214E-5,1.2337611524070708E-5,1.067972730773331E-5,9.106139114093955E-6,7.726077407685449E-6,6.595380273044362E-6,5.731745576704026E-6,5.23871346065497E-6,5.205499956381776E-6,5.224334584040387E-6,5.252869390616448E-6,5.364837588630345E-6,5.563093724582029E-6,5.829817894042241E-6,6.146596301848531E-6,6.502217287758845E-6,6.897700359759271E-6,7.349564834663504E-6,7.891485356384284E-6,8.575429929647012E-6,9.473963326551941E-6,1.0684915250455387E-5,1.2337778590591014E-5,1.4596818603352571E-5,1.7645718917010332E-5,2.1619679864635666E-5,2.643761855061688E-5,3.155231874452656E-5,3.585498285119696E-5,3.798014274038276E-5,3.6365006958647134E-5,2.8377479442428846E-5,1.4075325973310617E-5,3.4444098620746236E-6,2.397803196287088E-7,8.619786668386008E-8,5.165939461683249E-7,8.982961158172294E-7,1.1428520626984596E-6,1.2762294595191342E-6,1.336070033088467E-6,1.3519640399867398E-6,1.3443119536868184E-6,1.326501610719625E-6,1.3070627532760091E-6,1.2912382358450127E-6,1.2819790108304485E-6,1.280391366046067E-6,1.285474227105539E-6,1.29249759281515E-6,1.2900171004686416E-6,2.2326105790181993E-6,7.523785366527996E-7,9.532639606717075E-6,8.45263119296973E-6,3.937954776358251E-6,8.57551241458998E-6,6.81995012176875E-6,4.614662807058664E-6,1.0959626938261728E-7,2.135339343922877E-6,5.666059583133094E-6,8.245066085223965E-6,7.316793161943681E-6,8.318739629530178E-6,1.2639588362189209E-5,1.8989684021344568E-5,2.577428934882025E-5,2.140045003695687E-5,1.3304522381898594E-5,1.0055340890393117E-5,9.226817723374891E-6,9.132473083491518E-6,8.71623174193912E-6,6.904558700898388E-6,4.310355572884294E-6,1.9026843771263214E-6,3.6463651774971345E-7,1.7942624146770352E-7,1.180219007173032E-6,2.4110675018877327E-6,3.3010920445083756E-6,4.011217735599725E-6,4.855375517491823E-6,6.061421453119187E-6,7.727211908473667E-6,9.810719897831191E-6,1.1862851319672429E-5,1.3654693026012144E-5,1.5700615175278277E-5,1.8386678374729325E-5,2.129858658538582E-5,2.3170696171830473E-5,2.3389305711366418E-5,2.2906444708184168E-5,2.2443054153406682E-5,2.2049062004682742E-5,2.204476953436647E-5,2.268403351342328E-5,2.3508733689627894E-5,2.336828979351864E-5
25.60048,1.6279686148777977E-5,1.5670894619148328E-5,1.5421020201095052E-5,1.565092534247948E-5,1.6479132726827338E-5,1.804223955852294E-5,2.0499851502186206E-5,2.400385114477582E-5,2.8607134337986928E-5,3.411520661606905E-5,3.99833913993113E-5,4.544757831593987E-5,4.989804005739857E-5,5.3160428480416756E-5,5.541972585557291E-5,5.693166562430485E-5,5.7764779479116206E-5,5.7665148651471155E-5,5.6118988946557824E-5,5.272662596188525E-5,4.771770401893169E-5,4.202302443743873E-5,3.672440435862161E-5,3.251954888866117E-5,2.964560124051074E-5,2.8068517255661852E-5,2.7657522117562516E-5,2.826009386227378E-5,2.970166980529786E-5,3.175470853091769E-5,3.41243126403974E-5,3.6490372309315096E-5,3.860603391182127E-5,4.039775213228128E-5,4.2005968108666165E-5,4.375166077989812E-5,4.6043159594252784E-5,4.9208037726248775E-5,5.315697662519692E-5,5.678995818502977E-5,5.766689771954689E-5,5.3613459107967995E-5,4.5594989815997846E-5,3.6884095066039196E-5,2.9729288450183697E-5,2.459270631127283E-5,2.1102454182104427E-5,1.8735625732538744E-5,1.7032354932576032E-5,1.5626869644928013E-5,1.4256079141063942E-5,1.2783272460456136E-5,1.1209830818612694E-5,9.638290527583688E-6,8.19479227453808E-6,6.962315477822628E-6,5.973940776888206E-6,5.341890825076724E-6,5.228716308922006E-6,5.2355947048089094E-6,5.2570696482833495E-6,5.364038964565546E-6,5.566471839691357E-6,5.850242387993234E-6,6.197267633525283E-6,6.593667661429577E-6,7.035540173579303E-6,7.533597919782711E-6,8.116310742688908E-6,8.831972865202684E-6,9.751099706614921E-6,1.0970567179222766E-5,1.2619304401478422E-5,1.4860933643018408E-5,1.787837923651853E-5,2.1805861463875033E-5,2.6558688355793402E-5,3.157605308697625E-5,3.571905696820429E-5,3.756722448067381E-5,3.537196148995527E-5,2.6167523602943174E-5,1.1335727219382739E-5,2.16646734142371E-6,4.7551247668222204E-8,2.204794123574106E-7,6.948936146095735E-7,1.0512996589083266E-6,1.2621481155343373E-6,1.3670215432076824E-6,1.4045663955195213E-6,1.402634841760122E-6,1.3797361806101941E-6,1.3477131037788187E-6,1.313796137417034E-6,1.2818759063324725E-6,1.2530137368052649E-6,1.2249287202166695E-6,1.1892521105275856E-6,1.1218625734592251E-6,1.1306379232921877E-6,4.262503712367491E-7,1.0424664034847515E-5,7.63573445600896E-6,3.930231922173518E-6,6.364463012226024E-6,4.844849324245718E-6,2.7112438662948366E-6,1.2610740473956965E-7,3.5614022611528458E-6,7.865879030811096E-6,1.1538053195893983E-5,1.0093009990195011E-5,1.0236550543433756E-5,1.4006358922861695E-5,1.840863546512449E-5,2.4175793848402658E-5,2.122864658440187E-5,1.2359834099700402E-5,8.016552668256577E-6,6.506039903578274E-6,5.902288624047527E-6,5.369873759294998E-6,4.079503754761252E-6,2.2901303203979418E-6,7.231299683944354E-7,6.980085510330915E-8,8.196206239273409E-7,2.692746319156559E-6,4.433416666980547E-6,5.550236731228855E-6,6.467417642870391E-6,7.595176057003058E-6,9.056824713220854E-6,1.0766845017621062E-5,1.2630817561806699E-5,1.4139264741031141E-5,1.5074403138358469E-5,1.6191094233391277E-5,1.8099895819645928E-5,2.0655376591102664E-5,2.2716375576604865E-5,2.3107500544057697E-5,2.235833303431501E-5,2.147119950774537E-5,2.061787058349697E-5,1.9961784300286396E-5,1.9767956366999516E-5,1.9873991395652585E-5,1.956804716820573E-5,1.803454137765859E-5
26.19584,1.6680750051218644E-5,1.599459493734472E-5,1.564818084367387E-5,1.577220215428473E-5,1.6489960156614366E-5,1.7941082348635814E-5,2.0292042707693974E-5,2.3712547535567778E-5,2.8288526869867027E-5,3.386224575472106E-5,3.9891621977064926E-5,4.554700505921804E-5,5.011768820562551E-5,5.3372026745921805E-5,5.5510059797004075E-5,5.684565669921817E-5,5.7524694530574166E-5,5.738106289625687E-5,5.596191384144554E-5,5.2826068636392074E-5,4.80464520152084E-5,4.2412321885991744E-5,3.699564045852615E-5,3.257329074513684E-5,2.9458242257805408E-5,2.7656940012071767E-5,2.705674024948542E-5,2.7520126335338567E-5,2.8894726205687956E-5,3.0979614378324856E-5,3.3494220286426925E-5,3.6098951916394226E-5,3.848764048824014E-5,4.050691527637756E-5,4.222559911028881E-5,4.392013202195001E-5,4.599097342447136E-5,4.881132631964816E-5,5.243799325802555E-5,5.6071641431367675E-5,5.7558227688959524E-5,5.442713831580026E-5,4.68599575235097E-5,3.7951877857436506E-5,3.0356410178765416E-5,2.4837008056215904E-5,2.110528629419335E-5,1.863480722943395E-5,1.69473550556683E-5,1.565505837573388E-5,1.4458753336825822E-5,1.3167063849169795E-5,1.1723696328382153E-5,1.0197890891498403E-5,8.719135752488519E-6,7.394969703569088E-6,6.276917682403613E-6,5.487904709748054E-6,5.2741082099197775E-6,5.258634577802704E-6,5.266893941978942E-6,5.3624088912066945E-6,5.561956800703171E-6,5.856026855301493E-6,6.228319764235957E-6,6.663810130020783E-6,7.154659223235755E-6,7.705779911392016E-6,8.339482633859489E-6,9.098894402476357E-6,1.0050947150774427E-5,1.1290248032254886E-5,1.2943965427915469E-5,1.5173581964455588E-5,1.8158920239848043E-5,2.2029918935735708E-5,2.669563479357983E-5,3.158386203244574E-5,3.553435046071532E-5,3.707316943438319E-5,3.4226079983314053E-5,2.372056411456189E-5,8.745151705576297E-6,1.213129434007656E-6,1.0212699561960302E-9,3.928586048707207E-7,8.722382911268522E-7,1.190474585428491E-6,1.363608137580757E-6,1.4390062421482148E-6,1.454296566902616E-6,1.4347578833635675E-6,1.3965285904669841E-6,1.349494351987372E-6,1.2990765496256579E-6,1.2469679836299288E-6,1.190593973703309E-6,1.1198940333810875E-6,1.004587226014076E-6,7.140478036986498E-7,3.98816283728631E-7,1.001462553977124E-5,6.896889174173986E-6,3.863074220625393E-6,4.1433054216117304E-6,3.1426878552164653E-6,1.3352087694600417E-6,2.886466335107655E-7,5.021846213900539E-6,9.837255861015322E-6,1.4668580342382463E-5,1.2922153591658012E-5,1.17028345987692E-5,1.5034620029377579E-5,1.757651935399331E-5,2.170414553122574E-5,2.0074848653336517E-5,1.1336906858306818E-5,6.1600150888831335E-6,4.13766784330037E-6,3.3099888638514185E-6,2.8805329787315626E-6,2.0994368406217637E-6,1.0350374415851594E-6,2.6252914175575177E-7,4.570793347712231E-7,2.115539228276076E-6,4.8643823387364355E-6,7.056397304116018E-6,8.256672069101414E-6,9.243055472307641E-6,1.0567375627336824E-5,1.224781529286366E-5,1.3960259820420479E-5,1.5559432427109865E-5,1.652894557523955E-5,1.6540668101436266E-5,1.653085492883878E-5,1.732067101322605E-5,1.896884429480301E-5,2.067732246353108E-5,2.1153453173517736E-5,2.0291953383688425E-5,1.9072775551826915E-5,1.7906079769542823E-5,1.6885951139259972E-5,1.617693693902464E-5,1.572877040598025E-5,1.5141896474260783E-5,1.3850183426586475E-5,1.16405518630435E-5
26.7912,1.7121272190472145E-5,1.6360651173790425E-5,1.591558443267878E-5,1.592857075813086E-5,1.652872568684963E-5,1.7858403307599015E-5,2.0089370800595212E-5,2.340711982001972E-5,2.7930715638755675E-5,3.354569566196442E-5,3.9725287649646144E-5,4.5581073715384785E-5,5.02920451233793E-5,5.355584757857927E-5,5.558428104143536E-5,5.6751053263557816E-5,5.7276607271877226E-5,5.7077931600275996E-5,5.576986553780543E-5,5.2893395118084515E-5,4.8379695717310875E-5,4.285630505766211E-5,3.735442388425573E-5,3.272145545185393E-5,2.9354647217560098E-5,2.7309652735214098E-5,2.649494765135896E-5,2.67869717362136E-5,2.8054495972897293E-5,3.0126908921339647E-5,3.274928367997663E-5,3.55776708303619E-5,3.82554900377885E-5,4.054618093618526E-5,4.243517266128418E-5,4.4140610780562866E-5,4.604144723227652E-5,4.8539960495736756E-5,5.18124628879629E-5,5.533436675710805E-5,5.729782469383135E-5,5.511868266207071E-5,4.8185936244883575E-5,3.9193291316703354E-5,3.1149746881286855E-5,2.519191743868838E-5,2.1158555795733862E-5,1.8529664566975626E-5,1.681003941342532E-5,1.5594916428466557E-5,1.4559415276830278E-5,1.3465580871110884E-5,1.2195048083229343E-5,1.0765977322340106E-5,9.292144003258513E-6,7.896778227537698E-6,6.649669747107059E-6,5.6855350094201185E-6,5.348228689495132E-6,5.298848188423972E-6,5.2873336718169176E-6,5.3646666998954105E-6,5.5536768657693695E-6,5.8500488384650535E-6,6.240557579974862E-6,6.710742970659694E-6,7.250388771322649E-6,7.859360972486687E-6,8.553434806049602E-6,9.36926200415474E-6,1.0368464317866482E-5,1.1641677622436282E-5,1.3312720247637423E-5,1.553912172918989E-5,1.849493652316802E-5,2.230193618620741E-5,2.6859203314023252E-5,3.1584177915000476E-5,3.530385942480372E-5,3.6491226917961635E-5,3.289989957952419E-5,2.103965179642385E-5,6.396315124299363E-6,5.625776048743355E-7,6.588967358743615E-8,5.858784169205589E-7,1.0401096255971685E-6,1.3108802593532795E-6,1.4435798739542622E-6,1.4888452045856071E-6,1.481787845453067E-6,1.4444773220700371E-6,1.3902248097696967E-6,1.3264180471692453E-6,1.2558026703718249E-6,1.1761457019292747E-6,1.0769437180730075E-6,9.256713518680026E-7,5.456142355330455E-7,5.261428257440314E-7,8.04959852153405E-6,6.4417106188988255E-6,3.75250904836098E-6,2.2595608441690256E-6,1.8823887596693447E-6,5.651827710305117E-7,5.869198143972319E-7,6.324135796168497E-6,1.1228398450151518E-5,1.6887412515789434E-5,1.557231786030977E-5,1.2486763260935485E-5,1.5354348147984558E-5,1.6442434460133908E-5,1.8785073061742712E-5,1.7852398043689204E-5,1.0126920569218042E-5,4.553611095376372E-6,2.2816507366419304E-6,1.5074835828547684E-6,1.383267975415859E-6,1.125178558075551E-6,6.920160600368003E-7,5.933852281275998E-7,1.4884336083578868E-6,3.888271136756022E-6,7.418112625644463E-6,9.987621899721146E-6,1.1077116816774404E-5,1.1910407792578359E-5,1.3268550137379529E-5,1.51272786493095E-5,1.6878735807003814E-5,1.824469265278582E-5,1.8823783905164904E-5,1.8087364350317652E-5,1.69819529503734E-5,1.6566603360100082E-5,1.7047780009407624E-5,1.7918629908981014E-5,1.8134427638319798E-5,1.7192465724676445E-5,1.574486770335604E-5,1.4345355538508972E-5,1.3127734370731231E-5,1.2162239850855924E-5,1.1402569335559766E-5,1.0614319643942063E-5,9.462099707203807E-6,7.759401048894333E-6,5.724970764590962E-6
27.38656,1.7602076954119477E-5,1.6771995269723372E-5,1.622729990269157E-5,1.6124577656666177E-5,1.660022853794148E-5,1.7799361075556675E-5,1.9897535958195525E-5,2.309356355619711E-5,2.7538572362703585E-5,3.31666387843196E-5,3.948000839504721E-5,4.5541901909210656E-5,5.0412958657985634E-5,5.3703916124450515E-5,5.563355219257124E-5,5.6638820316471586E-5,5.70136377040182E-5,5.6752057458335224E-5,5.553893608497641E-5,5.291894202694629E-5,4.870310604581509E-5,4.3344620595016955E-5,3.779978711482403E-5,3.297082215623998E-5,2.9345727754844192E-5,2.7039694581144885E-5,2.5986972824765044E-5,2.607724367055792E-5,2.719805991327449E-5,2.9210239299055824E-5,3.189394700773552E-5,3.491776518956651E-5,3.788880985864746E-5,4.048823232642349E-5,4.260713672066985E-5,4.439080976757584E-5,4.618225027647306E-5,4.839610193894822E-5,5.1301994468358846E-5,5.461590758179957E-5,5.690278023505776E-5,5.564632806227614E-5,4.952462757074592E-5,4.060444466675393E-5,3.21332884784033E-5,2.5686790773430506E-5,2.128964608702496E-5,1.8444614634803155E-5,1.6640191730798562E-5,1.545709063188967E-5,1.4554103456554926E-5,1.3658958691054784E-5,1.2594970579447423E-5,1.1316575955468287E-5,9.899817615414611E-6,8.467270013774921E-6,7.100802254832232E-6,5.944506191945911E-6,5.458094809414177E-6,5.361980623914298E-6,5.32381057946443E-6,5.376157397181719E-6,5.546714464068831E-6,5.836561508501691E-6,6.236517366766846E-6,6.734344210120455E-6,7.319397252433068E-6,7.988020667847681E-6,8.749911719541731E-6,9.634466611616207E-6,1.069632873441974E-5,1.2020143745256571E-5,1.3724317046165637E-5,1.596014976007381E-5,1.8892824253569906E-5,2.2631468382494472E-5,2.7060474707085315E-5,3.158676545034153E-5,3.503243174084321E-5,3.5815035435908604E-5,3.136289694965977E-5,1.8152935194504026E-5,4.3717468789837805E-6,1.7830763186121355E-7,2.100263534925739E-7,7.848443578991615E-7,1.1917117992910427E-6,1.4087042573596399E-6,1.4992153598924543E-6,1.5137598117800524E-6,1.4838628544093327E-6,1.427888823264944E-6,1.3558177392364053E-6,1.2717106091743068E-6,1.1739694346313593E-6,1.0523273963520683E-6,8.742945533994436E-7,4.7185186450127835E-7,7.37372406263519E-7,5.628301091501243E-6,6.359914971523992E-6,3.5307300385676017E-6,9.202284246650015E-7,1.154632138640796E-6,4.1484538604629467E-7,1.0598336579635847E-6,7.41487802637136E-6,1.1990876767821028E-5,1.761937708823843E-5,1.771476502202128E-5,1.2577791117036687E-5,1.462375807499762E-5,1.4826873845996562E-5,1.5645165038574438E-5,1.4792568260501907E-5,8.572509952462934E-6,3.180410442021864E-6,9.829047584313867E-7,5.357595458134935E-7,8.978499486862379E-7,1.1789680656084894E-6,1.273454417752122E-6,1.6906332725969483E-6,3.0819112962523637E-6,5.959050039643735E-6,1.007604576820389E-5,1.2976498319257915E-5,1.3749175615985777E-5,1.4110366476627669E-5,1.5194755197380816E-5,1.7064442298027943E-5,1.8900029226054325E-5,2.010886998676583E-5,2.0473610758144253E-5,1.9368868867695072E-5,1.7463955388273805E-5,1.5996156401803944E-5,1.5353503868360064E-5,1.5221701443445497E-5,1.4864051732003742E-5,1.3733739135046849E-5,1.2138036055576349E-5,1.0591605014978569E-5,9.278667581458548E-6,8.22315524218196E-6,7.354612473786565E-6,6.513044493920456E-6,5.510001383385599E-6,4.248627759544772E-6,2.847966605647667E-6,1.595534309627494E-6
27.98192,1.8123194641826195E-5,1.7231262314879218E-5,1.6587470105583648E-5,1.636502621184855E-5,1.6709571662300476E-5,1.776942590049386E-5,1.9722643818976727E-5,2.277860597846645E-5,2.711829344581488E-5,3.27279410764865E-5,3.9152839690764715E-5,4.5422227527122475E-5,5.047277023414967E-5,5.380906530926293E-5,5.564947954454397E-5,5.649919606973996E-5,5.6727107086313945E-5,5.639801960242444E-5,5.526483976060322E-5,5.289342933731411E-5,4.900098358585787E-5,4.38633483199202E-5,3.832733641355527E-5,3.332632003348139E-5,2.9441776209466414E-5,2.6859974758107785E-5,2.5547711065796377E-5,2.5408145554861615E-5,2.6344447708315222E-5,2.8247339704360303E-5,3.0938466117268414E-5,3.411589921646261E-5,3.736963475847255E-5,4.0305364739424096E-5,4.2710895397301906E-5,4.464329144271478E-5,4.639446742276673E-5,4.837474251693791E-5,5.092175839242855E-5,5.395367099818452E-5,5.6404388303184E-5,5.59804721285352E-5,5.081511164362742E-5,4.216628146316973E-5,3.3326593834000364E-5,2.6351902439078854E-5,2.1527863098348565E-5,1.840650475136482E-5,1.6461728701124677E-5,1.5259112235452202E-5,1.4447570438351334E-5,1.3734138593395321E-5,1.2895181543707743E-5,1.1817643026707377E-5,1.0519498147532622E-5,9.099692375207232E-6,7.637228947012717E-6,6.275417496496756E-6,5.6112147544597836E-6,5.454063894967669E-6,5.38207002516984E-6,5.402697962785742E-6,5.546914208438464E-6,5.821030157614352E-6,6.220462199860106E-6,6.736561429678799E-6,7.360308888119391E-6,8.086680000738591E-6,8.92071613228249E-6,9.884662407161302E-6,1.1024957417947984E-5,1.2418146437661834E-5,1.4174695986631481E-5,1.6436799519291606E-5,1.9357048920546614E-5,2.302677988811475E-5,2.7310082520841886E-5,3.160207035034973E-5,3.472642877927186E-5,3.503827029194211E-5,2.958242175504675E-5,1.5123217792484787E-5,2.730480612114504E-6,1.4754743633153389E-8,4.049313125312229E-7,9.778987388230408E-7,1.3219281894753647E-6,1.481259958517376E-6,1.5285241602997605E-6,1.5116354926038014E-6,1.457770451490402E-6,1.3811344350516845E-6,1.287671416407575E-6,1.1766069866687393E-6,1.0382047270431307E-6,8.412777049829601E-7,4.3945029389756867E-7,1.0319977442701435E-6,3.978283164022556E-6,6.689233193373685E-6,3.168424364553321E-6,1.894908257546449E-7,9.769024190503734E-7,8.344862339723478E-7,1.7933485912079845E-6,8.336169752625916E-6,1.2400325818700558E-5,1.6950862071750308E-5,1.884369150040146E-5,1.21688728905543E-5,1.2852547171868758E-5,1.2613700560096863E-5,1.238533066729438E-5,1.1331838581164194E-5,6.6320380640613E-6,2.004528223527381E-6,2.347008845173509E-7,3.8481497864210113E-7,1.404634772361387E-6,2.237359201324295E-6,2.740474291011175E-6,3.494381973394898E-6,5.165975137237543E-6,8.225104626956045E-6,1.264524205623974E-5,1.5897286880120473E-5,1.6246944960816806E-5,1.578424219664926E-5,1.6162186366669786E-5,1.7650787998262262E-5,1.945059001959517E-5,2.057370282244684E-5,2.0811082198873855E-5,1.9708796424314568E-5,1.7516411770290425E-5,1.538140425065488E-5,1.3884575380227656E-5,1.2886746752841924E-5,1.1893455010048719E-5,1.0485050650534115E-5,8.788759351811503E-6,7.196675803533898E-6,5.892207859026205E-6,4.87463669423518E-6,4.054237719085394E-6,3.306199320647186E-6,2.5249622066443874E-6,1.684196063870833E-6,8.810498564513066E-7,2.9820912743777075E-7,8.08148518695083E-8
28.577280000000002,1.8683609961022602E-5,1.7740600743082276E-5,1.700021950125147E-5,1.665495841097781E-5,1.6862174148018538E-5,1.7774380740098235E-5,1.95711607985077E-5,2.2469607686939704E-5,2.6677324086471552E-5,3.22343652347023E-5,3.8742573897056616E-5,4.521559993793311E-5,5.046439982390788E-5,5.386529560249823E-5,5.562483329673452E-5,5.632243049567694E-5,5.640686324162079E-5,5.600842590386235E-5,5.494245456699683E-5,5.2808045677967525E-5,4.925686411090646E-5,4.439504619910137E-5,3.8928546508437873E-5,3.379031112376884E-5,2.9652096357665628E-5,2.6783118685984876E-5,2.5191927285687786E-5,2.4797020991908837E-5,2.5513904863435707E-5,2.7259377665999705E-5,2.989906010090822E-5,3.317544969281379E-5,3.668454438823581E-5,3.99708990573793E-5,4.27138598525765E-5,4.4866162799049713E-5,4.665262043212545E-5,4.846292891190355E-5,5.0678735170701136E-5,5.3380864005470854E-5,5.5844680510438035E-5,5.611025076731843E-5,5.1989566220547133E-5,4.3840573627214665E-5,3.474106876130084E-5,2.721743258058526E-5,2.1904237634472435E-5,1.8444041485426024E-5,1.6301521957940125E-5,1.5024232163899867E-5,1.4253523377185489E-5,1.3687600452409629E-5,1.3072239734530599E-5,1.223377814521313E-5,1.1119225829709506E-5,9.77823062447448E-6,8.262004971956965E-6,6.68936473922967E-6,5.815580800895203E-6,5.581352184100133E-6,5.468086493227554E-6,5.450437540307057E-6,5.560678006872891E-6,5.809891225179679E-6,6.1982161093529545E-6,6.721494599663569E-6,7.374172823646218E-6,8.152333145453872E-6,9.05867969212415E-6,1.010955679887986E-5,1.134287074863389E-5,1.2825269464742822E-5,1.4656466298858187E-5,1.6965990546906585E-5,1.988929853778707E-5,2.349394568351861E-5,2.7617277728781196E-5,3.16403875725881E-5,3.439320024922672E-5,3.415406164988531E-5,2.7526053678333392E-5,1.2053794313137115E-5,1.4984498231912487E-6,2.2863441871613022E-8,6.264159834929131E-7,1.1558214948718445E-6,1.4271240839320177E-6,1.5268532218609802E-6,1.5302985295565805E-6,1.4809981697071816E-6,1.4011852023625067E-6,1.3003294514438712E-6,1.1790811186411662E-6,1.0285105869764952E-6,8.1947387022751E-7,4.2854316167943967E-7,1.5075551029056277E-6,3.479231247489871E-6,7.444647081156178E-6,2.806258155970381E-6,2.7101423370592393E-9,1.322234064200952E-6,1.7196207435713724E-6,2.9036663795948267E-6,9.091694531540249E-6,1.2878207926689358E-5,1.560969055838255E-5,1.849111219103277E-5,1.1504712267460233E-5,1.0469809782069375E-5,9.92995664092944E-6,9.14748147535676E-6,7.932647656681564E-6,4.5054595009693965E-6,1.0305959982366496E-6,7.591550059341608E-9,1.0049999358145316E-6,2.8625022126220696E-6,4.270306368923773E-6,5.044843687087439E-6,5.935194943940587E-6,7.684469766050014E-6,1.066033977521008E-5,1.5022376288062561E-5,1.8661148261999377E-5,1.873926372554621E-5,1.721086530822719E-5,1.6461150308776256E-5,1.7059401000244085E-5,1.842480952486492E-5,1.9398746234090816E-5,1.950101583105913E-5,1.8530894594067438E-5,1.6513321746737762E-5,1.4233614711581636E-5,1.2312492836523956E-5,1.0776474603825346E-5,9.32568153490188E-6,7.695000974121606E-6,5.97048946520884E-6,4.444245097737601E-6,3.264227666101813E-6,2.4048132427262696E-6,1.7631464264249333E-6,1.2349618537805007E-6,7.617907416554932E-7,3.583913137263141E-7,1.1742840210983573E-7,1.696888120848991E-7,6.090794266578883E-7,1.4333192276116853E-6
29.172640000000005,1.9280976068350363E-5,1.830142741664503E-5,1.746951786294197E-5,1.6999615367379592E-5,1.706378174852238E-5,1.7820332156892183E-5,1.9449880915209088E-5,2.2174459180836324E-5,2.6224236378211934E-5,3.169261659007215E-5,3.825003847963062E-5,4.4916594513708955E-5,5.038133869289017E-5,5.3868000837346895E-5,5.5554274406689974E-5,5.609973802017774E-5,5.604192405589009E-5,5.557388872081989E-5,5.4565328919093666E-5,5.265432473201902E-5,4.945417013630939E-5,4.4919096181429006E-5,3.95901288184837E-5,3.436170630972848E-5,2.9984483870601823E-5,2.6821283673886586E-5,2.493412563331618E-5,2.4260997289174774E-5,2.4727145548239086E-5,2.6270009288437913E-5,2.879753704744369E-5,3.21074701686692E-5,3.582656376387973E-5,3.946088995675288E-5,4.2582713473486935E-5,4.502416136056771E-5,4.692526615114953E-5,4.863944346266775E-5,5.057031054787015E-5,5.292294081720909E-5,5.527095880741683E-5,5.60471081067889E-5,5.2982789105677315E-5,4.556767709888872E-5,3.6374848143738266E-5,2.8311649717346825E-5,2.24513416041182E-5,1.8587502359424052E-5,1.618834570766401E-5,1.4779804738837754E-5,1.3993668004575698E-5,1.3526860363504535E-5,1.3111882421626086E-5,1.2530784329599808E-5,1.165898263273815E-5,1.0475431214432536E-5,8.971105372488742E-6,7.197000197788318E-6,6.079551373320855E-6,5.750222443629051E-6,5.58796646691982E-6,5.525736876394907E-6,5.59477592605244E-6,5.810279980130679E-6,6.1768741780371604E-6,6.695256210979197E-6,7.364686274808357E-6,8.184750260265782E-6,9.158735970312686E-6,1.0299530491150888E-5,1.1637489965736346E-5,1.3228429962279679E-5,1.5158603645584022E-5,1.7540727175387625E-5,2.0487565171597675E-5,2.4035824527634584E-5,2.798884697198159E-5,3.171087016752959E-5,3.404038264390724E-5,3.315414310191884E-5,2.5166395152133002E-5,9.085063078283499E-6,6.656003001295547E-7,1.546250191003111E-7,8.546310561606627E-7,1.3116202389294277E-6,1.504816888804239E-6,1.5445194078069537E-6,1.5038904950019273E-6,1.4208111347754322E-6,1.3119689929716222E-6,1.1810867866758674E-6,1.0207781472491046E-6,8.046019280813727E-7,4.306135712763409E-7,2.59230376342782E-6,3.407285102946591E-6,8.56587308787806E-6,2.53593738503892E-6,1.5999396171702005E-7,2.1470445135699206E-6,2.916571056965763E-6,4.491180036221607E-6,9.584377020340175E-6,1.3791229517550494E-5,1.4387734547789935E-5,1.682536163691215E-5,1.0752875836057525E-5,8.027149879719636E-6,7.135391207999894E-6,6.172344275336786E-6,4.986288225019779E-6,2.5699661763039676E-6,3.343562948810778E-7,2.404554960701661E-7,2.254172153963205E-6,5.145072051510949E-6,7.208988542096138E-6,8.114126349639075E-6,8.905011987835087E-6,1.0540023532220612E-5,1.3248850042364117E-5,1.7168227062695847E-5,2.1048460010619283E-5,2.1315549810173052E-5,1.8783695341842542E-5,1.663691860190713E-5,1.594821926822417E-5,1.6386555814901854E-5,1.6925141469706793E-5,1.6806631838910722E-5,1.5881754137544668E-5,1.4188074480288702E-5,1.2159816852858039E-5,1.0257714409769747E-5,8.582391957526996E-6,6.982063661112361E-6,5.323490979882839E-6,3.7102222361913408E-6,2.380637793621628E-6,1.4455030689598074E-6,8.541325740501841E-7,4.944076029687692E-7,2.768952132281144E-7,1.7142863423341707E-7,2.1282480568642352E-7,4.870243725839118E-7,1.0965344708253319E-6,2.1174509096335025E-6,3.558618447112214E-6,5.303472704868212E-6
29.767999999999997,1.991130505913166E-5,1.8914121485939827E-5,1.7998986479816697E-5,1.7404365112340462E-5,1.7320469370257955E-5,1.7913729892584794E-5,1.936590823184307E-5,2.190148223770998E-5,2.5768570386912518E-5,3.1111310069423615E-5,3.767837287372191E-5,4.452107381700147E-5,5.0217561118642684E-5,5.381399642989797E-5,5.54349826702288E-5,5.582439566740134E-5,5.562146925407896E-5,5.5083336824938954E-5,5.4125266684577024E-5,5.242380245000835E-5,4.957678797140946E-5,4.54123796420343E-5,4.02936015696053E-5,3.503493473048837E-5,3.0444497307755528E-5,2.698589005159242E-5,2.47884676706332E-5,2.3816754294294865E-5,2.4004689738566445E-5,2.5304262274724007E-5,2.7660363123351435E-5,3.093108705660258E-5,3.4797061694312256E-5,3.875618223653899E-5,4.2284855083443434E-5,4.507998363948148E-5,4.7176217448254834E-5,4.887518823522893E-5,5.058339937259666E-5,5.259462257186133E-5,5.4729324410421714E-5,5.5823834369661365E-5,5.3743970210483713E-5,4.726817090711813E-5,3.820654090111412E-5,2.9657761362300883E-5,2.3202871998129373E-5,1.8868745200188882E-5,1.615217211024234E-5,1.4555603413114987E-5,1.3695794623753198E-5,1.3270293406668375E-5,1.3012402075628917E-5,1.2681473312056267E-5,1.2094569172190017E-5,1.115095433512626E-5,9.74923912983119E-6,7.806679497594938E-6,6.411502190280031E-6,5.966983303154929E-6,5.747814465239657E-6,5.635054332672188E-6,5.656187037183939E-6,5.829770771284397E-6,6.164448387519269E-6,6.665642026585857E-6,7.338123687867791E-6,8.186905998361751E-6,9.218913343791528E-6,1.044697157902008E-5,1.189638610691469E-5,1.3612643584918232E-5,1.5666553823963163E-5,1.8149609701563083E-5,2.1145258122840324E-5,2.4650949928931745E-5,2.8427905788018776E-5,3.1820410154741046E-5,3.367504517556201E-5,3.2027693399028954E-5,2.2489550951356143E-5,6.377298925434492E-6,1.9022918483201268E-7,3.6611675846731347E-7,1.0736222748599782E-6,1.4399826766459003E-6,1.5532484376626384E-6,1.5336475742215597E-6,1.4488356365437582E-6,1.330042426538156E-6,1.1875339199034131E-6,1.0171065353845282E-6,7.959430758531864E-7,4.415545542761456E-7,7.049879922980518E-6,1.4200593313609516E-6,9.672773870818387E-6,2.3083055269382088E-6,3.593252446623864E-7,3.4063886495905144E-6,4.240020595132376E-6,6.504740517714969E-6,9.783530725329616E-6,1.527744285154304E-5,1.3734888158983539E-5,1.471846005190739E-5,9.97286863192243E-6,5.90851017377222E-6,4.621945811312444E-6,3.711411382439427E-6,2.75361050662023E-6,1.1710079587174633E-6,2.9405049552018525E-8,8.303347454267339E-7,3.835369124425644E-6,7.909566282813212E-6,1.0844720693291735E-5,1.1806391398781775E-5,1.2212445317695778E-5,1.3506859085614537E-5,1.5869147531672612E-5,1.9074254619209652E-5,2.2736404694786495E-5,2.3654338778702537E-5,2.067790887581462E-5,1.7138770603627686E-5,1.498307325983514E-5,1.4186755500004207E-5,1.3950157799820696E-5,1.3451616630459867E-5,1.2434305678669087E-5,1.096670945384077E-5,9.292357050205018E-6,7.667316233543098E-6,6.163895798077152E-6,4.710570922941606E-6,3.262769203819849E-6,1.942819305711195E-6,9.558434911983219E-7,3.825803437967717E-7,1.5142973092337317E-7,1.4506612047237156E-7,2.869941579722691E-7,5.647752890872545E-7,1.0189243147544988E-6,1.720930923777899E-6,2.749382791228965E-6,4.176741202930258E-6,6.0582254805113495E-6,8.356885155489815E-6,1.0811141763207391E-5
30.363359999999997,2.0568654608837087E-5,1.9577655552843864E-5,1.8591632159530437E-5,1.7874582673361368E-5,1.76386261796673E-5,1.8061391794741438E-5,1.932665743875713E-5,2.165934603676816E-5,2.5320651733704868E-5,3.0500852591079696E-5,3.703325779126884E-5,4.4026517414919844E-5,4.996739327021712E-5,5.370130629860241E-5,5.526706684080074E-5,5.5492866124588855E-5,5.51361561294106E-5,5.4524764888993955E-5,5.361214305920439E-5,5.210750760387885E-5,4.9609437409403496E-5,4.585024179185158E-5,4.101521676717718E-5,3.579884062367242E-5,3.103446539908964E-5,2.7287193208849393E-5,2.47686971061745E-5,2.348042548238324E-5,2.3366367672297457E-5,2.4387406184811397E-5,2.651725575292628E-5,2.967310939454252E-5,3.3607348795257256E-5,3.784483883633376E-5,4.179008309964346E-5,4.499564480380234E-5,4.736624614749053E-5,4.913447996500485E-5,5.069438911627887E-5,5.239772667813082E-5,5.425828336925826E-5,5.5488873959533874E-5,5.424741919899332E-5,4.8850370670161043E-5,4.01890005598176E-5,3.1268860390903705E-5,2.419257159636429E-5,1.9321412233762314E-5,1.622394528572782E-5,1.4382448990945144E-5,1.3391396225725986E-5,1.294529834524924E-5,1.2786056210564866E-5,1.2671398565918631E-5,1.2384177644394783E-5,1.1753152588696902E-5,1.056541021211903E-5,8.521296693363788E-6,6.819073229155443E-6,6.2375086439613884E-6,5.9535054385789854E-6,5.7848036444342875E-6,5.751962900693029E-6,5.876157985153818E-6,6.169513177119302E-6,6.641685029672831E-6,7.30299066955124E-6,8.16503778629699E-6,9.241045071478417E-6,1.0547612724770433E-5,1.2108882245034088E-5,1.3962371134354842E-5,1.6162930149877086E-5,1.877677929044746E-5,2.1850531053771385E-5,2.533245136154449E-5,2.8932624947483225E-5,3.19724401848079E-5,3.3302721856028654E-5,3.075985884612987E-5,1.950826129199051E-5,4.080227951196362E-6,8.47127173517481E-9,6.19052939537203E-7,1.2706103621102463E-6,1.536667232723217E-6,1.5709014335693165E-6,1.4935173918303217E-6,1.3643226285320037E-6,1.206926718808689E-6,1.0234636931914419E-6,7.961902086880439E-7,4.59974816377118E-7,6.181840124065798E-6,7.593876476103945E-7,9.59397259793987E-6,2.0548931813589706E-6,3.9222794678296255E-7,5.042268609985856E-6,5.525445033079999E-6,8.492739442065048E-6,9.913203024336885E-6,1.6952013185190725E-5,1.3746028351702508E-5,1.2953397017324455E-5,9.165201805702048E-6,4.27355034598549E-6,2.6363757356850947E-6,1.9177387182525547E-6,1.3367453712916072E-6,4.801416870014067E-7,1.979559779125269E-7,1.6715675728572745E-6,5.369816232917965E-6,1.0527826071925297E-5,1.4680033991767885E-5,1.586759209967378E-5,1.5598863591973708E-5,1.620989782938021E-5,1.816561343043511E-5,2.0645114995821516E-5,2.3538987186499986E-5,2.5016678576794933E-5,2.2522203223202344E-5,1.806742082827056E-5,1.4504540423548401E-5,1.2409838134286572E-5,1.1226486543119689E-5,1.020953159840485E-5,9.005842931188126E-6,7.641582201386248E-6,6.25598461557231E-6,4.958354479130812E-6,3.763003421119165E-6,2.6294029218745383E-6,1.5625555091317271E-6,6.861727648385203E-7,1.667664190883324E-7,5.1524166446654335E-8,2.484859814076164E-7,6.375036388153614E-7,1.1544959130151833E-6,1.797968176931145E-6,2.603016081027675E-6,3.6169401803410804E-6,4.887828474780238E-6,6.476001471999878E-6,8.479035219795682E-6,1.0990946184482718E-5,1.3910323037349153E-5,1.6764178598243637E-5
30.958719999999996,2.1244840837927072E-5,2.028917073625829E-5,1.9249494899311675E-5,1.8415463606435006E-5,1.8024909893554814E-5,1.8270527801163448E-5,1.9339872898000103E-5,2.1457006719223314E-5,2.4891402582585567E-5,2.987324381392991E-5,3.632306463401975E-5,4.343243140519127E-5,4.962540469899953E-5,5.3528699029379316E-5,5.505364387980174E-5,5.5105781861996216E-5,5.45796594854034E-5,5.388647859110341E-5,5.301412776282739E-5,5.1695416100289606E-5,4.953773003537439E-5,4.620761558284304E-5,4.172639057707905E-5,3.6635655657233636E-5,3.1752202351179416E-5,2.773360371021967E-5,2.488800226099875E-5,2.326760858372541E-5,2.2831042646154344E-5,2.3543975634691852E-5,2.5399495247228486E-5,2.8366754262785248E-5,3.227956122013891E-5,3.6724827085723514E-5,4.107271406069255E-5,4.473371934170522E-5,4.745490339302967E-5,4.937727352064559E-5,5.087026468539359E-5,5.23200941302521E-5,5.388332505388286E-5,5.509716296987542E-5,5.4498271813980204E-5,5.022411480923498E-5,4.2245585861076794E-5,3.314062978863438E-5,2.5451830850844082E-5,1.9981071400369426E-5,1.643584390009717E-5,1.4291431865469188E-5,1.311340715877484E-5,1.2585306197441834E-5,1.2458014705441783E-5,1.2502831459727698E-5,1.2496575879027093E-5,1.2224745142677574E-5,1.1369890577668581E-5,9.333545544299588E-6,7.307788136282312E-6,6.566585924628956E-6,6.210282468550824E-6,5.9811233117701145E-6,5.889079934216393E-6,5.957279756217292E-6,6.200898985544602E-6,6.633181003550021E-6,7.269483547490806E-6,8.128322501570548E-6,9.231035661931523E-6,1.0601606892801637E-5,1.2267779794809116E-5,1.4263379510252445E-5,1.6628924550282742E-5,1.9402534616377587E-5,2.2586081118410736E-5,2.6067209131464245E-5,2.9495014133747312E-5,3.2165735752716796E-5,3.292638343523075E-5,2.9330021689749787E-5,1.6278997101252302E-5,2.2982987783377617E-6,4.558043134643659E-8,8.81173031684509E-7,1.4351806490586772E-6,1.597906586186269E-6,1.556004290457453E-6,1.4227723923719385E-6,1.2484853366126983E-6,1.0477255393029089E-6,8.103659183748742E-7,4.868621731522502E-7,8.78620158568663E-9,7.112382280824658E-7,7.135152596670226E-6,1.757482923069909E-6,3.203386906997372E-7,6.857514087966729E-6,6.709976542698921E-6,9.634212897813268E-6,1.031683412722792E-5,1.7679581594908777E-5,1.4216029329133525E-5,1.1746066082998727E-5,8.336314681818053E-6,3.127672844167225E-6,1.2515610372765446E-6,8.221323756820714E-7,7.144654506745473E-7,5.134955092856092E-7,8.688840766658394E-7,2.7257008881637525E-6,6.64919981462118E-6,1.2343328132744877E-5,1.784921856888989E-5,1.9869899608977717E-5,1.884836927722457E-5,1.830399513739884E-5,1.9589975538009516E-5,2.153194780626581E-5,2.343838600956456E-5,2.4817691572146314E-5,2.3350629616442E-5,1.8977883501275382E-5,1.4442530019631962E-5,1.1194586614695565E-5,9.09088755176793E-6,7.5307562996823485E-6,6.123527981273344E-6,4.818813386100447E-6,3.666930345455016E-6,2.6782139807969393E-6,1.8196882105998034E-6,1.063127380583544E-6,4.417151905487922E-7,7.265118493649903E-8,8.087317495812101E-8,4.741727486600928E-7,1.1362123682504725E-6,1.9419441558622865E-6,2.8374784437644546E-6,3.8257278236520835E-6,4.925037409735342E-6,6.147268082701105E-6,7.501043737205767E-6,9.019236648892246E-6,1.0808377435070874E-5,1.3060954499002237E-5,1.590894310747827E-5,1.911977885094313E-5,2.1974325611047653E-5
31.55408,2.1929218002743996E-5,2.104351440355671E-5,1.9973198780911938E-5,1.9031748654988736E-5,1.848615169505407E-5,1.854875271760841E-5,1.9413663548355336E-5,2.1303676794679892E-5,2.4492164470336034E-5,2.9241808284041095E-5,3.5558891516918544E-5,4.274082758817712E-5,4.9186408745843406E-5,5.329500926460041E-5,5.480050359785714E-5,5.4668607032722265E-5,5.395025278975697E-5,5.3158810291605916E-5,5.2318483930992904E-5,5.117607854588374E-5,4.9347891819113695E-5,4.6460095209391666E-5,4.239471762442E-5,3.7520276146094333E-5,3.258946198779232E-5,2.833065334521779E-5,2.515871774885172E-5,2.3193430877281394E-5,2.241656141782599E-5,2.2797081095632795E-5,2.4338225088258355E-5,2.7049587187146658E-5,3.084640519170246E-5,3.540659405494595E-5,4.011438786444073E-5,4.425854404125707E-5,4.740195363111843E-5,4.956197616668148E-5,5.107119215900595E-5,5.233603281947986E-5,5.361313376941047E-5,5.469965752287991E-5,5.4530430240533875E-5,5.131812092946353E-5,4.427247870297497E-5,3.524228031391436E-5,2.700510892206082E-5,2.0884826171849285E-5,1.682190422711064E-5,1.4313855749071478E-5,1.2894572005308047E-5,1.2226451332735844E-5,1.206311946877362E-5,1.219560208797909E-5,1.2418686763595725E-5,1.2512644366649698E-5,1.2095171556848465E-5,1.021988677261303E-5,7.878814799484834E-6,6.956855428650422E-6,6.522078087800755E-6,6.229470852286565E-6,6.074217340876873E-6,6.08085410257594E-6,6.2674506852760974E-6,6.650261630213524E-6,7.248870442054866E-6,8.088251197984315E-6,9.198621716925437E-6,1.06140996327144E-5,1.2370883502044465E-5,1.4504881781401193E-5,1.7046403930822366E-5,2.000479404117118E-5,2.3329709061031396E-5,2.6835538201921533E-5,3.0099980588391967E-5,3.239334798389475E-5,3.254541574770487E-5,2.7710069317903486E-5,1.2918314007847258E-5,1.0659522894353443E-6,2.2604715409067045E-7,1.1259253526767003E-6,1.5585468514564114E-6,1.6198978088370767E-6,1.5060677584479201E-6,1.318836601707525E-6,1.0974123711521014E-6,8.443707387374935E-7,5.25155246917098E-7,2.772263774881506E-8,9.236000461302607E-7,3.911273796672387E-6,1.4414903764123055E-6,1.9903830681027377E-7,8.037960889567617E-6,7.899508032846769E-6,9.569442547447292E-6,1.1121635513189773E-5,1.6469785862295456E-5,1.459665447525641E-5,1.0879274582629038E-5,7.483959079909445E-6,2.3890071087976787E-6,4.2616642451551787E-7,3.788655768127064E-7,8.128369155552679E-7,1.2250861068614293E-6,2.054113521563751E-6,4.043634981529541E-6,7.789959614852195E-6,1.3216992690848568E-5,1.9455911124876317E-5,2.3071610867007968E-5,2.1842780769941252E-5,1.9761553563729814E-5,1.9815854748380574E-5,2.1217540769331854E-5,2.2341860645087568E-5,2.307442764793279E-5,2.2296827469426737E-5,1.890061036863286E-5,1.4282292377181261E-5,1.0312178489653886E-5,7.483444820050327E-6,5.4743417113407695E-6,3.924152720193584E-6,2.7110500887898485E-6,1.7978360860900451E-6,1.1176607720758411E-6,6.027832592260436E-7,2.3136355969600834E-7,5.256838970524734E-8,1.750582765869019E-7,6.899368618444673E-7,1.5742337108527034E-6,2.6945111728275585E-6,3.9228188816425085E-6,5.213066938557267E-6,6.563789579603118E-6,7.958466751808725E-6,9.353159165692003E-6,1.0705526474666895E-5,1.2012534621291235E-5,1.336081284858366E-5,1.497751394965686E-5,1.716013420534211E-5,2.0013250914596974E-5,2.3115989299715402E-5,2.5544390757090826E-5
32.14944,2.260857393362732E-5,2.1832775547142894E-5,2.076140420617731E-5,1.9727335195463606E-5,1.902918715972246E-5,1.8904072245503627E-5,1.9556547255167354E-5,2.1208827510000238E-5,2.4134550720090936E-5,2.8620881997498972E-5,3.475445889980101E-5,4.195673326784882E-5,4.864566474805036E-5,5.2998331638908165E-5,5.451532390053657E-5,5.419181045792637E-5,5.3252180341343975E-5,5.233616085922251E-5,5.1513051240353946E-5,5.053668896981061E-5,4.9026251628682525E-5,4.658471856147648E-5,4.2985517178790024E-5,3.8420131713857216E-5,3.353026365090217E-5,2.9079517441495596E-5,2.5591735890220396E-5,2.3272579566010665E-5,2.2139896936369075E-5,2.216808272508155E-5,2.3363019666502235E-5,2.5760990713571565E-5,2.9349506087954614E-5,3.391486980358531E-5,3.8907659148107487E-5,4.3537817119837525E-5,4.716802467083641E-5,4.9648091005131195E-5,5.125448365787887E-5,5.240877225056721E-5,5.343799435535961E-5,5.433379933385999E-5,5.439679052413565E-5,5.2095027662513734E-5,4.615021957744106E-5,3.7507844474651664E-5,2.886230604377416E-5,2.2069636879639973E-5,1.7418710629948107E-5,1.4481866086077507E-5,1.276674947273396E-5,1.1904751940063453E-5,1.1641431300465842E-5,1.1784407970620734E-5,1.2159955645618738E-5,1.2579955292620849E-5,1.2663425280871868E-5,1.1134648081927823E-5,8.525750467034443E-6,7.407241349030479E-6,6.890453921383765E-6,6.53393258358721E-6,6.313366393416391E-6,6.254261612562889E-6,6.3778273361857994E-6,6.70305435042565E-6,7.25290574508985E-6,8.057845101553925E-6,9.156689754940164E-6,1.0595161899077264E-5,1.2421990301845568E-5,1.4681576882127497E-5,1.740045861914778E-5,2.056140999188136E-5,2.4055863052027464E-5,2.7611739431544058E-5,3.072497803938567E-5,3.264186484189478E-5,3.21546763690008E-5,2.5863328948797034E-5,9.607808320111006E-6,3.4389938000109154E-7,4.809568129790447E-7,1.331894816791887E-6,1.6330293219664142E-6,1.5984540130723866E-6,1.4174941683858438E-6,1.1772400383405427E-6,9.035350043638186E-7,5.78966793336979E-7,1.1459783176279774E-7,1.5941896199121997E-6,1.8751159817722998E-6,1.1393622199032945E-6,4.6244729157661734E-8,7.023109854746936E-6,9.396972084469371E-6,8.883114810875257E-6,1.1742262888106617E-5,1.3872022802516996E-5,1.4093697805964845E-5,9.953419576103597E-6,6.5318839754349346E-6,1.91903226525688E-6,6.132968213101059E-8,5.137007779006002E-7,1.5545798651958565E-6,2.570213658758234E-6,3.7823570810896212E-6,5.724948443958915E-6,9.085799567746218E-6,1.367159328494869E-5,1.941860023904148E-5,2.449022845644508E-5,2.433310943929436E-5,2.088650689930199E-5,1.9145450218569745E-5,1.9560476918551183E-5,2.011075296522378E-5,2.013802174206331E-5,1.9411242777621016E-5,1.704962975783171E-5,1.3221404861118417E-5,9.268219218658115E-6,6.117765675914289E-6,3.8699171117904375E-6,2.3052823752938775E-6,1.2677481515518884E-6,6.404310435893074E-7,2.9024851454652885E-7,1.235235902448923E-7,1.2353338366507832E-7,3.4733997349507783E-7,8.907501328819821E-7,1.8149607063631209E-6,3.0785199829102264E-6,4.555311688031595E-6,6.142058244030567E-6,7.820920604427852E-6,9.592917892727528E-6,1.1386212169620181E-5,1.3053706869013748E-5,1.4463569923498804E-5,1.55708844577328E-5,1.6432436883640248E-5,1.7258939326546988E-5,1.84231641843803E-5,2.0266260290974367E-5,2.2786014032545825E-5,2.5373462213141214E-5,2.7018189307303924E-5
32.7448,2.326719309173474E-5,2.2645871638477864E-5,2.1610174863971577E-5,2.0504752529457377E-5,1.966058207437212E-5,1.9344819815689662E-5,1.977749315267724E-5,2.1182223031370046E-5,2.383034317181045E-5,2.802548415400236E-5,3.3925852948622246E-5,4.108866237272068E-5,4.7999359425463654E-5,5.2635225364623576E-5,5.420646235533366E-5,5.369043771320611E-5,5.2496547862784904E-5,5.141909017089248E-5,5.058839549294183E-5,4.976387031396638E-5,4.855874658515956E-5,4.65602772581992E-5,4.346368356725354E-5,3.9295915859333796E-5,3.454936529303912E-5,2.9975058316776104E-5,2.6195472089609245E-5,2.3519168770422902E-5,2.2017404760480273E-5,2.1676631417873405E-5,2.250093556393379E-5,2.453961948272013E-5,2.783645139753968E-5,3.228889244528631E-5,3.746002391199343E-5,4.2545310085094375E-5,4.671453645552699E-5,4.959766805266509E-5,5.137922391694133E-5,5.249523292877128E-5,5.333100731708827E-5,5.401671548685166E-5,5.415466276864157E-5,5.25574781970228E-5,4.7764348933275325E-5,3.9832188210045795E-5,3.100780603652171E-5,2.3568252593476834E-5,1.8265631671093672E-5,1.4829572173192884E-5,1.2761215029331025E-5,1.1654408135108599E-5,1.1233853548726584E-5,1.1313443808426632E-5,1.1751731920325286E-5,1.2416304527130397E-5,1.3001084504339464E-5,1.200728324866935E-5,9.230671383465974E-6,7.910883222314615E-6,7.3130932527166365E-6,6.896135253916147E-6,6.611149755638717E-6,6.484172417864067E-6,6.540275705556582E-6,6.801417176197171E-6,7.293349428652452E-6,8.050869082143534E-6,9.120316111159168E-6,1.0559105672799507E-5,1.2431108443688059E-5,1.4795158078154443E-5,1.7681976331289455E-5,2.1053096388537343E-5,2.473819203210729E-5,2.83657840989234E-5,3.134061085252645E-5,3.289126673259163E-5,3.174368878041705E-5,2.374563698614878E-5,6.573696897073475E-6,3.6614512450889664E-8,7.523637969760819E-7,1.4823240589609705E-6,1.6518592681608355E-6,1.528893465044448E-6,1.2852933344378175E-6,9.9072121092881E-7,6.524267397637623E-7,2.132414358394408E-7,4.894110493165817E-6,3.703776956919829E-7,8.578464761089506E-7,1.0061037321768067E-8,4.4474856760736244E-6,1.1680729345232866E-5,8.371824562151648E-6,1.0862250583232943E-5,1.1154287174967075E-5,1.225267437194734E-5,8.629279385377571E-6,5.377720597005646E-6,1.5399426812346413E-6,2.1276399054922066E-8,1.1306304538722464E-6,2.8560604634959474E-6,4.498464555899994E-6,6.089029165906839E-6,7.86007129573764E-6,1.076073561229809E-5,1.4398786484139513E-5,1.8700807434215924E-5,2.3805892845746924E-5,2.561487588668914E-5,2.1932963681206702E-5,1.826613461489486E-5,1.7152867527808387E-5,1.69820737102156E-5,1.6450517179664634E-5,1.5465766855266362E-5,1.3664173720032337E-5,1.0842433163125488E-5,7.572826102518535E-6,4.658795437611609E-6,2.5049476114487923E-6,1.1212023849989326E-6,3.8274539577177924E-7,1.1316212901840958E-7,1.2311681361739452E-7,3.0281213486024566E-7,6.448718661460672E-7,1.2114590533021692E-6,2.08032380171976E-6,3.276538290247666E-6,4.732922443689636E-6,6.336949214434234E-6,8.044609241958094E-6,9.92346845092487E-6,1.204553887369683E-5,1.4332002618943268E-5,1.6498462375174037E-5,1.821570839627567E-5,1.9336461301827225E-5,1.9899095053850415E-5,2.0067419569317172E-5,2.020090587404801E-5,2.077208213143129E-5,2.2075638722284557E-5,2.3963222371651953E-5,2.57080121929322E-5,2.6368844554906745E-5
33.34016,2.3887133482387903E-5,2.346825887501041E-5,2.251229602289577E-5,2.1364485748107367E-5,2.0386216326502682E-5,1.9879513085453746E-5,2.0085943793938264E-5,2.123397994990926E-5,2.3591442849981544E-5,2.7471008558994013E-5,3.309112682560017E-5,4.014895672546653E-5,4.7245401707715085E-5,5.220011042653319E-5,5.388141202196342E-5,5.3183051785577625E-5,5.170150256908533E-5,5.0416075409508377E-5,4.954041829888331E-5,4.884537447912931E-5,4.793082575909076E-5,4.636713994348512E-5,4.37954607493182E-5,4.010331005042247E-5,3.56113105193452E-5,3.1003476444061065E-5,2.6974221697795965E-5,2.394627044025808E-5,2.2065071538294023E-5,2.13410131569233E-5,2.1776151380580207E-5,2.3421312469681638E-5,2.6357023506160507E-5,3.0580449809092366E-5,3.5797383310230754E-5,4.126531911237434E-5,4.600372189112244E-5,4.9374738941258685E-5,5.1410113408129436E-5,5.255275494439052E-5,5.3252718466369736E-5,5.3742458823155374E-5,5.385073666184201E-5,5.274173342092766E-5,4.902934561396834E-5,4.207746653124353E-5,3.338764759499808E-5,2.5401414815080922E-5,1.940373561516772E-5,1.5394306442759E-5,1.2909821936377368E-5,1.1507459449961622E-5,1.0878943783346567E-5,1.0830109022025765E-5,1.1241734411164445E-5,1.2042355022153408E-5,1.3057425072614281E-5,1.274690088250936E-5,9.960378617115893E-6,8.452818516810392E-6,7.781904797040436E-6,7.31368816312251E-6,6.969720182091251E-6,6.7758826289533134E-6,6.762266258760573E-6,6.954680806436537E-6,7.381598644419852E-6,8.081158431522681E-6,9.10573563169801E-6,1.0523355729043689E-5,1.2413860294113663E-5,1.485494333935251E-5,1.788971998525772E-5,2.1466486966092136E-5,2.535283173793203E-5,2.906616018422122E-5,3.191248452586896E-5,3.311567139706507E-5,3.129598315816847E-5,2.1311380383799508E-5,4.035070061740247E-6,2.1187210919883092E-8,9.952652117738467E-7,1.5649282120508953E-6,1.609376696934615E-6,1.4062346332244325E-6,1.1029199220086392E-6,7.477813285055807E-7,3.1751739468243864E-7,1.5876201317554222E-5,1.6335573529274966E-7,5.642494602146687E-7,1.3799355603556534E-7,2.799951022133888E-6,1.4932950985411699E-5,8.558255752607899E-6,8.720169451415296E-6,8.92560750653778E-6,9.489114122357653E-6,6.857403222012671E-6,4.0425475051179E-6,1.104906566543981E-6,1.4300277169608762E-7,2.0682893852447515E-6,4.570905134087435E-6,6.873790463078242E-6,8.946793290525582E-6,1.0486026966451058E-5,1.2816114104547763E-5,1.5779625450314382E-5,1.8397522404569165E-5,2.207132322153826E-5,2.500832040127718E-5,2.265934435104005E-5,1.7677398959536194E-5,1.4827202449936061E-5,1.3652704317030802E-5,1.2604863485819554E-5,1.1342654953333786E-5,9.746164649153879E-6,7.656937684400645E-6,5.2524371656558635E-6,2.992851599825193E-6,1.291811220752608E-6,3.229606593402372E-7,3.170303533764413E-8,2.0386226505062876E-7,6.029848905750676E-7,1.117582848954372E-6,1.7627211172569052E-6,2.611062796222223E-6,3.7213613765185956E-6,5.074679819334609E-6,6.556757186052348E-6,8.03619223654709E-6,9.51408925455575E-6,1.1171154182882311E-5,1.3227128193451506E-5,1.5741955968655037E-5,1.844418668786294E-5,2.0769776482307546E-5,2.2271395204520572E-5,2.2902948022509055E-5,2.2821917886439345E-5,2.22931210410978E-5,2.1779611184373568E-5,2.1756796641151246E-5,2.2409808135726417E-5,2.346777133581678E-5,2.420373081811644E-5,2.3880680139395455E-5
33.93552,2.4448747422389853E-5,2.4281849451109225E-5,2.3456611255903627E-5,2.2304150444948842E-5,2.1210686589593758E-5,2.0516588702675643E-5,2.049178990119733E-5,2.1374638872936046E-5,2.3429877312541508E-5,2.697296762599007E-5,3.226979472779932E-5,3.915390337469011E-5,4.638449467423374E-5,5.168506205419459E-5,5.354506678006039E-5,5.269009772076611E-5,5.089158317278901E-5,4.9344535066747095E-5,4.837300842041615E-5,4.7772704252184804E-5,4.712818724126079E-5,4.598682515641121E-5,4.394972739071905E-5,4.0795560198128186E-5,3.6670561868597106E-5,3.213986181275605E-5,2.7925787824512944E-5,2.4564890587247785E-5,2.229858629513235E-5,2.1178675092546792E-5,2.1210178053752415E-5,2.2437807384202903E-5,2.4959402048268856E-5,2.8849729076799507E-5,3.396545987209109E-5,3.9698759367212704E-5,4.5000275833364134E-5,4.8942748340861894E-5,5.131870336857597E-5,5.254633510471326E-5,5.315930490761381E-5,5.348429198285634E-5,5.350971851070157E-5,5.2700850313123915E-5,4.990554201768163E-5,4.409356731602278E-5,3.58994184571571E-5,2.7565324578514844E-5,2.0872040440191912E-5,1.6217422073073802E-5,1.3246729172776963E-5,1.1494709664398402E-5,1.0611507187875297E-5,1.0379674769145214E-5,1.068559837590993E-5,1.1506326514513265E-5,1.282045995446567E-5,1.32570095999033E-5,1.0664691216892137E-5,9.008061178964493E-6,8.281042525991494E-6,7.77821716508949E-6,7.387146358958332E-6,7.1322101375779135E-6,7.049841541760564E-6,7.171276357236545E-6,7.528366955857596E-6,8.16209645441802E-6,9.129413173754205E-6,1.050713529994265E-5,1.2390226449500339E-5,1.4877485287584606E-5,1.8031449950750284E-5,2.1796711383079017E-5,2.588184230389867E-5,2.9683530398633993E-5,3.2404334179217735E-5,3.328519525465329E-5,3.0788475112433056E-5,1.8529040064414028E-5,2.1371676704599714E-6,1.751826193433155E-7,1.1779536969388318E-6,1.5720318415130169E-6,1.5016192317196785E-6,1.225740034026158E-6,8.622364672800071E-7,4.310438117921093E-7,1.512154532591674E-8,4.4395485968143673E-7,2.6682319547123296E-7,4.426333487377239E-7,2.143391459895517E-6,1.666896890247474E-5,9.893703685771296E-6,7.091700606569755E-6,7.129594842144776E-6,6.6634811676832276E-6,4.898675626733688E-6,2.7106016505480297E-6,6.221555419737444E-7,2.9143229851739645E-7,3.0490677177211404E-6,6.423321770792018E-6,9.357824326480304E-6,1.211394485166607E-5,1.3551735539713414E-5,1.5031292319767656E-5,1.7646234432665965E-5,1.900345261610207E-5,2.0662120651146374E-5,2.3017521423221254E-5,2.2380886676459126E-5,1.739514405769693E-5,1.3048321924177273E-5,1.0764224626512324E-5,9.185617243150612E-6,7.710398262505313E-6,6.219783847881955E-6,4.6102263571173235E-6,2.931535210926517E-6,1.4214495215101188E-6,3.786219676044847E-7,8.39672756310362E-9,2.9792940989045974E-7,9.908691023171197E-7,1.7964400400838985E-6,2.6172333223486892E-6,3.5158986171281375E-6,4.591907364599878E-6,5.890666964395212E-6,7.345915129205405E-6,8.779845837468868E-6,9.997185646192276E-6,1.0983781990798693E-5,1.200585158298473E-5,1.3429180125522138E-5,1.5500273960903616E-5,1.8176751136617146E-5,2.0964587054981197E-5,2.30956278808693E-5,2.4153593858606256E-5,2.4249363246159437E-5,2.3630702777141287E-5,2.2616810488223476E-5,2.1668004728034445E-5,2.1163029064492184E-5,2.116577159701429E-5,2.1354814558495164E-5,2.1123910871627613E-5,2.000762374412465E-5
34.53088,2.493144992822233E-5,2.506521787370588E-5,2.4427478455579E-5,2.331755155229277E-5,2.2136493497946585E-5,2.12639633058356E-5,2.100525863404095E-5,2.161522607018416E-5,2.3357859029819944E-5,2.6546815126231923E-5,3.1482274557700564E-5,3.8123557005387046E-5,4.5421359991146075E-5,5.108020579580271E-5,5.31979935123684E-5,5.223181313133327E-5,5.009626706572414E-5,4.8230813812653406E-5,4.710015835607383E-5,4.6544366897289636E-5,4.61386940938269E-5,4.540182061451039E-5,4.3898544278127016E-5,4.132643036679089E-5,3.7673143254536024E-5,3.334620881277877E-5,2.9038394754547375E-5,2.5382140952535812E-5,2.2733006957055426E-5,2.120676141075031E-5,2.0822517418998108E-5,2.161639343429697E-5,2.3687135146391662E-5,2.7159744181421417E-5,3.202783197834645E-5,3.786950815390174E-5,4.36763074768282E-5,4.8261365354720616E-5,5.1080630446403835E-5,5.2453832254440664E-5,5.301325244199244E-5,5.320261711172671E-5,5.312966689091217E-5,5.248398552211923E-5,5.0400048689070555E-5,4.5748770531887945E-5,3.839273122321074E-5,3.0015116171601974E-5,2.2699282934719728E-5,1.7343618352457233E-5,1.3810253970628451E-5,1.1647614715017758E-5,1.0462998974358248E-5,1.0002174425398778E-5,1.0138454204731442E-5,1.087375565886424E-5,1.2322922621143855E-5,1.345892201380916E-5,1.127925193717431E-5,9.541165876984534E-6,8.7855086466483E-6,8.273317674032953E-6,7.85532849848331E-6,7.55183258082452E-6,7.406506012150193E-6,7.458080532899571E-6,7.743277834696944E-6,8.306186816661824E-6,9.207299973579048E-6,1.0530210490260729E-5,1.2382929288929243E-5,1.4885270581618166E-5,1.812384300016323E-5,2.2048930976335353E-5,2.6316055658664028E-5,3.019446372542607E-5,3.278203264762924E-5,3.336894497221095E-5,3.0190549999105244E-5,1.5410963157999198E-5,9.059090818452199E-7,3.956279997992435E-7,1.2813531053840875E-6,1.5008911492068483E-6,1.3272038026356807E-6,9.83833173967028E-7,5.541747123906966E-7,6.048995733966012E-8,1.2102047829991538E-6,2.3474110624156645E-7,1.0029765317657714E-6,1.6480590121074484E-6,1.3374714124569594E-5,1.3036814048044387E-5,6.689678672691523E-6,5.569415677180597E-6,4.374868363007286E-6,3.096548001471577E-6,1.5987651815035889E-6,2.436572785870176E-7,4.4047188651563733E-7,3.749173407920935E-6,8.045415473848203E-6,1.141374225246205E-5,1.4940573641940878E-5,1.681151862400059E-5,1.7169760611718656E-5,1.9246516945101422E-5,2.0245388491832908E-5,2.0128153598289853E-5,2.090721328172297E-5,2.085923427469448E-5,1.6977986238215596E-5,1.1831564609243218E-5,8.548812881902622E-6,6.482098144068004E-6,4.879209681621889E-6,3.5275212817248808E-6,2.3096443620578584E-6,1.2181799032992505E-6,3.8360108044295336E-7,1.6464763246797528E-8,3.037069029771545E-7,1.244568546416214E-6,2.5192897709681584E-6,3.7364542833205613E-6,4.811702354067948E-6,5.894899164198555E-6,7.145996787438043E-6,8.612057027201788E-6,1.017832361724673E-5,1.1596664034048141E-5,1.2580955370397224E-5,1.3017175887715814E-5,1.3192000135118308E-5,1.3612019906129568E-5,1.4665939603652189E-5,1.650551708630488E-5,1.8941903623828084E-5,2.1329515102306815E-5,2.2891108228451173E-5,2.3367035441506174E-5,2.2984724865863248E-5,2.2031092819043826E-5,2.0815154448322848E-5,1.9687468516969524E-5,1.8873527106920568E-5,1.834300273292686E-5,1.780537606007593E-5,1.6851498354428944E-5,1.527265551411426E-5
35.12624,2.5314706400765145E-5,2.5794157405437894E-5,2.5404474140602356E-5,2.4393705617569893E-5,2.3162997503955547E-5,2.212836061625572E-5,2.1636661380032383E-5,2.196727136572053E-5,2.3387879126957868E-5,2.620786251187406E-5,3.074934675923037E-5,3.7081244900572416E-5,4.436590601590508E-5,5.037486413037065E-5,5.2834960615446925E-5,5.182583940884845E-5,4.9347877207076976E-5,4.7109031099982865E-5,4.574695964426924E-5,4.516913248961598E-5,4.4955531208621415E-5,4.4596301192649175E-5,4.361708608970022E-5,4.165283247052553E-5,3.8559863540637944E-5,3.4570699132640895E-5,3.028717733910843E-5,2.6398379031468772E-5,2.33817251808466E-5,2.1442432172313485E-5,2.063157301148607E-5,2.0980426244229137E-5,2.2577428964554627E-5,2.557067407288693E-5,3.0060261386331308E-5,3.582835837572412E-5,4.202023390187908E-5,4.728548097572956E-5,5.0668890216786304E-5,5.226627361787374E-5,5.2793728763908196E-5,5.285803758854892E-5,5.268583115601071E-5,5.2119615698485326E-5,5.0550592725004395E-5,4.6957829001312514E-5,4.0687749130808735E-5,3.26490515085839E-5,2.4889479889155427E-5,1.8817140318077093E-5,1.464414495509482E-5,1.200071877252188E-5,1.0463378063644486E-5,9.731859053318642E-6,9.649029827163348E-6,1.021460254402867E-5,1.163499897034673E-5,1.3316098687602021E-5,1.1734690303105057E-5,1.0008567898073193E-5,9.261357888347165E-6,8.77314338862159E-6,8.357768999471575E-6,8.02708452755316E-6,7.831514958536181E-6,7.819284118400127E-6,8.034182201409684E-6,8.524575185179821E-6,9.354236764459967E-6,1.0611837584694906E-5,1.2415776999730848E-5,1.4904819877320921E-5,1.819124410024223E-5,2.2238503244214377E-5,2.665666966096332E-5,3.0584301904559516E-5,3.3017622666145376E-5,3.33388023775219E-5,2.946215989150658E-5,1.205568411862099E-5,2.5166401672434263E-7,6.07455874176263E-7,1.2976747638011645E-6,1.3539532940670882E-6,1.088334153337397E-6,6.797088326376219E-7,1.836078677545249E-7,4.8531571110749645E-6,1.1941507537389635E-7,2.062711296255508E-6,1.5207169579882608E-6,9.690418740771001E-6,1.8133049583721143E-5,7.593181926469938E-6,4.462610035118489E-6,2.820711184314379E-6,1.6729821973923188E-6,8.337353689511273E-7,1.1201638866482648E-7,6.735076830911067E-7,4.05824974083426E-6,9.183976664443755E-6,1.2642971988971815E-5,1.6501939725721897E-5,1.9531126201119423E-5,1.9144725136941238E-5,1.985655075943046E-5,2.106982313973742E-5,2.0088079433455844E-5,1.9272618795752402E-5,1.8686192360752066E-5,1.5905013753228636E-5,1.089168020121576E-5,6.91636507178932E-6,4.47218199431841E-6,2.8418722595932645E-6,1.7018603244803378E-6,8.761695085969651E-7,3.0387609736797353E-7,5.3187589463010104E-8,2.8253594454082333E-7,1.1641834487939923E-6,2.7240169870895487E-6,4.60461706739143E-6,6.240746232230899E-6,7.498574808194293E-6,8.658506668854911E-6,1.0005455847379892E-5,1.1628581143854864E-5,1.336847423192788E-5,1.4889903196223383E-5,1.5824085143737997E-5,1.590169906103626E-5,1.5277473949233757E-5,1.4574259392734276E-5,1.4372060721677355E-5,1.4940885907259357E-5,1.6274830666282195E-5,1.8050143838364052E-5,1.9609896276528433E-5,2.035953873279018E-5,2.0221221853121518E-5,1.9457315775410327E-5,1.834189288662905E-5,1.7118370679528794E-5,1.5986902337675342E-5,1.502842304422415E-5,1.416352054594902E-5,1.318570255988478E-5,1.188704184377856E-5,1.023768112085295E-5
35.7216,2.5579180347728607E-5,2.644260597610747E-5,2.6362484177853602E-5,2.5515963347235485E-5,2.4285167013620844E-5,2.3114344586180952E-5,2.2395930028920136E-5,2.2442732596475748E-5,2.3532808533225947E-5,2.59712889920241E-5,3.0091695437848893E-5,3.605279535304027E-5,4.32340816589613E-5,4.955949060022928E-5,5.2444028197397286E-5,5.148469269986832E-5,4.8679086417558736E-5,4.6018951913335576E-5,4.4349086703771636E-5,4.3668433005909146E-5,4.3581196587260585E-5,4.355831661553559E-5,4.30835451982642E-5,4.1736514351718696E-5,3.927062104402723E-5,3.5749080864730743E-5,3.1630960556685855E-5,2.7603237492735306E-5,2.425436969087779E-5,2.1902664352041812E-5,2.06555635944507E-5,2.055047208688548E-5,2.166091378822115E-5,2.4135479461123383E-5,2.8142481200011857E-5,3.3651803084557724E-5,4.0047888865152006E-5,4.5969825065743475E-5,5.0045357429218E-5,5.1981415731553494E-5,5.250254782812922E-5,5.242690029214556E-5,5.214329473455683E-5,5.160882718375985E-5,5.0400372244818607E-5,4.7692302414042135E-5,4.2611017483248054E-5,3.530339947715441E-5,2.7401409971731508E-5,2.0672464542564742E-5,1.579705304350664E-5,1.2594101230664639E-5,1.0643905310055225E-5,9.598823033398213E-6,9.257378667944099E-6,9.59241595093596E-6,1.08468584118222E-5,1.2848401972226985E-5,1.1971493532825403E-5,1.0364517549087733E-5,9.668569961956646E-6,9.242718234966035E-6,8.867953279683617E-6,8.541527740062734E-6,8.317555490726702E-6,8.254616767146454E-6,8.40597892136288E-6,8.826303241224635E-6,9.583347770627311E-6,1.0769907123340897E-5,1.2512190637023296E-5,1.4964571991227286E-5,1.8263533723433055E-5,2.2389746533749205E-5,2.691521234833825E-5,3.084834860086541E-5,3.3092273564433247E-5,3.3173287885466885E-5,2.85497619741917E-5,8.681772885149783E-6,1.595756125087486E-8,7.637475620869347E-7,1.2285658536598252E-6,1.1388194760294938E-6,7.91923147203171E-7,3.219944172222955E-7,1.1160381984366494E-5,9.74262190054029E-8,4.045539835306927E-6,1.8094085099156405E-6,7.647604323847457E-6,2.1077670612728317E-5,1.0013311786245907E-5,4.2394132516673E-6,1.959572499626095E-6,7.01418422117237E-7,4.4425427048957335E-7,2.879452673851381E-7,1.1106024228922074E-6,4.226885073089548E-6,9.853380344085894E-6,1.321332995572592E-5,1.646883285852295E-5,2.044982017613292E-5,2.0716984012790195E-5,1.9576360054482167E-5,2.037281683332627E-5,1.9525424462490262E-5,1.77643623640522E-5,1.634534310484489E-5,1.4044619809369276E-5,9.795613688770656E-6,5.632545847792701E-6,2.988958522888708E-6,1.4477006494234934E-6,6.02666942774371E-7,1.975856563189062E-7,1.1067974516124242E-7,3.6235108092433456E-7,1.0760111477737422E-6,2.412655955366081E-6,4.441821060660828E-6,6.8604669925802975E-6,8.92142695544684E-6,1.0277083331820008E-5,1.1327717045486565E-5,1.2580036193260655E-5,1.4259397253974836E-5,1.622007649895883E-5,1.8009005152942424E-5,1.914425970721653E-5,1.926344510770518E-5,1.8253141119238233E-5,1.6614791933352738E-5,1.51603281811703E-5,1.438328623523867E-5,1.4384035970895357E-5,1.5005538537737579E-5,1.585734094225406E-5,1.640920657896014E-5,1.632507260517522E-5,1.5652409133405583E-5,1.4622000229131912E-5,1.3447519933360633E-5,1.2281605088364938E-5,1.1204850509141892E-5,1.0214015793014517E-5,9.23124579248388E-6,8.147099146379283E-6,6.89871901291085E-6,5.536125965632592E-6
36.31696,2.570795947617696E-5,2.6983904749315525E-5,2.7272294643891143E-5,2.6661425695269055E-5,2.5492208748102364E-5,2.4223016367389904E-5,2.329185476895676E-5,2.3053756151376872E-5,2.38059627135463E-5,2.585222848989047E-5,2.9529583054364824E-5,3.506559098032496E-5,4.2048174175413073E-5,4.8628245086363716E-5,5.2006555744907806E-5,5.1213253910119674E-5,4.8120246404701534E-5,4.5003245951555864E-5,4.295075105312374E-5,4.2077064777296785E-5,4.203139003799071E-5,4.228360249334453E-5,4.227993987940729E-5,4.154468107509854E-5,3.9748747064923134E-5,3.680856358564399E-5,3.3010505766483135E-5,2.8970830006375803E-5,2.53532863386295E-5,2.2603134544019375E-5,2.0913131109383598E-5,2.034576181104892E-5,2.0962681645058374E-5,2.2897671272891047E-5,2.6349737946647583E-5,3.143452396860879E-5,3.7811373648672205E-5,4.428138182124788E-5,4.9155035914343696E-5,5.1590993285969906E-5,5.216191804241111E-5,5.1914276193263536E-5,5.1476200304351474E-5,5.093181957803224E-5,4.997646302765733E-5,4.7967268014554536E-5,4.403407037090079E-5,3.7769542551214706E-5,3.0127214927582044E-5,2.291697220876424E-5,1.7318094746161027E-5,1.347498560100538E-5,1.1040357289423568E-5,9.632087453811759E-6,8.995941203382624E-6,9.058525159328144E-6,1.0048756730347299E-5,1.2128533020627047E-5,1.1956328815118795E-5,1.0570062072475744E-5,9.96705527025263E-6,9.64108825606515E-6,9.349524607617004E-6,9.068078442615928E-6,8.848124755751562E-6,8.75690262827074E-6,8.858746651864689E-6,9.217041923270199E-6,9.905177539941408E-6,1.102012403566215E-5,1.2693957917061704E-5,1.5092856037503423E-5,1.837351053259508E-5,2.253353032423338E-5,2.711184564374952E-5,3.099098017690035E-5,3.2997225310129165E-5,3.286057998099301E-5,2.7378528048294734E-5,5.608022762911439E-6,2.8906621078833516E-8,8.412808721682674E-7,1.082927769147511E-6,8.679195395652655E-7,4.5223415194654057E-7,1.9276027857694397E-8,4.0241150194985825E-7,5.3303127283636025E-6,2.6109439489697503E-6,4.31224189611809E-6,1.7956976683985395E-5,1.3889633698890915E-5,4.996464673805116E-6,1.6305568639927343E-6,1.6859993058891517E-7,4.1099859972124995E-7,7.808059880320597E-7,1.8417984249982591E-6,4.623856299904905E-6,1.0191204926270703E-5,1.3758237144941445E-5,1.567646339273215E-5,1.9115657057085145E-5,2.101436022298761E-5,1.8918856824017648E-5,1.8277908012417623E-5,1.761205855509527E-5,1.568707224699792E-5,1.375178473783504E-5,1.1562469179742475E-5,8.190799454691613E-6,4.421340719860924E-6,1.8539142400896143E-6,5.496927123903187E-7,9.844045045420348E-8,1.5820014168077786E-7,5.39425702248769E-7,1.2224319724491022E-6,2.3076327103138096E-6,3.944329920746462E-6,6.233482893603659E-6,9.006653962041706E-6,1.1482586300173038E-5,1.290379046576693E-5,1.3604176350816868E-5,1.4393476153706235E-5,1.576250562213379E-5,1.773239179412414E-5,1.983769410470323E-5,2.1383805651712724E-5,2.1898111307412204E-5,2.114194572050544E-5,1.9237628113932122E-5,1.691032267629651E-5,1.4948259876996389E-5,1.3693480758277678E-5,1.310962969954567E-5,1.2955230445528232E-5,1.2871918566395908E-5,1.252572923713001E-5,1.179338730780522E-5,1.0769445853330494E-5,9.616852668486593E-6,8.464395235119923E-6,7.382652213062835E-6,6.388873775773826E-6,5.46110146503948E-6,4.55923114476593E-6,3.653476005753264E-6,2.7531231230598904E-6,1.912891046447797E-6
36.91232,2.5687768660751985E-5,2.7392296727684654E-5,2.8101730434161778E-5,2.7800878632725206E-5,2.676626277412334E-5,2.5450381546550622E-5,2.4330929156269258E-5,2.381217774520082E-5,2.4221064876652438E-5,2.58658971551035E-5,2.908268434086428E-5,3.4147587070886584E-5,4.0836403372292064E-5,4.7581840430043996E-5,5.149849363555788E-5,5.1006470880300225E-5,4.76966832696279E-5,4.41045790428316E-5,4.160152434674962E-5,4.0441733431184256E-5,4.0337519631340917E-5,4.0780432013564624E-5,4.119472011006798E-5,4.1050192338188055E-5,3.994423959408668E-5,3.767376053383873E-5,3.434960437378633E-5,3.0455056809555845E-5,2.666840351069627E-5,2.3555677514332232E-5,2.1423241489052508E-5,2.0385589080989313E-5,2.0504163699681454E-5,2.189137516517074E-5,2.474644521953454E-5,2.9277303837054076E-5,3.540016316862931E-5,4.2217923836985284E-5,4.792893042607389E-5,5.106496760354265E-5,5.180241472415445E-5,5.135851864454005E-5,5.0687848685964825E-5,5.0066849596459555E-5,4.928241789720737E-5,4.78135326763012E-5,4.4893197105640734E-5,3.983553065204175E-5,3.288290054028365E-5,2.5505369772042888E-5,1.924533532900021E-5,1.4696946728405674E-5,1.1696024834579586E-5,9.863449961899375E-6,8.892903011729049E-6,8.651624613375274E-6,9.316435988842727E-6,1.1261832107363097E-5,1.1693221727779185E-5,1.0602703178966108E-5,1.012493023400655E-5,9.92774361214857E-6,9.759505805098419E-6,9.568970260914541E-6,9.395420512039316E-6,9.309255252870354E-6,9.385151467042028E-6,9.697087679832518E-6,1.0326279931422839E-5,1.1374942367845542E-5,1.2980059330717855E-5,1.531605832491674E-5,1.8554137677416016E-5,2.270403249079388E-5,2.7272217547672445E-5,3.102275543324419E-5,3.2732332165431985E-5,3.239991095672945E-5,2.5839732534496885E-5,3.147784214958987E-6,1.4933765228035948E-7,8.343613441802646E-7,8.747491586254699E-7,5.586214950309061E-7,1.1156024852079645E-7,1.2214310680855663E-6,1.2447003077082867E-6,4.517173604394504E-6,2.5715023940745074E-6,1.4099520957855518E-5,1.7000128200437164E-5,6.5444922653658284E-6,1.6932423535919042E-6,1.5828731606748308E-8,7.026052041489023E-7,1.5890406296728527E-6,2.8973849506426577E-6,5.483832417178239E-6,1.0329069464417397E-5,1.4817014719460704E-5,1.533876768444195E-5,1.694687394469373E-5,1.9311121117620092E-5,1.793105564940563E-5,1.5779792905090353E-5,1.4640608219497165E-5,1.2823865277338753E-5,1.0783614304897457E-5,8.698198348376744E-6,6.067916268536005E-6,3.0904439327755207E-6,9.525228776887363E-7,7.711302331960202E-8,1.4544746315675184E-7,7.363889958425482E-7,1.5838390052629615E-6,2.6364815982399636E-6,3.990759806145202E-6,5.793797062635239E-6,8.151504383697735E-6,1.1024728623488282E-5,1.3844975221467427E-5,1.5480821303927182E-5,1.575109790486999E-5,1.5689661870119816E-5,1.618583148780545E-5,1.754377556069624E-5,1.952847410764994E-5,2.141337740626331E-5,2.2443035960925645E-5,2.2283144480224005E-5,2.088594682642889E-5,1.8561183320729457E-5,1.6014080419355273E-5,1.3851015667246907E-5,1.2275805674026399E-5,1.1193584852080713E-5,1.0375401352295257E-5,9.575923706282999E-6,8.643534036435164E-6,7.571431088798157E-6,6.441792675620173E-6,5.342375733063419E-6,4.327299393817267E-6,3.4161813596155853E-6,2.607653696989486E-6,1.8944613542018075E-6,1.275607529897301E-6,7.632739777355081E-7,3.8145588601035046E-7,1.5541588463179449E-7
37.50768,2.551007912921331E-5,2.764453582394498E-5,2.8817288818655514E-5,2.889944830581489E-5,2.808144734833683E-5,2.6785487501515097E-5,2.5515723619709128E-5,2.4728641173627898E-5,2.4792014025322928E-5,2.6027701914497334E-5,2.8770072578511856E-5,3.332643917402421E-5,3.9631819995622754E-5,4.643009407076941E-5,5.089323321773065E-5,5.084756906433085E-5,4.74259838435789E-5,4.3362898822345026E-5,4.035271583751757E-5,3.881761646785105E-5,3.8546671749228745E-5,3.907410117741821E-5,3.9827445070457455E-5,4.0232636015173033E-5,3.9815362383447974E-5,3.8273187743655506E-5,3.555992534283234E-5,3.1986712647791495E-5,2.8170797521312387E-5,2.4763783861580154E-5,2.2203833398498054E-5,2.069023025355195E-5,2.0305330964896754E-5,2.114322568693399E-5,2.3383331439658843E-5,2.727433268004557E-5,3.2931541306454704E-5,3.982556187616667E-5,4.630038552841379E-5,5.033896322409658E-5,5.144281194112311E-5,5.082366325542172E-5,4.982353054120953E-5,4.901576724717807E-5,4.8309598361420526E-5,4.7253540194653335E-5,4.517943548302349E-5,4.1335021842235983E-5,3.542680987708511E-5,2.831251917412533E-5,2.1583822592827933E-5,1.63138890561512E-5,1.2663421992918249E-5,1.0331508860678561E-5,8.976769696368123E-6,8.401308132618331E-6,8.705437973173766E-6,1.035924129937753E-5,1.1224243631230842E-5,1.0463211468122642E-5,1.0126679482797052E-5,1.0071286568739495E-5,1.0055095638382785E-5,9.99895903909079E-6,9.92011632839821E-6,9.882773575836095E-6,9.967461711485357E-6,1.025858777587908E-5,1.084701989955317E-5,1.1841922754406662E-5,1.3385254699370023E-5,1.565685012755379E-5,1.8835803753611056E-5,2.2934953469984147E-5,2.7423121578294644E-5,3.095590450303501E-5,3.230249511564056E-5,3.180106934414668E-5,2.3776253998672054E-5,1.466613613131973E-6,2.799838367064716E-7,7.489337244913482E-7,6.216083050931375E-7,2.3758648669402088E-7,4.153476044961582E-6,3.37721518662092E-8,9.357751767313001E-6,2.4295086349534275E-6,9.621689378615233E-6,1.5991350907379597E-5,8.23280002928138E-6,2.133161057004057E-6,1.16637801618573E-7,1.2662780625187555E-6,2.7168133635392392E-6,4.242466838419125E-6,6.868798472534986E-6,1.0602045220665809E-5,1.6226842433587797E-5,1.6254173565729508E-5,1.56307529406388E-5,1.667617768615874E-5,1.6280239687168086E-5,1.3515004258971871E-5,1.1563018385235828E-5,9.696072310610848E-6,7.742744927248018E-6,5.85952650587349E-6,3.830000220553641E-6,1.7273473043200853E-6,2.972933879752339E-7,4.736614264010581E-8,7.824862991519287E-7,2.003138439885301E-6,3.336055921748907E-6,4.699758584507824E-6,6.21941141951205E-6,8.07385244941634E-6,1.0361777420895064E-5,1.3082156451180254E-5,1.599507931276466E-5,1.80684339355887E-5,1.826083330100525E-5,1.726523048213714E-5,1.647061814741462E-5,1.6578671579070366E-5,1.7636182534630574E-5,1.9190687739312813E-5,2.0442731687518986E-5,2.0777663615889865E-5,2.0050426257522924E-5,1.8386984337173975E-5,1.614112850306389E-5,1.3810650113409343E-5,1.1757782769858522E-5,1.0083919488825755E-5,8.710401699019245E-6,7.499447636479246E-6,6.344158926545268E-6,5.2120379675407115E-6,4.1307306037031655E-6,3.14386563741031E-6,2.281174712802044E-6,1.5543693534306144E-6,9.661785522202778E-7,5.20284459585965E-7,2.267003137726792E-7,1.0104344630025346E-7,1.5761175069226858E-7,3.982902201596531E-7,8.040655988750738E-7
38.10304,2.517202755835248E-5,2.7721471556654782E-5,2.9386108677828248E-5,2.9918075187781494E-5,2.940361303962868E-5,2.8208574641424178E-5,2.6842768597879584E-5,2.5811195176677182E-5,2.5532327947544885E-5,2.6353240959465143E-5,2.8610315149103353E-5,3.2628851836687485E-5,3.847068471893889E-5,4.5193545874549805E-5,5.016602649447809E-5,5.0707249551951675E-5,4.731521216170184E-5,4.281307023063169E-5,3.9254026635982435E-5,3.726375033628221E-5,3.671859075610767E-5,3.720918044625854E-5,3.819464782703391E-5,3.908161447363252E-5,3.932930409763952E-5,3.854441041092902E-5,3.654916147774071E-5,3.347455170577891E-5,2.980623538682242E-5,2.6215822787826775E-5,2.3268505193129664E-5,2.128084138581093E-5,2.0386685845271855E-5,2.0675315752507597E-5,2.229811700333893E-5,2.5503993322445097E-5,3.0532795270312384E-5,3.7205067614232817E-5,4.4234281857892105E-5,4.931347781142831E-5,5.106625084929364E-5,5.0380083390958854E-5,4.896940172014034E-5,4.782557895079788E-5,4.706347577042834E-5,4.629667683999419E-5,4.490984043129694E-5,4.217491699709272E-5,3.751002656643948E-5,3.1121965204138175E-5,2.4273140830332597E-5,1.8364476418306927E-5,1.4002549034867136E-5,1.1085126733765216E-5,9.281384340933577E-6,8.333684774981046E-6,8.253327722367787E-6,9.515393745344534E-6,1.0619122383774364E-5,1.0176694509496846E-5,9.978143888544808E-6,1.0057730830263752E-5,1.020296646082488E-5,1.0312434677680466E-5,1.0374572582591345E-5,1.0436213191120539E-5,1.0575106466640408E-5,1.0882377758878413E-5,1.1458574113580055E-5,1.242125711204944E-5,1.3918060291006255E-5,1.6132145287289602E-5,1.9243483015841356E-5,2.3255285371255665E-5,2.7587105607269554E-5,3.079860743540602E-5,3.171275016952221E-5,3.1082413944952376E-5,2.0983859195772698E-5,5.182337497088213E-7,3.650117880746644E-7,5.981753614261976E-7,3.451645705263562E-7,4.515827265476234E-9,4.863399370170984E-8,1.2762004760312313E-5,3.399835058600869E-6,3.659682709590128E-6,1.2385184638401276E-5,8.871551334877365E-6,2.6806389039142454E-6,2.5879615199895527E-7,1.937045826528102E-6,4.170060138595284E-6,5.790039964496822E-6,8.599540728243789E-6,1.1518283496553109E-5,1.699365602634E-5,1.8539251776917454E-5,1.5933874379235867E-5,1.487272327728822E-5,1.4232091626170933E-5,1.1607581832938084E-5,8.99972856649983E-6,6.944736780482487E-6,5.11077824992397E-6,3.500996917670614E-6,1.9945681707918596E-6,6.6472550704171E-7,7.177101944593839E-9,4.774894301162621E-7,1.9973974233764877E-6,3.99399710195495E-6,5.892426738066098E-6,7.525912128259139E-6,9.086606512250304E-6,1.0864918026320172E-5,1.2996592985568452E-5,1.5412977419202518E-5,1.8027625760684652E-5,2.0373773474489904E-5,2.110827318278191E-5,1.971538285363438E-5,1.7606016320798304E-5,1.61492943494478E-5,1.5746316009184018E-5,1.619661965976704E-5,1.6937557602841088E-5,1.7298476292782574E-5,1.6914820621313863E-5,1.5806606985124958E-5,1.4177583758265636E-5,1.2300962452890791E-5,1.04323938666322E-5,8.72056619137052E-6,7.196185424146858E-6,5.828709354363543E-6,4.587679122611084E-6,3.470411621263351E-6,2.495029696552125E-6,1.6810112046834773E-6,1.0379489857910644E-6,5.672471434512404E-7,2.697894660497696E-7,1.5206603556155235E-7,2.2776719846253752E-7,5.148959881615354E-7,1.0286968656433776E-6,1.7692014177216745E-6,2.703225662777833E-6,3.7532293017109328E-6
38.6984,2.46770592384568E-5,2.760949859830498E-5,2.9778046321501026E-5,3.081572665212587E-5,3.069115208716016E-5,2.9689661469601196E-5,2.8300059890842052E-5,2.706324031745836E-5,2.6454090948012462E-5,2.6858067815521407E-5,2.862159591184009E-5,3.2080200004730284E-5,3.739062616722272E-5,4.3903635300039344E-5,4.929952799552203E-5,5.05445666692044E-5,4.7358015592486784E-5,4.248275993748251E-5,3.8350986085326976E-5,3.5838380898044874E-5,3.492025458671164E-5,3.524803203347075E-5,3.6334751166243845E-5,3.760262472499987E-5,3.846372982448783E-5,3.8436758584548546E-5,3.723027137064532E-5,3.481182910756641E-5,3.1491219763620266E-5,2.7876431579045768E-5,2.4620473502462077E-5,2.2177576040178537E-5,2.077046175047877E-5,2.0508384223579166E-5,2.151875322694159E-5,2.4025297441327703E-5,2.8322056180298177E-5,3.4500319441013604E-5,4.175882565475552E-5,4.787364282179233E-5,5.0599761879175865E-5,5.0077213845416074E-5,4.8236293770433805E-5,4.659517010836847E-5,4.559261830370707E-5,4.495823547460415E-5,4.4104947427482635E-5,4.2327228846365614E-5,3.8936147234154516E-5,3.36513764142022E-5,2.7154639904028235E-5,2.0842748302218832E-5,1.5771671835007926E-5,1.2184850111865636E-5,9.850815893400557E-6,8.477723442711965E-6,7.98654744982433E-6,8.798686860576798E-6,9.958547576016777E-6,9.787381868794847E-6,9.7062016535981E-6,9.89522081098803E-6,1.018821228429536E-5,1.0473365915739294E-5,1.0710270773284817E-5,1.0919313019222247E-5,1.1164372881199843E-5,1.1535483049042998E-5,1.2139607427935994E-5,1.310249893691598E-5,1.4577865914613905E-5,1.6750397951829056E-5,1.979345815965106E-5,2.3684481400200196E-5,2.7775985296549574E-5,3.054833528485969E-5,3.096290056962184E-5,3.026832063735756E-5,1.728137646599027E-5,1.0663917712676131E-7,3.8027450701745184E-7,4.0036302131373854E-7,8.031190986086151E-8,1.9011202232978437E-7,1.841790943449526E-6,6.781464185817382E-6,1.863613658338467E-6,8.60722095112388E-6,7.82140230147598E-6,2.8744427318554826E-6,3.1546255132604943E-7,2.2707460595260964E-6,5.910358349814506E-6,7.456727470724339E-6,1.0195611012163056E-5,1.325942046669438E-5,1.6858192123977975E-5,2.0935239936069658E-5,1.7900561090757615E-5,1.464523289879921E-5,1.2728999259152693E-5,1.0101062193188439E-5,7.107599001685962E-6,4.849434002948782E-6,3.1328679877834726E-6,1.8296455745948028E-6,8.058193645674401E-7,1.193453829908391E-7,1.3002855626340243E-7,1.2290917485781133E-6,3.484061380585951E-6,6.392581358030082E-6,9.08827233759209E-6,1.1079302477773487E-5,1.2562922276645545E-5,1.407207248883293E-5,1.5945930425065437E-5,1.8069949070062126E-5,2.0179944615993998E-5,2.2208050116454892E-5,2.3496583220211146E-5,2.2704164144263138E-5,1.9966178064089435E-5,1.7015991107524012E-5,1.4989481852007046E-5,1.4003827226594532E-5,1.3688095559399296E-5,1.350030863931059E-5,1.3000937242890483E-5,1.2055845366689503E-5,1.0769764278929269E-5,9.319483440491842E-6,7.857075294332638E-6,6.471932648433874E-6,5.191662728578528E-6,4.014077977858342E-6,2.9457790419886686E-6,2.0159694889108104E-6,1.259402836920398E-6,6.961355374075592E-7,3.2906323745469644E-7,1.538110808009382E-7,1.6872364039009863E-7,3.7937661921898276E-7,7.982159855161007E-7,1.4421977048706208E-6,2.3304247512536405E-6,3.479517570799318E-6,4.887058212302783E-6,6.494629021538403E-6,8.15726439518866E-6
39.29376,2.403520534713923E-5,2.730179381494334E-5,2.996763215760992E-5,3.155206179487501E-5,3.1897049618813544E-5,3.118813083574603E-5,2.9864519878836917E-5,2.8480774234803417E-5,2.7566204920512105E-5,2.7557039831015057E-5,2.8821736801747636E-5,3.170439904772566E-5,3.6428906866678856E-5,4.2601269445549735E-5,4.8289454930094604E-5,5.0310282147352314E-5,4.753177699560631E-5,4.2390244169566035E-5,3.768330541461059E-5,3.459530709802909E-5,3.3219506702243255E-5,3.326535887362995E-5,3.430937162936439E-5,3.582408088400003E-5,3.7211160020621584E-5,3.791247613530227E-5,3.752878402640618E-5,3.588766745010719E-5,3.311479997560875E-5,2.9678019083282148E-5,2.624339069368236E-5,2.339491933253808E-5,2.1480275048001886E-5,2.0664475408611414E-5,2.106788163159217E-5,2.2879679882043153E-5,2.6394877000952662E-5,3.187205961060691E-5,3.898194214010032E-5,4.593213544832155E-5,4.9907612367849295E-5,4.99132192259344E-5,4.773310440549404E-5,4.546296489069193E-5,4.400423026891375E-5,4.329148613694798E-5,4.279179522150875E-5,4.1801326850760116E-5,3.9593696474801875E-5,3.5617273583574626E-5,2.9963010472839793E-5,2.3656547590946747E-5,1.8004616284960285E-5,1.3699037941056891E-5,1.0743212539265276E-5,8.871658471972347E-6,7.928907150590512E-6,8.25286425954586E-6,9.318332502402359E-6,9.34936188041275E-6,9.353245519286984E-6,9.613107926143843E-6,1.0019422124298937E-5,1.046501963445233E-5,1.0888385468585894E-5,1.1280637075884043E-5,1.1682030918393428E-5,1.2171028510952333E-5,1.2853850172616472E-5,1.3861136373809303E-5,1.535134400233356E-5,1.75080463642707E-5,2.0489239986382668E-5,2.422669979655983E-5,2.7983106384199575E-5,3.0184461426554607E-5,3.004245212506799E-5,2.938704742735319E-5,1.273183146731384E-5,1.6719520982541158E-9,3.235373062034701E-7,1.8007817387455167E-7,3.785843326838103E-7,4.1185062951435834E-8,1.648448942487506E-5,2.1363441119175796E-6,4.2489938368877206E-6,5.7728480422158134E-6,2.5817751600941927E-6,2.7968992785907896E-7,1.8292586667136382E-6,7.625853602747283E-6,9.259886718197971E-6,1.1222372074016025E-5,1.503511693144241E-5,1.6962993868818717E-5,2.123466685504178E-5,2.0499124095971246E-5,1.583716597647479E-5,1.232177151329159E-5,9.15287324903179E-6,5.84437442210127E-6,3.390032152184636E-6,1.7813806238438035E-6,7.902322405704751E-7,2.121316580787828E-7,5.4921892423596444E-8,5.752412476590403E-7,2.0822813923998756E-6,4.74341122424315E-6,8.369621333918402E-6,1.2114794263057383E-5,1.488898583190015E-5,1.640065537690331E-5,1.7402977017792137E-5,1.873826778307297E-5,2.0561916791673158E-5,2.2347490972474402E-5,2.3762420739297535E-5,2.484141859265091E-5,2.4860392155623386E-5,2.2762463900008407E-5,1.913816168726863E-5,1.566600619921587E-5,1.320088705735025E-5,1.1670836930601123E-5,1.0651150974152456E-5,9.718329880700551E-6,8.647184907381904E-6,7.43265903903004E-6,6.174280779256093E-6,4.970487852871853E-6,3.877162548299513E-6,2.9093276665714207E-6,2.0624960510328076E-6,1.3377643718262598E-6,7.545949061227611E-7,3.4099410484914105E-7,1.142402598405791E-7,7.553262777738298E-8,2.1959065482154828E-7,5.444060246838437E-7,1.0536609041702672E-6,1.754311149718884E-6,2.6546015978593163E-6,3.766339162118629E-6,5.111199536887867E-6,6.722032120517228E-6,8.617623955363968E-6,1.0733787858431297E-5,1.2857888013139617E-5
39.88912,2.3262905753549683E-5,2.6799278097957774E-5,2.9935763158233274E-5,3.209012074078407E-5,3.297204721284054E-5,3.265389430081011E-5,3.150004007313262E-5,3.0049072359204728E-5,2.887175081557855E-5,2.8463013480762315E-5,2.922793508472798E-5,3.1523919070820266E-5,3.562105526627105E-5,4.133405039882207E-5,4.714895343921649E-5,4.9953262145713856E-5,4.779539053668584E-5,4.254169541749287E-5,3.728389277740459E-5,3.3581786816139534E-5,3.167945987330083E-5,3.1340160785777306E-5,3.2199257867194186E-5,3.380220352338504E-5,3.558653092776929E-5,3.694900047741152E-5,3.738644617661229E-5,3.659974356236144E-5,3.454830530836358E-5,3.151627114206776E-5,2.8089847725708077E-5,2.4933181767693023E-5,2.2538149330188677E-5,2.1168259133942946E-5,2.0967254697281658E-5,2.2096264876839812E-5,2.4819903736458028E-5,2.9468865785000394E-5,3.6078389545073636E-5,4.348237002982711E-5,4.8812298773975835E-5,4.98072381195736E-5,4.75357580484588E-5,4.45808912710241E-5,4.245641403573946E-5,4.141173060580175E-5,4.103151083631047E-5,4.0628755584069844E-5,3.9447555344470067E-5,3.680548957353367E-5,3.236811548761869E-5,2.6591349368076156E-5,2.066985705700796E-5,1.568858718375793E-5,1.2031329465740843E-5,9.56901712960634E-6,8.110151463404278E-6,7.905433906288646E-6,8.759794096830183E-6,8.91697491606899E-6,8.968787064845892E-6,9.25576356192916E-6,9.72762830561793E-6,1.0295596888108462E-5,1.0890239078752117E-5,1.1478771615926445E-5,1.207373683754549E-5,1.2732421051242665E-5,1.3550500642153743E-5,1.4656487737167885E-5,1.6209058298755245E-5,1.8385485447994914E-5,2.131665895243873E-5,2.4863926015313626E-5,2.817439171005354E-5,2.9660652675587025E-5,2.89265115172488E-5,2.846921490383543E-5,7.946216353485313E-6,1.997919155289388E-8,2.0812140552399068E-7,1.962421418337771E-9,1.5932170672862477E-8,1.4190005830573888E-5,4.373643989110587E-6,1.4929601095238475E-6,3.7191598358031456E-6,1.9760922448716632E-6,1.876339272099818E-7,1.1116806516229615E-6,8.155509264502888E-6,1.1348917254768856E-5,1.1841955953948608E-5,1.5247760515510649E-5,1.7750405437011866E-5,1.968377615294466E-5,2.1288823046251954E-5,1.7398716463723014E-5,1.275729723936966E-5,8.813738189871924E-6,5.1101421165050285E-6,2.431980186544801E-6,9.148186167654648E-7,2.336534753495163E-7,7.150942107859059E-8,3.58207860136719E-7,1.2577050919320157E-6,2.9804404151744346E-6,5.663769303227895E-6,9.356100093196799E-6,1.3748595703996615E-5,1.7754894812638062E-5,2.0001350321478285E-5,2.05922170943776E-5,2.0956205889739655E-5,2.2044714854458567E-5,2.3604559487692415E-5,2.475640086441779E-5,2.5272287908407853E-5,2.5277017577579917E-5,2.4151349766064927E-5,2.1240213522720897E-5,1.7270147577625246E-5,1.362300107661205E-5,1.0916062932796918E-5,9.010520456194352E-6,7.538814669955008E-6,6.225934824342298E-6,4.977116842597344E-6,3.8133389137925353E-6,2.7808118329465587E-6,1.9072240038177826E-6,1.1988535641759526E-6,6.534269231923179E-7,2.7247505223642306E-7,6.465481670080613E-8,3.778288956973092E-8,1.8838917358378196E-7,5.028475186595413E-7,9.691599117396469E-7,1.584317764953146E-6,2.350855910456217E-6,3.2692503586921554E-6,4.3342568529417735E-6,5.539406782801309E-6,6.890237485714698E-6,8.421080350033931E-6,1.0198584114641256E-5,1.228198831570649E-5,1.46194796228039E-5,1.694165936260541E-5
40.48448,2.2382313073859348E-5,2.6111219047007554E-5,2.9671101829131164E-5,3.239862314717637E-5,3.3868399924981506E-5,3.403046115187239E-5,3.315699652595901E-5,3.173928213313331E-5,3.0364372046848715E-5,2.958460112472215E-5,2.985596185045521E-5,3.155975720964434E-5,3.499997547587384E-5,4.015278663992668E-5,4.5910303603618055E-5,4.942970603801015E-5,4.808884819235595E-5,4.292756960667875E-5,3.717795576510226E-5,3.283799239968045E-5,3.0354940653860764E-5,2.9547517307110126E-5,3.0095317569034257E-5,3.1620133108523666E-5,3.36353843528396E-5,3.554507442345784E-5,3.676266168949048E-5,3.686360888048129E-5,3.566148939894774E-5,3.3254467816997194E-5,3.007083284107581E-5,2.6765779949371447E-5,2.395747892875013E-5,2.204592587479524E-5,2.124102982107747E-5,2.1698358696880102E-5,2.3642562466819863E-5,2.7407586525571648E-5,3.325118980662569E-5,4.0632412575775274E-5,4.715270173327141E-5,4.958454072561467E-5,4.765467534127621E-5,4.408445031732774E-5,4.1131364420462044E-5,3.9494284200903234E-5,3.894911267622324E-5,3.887810449073292E-5,3.851570899367022E-5,3.710330650769158E-5,3.406032833567291E-5,2.9315212483361323E-5,2.3618231280892776E-5,1.8171950508704784E-5,1.379441983537606E-5,1.064304603214353E-5,8.574269028556717E-6,7.778302424771858E-6,8.327687366106806E-6,8.538013083759967E-6,8.601399784285976E-6,8.87376686634309E-6,9.359580808699498E-6,9.997276471069208E-6,1.0723487149734925E-5,1.1493407637995194E-5,1.2295873191145165E-5,1.3162527868224528E-5,1.4169333784661234E-5,1.543305411687197E-5,1.7104126353121435E-5,1.9343931284018192E-5,2.223896350140455E-5,2.554847772170119E-5,2.8279045132222776E-5,2.8898524659757226E-5,2.7573517538325965E-5,2.7543660374851716E-5,3.973708410797905E-6,4.9850412834215624E-8,6.291138145040419E-8,1.5558991715902352E-7,5.337616540704249E-7,1.2871553390452268E-5,1.1884989550777683E-6,2.120279870523323E-6,1.2648259552832857E-6,1.3530302319778416E-7,6.610090011725308E-7,6.370009144957867E-6,1.3610521651725392E-5,1.2747498381757908E-5,1.394842635084626E-5,1.7606995665700583E-5,1.8118768364218342E-5,1.9292550238458025E-5,1.743725860732295E-5,1.302787359876663E-5,8.710580666242658E-6,4.720245956055607E-6,1.8182181032624393E-6,3.9077641958777553E-7,3.731166602089821E-8,2.8979185166715395E-7,9.783428194367192E-7,2.187339502142026E-6,4.038647221857533E-6,6.58048719635051E-6,9.828043636666227E-6,1.3841114256821144E-5,1.8393391380278E-5,2.2089283890259372E-5,2.3297718045658177E-5,2.2764871259740058E-5,2.2460796415750333E-5,2.3140549791971866E-5,2.412291499436896E-5,2.4469383405989265E-5,2.4111996230397232E-5,2.31904748304999E-5,2.130528248896186E-5,1.8157291774932664E-5,1.4363079903554028E-5,1.0909106612676561E-5,8.23659516030882E-6,6.24062073709397E-6,4.67333132758649E-6,3.3776493640864926E-6,2.3032803878758157E-6,1.4438919006688406E-6,7.960951868838351E-7,3.523766590840383E-7,1.0746612822910388E-7,6.30817703889002E-8,2.2497620975131204E-7,5.923720322107771E-7,1.1469114173521628E-6,1.853497391618643E-6,2.6770222084021467E-6,3.5984351990371848E-6,4.61269144397688E-6,5.714436967672511E-6,6.887749837230305E-6,8.107755874043128E-6,9.354614785824676E-6,1.0637858064898079E-5,1.2020586395319228E-5,1.3617895130771845E-5,1.5538273718008585E-5,1.7754747727734272E-5,1.996745819022482E-5
41.07984,2.142007437593131E-5,2.5255344777453066E-5,2.917122896950853E-5,3.245365426065593E-5,3.454342598572863E-5,3.5259684516153804E-5,3.477417409675014E-5,3.3505882729250886E-5,3.202387338278272E-5,3.0922713450393077E-5,3.071848580612094E-5,3.183109331411224E-5,3.459546564827751E-5,3.910803493229558E-5,4.462324185228982E-5,4.8713707499960526E-5,4.833639066213253E-5,4.3518078827757126E-5,3.738141035070644E-5,3.239751035843901E-5,2.9291404157286557E-5,2.795251516367719E-5,2.8087474174360093E-5,2.937966185483473E-5,3.1437678165873377E-5,3.373058262179502E-5,3.563789940794817E-5,3.661648294438698E-5,3.633913922111992E-5,3.473901733018751E-5,3.2052304831900753E-5,2.88241446751874E-5,2.573057576892181E-5,2.3320066811803425E-5,2.191678042101412E-5,2.1709283193453302E-5,2.2893257756300837E-5,2.5768298938670707E-5,3.068770476549097E-5,3.75924948747542E-5,4.486672657860639E-5,4.89942512516617E-5,4.8001761174892346E-5,4.406443205769536E-5,4.020375587683926E-5,3.7746223089828316E-5,3.6737909792526625E-5,3.668506599503644E-5,3.686764587410213E-5,3.6489234882556055E-5,3.482799137481698E-5,3.145048952502076E-5,2.655124328968238E-5,2.1067276422974168E-5,1.6091796276979462E-5,1.2185705539340434E-5,9.387471713750782E-6,7.89815561606409E-6,8.053794147085785E-6,8.251008034633923E-6,8.293418288512002E-6,8.51582101897462E-6,8.968263714108732E-6,9.619093385158473E-6,1.0421301355129958E-5,1.1331926363048548E-5,1.2327095834435472E-5,1.3416168832392689E-5,1.46509250100049E-5,1.6127106332565935E-5,1.797529403568144E-5,2.0325570292276805E-5,2.319404039611544E-5,2.6196822594847295E-5,2.818261733527075E-5,2.7785907687662912E-5,2.5926334232080294E-5,2.6611256461505698E-5,1.5076944518551863E-6,4.337499777756898E-8,9.22063859024314E-8,7.16710777427467E-8,2.0886260126144623E-5,2.786014639300338E-6,1.0240863597742197E-6,6.08386458163582E-7,1.672723796634395E-7,5.023240887917182E-7,4.223567085327143E-6,1.4276224685294474E-5,1.470983241875836E-5,1.2957107893723335E-5,1.512389420755032E-5,1.6646886394361098E-5,1.62763173404056E-5,1.5228223092636003E-5,1.1981244905474575E-5,8.088058491782748E-6,4.303862393129616E-6,1.3841375131250655E-6,1.0741779294554638E-7,1.4529439396521347E-7,8.566847149643614E-7,1.9520056980002577E-6,3.455776363672246E-6,5.4254406055226765E-6,7.847254591413535E-6,1.06154134566844E-5,1.3688400559591642E-5,1.7390624560265326E-5,2.155949693524482E-5,2.439370762447862E-5,2.428115431776882E-5,2.269544661918155E-5,2.1741928150800477E-5,2.1756054769010646E-5,2.1869037489717053E-5,2.1384182660519913E-5,2.0331573441997055E-5,1.8811168238905798E-5,1.6640628755808005E-5,1.3747897353097107E-5,1.054447706994444E-5,7.63710609375942E-6,5.330903810305494E-6,3.593920704734362E-6,2.2949816373114085E-6,1.3404598904509037E-6,6.779184058168654E-7,2.7279267203289955E-7,1.0093612447126073E-7,1.4958937253843569E-7,4.16356105388184E-7,9.034538340210836E-7,1.6097410529013859E-6,2.524807393509427E-6,3.626642901542328E-6,4.8816536500206596E-6,6.246531163526806E-6,7.67052120992973E-6,9.098493913312261E-6,1.0477993759375896E-5,1.1766013860991904E-5,1.292996319503961E-5,1.3954277581339259E-5,1.4868731394578085E-5,1.5781535299422207E-5,1.6868524653893564E-5,1.8290765033254427E-5,2.0053671134129295E-5,2.1863500977778115E-5
41.6752,2.0405680361070025E-5,2.425731065587602E-5,2.8443570683109142E-5,3.223981406816943E-5,3.496207095632564E-5,3.6287243191076814E-5,3.628362016514962E-5,3.5286410285947605E-5,3.381176302595387E-5,3.246576982123448E-5,3.1822121309882124E-5,3.2354253008851E-5,3.4433894746664225E-5,3.824726218195605E-5,4.335022712450216E-5,4.7806362175531356E-5,4.845498026277152E-5,4.4258534917707767E-5,3.789774299197159E-5,3.228805595610796E-5,2.8525947451497187E-5,2.6607574607317454E-5,2.625499398517159E-5,2.718760278427241E-5,2.910263784480435E-5,3.1575467190464546E-5,3.402256503099198E-5,3.581859358158389E-5,3.64912784124907E-5,3.582220822642788E-5,3.3865528850331774E-5,3.098613201161047E-5,2.781094667892792E-5,2.4998520437732057E-5,2.3022594943054024E-5,2.215600960048587E-5,2.2596448432393756E-5,2.460102936559295E-5,2.85312738135738E-5,3.4618811440259E-5,4.205315701953378E-5,4.7781465003609364E-5,4.8364674138554014E-5,4.453755789219E-5,3.9815896114683845E-5,3.6369649065076876E-5,3.46300029747749E-5,3.426255933150787E-5,3.4648028493917E-5,3.502027782027576E-5,3.4582755218513176E-5,3.268241756912073E-5,2.9058269540492884E-5,2.4131765641163066E-5,1.890714924128055E-5,1.429202517108194E-5,1.0644370962540183E-5,8.30609207333767E-6,7.963247937069216E-6,8.0860534055991E-6,8.079135348374356E-6,8.223732040469494E-6,8.604302584020393E-6,9.216782192570945E-6,1.0034942900030463E-5,1.1028639488950531E-5,1.2175065827057502E-5,1.3471876517184347E-5,1.4949749394543772E-5,1.6678306691916087E-5,1.8755860514033255E-5,2.1259507845984664E-5,2.4096841795871132E-5,2.6688393993219637E-5,2.7727858640149837E-5,2.618551392521194E-5,2.3919209593028072E-5,2.5488931060104205E-5,3.9276491493489193E-7,5.560098898768895E-9,1.3713423786665735E-7,4.154363171517547E-6,9.486732017278308E-6,6.411053228330549E-7,1.9801197069693123E-7,2.747224057387853E-7,6.555768583233886E-7,3.2402344019323386E-6,1.1411610716365118E-5,1.7761470023269073E-5,1.3587243604512375E-5,1.2486946190449668E-5,1.4140619976372403E-5,1.3496644465454258E-5,1.2085039911698889E-5,9.660622259289047E-6,6.576200398429191E-6,3.479591451320056E-6,9.699417058330163E-7,8.392707955710529E-9,5.557745205482137E-7,1.823315444555038E-6,3.371290678357137E-6,5.1929429041980605E-6,7.300873981637112E-6,9.657155204857419E-6,1.2149288594460344E-5,1.4447163537850744E-5,1.6731893916781722E-5,1.969115800203368E-5,2.298665283161719E-5,2.4522711697279774E-5,2.31123823484034E-5,2.073973514253786E-5,1.917952154439178E-5,1.835951378877942E-5,1.753366694030221E-5,1.6335915132762306E-5,1.482321235718089E-5,1.3056108764708382E-5,1.0991917723033169E-5,8.658912210454901E-6,6.2866903253151494E-6,4.1919515945062905E-6,2.560203511243423E-6,1.4013481696113155E-6,6.489308501777452E-7,2.316597310737526E-7,9.298672468472258E-8,1.9485363944913003E-7,5.16304895140084E-7,1.046916744976568E-6,1.7775102164311198E-6,2.694375026247971E-6,3.784166855611643E-6,5.0483994250139665E-6,6.511354325172442E-6,8.202282294958428E-6,1.0110113769979089E-5,1.2136042769268027E-5,1.409701554573619E-5,1.580946686285156E-5,1.7177835507777772E-5,1.8189503640263867E-5,1.886051435557962E-5,1.9243797680200727E-5,1.9488954658762938E-5,1.983685812284484E-5,2.0508162334747398E-5,2.15518434708844E-5,2.2718345336818263E-5
42.27056,1.936957229698244E-5,2.314940076842209E-5,2.7505984298664763E-5,3.1751143126962743E-5,3.509811091468017E-5,3.7067396036697614E-5,3.761797384832281E-5,3.700491879660846E-5,3.566822625208174E-5,3.418390187034225E-5,3.3162824997353004E-5,3.314049219956207E-5,3.453761821686156E-5,3.761285724025038E-5,4.215992577515218E-5,4.674025063005584E-5,4.836861465604204E-5,4.506663262672191E-5,3.871262725053193E-5,3.253137759483153E-5,2.8089547610880854E-5,2.5553116808610785E-5,2.4660966595211228E-5,2.514160998009505E-5,2.6754224993401563E-5,2.919030860184376E-5,3.196965537370515E-5,3.445863066214013E-5,3.605544826958465E-5,3.6381987361426915E-5,3.533221777729527E-5,3.30776142280815E-5,3.009461208308158E-5,2.705577771543994E-5,2.457788122305367E-5,2.306887278084767E-5,2.2777844459743267E-5,2.393799476973045E-5,2.6875745069658005E-5,3.194765704332652E-5,3.8962823280882314E-5,4.580721032500124E-5,4.8414586856951714E-5,4.54097239032404E-5,4.005940507837129E-5,3.553560242616384E-5,3.285189330659173E-5,3.187047726464769E-5,3.2090081742704246E-5,3.2844566910632634E-5,3.3350510934515404E-5,3.2833384881805546E-5,3.073187725081663E-5,2.695425317507014E-5,2.2068191345459272E-5,1.701382808723886E-5,1.2466392238229136E-5,9.066709230647314E-6,8.081293125554494E-6,8.067659239038305E-6,7.985778752303956E-6,8.030977728711086E-6,8.310737370184533E-6,8.843538532728241E-6,9.623011183849242E-6,1.0637097060791926E-5,1.1875574876929813E-5,1.3338399095635222E-5,1.50457364888162E-5,1.7043258758623384E-5,1.9387165648946473E-5,2.2074111040164818E-5,2.484929148742305E-5,2.6873721906375083E-5,2.673091253712681E-5,2.3961074707984173E-5,2.149379660249011E-5,2.2917143245302665E-5,4.854610809147719E-8,4.73219566123822E-7,1.0147382031981994E-7,1.895541181707037E-5,1.7204411583468652E-6,2.3578734219089046E-7,4.161481014972143E-7,1.0923705636251033E-6,2.8901026994359E-6,8.457389962606874E-6,1.882041488862196E-5,1.6538883183510788E-5,1.1795240883105353E-5,1.1199941742369441E-5,1.0985917314046561E-5,9.240955033945703E-6,7.094117216641497E-6,4.679743512524454E-6,2.3510965739080388E-6,5.296812971629601E-7,6.109621189390303E-8,1.2321443033703979E-6,3.197549864190944E-6,5.279522253536178E-6,7.475450150334038E-6,9.768236230161304E-6,1.2059303338367897E-5,1.4390441415201037E-5,1.6403249303544407E-5,1.7614807796690678E-5,1.8790698619065892E-5,2.0731917402460658E-5,2.2753437641912206E-5,2.2788025890451176E-5,2.0358018019115138E-5,1.752247927821316E-5,1.546057898779016E-5,1.3898427209185843E-5,1.236711957420308E-5,1.0731415816911215E-5,9.039355199474159E-6,7.332214456475512E-6,5.6287467304366776E-6,3.981257171751893E-6,2.505392025166869E-6,1.3375602188780647E-6,5.540713958120338E-7,1.4511959940925386E-7,5.392994816463938E-8,2.2154518010357874E-7,6.078955815968731E-7,1.1914207199848092E-6,1.957178365490659E-6,2.882520794590541E-6,3.92958006131205E-6,5.055002014593866E-6,6.240462177717027E-6,7.526775943205149E-6,9.01908759185672E-6,1.0845800614633651E-5,1.3075530951328074E-5,1.5609020257992877E-5,1.8127609079627342E-5,2.0236030905200122E-5,2.172275009861525E-5,2.261284130651567E-5,2.299443467647318E-5,2.2934659771746653E-5,2.2572908654059716E-5,2.217510537644539E-5,2.2017995113564785E-5,2.2214261519044397E-5,2.2597406135299942E-5
42.86592,1.83412660455158E-5,2.1968478401319617E-5,2.6386719352700922E-5,3.099215282197774E-5,3.493426089737431E-5,3.75656093852652E-5,3.871855574954625E-5,3.857989778692252E-5,3.751272445366401E-5,3.602332993833651E-5,3.471953115342467E-5,3.419204083963613E-5,3.4923552076714196E-5,3.724079156282051E-5,4.112055027753714E-5,4.5577300233490515E-5,4.8026272535334765E-5,4.583515335080258E-5,3.978622073904106E-5,3.31411820659828E-5,2.8009443449721692E-5,2.4820597345990176E-5,2.335165134157531E-5,2.3320266668466758E-5,2.451217188139243E-5,2.6713818760428186E-5,2.9582836365032493E-5,3.256698142458425E-5,3.499784042871506E-5,3.632998619035155E-5,3.629468209608842E-5,3.4894909935823435E-5,3.241119545945296E-5,2.9409015399186608E-5,2.6575248672830116E-5,2.4474820148113895E-5,2.346750439119991E-5,2.380567240860323E-5,2.577681322423757E-5,2.9754926980959024E-5,3.5917827818795976E-5,4.315136381754123E-5,4.7788266703917656E-5,4.643565277064827E-5,4.0952101309604725E-5,3.537377180578535E-5,3.159261400224174E-5,2.976195175444226E-5,2.948474211612789E-5,3.0214404272200127E-5,3.1273458591861144E-5,3.1877283832432045E-5,3.129086660366786E-5,2.90520962646614E-5,2.5191004855778648E-5,2.0269993737342612E-5,1.4976964997730423E-5,1.0275573758337937E-5,8.439111457758211E-6,8.218034426288912E-6,8.035859934566027E-6,7.963939095659173E-6,8.121635550184643E-6,8.544385225104177E-6,9.241568822875387E-6,1.0218854279584479E-5,1.1484603052330739E-5,1.3053460199375144E-5,1.4949971911580081E-5,1.7206147863358135E-5,1.9832223290806017E-5,2.271251558522384E-5,2.5356197278062487E-5,2.6593584994594495E-5,2.501856080030471E-5,2.102418229146417E-5,1.8626888532060927E-5,1.366417931964102E-5,2.2896993047682296E-11,6.31170792390293E-8,6.218566415224347E-6,6.340568819230263E-6,3.2422318073250744E-7,5.170564928527068E-7,1.8019790749007145E-6,2.9754703782573985E-6,7.4122586729225715E-6,1.5622831977406124E-5,2.090589008118357E-5,1.3730691280012693E-5,9.751956803602475E-6,8.763807077873419E-6,7.068065717643611E-6,4.992995144044787E-6,3.0320534226037723E-6,1.340195536779923E-6,1.8400150373302039E-7,2.1870778167064752E-7,1.9531418770942017E-6,4.717627348490251E-6,7.435910141363954E-6,1.009281018552034E-5,1.2716752089109316E-5,1.4986164888163971E-5,1.700370782364419E-5,1.8970572188017605E-5,1.9980563384028552E-5,1.982352337421953E-5,1.9836182502262385E-5,2.0593636701817138E-5,2.1113178143751933E-5,1.9733024401272634E-5,1.6680654443572827E-5,1.3672279805617819E-5,1.1315708156048327E-5,9.346273736712025E-6,7.536150588088833E-6,5.8479065951323614E-6,4.3086540583662206E-6,2.946837696983167E-6,1.7932545013041141E-6,8.914606059431508E-7,2.926235937372641E-7,2.6861723732613434E-8,7.415851169974871E-8,3.752900819385264E-7,8.737039347004036E-7,1.5407313940185448E-6,2.3690230466602224E-6,3.3510484153882928E-6,4.457878464740859E-6,5.6276120209610725E-6,6.773923470101946E-6,7.82403019479894E-6,8.777140032597081E-6,9.740877160405628E-6,1.0907066201082E-5,1.2484167565620418E-5,1.4612666814385323E-5,1.724562066896854E-5,2.0029904448473368E-5,2.239899939435378E-5,2.3964259924930923E-5,2.4743976495816428E-5,2.493331968185388E-5,2.4651341132741567E-5,2.398437140563153E-5,2.3123425217754035E-5,2.233214827179878E-5,2.178002896930008E-5,2.141289657221432E-5
43.46128,1.7347759320544696E-5,2.0753393814890535E-5,2.5123398962004533E-5,2.9979015906602453E-5,3.446201538229976E-5,3.775844905967749E-5,3.9541639764236325E-5,3.993563813734264E-5,3.925042185169041E-5,3.7903296675397864E-5,3.644664845727242E-5,3.549592371437277E-5,3.560017866811649E-5,3.715933023783629E-5,4.029430682625561E-5,4.4400425730961676E-5,4.741810392924257E-5,4.644397637162364E-5,4.104455054695116E-5,3.411783530357223E-5,2.8310491861876893E-5,2.44366007810503E-5,2.2359696990892865E-5,2.1779771140432237E-5,2.2475966418314966E-5,2.429007456380729E-5,2.7009900317756326E-5,3.0231076113765673E-5,3.332299351915619E-5,3.561000916202975E-5,3.663479307334211E-5,3.624327381980056E-5,3.453872136838727E-5,3.189861649447689E-5,2.8953157012507443E-5,2.6380725546783344E-5,2.4696128035885905E-5,2.4232723163843113E-5,2.5269479865639566E-5,2.8150971167970326E-5,3.3214568360591505E-5,4.0111958421134736E-5,4.625278848592893E-5,4.720900814907188E-5,4.239611094783221E-5,3.596752306571973E-5,3.09962323175884E-5,2.8142139527727164E-5,2.7116268806000997E-5,2.7454340551767506E-5,2.8619495686483574E-5,2.9937866624474173E-5,3.063661355845653E-5,3.0032056869490782E-5,2.7735060879140265E-5,2.3740402296409388E-5,1.8226427115548006E-5,1.205929344496046E-5,9.077596524424755E-6,8.55939584139863E-6,8.24941653257372E-6,8.04424493539185E-6,8.063450690159696E-6,8.354643289299631E-6,8.938032192673852E-6,9.83304736656132E-6,1.1066757620687805E-5,1.2675591677019923E-5,1.4702720952074212E-5,1.7182712890490918E-5,2.008421289157377E-5,2.314485898611903E-5,2.5540361049146258E-5,2.570472170588952E-5,2.2483158115487434E-5,1.7391964450156802E-5,1.5373230920983883E-5,1.4151360598547567E-6,1.7173666730388713E-8,1.1061010236736549E-7,1.106754388448445E-5,9.01389476466594E-7,4.725880623531734E-7,2.7681860935297732E-6,3.5751470831941117E-6,6.670351512656678E-6,1.3134779771943698E-5,2.1528294184624436E-5,1.8421398121888675E-5,1.0687271743056156E-5,7.423380802939282E-6,5.573789795309569E-6,3.5166663267488218E-6,1.849978406718726E-6,6.509186784851852E-7,2.515413241436717E-8,4.352141362946738E-7,2.437238666568159E-6,5.810967115001479E-6,9.173993716100495E-6,1.226945266381275E-5,1.542501391796314E-5,1.8065818318208294E-5,1.9708089721044178E-5,2.1157894423786213E-5,2.244372792031783E-5,2.2192472008387396E-5,2.081413808041177E-5,1.9789705776340213E-5,1.93237173830342E-5,1.8366387666325754E-5,1.5915160793857076E-5,1.2640564382338067E-5,9.70988013429116E-6,7.354415710562914E-6,5.402261220304822E-6,3.75342801600334E-6,2.3895177073560767E-6,1.3173336769933374E-6,5.522580320664567E-7,1.1618400391554211E-7,2.952707602177305E-8,2.8761367507917244E-7,8.315275277253838E-7,1.558226095903531E-6,2.385668633645147E-6,3.297807550635395E-6,4.322061863130412E-6,5.480853179812585E-6,6.755713476076685E-6,8.071679793011512E-6,9.303447512995208E-6,1.0308619032155238E-5,1.0997213399921504E-5,1.141644969551905E-5,1.1768703871240406E-5,1.2327428449790653E-5,1.3337540881223146E-5,1.4954763397681066E-5,1.7169090075041756E-5,1.968417941784492E-5,2.1921611050639577E-5,2.3367249877739202E-5,2.394574072159123E-5,2.3902908076284993E-5,2.345863377665698E-5,2.270998849142768E-5,2.174487898049293E-5,2.0711440472055167E-5,1.9751557190490966E-5,1.8891976924033245E-5
44.05664,1.6412427252881774E-5,1.9542233359906587E-5,2.3760800387935013E-5,2.8740523667572216E-5,3.368219044296477E-5,3.763135892927886E-5,4.006058478356054E-5,4.101391078111319E-5,4.0785178392493374E-5,3.971895475770132E-5,3.826743045521622E-5,3.7015563222980845E-5,3.6562193853345804E-5,3.738687725172003E-5,3.973332635657314E-5,4.33016053840056E-5,4.658321377960675E-5,4.678292891355543E-5,4.237396358476851E-5,3.5438844768773483E-5,2.9014164308597134E-5,2.4426738837286168E-5,2.1709495822230158E-5,2.0556602299752222E-5,2.0716982916002218E-5,2.204494262500791E-5,2.4419061042803802E-5,2.75987538292579E-5,3.109343417681925E-5,3.4200562618228445E-5,3.6274270143085045E-5,3.6970814265996725E-5,3.624620137926042E-5,3.429165064539279E-5,3.156691889541582E-5,2.874428349820184E-5,2.6480547429478336E-5,2.5250421298477736E-5,2.538298373826518E-5,2.7198544304641062E-5,3.106751353838649E-5,3.709079202433447E-5,4.386418785968466E-5,4.725036915458651E-5,4.4117533843373415E-5,3.733497964717126E-5,3.1170250361245436E-5,2.7159398152301942E-5,2.520868031280857E-5,2.4884820302210995E-5,2.5748276105434385E-5,2.729310795005841E-5,2.8859830909154177E-5,2.970272969713144E-5,2.9184574186545692E-5,2.684839023781173E-5,2.2050784664270615E-5,1.455177195944687E-5,1.0046944112306996E-5,9.113888123578753E-6,8.644759543179475E-6,8.29065488636517E-6,8.157391991172359E-6,8.301284977410968E-6,8.749384367128678E-6,9.529807023964408E-6,1.0684449562614823E-5,1.2272478179731909E-5,1.4365075743633539E-5,1.701687513788273E-5,2.0167044350522744E-5,2.337135317920964E-5,2.534749305717589E-5,2.4102424206225977E-5,1.9137905310307477E-5,1.322629611267411E-5,1.1984220365459652E-5,9.703355673687611E-8,1.0391316957091598E-10,2.670770374737503E-6,2.933589828015851E-6,2.267666926912557E-7,3.667007040884198E-6,4.840925126280117E-6,6.00929292983359E-6,1.2569677478754024E-5,1.852012192870126E-5,2.2481349922294503E-5,1.4335396368286885E-5,7.676825818883948E-6,4.751733897147701E-6,2.5948771584479757E-6,1.0811507561844512E-6,2.554794011764357E-7,4.0432352330154584E-8,7.092194457127398E-7,2.7203774359649774E-6,6.205291195760357E-6,9.988444529183628E-6,1.3177209115093224E-5,1.6547624934170137E-5,2.0011466914552688E-5,2.207707989755343E-5,2.270307355002726E-5,2.34115423198193E-5,2.372852374931417E-5,2.2395960615089818E-5,2.0251563232554298E-5,1.8452737700543842E-5,1.6910834755887605E-5,1.4793110757908355E-5,1.178176959564396E-5,8.648143783033972E-6,6.042435207881471E-6,4.010490014370021E-6,2.447730221741272E-6,1.2925744131223223E-6,5.189468965090342E-7,1.1952406185572278E-7,9.888828292499292E-8,4.64133150251053E-7,1.202020512627374E-6,2.2402742426571933E-6,3.4311251253817468E-6,4.624820833375116E-6,5.780334659823112E-6,6.966151874026978E-6,8.267237446767839E-6,9.705074498315514E-6,1.1207641458361838E-5,1.2624125337549353E-5,1.376371350128613E-5,1.444076738663059E-5,1.4558890318076638E-5,1.4229175314746953E-5,1.376953359112278E-5,1.3537593150352175E-5,1.3787850327539915E-5,1.464211154527353E-5,1.6076642742385895E-5,1.7856464165688094E-5,1.9511706570722954E-5,2.055063928195575E-5,2.080108300366935E-5,2.044312352329803E-5,1.973851379399283E-5,1.885103302444899E-5,1.7860115743305008E-5,1.6825632507023786E-5,1.5804019516038372E-5,1.4816464375120922E-5
44.652,1.555450535625401E-5,1.8369866414191192E-5,2.234754751800617E-5,2.731805058584144E-5,3.260669400880094E-5,3.7176023854955654E-5,4.0263034814504406E-5,4.1781630053036516E-5,4.203677318975218E-5,4.135324270795053E-5,4.007208856585307E-5,3.868143013773235E-5,3.7782232946124804E-5,3.7927827451301174E-5,3.947647335512411E-5,4.2369788726562185E-5,4.560494648799194E-5,4.678111092646862E-5,4.362548862695001E-5,3.7045364800838844E-5,3.013353588541145E-5,2.4818163433752648E-5,2.1423024679580602E-5,1.9673867557006028E-5,1.9279426970245926E-5,2.0071159029927476E-5,2.1967370676742794E-5,2.485860350535884E-5,2.844532631467406E-5,3.213318702183697E-5,3.5168439826095066E-5,3.69770878657804E-5,3.7344325804514945E-5,3.632329968662964E-5,3.4178752367980895E-5,3.1437026320225334E-5,2.8794133958021324E-5,2.688118140008072E-5,2.6147439804321534E-5,2.693628128694332E-5,2.9605916996482574E-5,3.4454535563797296E-5,4.0978226906012744E-5,4.622576016977245E-5,4.5632266439110154E-5,3.9376546287652156E-5,3.219050940687078E-5,2.6921951760637945E-5,2.3912743428556364E-5,2.2753309580919237E-5,2.302139929410901E-5,2.433837708155744E-5,2.6241508093297296E-5,2.8105013777199958E-5,2.922887287452437E-5,2.8931966666472168E-5,2.5934504418718847E-5,1.7815808543328757E-5,1.1397392091955664E-5,9.899274921924916E-6,9.236247200156567E-6,8.718992504994977E-6,8.421070690083123E-6,8.405243446957966E-6,8.703391037953164E-6,9.348122285024557E-6,1.0390864319981315E-5,1.1909970005633993E-5,1.4007559278637658E-5,1.677209386200702E-5,2.0128984512432866E-5,2.34145357764088E-5,2.4735141779311808E-5,2.1733329878371076E-5,1.5146858043101638E-5,8.816496891668272E-6,1.0466552995439331E-5,7.244309307509676E-6,5.449347582915791E-9,3.3174519028219098E-6,2.956847370410442E-7,3.08889821625292E-6,7.007694016226124E-6,6.312064053869133E-6,1.0248840938293897E-5,1.72014126240118E-5,2.1344450921435053E-5,1.8980933659717188E-5,9.997030537332658E-6,4.748025112433781E-6,2.130412303295625E-6,6.151558598591707E-7,7.03735036139611E-8,1.9585689201928163E-7,1.0729823048231169E-6,3.030895117379075E-6,6.271668255277022E-6,1.0189120420569506E-5,1.3169617960981003E-5,1.5848173171291585E-5,1.9287822154013187E-5,2.254699035383849E-5,2.3548024646371545E-5,2.314035354050297E-5,2.293385522032807E-5,2.2182605740486262E-5,2.0220867983595798E-5,1.7824472744828812E-5,1.5611548515477668E-5,1.3370239159235846E-5,1.0666306688590287E-5,7.674426311196408E-6,5.021488324264501E-6,2.998186341863998E-6,1.5695508651505207E-6,6.492291866254543E-7,1.7647725018940713E-7,1.1705224425793393E-7,4.5617328511698784E-7,1.1884273228245581E-6,2.2981923460521483E-6,3.7219033864010897E-6,5.304627160124117E-6,6.831846263368406E-6,8.187868650584595E-6,9.45522493762327E-6,1.0814165578569732E-5,1.2386383400311038E-5,1.4143163518148432E-5,1.5897148221860733E-5,1.738597389992532E-5,1.8375802307926695E-5,1.8684009087466466E-5,1.8214694585539803E-5,1.7110724391969752E-5,1.578661934835586E-5,1.4693141600185992E-5,1.4105144983627537E-5,1.4104775984438973E-5,1.4628926892541946E-5,1.5472670725487995E-5,1.6290134853894153E-5,1.671000099555367E-5,1.6546652275474834E-5,1.587678074580511E-5,1.4903204725794002E-5,1.3803251860186298E-5,1.2684941181422451E-5,1.1606607349771289E-5,1.059795584529801E-5,9.664441508077427E-6
45.24736,1.4789146449970866E-5,1.726617786088819E-5,2.0932221220766317E-5,2.5763774194813263E-5,3.126114062117793E-5,3.638937055619654E-5,4.0144534012656625E-5,4.223110142110277E-5,4.295669382730859E-5,4.2697793411886295E-5,4.1725727037996265E-5,4.0384277625543186E-5,3.920005492589081E-5,3.876530693014772E-5,3.9545654261450953E-5,4.168094251454262E-5,4.45949945369401E-5,4.6431612091085394E-5,4.4636289536284905E-5,3.8828137999334245E-5,3.166240292488332E-5,2.563929484693457E-5,2.15249196639186E-5,1.9148920296175916E-5,1.8187348832675745E-5,1.8425668432858693E-5,1.9775862230882385E-5,2.220195917963333E-5,2.5579451573113755E-5,2.9519515559512403E-5,3.3316091437172765E-5,3.619956887558904E-5,3.7709718902925567E-5,3.7763773107821716E-5,3.649294233505994E-5,3.422019800119211E-5,3.152337286785955E-5,2.9109510484189268E-5,2.7586873264662618E-5,2.7394871880967376E-5,2.890042565118641E-5,3.2460134858277185E-5,3.808981942480124E-5,4.417511900760426E-5,4.6341177697939095E-5,4.178739998858858E-5,3.4079273674489046E-5,2.752000445092098E-5,2.3327885925507832E-5,2.1214834021413042E-5,2.071493920965454E-5,2.1481474180771982E-5,2.3213216275243892E-5,2.5514315501126167E-5,2.783549778629923E-5,2.9507802707264614E-5,2.9069950486886516E-5,2.168840634963227E-5,1.3153323259110143E-5,1.0918132834627713E-5,1.0027431258953566E-5,9.33857661357409E-6,8.867808667180104E-6,8.682762303651532E-6,8.820710961677382E-6,9.316766199374257E-6,1.022737163559791E-5,1.1644674709419373E-5,1.3699339975446177E-5,1.652055585889647E-5,2.0032342715542097E-5,2.3302996159405766E-5,2.364784567670609E-5,1.860401278171534E-5,1.0811787877694454E-5,4.493213908945396E-6,3.1501142249097444E-6,1.5853150699263411E-7,1.1229928600780019E-7,6.175695885370698E-7,5.836219742430436E-7,9.310422695844686E-6,8.102454038524305E-6,7.859934984327571E-6,1.5812519558074756E-5,1.889260811336369E-5,1.976386738664501E-5,1.3486271830959957E-5,5.877995426057649E-6,2.069965790334335E-6,3.644023113655137E-7,3.276931341211341E-8,4.830184632504339E-7,1.5731000350305817E-6,3.526402769307027E-6,6.4752479399182724E-6,1.0320183062433396E-5,1.334919580723261E-5,1.4969154191621802E-5,1.698020744507476E-5,2.0006457482477744E-5,2.2358201756178697E-5,2.2176445324376583E-5,2.092658921841286E-5,1.9745087913965243E-5,1.811851814106716E-5,1.592984088609381E-5,1.3620035695595626E-5,1.1358445169590791E-5,8.960899919091353E-6,6.368375640225378E-6,3.9477518997170285E-6,2.0905806892731043E-6,8.807127042726906E-7,2.4138720398960366E-7,8.469233655277051E-8,3.503436080131842E-7,1.0048574663240619E-6,2.030587201810651E-6,3.4084677974803973E-6,5.0880537508988195E-6,6.935610121318518E-6,8.699849157835227E-6,1.013615824018019E-5,1.1250246715516652E-5,1.2309215539539044E-5,1.3615690822176564E-5,1.532651082080292E-5,1.736120351860161E-5,1.93893046831439E-5,2.098731408034676E-5,2.187375409260952E-5,2.1930926305005195E-5,2.1103727389342096E-5,1.950207857486134E-5,1.7529342117024927E-5,1.5693074235135102E-5,1.4322527337472618E-5,1.350489719414101E-5,1.3160505522220597E-5,1.3105272953423682E-5,1.3089000706042603E-5,1.28658882343734E-5,1.2297583345283183E-5,1.1399921046374412E-5,1.0287989685766609E-5,9.090690191545756E-6,7.90583209894082E-6,6.795846184004597E-6,5.797114470719755E-6,4.927142897835492E-6
45.84272,1.4127953423533467E-5,1.6255195717063788E-5,1.9559642039419592E-5,2.4136893021106293E-5,2.9686973642962143E-5,3.527562291632046E-5,3.970159591917887E-5,4.2372364812654376E-5,4.353575796216937E-5,4.367760025287815E-5,4.30895916991852E-5,4.1977178846039725E-5,4.0711785198857957E-5,3.985026984794403E-5,3.993984809469793E-5,4.12904532953832E-5,4.367219027722787E-5,4.579904495312453E-5,4.5269078757361496E-5,4.062162866803245E-5,3.3557417907265994E-5,2.6914743922521722E-5,2.204570912825902E-5,1.900055390328518E-5,1.745414070025942E-5,1.713663307651933E-5,1.7920421218668616E-5,1.978543923726745E-5,2.272144118186912E-5,2.6559595495812896E-5,3.079267799472117E-5,3.460801139455529E-5,3.7268946822508054E-5,3.846522174174666E-5,3.823661298968376E-5,3.676945644128524E-5,3.442969984984606E-5,3.183346644096731E-5,2.9691849298287677E-5,2.8597390114298315E-5,2.899185263140836E-5,3.125600778613923E-5,3.564144626900761E-5,4.1530425051382394E-5,4.581828928763151E-5,4.3996043809211166E-5,3.6732935674223966E-5,2.9031588638467983E-5,2.3536108885213583E-5,2.035784095193933E-5,1.8991306416699863E-5,1.903260387190631E-5,2.0235153200166663E-5,2.23999594922859E-5,2.5261106973808427E-5,2.842051858509318E-5,3.068783406748727E-5,2.5625215859307682E-5,1.5264402434462363E-5,1.2139307925359588E-5,1.0998454421684908E-5,1.014367313959192E-5,9.502024766780298E-6,9.144046702553572E-6,9.115796731199027E-6,9.456010119867833E-6,1.0223946361600996E-5,1.1520752001004976E-5,1.3500534747118057E-5,1.6332898986675902E-5,1.994165188222869E-5,2.304903528189169E-5,2.1988807979647388E-5,1.480179106564514E-5,6.5204356299861495E-6,6.544303181007976E-7,1.4821004131337246E-5,1.9379527612133444E-7,1.7201107406733226E-7,7.233521961558585E-8,7.149904040730439E-6,1.2017605682743728E-5,7.817251257700965E-6,1.0542233510543667E-5,1.7354348127910024E-5,1.728250487136775E-5,1.4642675551516946E-5,7.758965979727549E-6,2.4222104459814405E-6,2.742205645135653E-7,1.0822281661270571E-7,9.24688972988121E-7,2.2698041461281775E-6,4.296401406232825E-6,7.062898380486545E-6,1.0612693722630057E-5,1.4143501642021157E-5,1.537064310922125E-5,1.5622991588855822E-5,1.6808460168630335E-5,1.884179483716573E-5,1.979065792294256E-5,1.862574016920336E-5,1.675829411334817E-5,1.4832173966607641E-5,1.2734602109021896E-5,1.0569210627899087E-5,8.488805861052567E-6,6.471356104473491E-6,4.453551859398955E-6,2.5748802316777607E-6,1.136234498664695E-6,3.003789566461235E-7,3.276167136142498E-8,2.3623324207034728E-7,8.330187356469923E-7,1.7782185159388398E-6,3.047855820433652E-6,4.621043148023371E-6,6.459678595563986E-6,8.473982861816272E-6,1.045165128005497E-5,1.203735492628011E-5,1.298597126639315E-5,1.3476291537194225E-5,1.3967721678132156E-5,1.4855035001314048E-5,1.6319566023670585E-5,1.8279617082681197E-5,2.0352885669232463E-5,2.1992743759444395E-5,2.282498989597353E-5,2.277974679377987E-5,2.1903210113682767E-5,2.0283590051681847E-5,1.8182189427687515E-5,1.601713533678025E-5,1.4141978936342002E-5,1.2703415433926338E-5,1.1667512567423066E-5,1.0899765306532399E-5,1.0230437838186804E-5,9.509532888949506E-6,8.65326856468372E-6,7.659184362195617E-6,6.581473594576695E-6,5.491956154919322E-6,4.453735726603623E-6,3.512518720445938E-6,2.6975891348520156E-6,2.025053042165914E-6
46.43808,1.3579850047891345E-5,1.535511440774396E-5,1.8268050060740714E-5,2.2498374146650216E-5,2.7941354297741125E-5,3.3851307133590856E-5,3.892777010864308E-5,4.222046653048893E-5,4.37995843114677E-5,4.4269670188095896E-5,4.405307519327141E-5,4.3293359097458475E-5,4.216544057175289E-5,4.1088285532813136E-5,4.06252807507967E-5,4.1226169260854256E-5,4.29423358710838E-5,4.5004660414625565E-5,4.545714887176505E-5,4.22196520739293E-5,3.57155993078966E-5,2.8652614843455838E-5,2.3021744695257197E-5,1.9254773561061008E-5,1.70918957316181E-5,1.6214992384031234E-5,1.6437450591427904E-5,1.771137406271856E-5,2.0070395938522856E-5,2.3508680634936344E-5,2.778040965624336E-5,3.223406198362641E-5,3.597231466059623E-5,3.835096738135665E-5,3.9235175947281545E-5,3.8766236640417156E-5,3.7160739961267346E-5,3.4813026535595336E-5,3.236695132875424E-5,3.0535439214156166E-5,2.9903468073036963E-5,3.0918219412946956E-5,3.393068920705612E-5,3.889016593707008E-5,4.411822474148171E-5,4.528164796846606E-5,3.9798406077524655E-5,3.1487262344939E-5,2.4626844644247283E-5,2.0247256197692792E-5,1.792874436186965E-5,1.716497014450567E-5,1.765833659808647E-5,1.9284505927992595E-5,2.201594712466971E-5,2.5873714912167807E-5,3.037192213446923E-5,2.8767048043123107E-5,1.7545131948763485E-5,1.3475453509439392E-5,1.2089427779346026E-5,1.109978153384899E-5,1.0309512790855552E-5,9.787681157807482E-6,9.594752189184177E-6,9.777850185137245E-6,1.0400197455131007E-5,1.1569480415544303E-5,1.3458073292747072E-5,1.6269951926280534E-5,1.991088678183543E-5,2.2619499878826088E-5,1.960741033722949E-5,1.0537924302958742E-5,2.7041449857689053E-6,8.345687228282177E-6,1.9262263998784875E-6,3.253914536391666E-7,1.1338751074517953E-8,9.407754426988324E-7,1.5248366892311258E-5,1.0649545234085751E-5,7.464250704536457E-6,1.3203917250354364E-5,1.4705005910277973E-5,1.272953629025428E-5,8.37379966452825E-6,3.0249252213839494E-6,3.0061210363357455E-7,2.7213231601474893E-7,1.5669001320713827E-6,3.238322842399883E-6,5.402375107693014E-6,8.147983546177479E-6,1.1280138059617262E-5,1.5020282445188247E-5,1.720876525859041E-5,1.6442464105263104E-5,1.5505083818618246E-5,1.570605618347383E-5,1.6366671902459E-5,1.5884456780291338E-5,1.4044227920937242E-5,1.1821982007993322E-5,9.602598400795204E-6,7.483949090923051E-6,5.557369112808804E-6,3.847523746461221E-6,2.3434939830413157E-6,1.1040876371131127E-6,2.8422348091207704E-7,1.0437848091824604E-9,2.258939310932701E-7,8.508792051980695E-7,1.7882379074953773E-6,2.9962108388719314E-6,4.45976365290896E-6,6.163623650896492E-6,8.073118841023958E-6,1.0128671795728433E-5,1.2218185748606543E-5,1.4068865556060182E-5,1.5222116552828118E-5,1.5432190070609822E-5,1.5055415655004487E-5,1.4724606118480669E-5,1.4880338472906373E-5,1.5682341902225935E-5,1.705066393012753E-5,1.8657158289804588E-5,1.9996278798367696E-5,2.0656592168673655E-5,2.053635186702406E-5,1.9741722201260942E-5,1.84053137495215E-5,1.667418164422957E-5,1.4761066859140396E-5,1.290149418404524E-5,1.12561239848194E-5,9.869174506748566E-6,8.69695881562295E-6,7.659621258256782E-6,6.684836522023987E-6,5.733196353990644E-6,4.802570832573756E-6,3.9166438404829E-6,3.1089969303166077E-6,2.4113648338643032E-6,1.8477629985098846E-6,1.4323032283590002E-6,1.1684389870825148E-6
47.033440000000006,1.315215543753198E-5,1.4579051507071646E-5,1.708762336626483E-5,2.0905415172031777E-5,2.6093650684701154E-5,3.215122150717965E-5,3.781538046784441E-5,4.178252304235204E-5,4.37931373744137E-5,4.450653744415018E-5,4.456544329565932E-5,4.4182017662916836E-5,4.3372287865590723E-5,4.232925245551936E-5,4.152156402674853E-5,4.147938744305612E-5,4.248211919323369E-5,4.419527317430353E-5,4.523194257811425E-5,4.342166719819227E-5,3.795746492201667E-5,3.0821548275808647E-5,2.4489263719678814E-5,1.994825314531026E-5,1.711934010321123E-5,1.56663804382788E-5,1.5337551466624626E-5,1.6029714662384906E-5,1.7763921766019767E-5,2.0613622729702705E-5,2.4553170757714612E-5,2.9222567591383943E-5,3.380688668708589E-5,3.736691815627862E-5,3.94163503576823E-5,4.0006312198855265E-5,3.9349030372933585E-5,3.76659993859792E-5,3.536637192361381E-5,3.3113898737567054E-5,3.162412775413538E-5,3.1479773917563994E-5,3.311932951116711E-5,3.676794821864519E-5,4.177883046666599E-5,4.516071627451054E-5,4.258988739125288E-5,3.4764782671525634E-5,2.6693262645540645E-5,2.0961767782413545E-5,1.7572924996717616E-5,1.594812371381075E-5,1.567044974956515E-5,1.6570194896266205E-5,1.8704378244206066E-5,2.24143795798641E-5,2.814786507951306E-5,3.0312275897682437E-5,1.965164643639157E-5,1.4770344807421821E-5,1.3187798399268863E-5,1.212864829482568E-5,1.1243460922070206E-5,1.0590129004798474E-5,1.0248798233724299E-5,1.0282889882038072E-5,1.0764608717035091E-5,1.1809131875062558E-5,1.3603697070565222E-5,1.637630049547734E-5,1.996802729891488E-5,2.189617774089324E-5,1.633784496976676E-5,6.197831214489642E-6,1.3870492994484972E-7,7.190956301352102E-6,5.654970280784389E-7,8.696174245104937E-8,4.9657044651495186E-8,9.222623742375933E-6,1.688302235930391E-5,8.108190303528013E-6,7.88094899138263E-6,1.1844343646733501E-5,1.014329489208346E-5,7.123965741128169E-6,3.144315794484057E-6,3.638815409580356E-7,4.57616561320403E-7,2.4305903914293293E-6,4.550665575025079E-6,6.854788446553994E-6,9.712194526216434E-6,1.2634995893859234E-5,1.5724845377007625E-5,1.905696398342635E-5,1.927766649514954E-5,1.682712120091465E-5,1.4868921609718681E-5,1.3988343035415436E-5,1.3252437784853605E-5,1.1690636884658853E-5,9.501468559041926E-6,7.251414250748126E-6,5.1930632685671254E-6,3.4275293996047983E-6,1.9900581789517037E-6,8.970924954064363E-7,2.0287840257239075E-7,5.9316418500776075E-9,3.6613545408659265E-7,1.2032247968092971E-6,2.33333063986885E-6,3.6188701943063196E-6,5.030588594412938E-6,6.598432111107132E-6,8.34580524472901E-6,1.0246351939969763E-5,1.222365345915788E-5,1.4198814995005414E-5,1.6082889329171157E-5,1.7599528876268777E-5,1.8207801706754992E-5,1.761610635678849E-5,1.629960108632429E-5,1.5045038722362213E-5,1.4328703448959597E-5,1.4261380467149557E-5,1.4730389492337088E-5,1.546572587949628E-5,1.6097575399014404E-5,1.630668138819156E-5,1.597730864482404E-5,1.5187117613212998E-5,1.4081103004144244E-5,1.2785217524136345E-5,1.1394952228800974E-5,9.988443445015727E-6,8.629551768091573E-6,7.36178472185313E-6,6.205633447379343E-6,5.164565002671712E-6,4.235979396058716E-6,3.4205931662167624E-6,2.7261294668539917E-6,2.1657243118564177E-6,1.7540675178003024E-6,1.5036632383106336E-6,1.4218277131093875E-6,1.508079027192064E-6,1.7516708383338961E-6
47.628800000000005,1.2851760257124219E-5,1.3936299809757515E-5,1.6040392372513565E-5,1.9406949181739402E-5,2.4218773265920263E-5,3.023208807161239E-5,3.6363504999152336E-5,4.104963373241062E-5,4.3559881410836754E-5,4.446217481902838E-5,4.465211938486548E-5,4.455292367438559E-5,4.414190410800661E-5,4.337065562036007E-5,4.248730590718384E-5,4.199167104054001E-5,4.2325888586889066E-5,4.350833225203598E-5,4.471517272731556E-5,4.4099465685878726E-5,4.003592279433121E-5,3.3318797388246945E-5,2.6468457422141517E-5,2.1127779836171444E-5,1.7567792482202148E-5,1.5501338947965018E-5,1.4620626143326163E-5,1.4753506213342136E-5,1.5872330287055765E-5,1.805726144540879E-5,2.1407342903978067E-5,2.584747037722431E-5,3.08612716185224E-5,3.546391854724568E-5,3.8741084933580785E-5,4.0428952405599705E-5,4.075731749900899E-5,3.9971675594727996E-5,3.827359438343399E-5,3.6074486492776775E-5,3.405231573134731E-5,3.292669481133415E-5,3.3275859851786556E-5,3.548862518157844E-5,3.9503799918612195E-5,4.3766335682913704E-5,4.426943726054191E-5,3.8419821662643583E-5,2.977012185241934E-5,2.261088824655248E-5,1.7983206506651264E-5,1.5408790194836934E-5,1.4333635036494535E-5,1.4464323117425952E-5,1.5801187455440263E-5,1.8767057690453046E-5,2.45052852517215E-5,2.9851527329274498E-5,2.115728060843427E-5,1.5816366635352787E-5,1.4134027992852345E-5,1.3102508930357061E-5,1.2212011113497813E-5,1.1492455285836055E-5,1.1043466248190383E-5,1.0952946432945782E-5,1.1310272737809723E-5,1.2242768068906028E-5,1.395166126990863E-5,1.6673784721086313E-5,2.009261845034473E-5,2.0626982723123257E-5,1.2139474404028848E-5,2.384707991501974E-6,9.78507275874409E-6,1.2378259468734832E-6,1.8299395150330344E-7,5.241284093365294E-8,4.33170961773633E-7,1.8211622943032765E-5,1.3100629503926325E-5,6.1753546530299154E-6,7.995156131660617E-6,7.890872997175811E-6,5.411364213462885E-6,2.578682518032442E-6,3.5252438589672965E-7,5.13569341814553E-7,3.309974222653192E-6,6.194065490246171E-6,8.563359257017282E-6,1.1438152095247932E-5,1.4620435836604702E-5,1.700644702563088E-5,1.9694940411660373E-5,2.189946878947743E-5,2.0233832508396182E-5,1.661174882392371E-5,1.3782484652430279E-5,1.1852906357046001E-5,1.0014304933440817E-5,7.867590338170901E-6,5.670675843365043E-6,3.719033838366073E-6,2.1443373467235183E-6,9.854265664440567E-7,2.6046142852025244E-7,1.744550615620375E-8,3.399489338012881E-7,1.2947763498116208E-6,2.8250166674997093E-6,4.663724280593443E-6,6.469315295287032E-6,8.101938261040018E-6,9.658917552158159E-6,1.1300442597722222E-5,1.3098651516190961E-5,1.4974600004878416E-5,1.6755047680753502E-5,1.8337471506793852E-5,1.9719459131905413E-5,2.0718271375116572E-5,2.0783225590108955E-5,1.951669532285785E-5,1.7367917247266685E-5,1.52297857005601E-5,1.3648987947851315E-5,1.2716135214751977E-5,1.2282863184759437E-5,1.2106604439692632E-5,1.1927251834043148E-5,1.1545497929550258E-5,1.0884998773427193E-5,9.98752611254635E-6,8.953606545940802E-6,7.883758808547674E-6,6.847947413326612E-6,5.878688030198007E-6,4.9791412703511615E-6,4.141585257308667E-6,3.3671214875745658E-6,2.6733193872604237E-6,2.0872703216874766E-6,1.6350577980052072E-6,1.3365993401716965E-6,1.2054875102329685E-6,1.2501807799813573E-6,1.4744663355515302E-6,1.8766235144651961E-6,2.4470745690375687E-6,3.1644669451567775E-6
48.22416,1.268634722705484E-5,1.3433844130388066E-5,1.5141294304074408E-5,1.8041105521925987E-5,2.2389082252509933E-5,2.8170915754437893E-5,3.458979859164327E-5,3.999751687748178E-5,4.312233053339959E-5,4.422590685553505E-5,4.4406373168414926E-5,4.440946442897719E-5,4.433702337892459E-5,4.398743243889262E-5,4.331529471405122E-5,4.2638517523482924E-5,4.2451656182019356E-5,4.3042173862628164E-5,4.4077954037857183E-5,4.424946412020816E-5,4.169053285702024E-5,3.5942061052272534E-5,2.8933025510667193E-5,2.284208291755146E-5,1.848432364238886E-5,1.574334517388436E-5,1.4288881093170459E-5,1.3877939539538384E-5,1.4414804259888033E-5,1.5938967893018207E-5,1.8581476323864043E-5,2.245040379236758E-5,2.7382994076280645E-5,3.266039588762976E-5,3.714268783387891E-5,4.003240513388618E-5,4.1342976425033565E-5,4.145619589367678E-5,4.060891362062809E-5,3.895913980389818E-5,3.690874234424418E-5,3.5145252043939054E-5,3.439168845972344E-5,3.520704377485394E-5,3.785479425794113E-5,4.177847841011529E-5,4.437330416649877E-5,4.160773679752708E-5,3.3675977806685886E-5,2.5310483590463304E-5,1.9262183932816646E-5,1.5584868564858537E-5,1.3656287495277425E-5,1.3022434172835008E-5,1.3544068428207193E-5,1.553272448353162E-5,2.0308955024366887E-5,2.7442903915455855E-5,2.1711188669636994E-5,1.6409976711603297E-5,1.4756097928129699E-5,1.3861063878743098E-5,1.3079217453765477E-5,1.2391836449221509E-5,1.190726796184979E-5,1.1740718338016358E-5,1.2006987222304364E-5,1.285270931927212E-5,1.4494002886344037E-5,1.715194606670312E-5,2.0178940509913536E-5,1.8399717351850326E-5,7.349376626014229E-6,1.6446740225548522E-7,7.678014767927852E-6,1.6584144715355068E-7,4.022313761294837E-7,1.535794058581827E-7,4.752070873590792E-6,2.029386982011623E-5,8.515370090657863E-6,5.25078119145389E-6,5.941252964987134E-6,4.02256605581587E-6,1.8766339547405822E-6,2.6122460144556074E-7,4.057386279725606E-7,3.519843749095155E-6,7.811681421881036E-6,1.0371691755074978E-5,1.2785254742212502E-5,1.6182460745252395E-5,1.9023861854142633E-5,2.0351320727232738E-5,2.2154525116480486E-5,2.2772347127194317E-5,1.985770530932178E-5,1.56430086736625E-5,1.2155028647664103E-5,9.40049827593373E-6,6.940046019397714E-6,4.694224552360133E-6,2.815518471944197E-6,1.4090045112660367E-6,4.960383459965745E-7,7.516884026178037E-8,1.706049324579893E-7,8.386436759238013E-7,2.1438352260452127E-6,4.117409169608925E-6,6.6488509407331726E-6,9.328161719947761E-6,1.1602567294427275E-5,1.3282565215160861E-5,1.4653306599952295E-5,1.609580550470201E-5,1.7767732177970177E-5,1.9503963051862154E-5,2.095506635227706E-5,2.1944804352415117E-5,2.2589029637928132E-5,2.2902925844820767E-5,2.2465283919511026E-5,2.0792175648051822E-5,1.811858335547109E-5,1.5299841847986894E-5,1.2981114186452396E-5,1.130770460905423E-5,1.0138093888648897E-5,9.252747163471776E-6,8.456227906803664E-6,7.62369236990225E-6,6.7127557945130045E-6,5.744853705503884E-6,4.772432365713277E-6,3.851306592048393E-6,3.0254785955216915E-6,2.3213874358430944E-6,1.7471658979461649E-6,1.296307073274094E-6,9.573221423044035E-7,7.261054098012311E-7,6.11571966713676E-7,6.30529155778576E-7,7.988265297937858E-7,1.126342540641958E-6,1.616517735007693E-6,2.2676845403601946E-6,3.0738328207501753E-6,4.023130980563164E-6,5.092646932240409E-6
48.81952,1.2665640494746499E-5,1.3077973345966074E-5,1.439996453521518E-5,1.6834844149600337E-5,2.0667231965244715E-5,2.6057308244612738E-5,3.254095224524358E-5,3.85974976976904E-5,4.2469662483915005E-5,4.387364659815102E-5,4.396016587711191E-5,4.3851194945383774E-5,4.392579502489116E-5,4.3992529334846295E-5,4.3753931499621814E-5,4.321794767005221E-5,4.2764009268608626E-5,4.2832541799534015E-5,4.34866148558639E-5,4.399419119914964E-5,4.273952262728641E-5,3.839479324593081E-5,3.1766047138285734E-5,2.5119810931281213E-5,1.992967805683467E-5,1.643453309975751E-5,1.4356966490561193E-5,1.3396985190296014E-5,1.3383169829790114E-5,1.4289056793500514E-5,1.6214963430623736E-5,1.9335331115539593E-5,2.3745389321067166E-5,2.914447164365789E-5,3.456538038402263E-5,3.876099783465872E-5,4.116481417398615E-5,4.2101341325845974E-5,4.205873367258124E-5,4.122219201236437E-5,3.968426058551192E-5,3.7825658609419055E-5,3.633840546856379E-5,3.5943444703688646E-5,3.7149350237186454E-5,3.9985907676955865E-5,4.3210810482230294E-5,4.341086228312149E-5,3.779598268672139E-5,2.907231122250999E-5,2.1556636772361448E-5,1.6562616438704974E-5,1.3655008001038151E-5,1.2234250577862889E-5,1.1982991508864988E-5,1.3012070910637024E-5,1.6418685116406133E-5,2.3635739468000836E-5,2.1171537151391303E-5,1.6422085150539197E-5,1.4923964997216708E-5,1.4254382887413374E-5,1.3690483324930372E-5,1.314985991395276E-5,1.2728862034170202E-5,1.256212885138243E-5,1.2792800388977469E-5,1.3592986639547866E-5,1.5193156604930304E-5,1.7752687290096263E-5,1.997685621216458E-5,1.475686085823947E-5,2.9068919075566375E-6,1.0276350358174277E-5,4.38057174559148E-7,4.4470461987622544E-7,2.065542905448149E-6,2.0987893213096378E-7,1.6138267067403552E-5,1.620064008488575E-5,5.357439202463E-6,4.325392633017814E-6,3.070654352219641E-6,1.3256183905490273E-6,1.6780200304472034E-7,2.92985035314756E-7,2.8425532226477465E-6,8.270851926997182E-6,1.2097165968437938E-5,1.3710484581091053E-5,1.6147108757658237E-5,1.975935353660017E-5,2.1593804062911218E-5,2.1698246258300015E-5,2.2125094509510605E-5,2.120414346861215E-5,1.782792384762935E-5,1.3604582264165769E-5,9.828118029709485E-6,6.697712913462283E-6,4.17116973695058E-6,2.2571021233903375E-6,9.60619118494249E-7,2.450086015525581E-7,6.545284299635577E-8,4.0741103781677065E-7,1.2847217874237078E-6,2.7160938623667827E-6,4.720988610046257E-6,7.33265509090573E-6,1.0493781294763446E-5,1.3761964733373187E-5,1.6330127130817475E-5,1.7810508176980606E-5,1.8665002162881146E-5,1.9586211657857455E-5,2.089507461750756E-5,2.2393381239191265E-5,2.3546679118062978E-5,2.4004369856399118E-5,2.390637576492848E-5,2.348258118417165E-5,2.2577940179481554E-5,2.077734980380823E-5,1.803773182249737E-5,1.4948295195894565E-5,1.2173643160928846E-5,9.981101215310325E-6,8.308217827190022E-6,6.9830484150675075E-6,5.853766568653937E-6,4.830208356665117E-6,3.8798494728027225E-6,3.006633839546783E-6,2.2299243310754404E-6,1.5710367360026958E-6,1.047139271751006E-6,6.690374001046029E-7,4.396626631976302E-7,3.525757868548491E-7,3.934240115004764E-7,5.479379666828159E-7,8.126479716148482E-7,1.197274296129761E-6,1.715670345810139E-6,2.3751322703800636E-6,3.172705117779835E-6,4.098055006802689E-6,5.138269693469854E-6,6.280254641719934E-6,7.5069175469295754E-6
49.41488,1.2802697324685358E-5,1.2875897972519918E-5,1.3822875598490278E-5,1.5805379385036992E-5,1.9101790710531612E-5,2.3981928725613954E-5,3.029580724367727E-5,3.6835852311577817E-5,4.1556552960346125E-5,4.344402572670181E-5,4.3447179256180645E-5,4.3043802276839154E-5,4.300099258985752E-5,4.330850693035335E-5,4.3568092111854325E-5,4.346207203051347E-5,4.307823505070322E-5,4.2831441079772204E-5,4.305398762642344E-5,4.352852445597896E-5,4.3158367663075016E-5,4.0357187476881546E-5,3.4720870977173284E-5,2.7926790011873072E-5,2.1965285358008863E-5,1.7637874195670267E-5,1.4859666834080165E-5,1.3316067704033961E-5,1.2763322721441516E-5,1.3097845190107058E-5,1.435609201009894E-5,1.6695152199702296E-5,2.0324396062741672E-5,2.529487287688398E-5,3.110236663641802E-5,3.649529602785702E-5,4.0214127306930295E-5,4.204892980580093E-5,4.263617808434167E-5,4.250878222966684E-5,4.175980757947904E-5,4.039665506958577E-5,3.876678024421968E-5,3.7559671108849574E-5,3.748199395018846E-5,3.8944567349072845E-5,4.162359672348997E-5,4.3528210194280466E-5,4.108850827742158E-5,3.3567479994631816E-5,2.4993691796608855E-5,1.849301263211072E-5,1.4397009951617629E-5,1.2095123780887626E-5,1.108647802083445E-5,1.1255953541888505E-5,1.3324512924924473E-5,1.9362239261314383E-5,1.964801744352224E-5,1.5844803723708565E-5,1.4596369584882066E-5,1.4194123489787128E-5,1.3918743282234448E-5,1.3624452367221915E-5,1.3373262208503398E-5,1.3301047265083044E-5,1.3572490144987977E-5,1.4385214761324018E-5,1.5975481993068398E-5,1.8348415603140994E-5,1.9017645496473165E-5,9.664481900829668E-6,3.424112359184252E-7,1.2183099595223256E-5,3.2993228267735235E-7,2.3563487505537806E-6,4.436128254343428E-6,4.592006677422579E-7,2.025116969689015E-5,1.008723777773745E-5,3.6470340383530374E-6,2.5083194262208276E-6,9.580299555030896E-7,1.0167305840338626E-7,2.5869992276963493E-7,2.1647468046979125E-6,6.816834021481876E-6,1.2930417341056751E-5,1.4865385173692262E-5,1.545103098949522E-5,1.771958388058577E-5,2.0854245601097013E-5,2.1389423888844467E-5,2.0363396457235637E-5,1.93128156489912E-5,1.7306514489360823E-5,1.4046147406256984E-5,1.0299085343429729E-5,6.7732161606590916E-6,3.895216623821862E-6,1.858488520040385E-6,6.310817340448637E-7,9.245182760150306E-8,1.3152218397653757E-7,6.867647018364265E-7,1.7312644837093607E-6,3.2333557200514388E-6,5.140307091242075E-6,7.426296876744696E-6,1.0168697479568518E-5,1.3448298123297518E-5,1.6929703618207555E-5,1.9624036839562166E-5,2.0783407405448587E-5,2.0891189178845905E-5,2.0955184889444532E-5,2.1513459039842015E-5,2.245007528195651E-5,2.3215708406994805E-5,2.3319290726764235E-5,2.2751648331206303E-5,2.1789150158003864E-5,2.052822456585324E-5,1.8780450359574682E-5,1.638849213830388E-5,1.3572704743821302E-5,1.0815849933468404E-5,8.464311235515601E-6,6.588743064045962E-6,5.106334003172145E-6,3.912778774259471E-6,2.936901696497461E-6,2.14392417955712E-6,1.5222750103839005E-6,1.0714154022989787E-6,7.949432507574513E-7,6.975476978781073E-7,7.830249256238009E-7,1.0505244202935513E-6,1.4869226911416755E-6,2.057416275546072E-6,2.705719577142571E-6,3.3769287250418207E-6,4.051087999479266E-6,4.751551401268574E-6,5.518591766187289E-6,6.3780049138166525E-6,7.329752040903432E-6,8.356361525809255E-6,9.438370765790257E-6,1.0563158589512648E-5
50.01024,1.3115261178919542E-5,1.2837355322170232E-5,1.3415547265567976E-5,1.4962719700202635E-5,1.772624340296976E-5,2.202516000868022E-5,2.7957910502204526E-5,3.4734737137209945E-5,4.0316091121074084E-5,4.29234352274947E-5,4.2970300489098146E-5,4.2172840542732925E-5,4.175268796712721E-5,4.200917961053366E-5,4.262770084103402E-5,4.309324481549564E-5,4.3122403781820884E-5,4.288741279943143E-5,4.280199125061895E-5,4.3040512379201514E-5,4.308460415300319E-5,4.161240312032983E-5,3.743284334028974E-5,3.1105221442410756E-5,2.4619618340051832E-5,1.943153258585336E-5,1.5856999067513325E-5,1.3661575305982891E-5,1.2551205987098247E-5,1.2343358060294378E-5,1.2996358072848355E-5,1.4605546735289605E-5,1.738235065106E-5,2.1559010050694575E-5,2.7095913618528074E-5,3.320276918487832E-5,3.833562009724022E-5,4.137597077931468E-5,4.2586214821019556E-5,4.287243416965613E-5,4.2741104038873365E-5,4.215924430279044E-5,4.103225765383461E-5,3.96609962724082E-5,3.87223392173134E-5,3.8889847787806374E-5,4.042068289296597E-5,4.2548059290375655E-5,4.268476359098413E-5,3.7900114945385614E-5,2.948340059586496E-5,2.156294538378082E-5,1.6025507762497772E-5,1.2652858985901524E-5,1.0826447535768731E-5,1.0205485426408237E-5,1.113128962787628E-5,1.5500146497930846E-5,1.7469576932048435E-5,1.4793943804957766E-5,1.3836047360963143E-5,1.368580084111472E-5,1.3708980286534704E-5,1.3714986825718312E-5,1.371787859353234E-5,1.3833315411220868E-5,1.4231772574931204E-5,1.5126613674120653E-5,1.6733428389486323E-5,1.8715600485276947E-5,1.6607118566860203E-5,4.252755613629518E-6,1.3342479965432965E-5,5.554975972696784E-7,2.5296970047891885E-6,4.541170431682535E-6,5.306076999139781E-6,8.390982876322235E-7,1.763720643406478E-5,5.480391383714781E-6,2.3110204336098937E-6,7.705579758744034E-7,5.606569100723831E-8,2.9683994744931013E-7,1.8233759268759787E-6,5.196862783467909E-6,1.1338184572737115E-5,1.6210727067277612E-5,1.589608527051372E-5,1.554999653287083E-5,1.721926237419781E-5,1.910547393803412E-5,1.8426507664121037E-5,1.6527017091633372E-5,1.4432286344377378E-5,1.1946703966181508E-5,9.09057716251219E-6,6.116535287168912E-6,3.4050396170172757E-6,1.4137755966166867E-6,3.231285119560493E-7,1.159454467010864E-8,3.0445336894286847E-7,1.0949015157640777E-6,2.3291271324426683E-6,3.94779102797992E-6,5.845033860300731E-6,7.88521805736239E-6,1.0017967199954492E-5,1.240571266421921E-5,1.52928793692471E-5,1.8524384698584336E-5,2.1116552350205625E-5,2.1970952069807962E-5,2.134807075830261E-5,2.043108172941339E-5,1.9955516907593736E-5,1.9932298394068818E-5,1.9960415870876647E-5,1.9620168960275084E-5,1.8783768692044584E-5,1.7595134583017768E-5,1.6209166540534405E-5,1.462972235191185E-5,1.2769210033359546E-5,1.0634169003543812E-5,8.422009243080551E-6,6.39516941623619E-6,4.7083451023598575E-6,3.3834655351801926E-6,2.3796301904199E-6,1.6496800671425862E-6,1.1593671986783911E-6,8.873323457853368E-7,8.210499135050646E-7,9.540971653649796E-7,1.2853960584864969E-6,1.8195803217653322E-6,2.5661889563922943E-6,3.5325469995644445E-6,4.703318236993697E-6,6.0086972543004775E-6,7.31262246735856E-6,8.468447651713398E-6,9.418056530115358E-6,1.0222887701198525E-5,1.0992023881861116E-5,1.1796845911130616E-5,1.2642256646870477E-5,1.349194066719058E-5,1.431357699628271E-5
50.6056,1.362716125840179E-5,1.2976231386606955E-5,1.3184691552448994E-5,1.4312673171101611E-5,1.6560832155572908E-5,2.0249547653588584E-5,2.5639653497380294E-5,3.236454462349771E-5,3.868680050606362E-5,4.2242608758415964E-5,4.257864018828233E-5,4.140169645306895E-5,4.0411115210934525E-5,4.030064634331273E-5,4.0976445892075794E-5,4.19252453550624E-5,4.25852003985806E-5,4.2739374708695094E-5,4.2632971893531353E-5,4.2639441557125014E-5,4.274020305387688E-5,4.2147279760192905E-5,3.952713069820667E-5,3.4328283826106166E-5,2.78248649336999E-5,2.188567340846862E-5,1.743395838854781E-5,1.4488061864435103E-5,1.2764331079049701E-5,1.2011748571884569E-5,1.21062552094481E-5,1.3063215163998533E-5,1.5035259389103235E-5,1.8286157549946932E-5,2.305140549742029E-5,2.913168054839349E-5,3.5355111495441456E-5,3.993496298364824E-5,4.210684365509505E-5,4.267814426285742E-5,4.27351819535793E-5,4.268725271156494E-5,4.235220456906462E-5,4.152010845914353E-5,4.0430136186974334E-5,3.9733151345494135E-5,4.004721036765179E-5,4.1426986265329754E-5,4.2650323634023125E-5,4.088194620138968E-5,3.4391836007540894E-5,2.5850510108797967E-5,1.8754852051926072E-5,1.4038562116483238E-5,1.123012732226779E-5,9.800922615774428E-6,9.751915793638752E-6,1.2501686470719854E-5,1.5076620666365726E-5,1.347009746498216E-5,1.2788475545397013E-5,1.2827139973364575E-5,1.30976687630274E-5,1.339681556287401E-5,1.3692194127599809E-5,1.4063467294394884E-5,1.46679149553348E-5,1.5715289886896667E-5,1.7343021719140023E-5,1.8504723112425232E-5,1.217443120244143E-5,7.521040560642682E-7,1.327858318200139E-5,1.3254295407953676E-6,5.8342143901589846E-6,7.034362175070347E-6,7.041746269005397E-6,1.0288402220041685E-6,1.1722762394208586E-5,2.8605774717406154E-6,8.102756981124718E-7,2.1569004138337372E-8,3.8240292460324914E-7,1.740317444822167E-6,4.457496245822871E-6,8.834082292903922E-6,1.5456142330066433E-5,1.7862467764904995E-5,1.5626476277652428E-5,1.4445308511960753E-5,1.5102927620636857E-5,1.5398300721834706E-5,1.3782382683995247E-5,1.1401917607168761E-5,8.949555370122015E-6,6.550307800745705E-6,4.282469112701946E-6,2.263769159256776E-6,7.64238622898026E-7,5.82767470322959E-8,1.233965878803331E-7,7.630337560917081E-7,1.8415913048465055E-6,3.3026577372616714E-6,5.091138868164606E-6,7.095663439182383E-6,9.124442718240173E-6,1.0955365044248162E-5,1.2547248125929674E-5,1.4196403003276927E-5,1.6294333249960173E-5,1.883835945455054E-5,2.1005490020547095E-5,2.1570739376748447E-5,2.043735242592516E-5,1.8718741650305388E-5,1.727154196773639E-5,1.6226058597334027E-5,1.5343049291922495E-5,1.4365651559798782E-5,1.3193434133396303E-5,1.1877708009136861E-5,1.0515523683437653E-5,9.159642080682591E-6,7.799048102121464E-6,6.404875378174847E-6,5.0010798636725185E-6,3.6847632964055154E-6,2.568020617844415E-6,1.716068246019578E-6,1.1408413766784328E-6,8.25990985052024E-7,7.475168952086799E-7,8.823997501063154E-7,1.2107320021412937E-6,1.7165383448447593E-6,2.390044226692059E-6,3.232307931358249E-6,4.2608148050888455E-6,5.510654427344933E-6,7.020192227994293E-6,8.786949082574533E-6,1.0696871696254733E-5,1.2493967526301517E-5,1.3901396469629114E-5,1.4838711477501775E-5,1.5470113633502658E-5,1.6030175370757735E-5,1.6651926938729844E-5,1.732285241951169E-5,1.794276247946362E-5
51.20096,1.4369636641245748E-5,1.331223762022429E-5,1.3140275596992184E-5,1.3859872481401622E-5,1.5616120669435125E-5,1.8697500208586385E-5,2.344449621313605E-5,2.9839591718060997E-5,3.6647309526836084E-5,4.1288734871232526E-5,4.225330241309743E-5,4.0844038791455126E-5,3.9190974723407235E-5,3.845304882494037E-5,3.8828559710083045E-5,3.996174083556426E-5,4.122442718434703E-5,4.205425761360949E-5,4.231485535000088E-5,4.230371170034431E-5,4.23197140365841E-5,4.214004370677216E-5,4.079028739190641E-5,3.714302887220519E-5,3.1336000484886585E-5,2.5006644000695562E-5,1.9686476028350602E-5,1.5881833651672484E-5,1.3450685462821381E-5,1.2111324553800045E-5,1.1661721481438524E-5,1.2031794739250557E-5,1.3291156125379942E-5,1.5650209239817686E-5,1.94216601445421E-5,2.4811007359393595E-5,3.1359090559886876E-5,3.7420010161652055E-5,4.111077565473017E-5,4.22699783520763E-5,4.224032247537526E-5,4.216027440360258E-5,4.2284249892034485E-5,4.22722242729387E-5,4.178988908660805E-5,4.099779622018698E-5,4.0504860885689996E-5,4.0853551099360696E-5,4.1873221140985505E-5,4.19721200445053E-5,3.847668009286716E-5,3.098735280463045E-5,2.277337722516476E-5,1.6478154740456404E-5,1.241471442021315E-5,1.0042281230006445E-5,9.074488809396215E-6,1.0424411530081196E-5,1.2861642607058851E-5,1.209475581407735E-5,1.1635036502343252E-5,1.1775581491085877E-5,1.2200144771991389E-5,1.2728576311246698E-5,1.3299731862889774E-5,1.3954543700435006E-5,1.482258027118161E-5,1.6084552645857635E-5,1.7690419616606312E-5,1.7205916679122802E-5,6.3406117316495745E-6,1.8566822796024752E-6,1.196274295163324E-6,6.454545428894943E-6,6.823958475249596E-6,1.1828096691264927E-5,9.457874646735336E-6,6.896305013943535E-7,5.970590047730682E-6,1.1800872854055E-6,8.825438065561082E-9,4.924418049529538E-7,1.8553119222062693E-6,4.272042212493078E-6,7.737339028455878E-6,1.2619467820442423E-5,1.8547970738190037E-5,1.8235478396567594E-5,1.4590459944253163E-5,1.2660118206579696E-5,1.2161264185675102E-5,1.1098125561362981E-5,8.9537790274212E-6,6.5544663057523556E-6,4.348174256604948E-6,2.4818596440388403E-6,1.0426820084449315E-6,1.769149165679069E-7,6.994801294796693E-8,7.056805956459435E-7,1.8327087737809095E-6,3.265580837425733E-6,4.966770134041907E-6,6.91725018391871E-6,9.0427125493471E-6,1.1194989130087593E-5,1.3101600336489747E-5,1.4428548654863983E-5,1.5167685541648272E-5,1.580370083471365E-5,1.685675299332459E-5,1.8404463457271287E-5,1.9815823775878406E-5,1.9991776146595225E-5,1.8571820831011175E-5,1.6389229908507615E-5,1.4292812387402796E-5,1.2516593822736055E-5,1.0953555004652352E-5,9.468785561405088E-6,8.013199830693926E-6,6.612703989976468E-6,5.320049139956057E-6,4.176728270362419E-6,3.1958450497124265E-6,2.3640554156254454E-6,1.6613881158108645E-6,1.0877272340755796E-6,6.700286437244027E-7,4.425332541686634E-7,4.250133365602071E-7,6.174563697829333E-7,1.0052361082019928E-6,1.564785598844364E-6,2.2673298978321347E-6,3.082817287116671E-6,3.986596127645178E-6,4.969604991667052E-6,6.049773425125053E-6,7.278945518549801E-6,8.736652159795374E-6,1.049793629726964E-5,1.255914034743141E-5,1.4731731381821871E-5,1.6617375758112973E-5,1.7835084317964775E-5,1.8355321355514342E-5,1.8500895181205796E-5,1.8639148534833805E-5,1.895728392781818E-5,1.9430148158737407E-5
51.79632,1.5382217200957194E-5,1.3872628873161564E-5,1.3297557373403242E-5,1.3610617115701571E-5,1.4897200789805747E-5,1.7393534906894604E-5,2.1454030453124694E-5,2.72974944867455E-5,3.424405133763273E-5,3.9937471898006356E-5,4.1901194908429556E-5,4.054856319582661E-5,3.825734149872598E-5,3.672611973645622E-5,3.649146819908676E-5,3.74170983300559E-5,3.8995670555339576E-5,4.053773564613805E-5,4.1507674391319455E-5,4.185113748210926E-5,4.189447183431362E-5,4.1838381880152244E-5,4.127177546052873E-5,3.914809732244153E-5,3.469969143722913E-5,2.8641649618934873E-5,2.2676388602733953E-5,1.795414858038126E-5,1.4695101111526164E-5,1.268307487212511E-5,1.1661484555090726E-5,1.1476481759082175E-5,1.2108179960078853E-5,1.3679911695372531E-5,1.646172804117252E-5,2.080744468780399E-5,2.6836504452500854E-5,3.3692123465342105E-5,3.920293727276521E-5,4.1669416492019885E-5,4.1756034182149385E-5,4.1219352436553296E-5,4.110657793466933E-5,4.148476129509758E-5,4.1863815948043915E-5,4.1781051750931806E-5,4.1299964925475045E-5,4.0970691709252114E-5,4.1249212622446435E-5,4.1755731977590454E-5,4.068932835680863E-5,3.5848890416587725E-5,2.793639415952135E-5,2.0234119713808172E-5,1.461127921602053E-5,1.1027539881515453E-5,9.047966526722306E-6,9.153562223923254E-6,1.1061443593664284E-5,1.085060599674617E-5,1.0542012573050479E-5,1.0700146922373169E-5,1.1173701417214093E-5,1.1832533876805369E-5,1.2614465661408115E-5,1.3536021545190047E-5,1.4697919152290633E-5,1.6226422643117573E-5,1.768005469705249E-5,1.4175497912168441E-5,1.6416450423114242E-6,7.904822682169357E-6,9.403925164917533E-7,1.1420966091440275E-5,6.376313204775821E-6,1.526406148415236E-5,1.0863939084183292E-5,1.1787007030304581E-7,2.2803993817162998E-6,9.143412869293257E-8,5.968641509027866E-7,2.151812728868844E-6,4.396918409000174E-6,7.72454008440797E-6,1.1256394397604585E-5,1.6071171673881117E-5,2.0378720356077174E-5,1.7745545946010737E-5,1.3146962663697315E-5,1.057045883586409E-5,9.071669432667721E-6,7.202061427544287E-6,5.000379507852118E-6,2.99074300372843E-6,1.4180792550769293E-6,3.835905059212478E-7,2.723830175724236E-10,4.222510080153184E-7,1.6764266818281772E-6,3.4675575759136233E-6,5.431323459751515E-6,7.467596079144325E-6,9.589866384165427E-6,1.1750480125163657E-5,1.3883595790492353E-5,1.5906006310848094E-5,1.750840731887729E-5,1.8184015764946664E-5,1.791198248414705E-5,1.7386373732956843E-5,1.726404351300718E-5,1.7661530331390225E-5,1.8097117736156192E-5,1.7716498827859364E-5,1.6100266062023868E-5,1.3756642319497781E-5,1.1389405091926883E-5,9.287199036865244E-6,7.4465830421993315E-6,5.810397756037663E-6,4.356382910790816E-6,3.0950483188320334E-6,2.04767129547163E-6,1.2303982804745377E-6,6.461966627244092E-7,2.814374313687058E-7,1.0787258962146932E-7,9.430237577205808E-8,2.2452870599387717E-7,5.047647214250848E-7,9.51438635242146E-7,1.5726245398237145E-6,2.3576816605364703E-6,3.2760101215979128E-6,4.28064383990244E-6,5.315678852602415E-6,6.329462736628491E-6,7.293705716276287E-6,8.22253428004948E-6,9.180969590726531E-6,1.027573317969497E-5,1.162720035608684E-5,1.3316624488343154E-5,1.5293730141514924E-5,1.7267853324791906E-5,1.8738595963536017E-5,1.933096820484749E-5,1.914282847464565E-5,1.8621762562310606E-5,1.818393940257676E-5,1.802525447285773E-5
52.39168,1.6712291664659203E-5,1.4693784547860325E-5,1.367915646148938E-5,1.3575523691981083E-5,1.440782592365242E-5,1.6349236094777648E-5,1.972317732556024E-5,2.48718430984668E-5,3.159552196959885E-5,3.8102652658952594E-5,4.1361810301726E-5,4.048839704200191E-5,3.771310280272456E-5,3.5323536297525296E-5,3.4268010217905804E-5,3.463427905109198E-5,3.610537317330001E-5,3.809170934805414E-5,3.987227957334813E-5,4.095220702642771E-5,4.135320959372693E-5,4.140949113757796E-5,4.1213813154658435E-5,4.020574125870786E-5,3.738021906577886E-5,3.238778631314973E-5,2.633529996005146E-5,2.080680289953623E-5,1.661798546620042E-5,1.3809167708989971E-5,1.2139373035685028E-5,1.1385903538741912E-5,1.1440243048669378E-5,1.233052475868564E-5,1.42353753478754E-5,1.748663794257273E-5,2.246197698220764E-5,2.9102965520986022E-5,3.5983039326926804E-5,4.0463345515753116E-5,4.144245841930896E-5,4.0510400706399495E-5,3.9607958044609664E-5,3.956668445743067E-5,4.026646920876419E-5,4.109117432633665E-5,4.14514964674209E-5,4.129480895764557E-5,4.10964668739519E-5,4.122915002246257E-5,4.1158668196766725E-5,3.905367819510854E-5,3.330942770607731E-5,2.5342342841977463E-5,1.8140263282122302E-5,1.298762621722893E-5,9.725869777393594E-6,8.569479509831834E-6,9.75998127856026E-6,9.853433270090382E-6,9.628488881156908E-6,9.739694949040796E-6,1.0172707772783375E-5,1.0858000113251812E-5,1.1757792256536718E-5,1.2891537546784765E-5,1.4350726684633474E-5,1.6190848903763276E-5,1.7181546420399562E-5,9.122223582318807E-6,7.52978972931809E-8,1.1007316114417253E-6,9.527289555605813E-6,1.0272153219151494E-5,7.213066314419827E-6,1.356403910695928E-5,9.78426321334665E-6,2.0147840328797343E-8,4.145236729658848E-7,6.233140065789731E-7,2.6372643516235066E-6,4.843523763875156E-6,7.924629728295175E-6,1.1774113563242992E-5,1.4625092506525956E-5,1.8694079215299092E-5,2.0926205932817473E-5,1.6628436648356538E-5,1.144826449703726E-5,8.37507827700439E-6,6.229421918353509E-6,4.133333535407454E-6,2.273815481867646E-6,9.122297661112246E-7,1.5029818265398976E-7,6.413548528073616E-8,7.66232287633858E-7,2.329191583984885E-6,4.5968399783184545E-6,7.1661219875150444E-6,9.776523715671478E-6,1.2388286050747651E-5,1.4852145051820569E-5,1.6932245755555015E-5,1.8647298742975158E-5,2.0188269567491495E-5,2.1358274119025917E-5,2.1480859751712434E-5,2.0363508979932302E-5,1.8775879442985062E-5,1.7515121860821632E-5,1.676677762906649E-5,1.6175774383276677E-5,1.5136066361959043E-5,1.3315192056674626E-5,1.0990572700924608E-5,8.656029255851048E-6,6.579795065692586E-6,4.816823745013634E-6,3.355121046870154E-6,2.183354591346827E-6,1.2990568260303042E-6,7.013882010001896E-7,3.8456208445327257E-7,3.3326252362337056E-7,5.185938339037075E-7,8.958124093048905E-7,1.4097869736150504E-6,2.013346123416254E-6,2.6892891661618347E-6,3.4536225846099205E-6,4.333168564119209E-6,5.337715285620768E-6,6.445834840926019E-6,7.604132500154499E-6,8.733163194148068E-6,9.74216552321945E-6,1.0560345865689972E-5,1.1178347101839821E-5,1.1671004453582907E-5,1.2178814886992902E-5,1.286084266020514E-5,1.3843691873835204E-5,1.516412195920379E-5,1.6686883944957367E-5,1.8039271138144724E-5,1.8727922180004897E-5,1.8505042933592875E-5,1.759543937556029E-5,1.646278326423989E-5,1.5468368502591073E-5
52.98704,1.841157093779518E-5,1.5822091258944014E-5,1.4317130232936315E-5,1.377207919126343E-5,1.4154174475416491E-5,1.5569129703417497E-5,1.8282717787973003E-5,2.2670399970712168E-5,2.886774826124743E-5,3.578643385139385E-5,4.043812604646212E-5,4.055071226767095E-5,3.759573918664829E-5,3.438134152850368E-5,3.2393457031677856E-5,3.196021419519496E-5,3.2930379011655195E-5,3.490710808268994E-5,3.7254109210334596E-5,3.923313113733488E-5,4.0395540654722776E-5,4.083003072148425E-5,4.086354719075112E-5,4.048492885135991E-5,3.903556230787936E-5,3.563723264288145E-5,3.033336109245138E-5,2.4441709616053166E-5,1.935004492439377E-5,1.561590870086783E-5,1.3174600127040806E-5,1.178662522871221E-5,1.1265175047757139E-5,1.1544297405724759E-5,1.2699811173260772E-5,1.496894599515958E-5,1.874580387779636E-5,2.4396925918014784E-5,3.1542655145661995E-5,3.800915493901498E-5,4.094964243332267E-5,4.033247794483464E-5,3.855385624026089E-5,3.7452868331832226E-5,3.7572617756761766E-5,3.86380127035882E-5,3.994418206512194E-5,4.0783506116052306E-5,4.096888810075694E-5,4.088674711389964E-5,4.084449874354319E-5,4.023358914801117E-5,3.7332387223385966E-5,3.107269164094943E-5,2.319738018215231E-5,1.6297809130592433E-5,1.130874299276894E-5,8.625819862915081E-6,8.955077031359462E-6,9.15888190414912E-6,8.962046970028891E-6,8.984499508489156E-6,9.315488410145887E-6,9.94262901703126E-6,1.0865955075090576E-5,1.2136168658025346E-5,1.387484869805964E-5,1.606505547123846E-5,1.5866465045341015E-5,3.520403836183401E-6,3.368812304398718E-6,2.508117413378842E-7,1.734503184806872E-5,6.478979757914661E-6,9.509885163198486E-6,9.84057963061682E-6,6.147105841982391E-6,6.851037469550963E-8,4.233655395875833E-7,3.233609499635568E-6,5.758520016258314E-6,8.226482437979067E-6,1.2192873662778076E-5,1.5795841491242268E-5,1.737938385572243E-5,2.0042018130528863E-5,2.0189393346316774E-5,1.4915050028171642E-5,9.502714644540436E-6,6.1611749325018845E-6,3.8064322589253047E-6,1.950230056172783E-6,6.886227574053868E-7,8.339146394611901E-8,1.588359172759257E-7,9.662651690219457E-7,2.5443150669994266E-6,4.799713426383195E-6,7.426421897363592E-6,1.016017723327304E-5,1.3078367301051953E-5,1.623095402836765E-5,1.9118496680501014E-5,2.1015030855613574E-5,2.1961685664511868E-5,2.2601899569719766E-5,2.3082280636805803E-5,2.279907393974138E-5,2.1335753641148394E-5,1.91959023474518E-5,1.715089193495149E-5,1.549484269752328E-5,1.4037258961051251E-5,1.2405001473114967E-5,1.040529540007464E-5,8.20273928424421E-6,6.105482374810464E-6,4.308611321096704E-6,2.8731955163761103E-6,1.8012284319593994E-6,1.0803313005921399E-6,6.953984216863246E-7,6.282499653399698E-7,8.548713152935152E-7,1.3426317288863198E-6,2.04892174256185E-6,2.9238115424071052E-6,3.918521021721165E-6,4.996217304757834E-6,6.1360673551060255E-6,7.324718171593637E-6,8.542512941153256E-6,9.760486579885809E-6,1.095156958057213E-5,1.2095966527563366E-5,1.3162534743850154E-5,1.407956125657011E-5,1.4735433693965152E-5,1.5040378513763413E-5,1.501618736599873E-5,1.4821142114187025E-5,1.4676693404332655E-5,1.476987211921181E-5,1.5193760047740148E-5,1.5910160776038602E-5,1.670783134543473E-5,1.7207914848033188E-5,1.7035782597657948E-5,1.6107662118398727E-5,1.4697602695160411E-5,1.3189171252907883E-5
53.5824,2.052621286987076E-5,1.7312767573746787E-5,1.5254749433198132E-5,1.4227182612747746E-5,1.4148254201977992E-5,1.5056328911534588E-5,1.7146154370834002E-5,2.076577034179974E-5,2.623346362199919E-5,3.310098675391929E-5,3.895930824089869E-5,4.053235926537092E-5,3.787031307936547E-5,3.3975126598380914E-5,3.1021555309855594E-5,2.9659718158661972E-5,2.9864114407006683E-5,3.139301877216068E-5,3.382211359441601E-5,3.648286903631719E-5,3.8625091439682754E-5,3.9846787342651624E-5,4.029460524913255E-5,4.028059162780375E-5,3.970446597560997E-5,3.7860032446272306E-5,3.4039821878931466E-5,2.8605193600066908E-5,2.294950784285446E-5,1.825585029944371E-5,1.4898031632063939E-5,1.2755110409728895E-5,1.1602122365041751E-5,1.128739710108986E-5,1.1785736802714764E-5,1.3222106067639286E-5,1.5896731630223915E-5,2.026129262602056E-5,2.660548566175104E-5,3.402069089216701E-5,3.948038401591021E-5,4.046191141221068E-5,3.835121235558895E-5,3.598686359578578E-5,3.4851572239993904E-5,3.5194205255147855E-5,3.6639652485400046E-5,3.844016860549311E-5,3.978557337814566E-5,4.033861237387032E-5,4.03844981173404E-5,4.019516071521048E-5,3.917498288121733E-5,3.577842352597613E-5,2.926336677628206E-5,2.1331097305756707E-5,1.4195417425014444E-5,9.389590306076699E-6,8.624197573629756E-6,8.786432431364678E-6,8.573137679205223E-6,8.48129833360704E-6,8.674326335270976E-6,9.187333560065166E-6,1.0059250023794469E-5,1.1390892823977503E-5,1.3382666367611864E-5,1.594141386110542E-5,1.2959121065844953E-5,3.57740761827506E-7,4.4754837557219896E-7,7.084494127596596E-6,1.7192784140466146E-5,4.485634989341238E-6,8.317273372481074E-6,5.6420494616808825E-6,2.1111371267136987E-6,2.5211752031123344E-8,3.267261436650188E-6,7.233153278332664E-6,9.168476111864253E-6,1.1663814165735496E-5,1.6446849636958233E-5,1.8870477944747212E-5,1.8909961002458795E-5,1.9748117517246966E-5,1.811895154779121E-5,1.2514499695449497E-5,7.265572743887522E-6,3.9932370808015125E-6,1.8801115654437628E-6,5.916919440747515E-7,5.833356429881274E-8,2.2791641399756426E-7,1.0893426543607065E-6,2.636817058539008E-6,4.768081043118014E-6,7.179965651689731E-6,9.49001029321979E-6,1.1731820942782166E-5,1.4355276916244364E-5,1.7579203293780416E-5,2.074708788930733E-5,2.2568652164526736E-5,2.277349290147487E-5,2.23159912043217E-5,2.177934604261684E-5,2.0930749942419496E-5,1.941940443786263E-5,1.7371679284210478E-5,1.5215446524267955E-5,1.3211265891736174E-5,1.1326177453156342E-5,9.407364522266543E-6,7.4087408949080195E-6,5.464427642359168E-6,3.7632250093990023E-6,2.422044301741822E-6,1.476374635066054E-6,9.196318659138734E-7,7.298449385981981E-7,8.784934436928512E-7,1.3305282324514183E-6,2.0411844401261994E-6,2.9532849606525006E-6,4.000436966341973E-6,5.122232091479622E-6,6.289430475679114E-6,7.521761879691817E-6,8.877505629206757E-6,1.0409456919321203E-5,1.2100198159768484E-5,1.3815948894699612E-5,1.5349094781576984E-5,1.6557978028949394E-5,1.7456762621355223E-5,1.8137050584810164E-5,1.8621225819369968E-5,1.880852204760028E-5,1.8571306093654975E-5,1.79206095854093E-5,1.705930148727848E-5,1.6261198593466117E-5,1.5722234381223217E-5,1.549691260006853E-5,1.5492730510067822E-5,1.548209231656382E-5,1.516448760790341E-5,1.4323963871226374E-5,1.2986244330489272E-5,1.1389992878047112E-5
54.17776,2.3075838567990317E-5,1.9223793262287816E-5,1.6547020943844284E-5,1.4979581225899E-5,1.4411097427650906E-5,1.4817518500992916E-5,1.631791808017866E-5,1.9197938058765244E-5,2.3836181248587435E-5,3.024336957296066E-5,3.68603600925595E-5,4.0161037750473006E-5,3.841190412084807E-5,3.412711181833307E-5,3.0240920437136924E-5,2.7895994500783587E-5,2.7201667917692673E-5,2.7992396593132672E-5,3.0016332903207563E-5,3.2843521436503416E-5,3.5776520256646294E-5,3.8053342003264206E-5,3.9316206403027246E-5,3.97628716051789E-5,3.9690290611256354E-5,3.893005127949173E-5,3.676824848485539E-5,3.267242994074447E-5,2.7231424801949883E-5,2.1832028633876388E-5,1.7480052119596052E-5,1.44266899746747E-5,1.2525278105368273E-5,1.1571287591616862E-5,1.1446685320079332E-5,1.2166475087293355E-5,1.3907801281908506E-5,1.7038161941000803E-5,2.2050897824765997E-5,2.9043764218043648E-5,3.6313315886160256E-5,4.008605272235518E-5,3.892434395824864E-5,3.5629815781507315E-5,3.297348096076515E-5,3.193801683642833E-5,3.2530201168256805E-5,3.4338521028889225E-5,3.662142701476142E-5,3.8490628481533315E-5,3.944851048231937E-5,3.966836706618489E-5,3.94240139718605E-5,3.821425316105948E-5,3.463864254797508E-5,2.784888730622515E-5,1.8959519002287737E-5,1.1084983410174292E-5,8.765613785578769E-6,8.742297411865264E-6,8.473196315149028E-6,8.249333471619059E-6,8.28425938955428E-6,8.6515710244413E-6,9.424049177214741E-6,1.0760868234452131E-5,1.2989773473712591E-5,1.5855100279934198E-5,7.68764879525101E-6,7.405724968266063E-7,1.7438156885167498E-7,1.433637364117397E-5,9.260606248268383E-6,4.37749604884666E-6,4.884567999788084E-6,2.1621416819735546E-6,1.3446088944223952E-7,7.465089948709114E-7,8.209355828861753E-6,1.1270139066843443E-5,1.1840643283859191E-5,1.4251809303472131E-5,1.9213320848382114E-5,1.9925067869250113E-5,1.8527076043426134E-5,1.7564833511503903E-5,1.4696594465006681E-5,9.371708129662813E-6,4.762186866181112E-6,2.0080621184621877E-6,5.473900551483797E-7,3.276545908189083E-8,2.801102146270134E-7,1.20578481135731E-6,2.771123323029747E-6,4.877840322740482E-6,7.254373408232486E-6,9.381200025922919E-6,1.0913489376455016E-5,1.2245868006748091E-5,1.4049093788107113E-5,1.661971692410839E-5,1.9417071728324134E-5,2.1056682056213828E-5,2.0843463242165527E-5,1.957527866851994E-5,1.8074032109599224E-5,1.649897975120654E-5,1.477409545000161E-5,1.2931110912528878E-5,1.1094399580183009E-5,9.33749896522749E-6,7.635345259516654E-6,5.944887131057414E-6,4.309175770345102E-6,2.8598263457553606E-6,1.7270730051112876E-6,9.782084026413134E-7,6.237199612772057E-7,6.446424692681008E-7,1.009684401430007E-6,1.6800644712727588E-6,2.606978850381663E-6,3.7251702614434937E-6,4.947114568312801E-6,6.1685918560594835E-6,7.299501823675618E-6,8.313855928926195E-6,9.279186008756162E-6,1.0334555037853234E-5,1.1633711911734386E-5,1.3276676568993825E-5,1.522507550966628E-5,1.722592804916461E-5,1.887262414829274E-5,1.9881117444956895E-5,2.0307112658169916E-5,2.0410240345738093E-5,2.036868398802117E-5,2.0155670584324448E-5,1.9626161105065013E-5,1.871126108322872E-5,1.7536636011372206E-5,1.634354866784841E-5,1.5323850209888195E-5,1.453177012092703E-5,1.3886940675873293E-5,1.3219966891224337E-5,1.2349543635631491E-5,1.1183619754839487E-5,9.779298432995901E-6
54.77312,2.6017162572001754E-5,2.1599860736008727E-5,1.825765634782783E-5,1.6081603598934026E-5,1.4975833926161208E-5,1.4867325731580795E-5,1.58010886279202E-5,1.798376533263263E-5,2.1773144121665292E-5,2.7436570616715516E-5,3.423387837980866E-5,3.91658556739737E-5,3.898390387693979E-5,3.479890662384753E-5,3.009712608738181E-5,2.6754946202556385E-5,2.51120864787755E-5,2.5032533066820608E-5,2.6332687002307742E-5,2.878560839746177E-5,3.1961939836266755E-5,3.5133447237912825E-5,3.752335975200811E-5,3.881432250653839E-5,3.925165524034903E-5,3.9123376094695315E-5,3.821559017089922E-5,3.5830866784079585E-5,3.158688978618658E-5,2.621607127849194E-5,2.1059823234154897E-5,1.6987752904341332E-5,1.41751700812565E-5,1.2468523901288966E-5,1.1686040059095374E-5,1.1742012181878472E-5,1.2692361564704591E-5,1.477057467463932E-5,1.8413328768694328E-5,2.4118342792550894E-5,3.1605268288339413E-5,3.810769734061592E-5,3.958577651928333E-5,3.643014867732291E-5,3.2391974492675866E-5,2.9709948623397343E-5,2.886158294621831E-5,2.9694729734979763E-5,3.182011720514602E-5,3.455014907308411E-5,3.695323054646306E-5,3.837091441697566E-5,3.8856220152394594E-5,3.872912076675243E-5,3.765386066574279E-5,3.4136489661563995E-5,2.5891365137209087E-5,1.4145329217113983E-5,9.418129600193963E-6,9.031921454751272E-6,8.666186539543914E-6,8.294615404964522E-6,8.15791681237703E-6,8.362740893574514E-6,9.010955934897144E-6,1.032378737383146E-5,1.280404182640867E-5,1.558256131798721E-5,2.0700514328622455E-6,1.4442301558080747E-7,1.9113866355217854E-6,1.917336983715662E-5,4.141255228961022E-6,3.6959469791075417E-6,2.029640028095419E-6,2.7624421450283087E-7,6.173477696858774E-7,4.4859010405233555E-6,1.3304473942718475E-5,1.4046900677837858E-5,1.3041572530075872E-5,1.517718834811343E-5,1.9040698729428603E-5,1.817988228872448E-5,1.5796098660509422E-5,1.354309114400466E-5,1.0156173972095021E-5,5.701263900000736E-6,2.258481338868722E-6,5.100056696427598E-7,4.568214431592621E-9,3.5866540037976104E-7,1.3886765249497405E-6,3.0272817753300255E-6,5.1886338966773865E-6,7.677168874770057E-6,1.0060260111345811E-5,1.1601552474633516E-5,1.2111366999142949E-5,1.2371718770189998E-5,1.3134945221502743E-5,1.4623848488065265E-5,1.6413803514822533E-5,1.7435269618382323E-5,1.6942149157333686E-5,1.5340350790696816E-5,1.3351519382659758E-5,1.1326838142675512E-5,9.383216005310082E-6,7.592523545146536E-6,6.00842486360464E-6,4.638790651912778E-6,3.4429467703966504E-6,2.3754357709638567E-6,1.4472494973035713E-6,7.336228626241773E-7,3.173424509184085E-7,2.4216281528762914E-7,5.11251967276855E-7,1.103768003659681E-6,1.9865563871576735E-6,3.117566804464432E-6,4.443011041302325E-6,5.888222485934575E-6,7.343450607180984E-6,8.660200988718746E-6,9.692354299803778E-6,1.0386820315290993E-5,1.0843329881286264E-5,1.126939156592807E-5,1.188343100383139E-5,1.2849198120462303E-5,1.4236666631006981E-5,1.596195844972583E-5,1.7719442340652497E-5,1.904434014000705E-5,1.9607887223523575E-5,1.9472725983794412E-5,1.8968396565219114E-5,1.8382862686875787E-5,1.780921405377802E-5,1.717737483034181E-5,1.6374918622459868E-5,1.5370938507003035E-5,1.4250111719100356E-5,1.31371637591447E-5,1.2104587457459825E-5,1.1141855527366836E-5,1.0182392745750916E-5,9.156247740086328E-6,8.040198042682384E-6
55.36848,2.9195819850634126E-5,2.443934673826799E-5,2.0447725483449637E-5,1.7598425336432734E-5,1.589035558312954E-5,1.5232289205321769E-5,1.5603999830067615E-5,1.7128491991308285E-5,2.0097431431247E-5,2.4871897038744686E-5,3.1310869044895844E-5,3.739310651642771E-5,3.924039803671893E-5,3.586240173553933E-5,3.0603000697616794E-5,2.6280473434677084E-5,2.3670427937530832E-5,2.268683324458113E-5,2.3132927050172988E-5,2.4861891604835943E-5,2.7683106499360657E-5,3.116761065984127E-5,3.4552304710445E-5,3.704039322742693E-5,3.8350653202881775E-5,3.877609417054611E-5,3.860681035257268E-5,3.760459290165623E-5,3.509708263902517E-5,3.081017641456792E-5,2.5551491942216784E-5,2.0607183592789084E-5,1.675386850830218E-5,1.412613624414564E-5,1.2575438206387276E-5,1.1943489352610333E-5,1.2176178034668605E-5,1.3372144640595398E-5,1.5825655848166223E-5,2.0038087739492843E-5,2.6437491987956307E-5,3.4094834363985254E-5,3.905018827793916E-5,3.79128449816269E-5,3.32265783665578E-5,2.890051169243288E-5,2.6389488960650046E-5,2.5765758436755942E-5,2.6802877257358084E-5,2.917870990887399E-5,3.230345406634847E-5,3.524995288409032E-5,3.7214963191550315E-5,3.8129445358049925E-5,3.8418511467707777E-5,3.793810797033772E-5,3.368367499753697E-5,1.91602999388292E-5,1.066153978321471E-5,9.658220776193476E-6,9.148484357839292E-6,8.61494754727529E-6,8.295596695300616E-6,8.328039516396739E-6,8.842591263781965E-6,1.0129222741655057E-5,1.2917313466802549E-5,1.397433674533086E-5,1.2450411206990076E-8,2.404507770588307E-7,1.1345920039465046E-5,1.6309234667229075E-5,2.560887484533538E-6,1.9133676683126684E-6,4.0463135179568117E-7,1.3460240838661223E-7,2.65974117637113E-6,1.0342306335013888E-5,1.705424024701199E-5,1.4989607085632158E-5,1.2736508232881044E-5,1.4208248144003103E-5,1.592224494364981E-5,1.3973695083725437E-5,1.1167509956431136E-5,8.411343280521784E-6,5.296883371334685E-6,2.23955788627715E-6,4.1974109669033236E-7,2.1005429049904597E-8,5.723524435126765E-7,1.76933550032564E-6,3.5270841986071305E-6,5.779577176125113E-6,8.363567657253147E-6,1.1044420492874071E-5,1.3273450185412374E-5,1.4072570205044965E-5,1.3451026151829463E-5,1.2593051545768011E-5,1.2293181738702484E-5,1.2643348540853028E-5,1.324866179120428E-5,1.3378653091707096E-5,1.2521114382929493E-5,1.0852009071639313E-5,8.848840987310418E-6,6.84641928874706E-6,5.013198329152743E-6,3.436147020655575E-6,2.161444123617344E-6,1.2054684019238988E-6,5.555513578167737E-7,1.7225509105674725E-7,9.76495337684591E-9,5.045525060230324E-8,3.1443077698112424E-7,8.322765562664217E-7,1.617267946445569E-6,2.6575999721907904E-6,3.920710854316411E-6,5.3607688855005474E-6,6.924844797511035E-6,8.549603017152092E-6,1.0137660287818428E-5,1.1522760405136634E-5,1.248385109740326E-5,1.2873545050288862E-5,1.2770480942853036E-5,1.2453623527873865E-5,1.2225881426122563E-5,1.2292392653285856E-5,1.2745186981154532E-5,1.3572973283071848E-5,1.4641433731748831E-5,1.5668706991379238E-5,1.62911051035912E-5,1.626575022268287E-5,1.5638786032830304E-5,1.4674856229550967E-5,1.3650336583388688E-5,1.2727440679777537E-5,1.1944703088814263E-5,1.1256953857132937E-5,1.0586630307329618E-5,9.874617392546323E-6,9.108620358155479E-6,8.311922194092705E-6,7.512269689174949E-6,6.724321850008983E-6,5.954091121171018E-6
55.96384,3.2311489732192E-5,2.7640346683772472E-5,2.314784148578272E-5,1.9600700243356063E-5,1.721830327576209E-5,1.595442737777892E-5,1.5745832604378606E-5,1.663630939238845E-5,1.8831220882778888E-5,2.267960146244661E-5,2.8378117120276932E-5,3.490419543128548E-5,3.879901564538762E-5,3.7054585067179364E-5,3.172535032735593E-5,2.650018618554879E-5,2.2905278707551905E-5,2.101550405396544E-5,2.0593915584629737E-5,2.147070088086402E-5,2.3554054538652696E-5,2.669109862819255E-5,3.0451374377116216E-5,3.403193947044568E-5,3.6608735169101925E-5,3.793227591199222E-5,3.8346972204075655E-5,3.8159504306723E-5,3.7125813841161056E-5,3.4595117667206514E-5,3.035204500590435E-5,2.522624822274635E-5,2.0454946412221796E-5,1.6762516990448234E-5,1.4270127558497713E-5,1.284239551832908E-5,1.2344784636112885E-5,1.2754701590783246E-5,1.4215987149481378E-5,1.7086839838482364E-5,2.1915773701961103E-5,2.8930572267075235E-5,3.622033073669246E-5,3.885508270089101E-5,3.522600837946693E-5,2.964296247824478E-5,2.540126892765837E-5,2.3174648476662832E-5,2.2771934274715662E-5,2.395885696143976E-5,2.6509241559863576E-5,2.9971496183313998E-5,3.348920293403298E-5,3.6159460332566164E-5,3.780579991288301E-5,3.9032098991057215E-5,3.91996414498454E-5,2.6281777773672965E-5,1.2580539706586066E-5,1.0602010719837505E-5,9.894281875724117E-6,9.19202999387232E-6,8.684722516293629E-6,8.53976193682822E-6,8.921067504356041E-6,1.0202952751873233E-5,1.3380010230964529E-5,8.468829500406352E-6,2.3265725034111287E-7,7.545435731354952E-7,1.4227684260273984E-5,7.192961951949688E-6,1.809615163508574E-6,5.02446818334118E-7,2.2250699757934956E-8,1.2972666631079039E-6,5.575966563872721E-6,1.4579932513115927E-5,1.8857609050448498E-5,1.4329747609877623E-5,1.1405991070407031E-5,1.1813869102004416E-5,1.1389791000812167E-5,8.904409002336307E-6,6.177647192157334E-6,3.688433232412646E-6,1.5320166821756506E-6,2.2579005935596505E-7,2.1420537707424365E-7,1.1453726569248573E-6,2.5876057333198756E-6,4.4778705611814685E-6,6.833528982418511E-6,9.488373624886427E-6,1.2181339514833442E-5,1.478355407775976E-5,1.6750532876408517E-5,1.684026509252023E-5,1.512183922774322E-5,1.3141818105355665E-5,1.180016373189831E-5,1.110151366935286E-5,1.0653449760953383E-5,9.95674278743578E-6,8.731453422913306E-6,7.08894936649776E-6,5.319268660606845E-6,3.65868812619938E-6,2.245853321792115E-6,1.1559135161001148E-6,4.3129284888480066E-7,9.417714603576238E-8,1.3945367623539013E-7,5.133630345550535E-7,1.1077103014626204E-6,1.810833503454978E-6,2.5837795242176315E-6,3.468253430873752E-6,4.524136896664927E-6,5.772746106359272E-6,7.1814355603852905E-6,8.682613847587531E-6,1.021024352174454E-5,1.1725084973957143E-5,1.3194328528082603E-5,1.4518559348271941E-5,1.5465621446639162E-5,1.5744474084297966E-5,1.5260564571870536E-5,1.4270085985403053E-5,1.3192442866153013E-5,1.2341770778876965E-5,1.1849934429803885E-5,1.1716399497583429E-5,1.1856901041114104E-5,1.2119115566836913E-5,1.22953418951467E-5,1.2174459817628908E-5,1.163509161643547E-5,1.0710375567441185E-5,9.557150215146108E-6,8.362199159834248E-6,7.268797555137521E-6,6.354926261849893E-6,5.641681755199066E-6,5.107312111793758E-6,4.7011238760307265E-6,4.363165969206805E-6,4.0490061581880085E-6,3.744787399223862E-6,3.462159544751725E-6
56.5592,3.494832363095451E-5,3.093991759285243E-5,2.6304509905571218E-5,2.2142258665540754E-5,1.9034875136158467E-5,1.709359796153456E-5,1.626143098262813E-5,1.6519099947534907E-5,1.7981967748402254E-5,2.0930203381965584E-5,2.5688489974232017E-5,3.197105860339254E-5,3.7401501867665796E-5,3.795340130168223E-5,3.3338913224626E-5,2.7430977009619996E-5,2.2836398117748352E-5,2.002561427640359E-5,1.8758706100968947E-5,1.8791202869260816E-5,2.0011366973660703E-5,2.2384291473083114E-5,2.5793298932617113E-5,2.9804989747854798E-5,3.357110000628166E-5,3.623097479638722E-5,3.756244995202335E-5,3.796831369984583E-5,3.778892651126004E-5,3.679064735281001E-5,3.4333743834922806E-5,3.0210344800396938E-5,2.522906699190493E-5,2.0591110881082853E-5,1.700593288168151E-5,1.4604186727411997E-5,1.327031254483705E-5,1.2893925383839758E-5,1.3484390645184994E-5,1.5233172946532251E-5,1.856160528039064E-5,2.4024749906515753E-5,3.144562266078553E-5,3.763136870648442E-5,3.7435094424332777E-5,3.186435936544267E-5,2.6000900100397623E-5,2.208488659231832E-5,2.0182929534952344E-5,1.9970825586542727E-5,2.1248707228072513E-5,2.3902689390188445E-5,2.76623369235037E-5,3.1842907970380615E-5,3.554458334711783E-5,3.8503415459799566E-5,4.1139433031816534E-5,3.37910605075145E-5,1.515072403862328E-5,1.1784114869531473E-5,1.082781049739471E-5,9.970206004774933E-6,9.286650654640342E-6,8.969759918212812E-6,9.227907946355434E-6,1.0547085260283716E-5,1.4056450292419682E-5,1.5177127345579109E-6,9.79250864682145E-7,6.520614698401712E-6,1.604417439386369E-5,2.5955805847053274E-6,7.143068644173537E-7,1.2446856955226495E-8,7.036555042008778E-7,3.331252983864514E-6,8.71310384897685E-6,1.6815743690530044E-5,1.88118464298827E-5,1.2683500492617735E-5,9.573966042005033E-6,8.809386525213285E-6,7.07882521596557E-6,4.621384300449957E-6,2.4223270028485546E-6,7.951019519427031E-7,5.54126259788291E-8,6.021581481170544E-7,2.1874773624316345E-6,4.030898286231177E-6,6.010016641322334E-6,8.396418965598318E-6,1.1189965612471188E-5,1.3923455301913801E-5,1.6229478702414575E-5,1.829827765670965E-5,1.9825250340271148E-5,1.9448224815090566E-5,1.6959961844816533E-5,1.3990164826946942E-5,1.1653543533124374E-5,1.0007198977902152E-5,8.700405912759717E-6,7.382991611642398E-6,5.911991407437237E-6,4.372260833631467E-6,2.9349233486800197E-6,1.741091046870256E-6,8.784419251391238E-7,3.990038373516343E-7,3.3723093349817793E-7,7.151467505049749E-7,1.5280181893295878E-6,2.705127777445366E-6,4.072404257219272E-6,5.404772121937393E-6,6.5828872287491896E-6,7.670675522483045E-6,8.817819830751432E-6,1.0122319506779999E-5,1.156039232789108E-5,1.2998924964751363E-5,1.4287948699675981E-5,1.5374451509273456E-5,1.6321906774616367E-5,1.720065836099896E-5,1.7936022068706894E-5,1.824259106171135E-5,1.7784603919084508E-5,1.652101673476541E-5,1.481728488694711E-5,1.314200098612212E-5,1.1775441481681165E-5,1.0782645535124942E-5,1.0104710703069441E-5,9.630498857973767E-6,9.231413647627968E-6,8.782828515590398E-6,8.188557611825824E-6,7.406394242683982E-6,6.459786132619048E-6,5.424661780850738E-6,4.3978436389115495E-6,3.4652820318107272E-6,2.683829034493053E-6,2.0782599796206014E-6,1.6477658773194647E-6,1.3756037565221698E-6,1.2383334538338751E-6,1.2135220164778373E-6,1.2851873557226565E-6
57.154560000000004,3.671067909835384E-5,3.389950781376863E-5,2.9702864686649303E-5,2.5210199404012305E-5,2.140955034958269E-5,1.8725807799804334E-5,1.7204987493046626E-5,1.6803496075826676E-5,1.7556871313574377E-5,1.9653346597485426E-5,2.3413547910672793E-5,2.896135481078371E-5,3.507716888506354E-5,3.805216548334065E-5,3.5150494847548484E-5,2.9053938445587683E-5,2.3494163212370128E-5,1.9718431614693445E-5,1.7610380614470106E-5,1.684741981623461E-5,1.7234644300084704E-5,1.872298477744916E-5,2.1330547338690983E-5,2.4975448000359267E-5,2.9221161077109764E-5,3.3168124643115394E-5,3.590736512235283E-5,3.723946742041629E-5,3.763547466750047E-5,3.748862846046352E-5,3.659138884079264E-5,3.430296784119598E-5,3.0373140519374066E-5,2.5549697167040388E-5,2.1010069495413314E-5,1.7483122586231712E-5,1.513053110986792E-5,1.3863374062838022E-5,1.359632822740244E-5,1.4371335540163437E-5,1.6428632773049672E-5,2.024386059486168E-5,2.6302769177724646E-5,3.374793769013729E-5,3.802283529412044E-5,3.496582620196866E-5,2.8229667157842992E-5,2.2549423662312244E-5,1.9073309864088336E-5,1.7485095678456297E-5,1.742112000620333E-5,1.873802207057101E-5,2.1446760690890636E-5,2.5521621322356383E-5,3.0636415116972795E-5,3.610916731836874E-5,4.102862778195898E-5,3.851109108518317E-5,1.804308584205366E-5,1.302731018441869E-5,1.1797971590290871E-5,1.0831209837742748E-5,1.0015176285749434E-5,9.554275846648407E-6,9.714481393866742E-6,1.1126072692911862E-5,1.3899450624829874E-5,2.185222738012427E-7,1.0322143531816235E-6,1.684622970892099E-5,1.3739517837626925E-5,1.2382560260141596E-6,3.22369667808641E-8,4.4750716855904467E-7,2.1955000071565187E-6,6.151876808919681E-6,1.1438284237803144E-5,1.7723668013059015E-5,1.737979481378953E-5,1.0631584946100672E-5,7.5678338274495235E-6,5.906606168884428E-6,3.792658722027193E-6,1.8167631130230637E-6,4.665634992627992E-7,8.150276793966903E-9,7.929985064736281E-7,2.9435175088323368E-6,5.5299656432251875E-6,7.672504132271172E-6,9.821066324849443E-6,1.256517481176722E-5,1.5745230957974214E-5,1.8322924162630152E-5,1.9737846528342576E-5,2.0680589649315613E-5,2.1354957203965815E-5,2.0703834082038844E-5,1.8117092172283077E-5,1.467016170987862E-5,1.1573271602887583E-5,9.134040196746052E-6,7.164534281556808E-6,5.441693668041514E-6,3.883628399648194E-6,2.534013489279668E-6,1.4742353819116996E-6,7.680412267929491E-7,4.536369034893574E-7,5.53673643592645E-7,1.0845321166069918E-6,2.0601613947707785E-6,3.4831439458151373E-6,5.300280392555455E-6,7.316147276741776E-6,9.18015135302098E-6,1.0612275458679566E-5,1.1658406314881935E-5,1.2609017090620281E-5,1.3736141807155039E-5,1.512947917050317E-5,1.6642142479265193E-5,1.7946033911800313E-5,1.8757535070060504E-5,1.9077928590812598E-5,1.915108308405932E-5,1.9196023340980973E-5,1.919997382148558E-5,1.8893315924417334E-5,1.79428426752603E-5,1.6287440870212365E-5,1.4249130425592634E-5,1.2255474669526006E-5,1.056022232695484E-5,9.213740205944037E-6,8.15575548356568E-6,7.2935565171533355E-6,6.540825121238426E-6,5.833038357360576E-6,5.132563957675159E-6,4.428628476850502E-6,3.733487368276175E-6,3.075228954448115E-6,2.487962181927928E-6,2.001115815815696E-6,1.630847889680071E-6,1.376877325103947E-6,1.2261483209649693E-6,1.161473915613387E-6,1.1712513146285369E-6,1.2564480567822165E-6
57.74992000000001,3.74115630878858E-5,3.60140201984991E-5,3.290913380055645E-5,2.8639178647317345E-5,2.4361322574141185E-5,2.0930198016783273E-5,1.8650411392647974E-5,1.7536326736919563E-5,1.7574322655848753E-5,1.8860613157575107E-5,2.1644667507896293E-5,2.6202941872208354E-5,3.215830857086487E-5,3.698316257197102E-5,3.664278441240418E-5,3.124364342966336E-5,2.4915160940825663E-5,2.011757877817021E-5,1.712802497766079E-5,1.559757464381769E-5,1.5226849272499466E-5,1.588434925169888E-5,1.7578094578402964E-5,2.0374235356827528E-5,2.422549920489409E-5,2.8693491129439913E-5,3.28207279030877E-5,3.563539298953577E-5,3.6955854276929294E-5,3.733387780248798E-5,3.7236626440742E-5,3.649967906641329E-5,3.447282945044582E-5,3.081736663870023E-5,2.6177053489260097E-5,2.171067160329614E-5,1.819819595737559E-5,1.585509446303348E-5,1.4627537133862105E-5,1.4456951840438343E-5,1.5418102835379572E-5,1.7798071431208446E-5,2.2104620044636312E-5,2.8633171145903078E-5,3.5548518491994056E-5,3.726949628461356E-5,3.182449851859136E-5,2.46698524023735E-5,1.944214789833021E-5,1.6425610770973873E-5,1.5111861432576607E-5,1.5153355485945226E-5,1.6474649716393132E-5,1.9236255785861716E-5,2.3794130619311025E-5,3.062281901132077E-5,3.91757253331986E-5,3.9848883138683536E-5,2.0558882144574265E-5,1.4066785083252686E-5,1.2590386193106523E-5,1.1592264679946463E-5,1.0724960871565756E-5,1.018048521031102E-5,1.0289296392855488E-5,1.1821799369093746E-5,9.209404544352521E-6,3.2649728024497528E-6,1.55066305049224E-6,1.6494564292051547E-5,6.453287964739399E-6,3.376967182195697E-7,2.7565279542804395E-7,1.6815165779173039E-6,4.369019747541593E-6,9.615393921190738E-6,1.3521560236942901E-5,1.7761919023858355E-5,1.5118522177441896E-5,8.534269631154784E-6,5.564033716721661E-6,3.503060337833407E-6,1.6379505675476021E-6,3.941379921685E-7,8.95274312164173E-9,7.127297130663691E-7,2.7680192181739395E-6,5.915206589581812E-6,8.654297554323324E-6,1.0428201105468515E-5,1.2304420702930434E-5,1.5100051707577733E-5,1.8569402514168184E-5,2.1073335855477564E-5,2.155129465226829E-5,2.106413896344753E-5,2.0447687884925148E-5,1.9320866416628504E-5,1.711643800199773E-5,1.4045885901059485E-5,1.0845535464416056E-5,8.018962529293989E-6,5.686693272362224E-6,3.8078342088136376E-6,2.342583167659833E-6,1.2859789025934E-6,6.450027307483867E-7,4.2095958833067E-7,6.068233424520855E-7,1.1897247468031687E-6,2.155698119734193E-6,3.4992307293649275E-6,5.231365310905572E-6,7.353426169428221E-6,9.746652364716481E-6,1.2030103014464096E-5,1.3684252887021089E-5,1.4532385379359442E-5,1.4919677057440422E-5,1.533869955562503E-5,1.6096948686868564E-5,1.7233968460357654E-5,1.8515404606845852E-5,1.950182483966202E-5,1.982083588600977E-5,1.9476162596624246E-5,1.879590065316998E-5,1.8098826694123444E-5,1.7470802871089717E-5,1.6753561431140897E-5,1.5685420577625576E-5,1.4137900638796317E-5,1.2258437219839748E-5,1.0346608143275684E-5,8.633860769389738E-6,7.204967433258727E-6,6.045430167078774E-6,5.105886412817776E-6,4.339014340672405E-6,3.7124976499008906E-6,3.209798301951934E-6,2.826120924297499E-6,2.5626858903680793E-6,2.420187533766884E-6,2.3919191718611544E-6,2.4583754666133207E-6,2.5870995276462678E-6,2.740817241107569E-6,2.8911007726833866E-6,3.028961066539824E-6,3.1662062876761943E-6
58.34528000000001,3.716850684617853E-5,3.694556087173217E-5,3.533368406897856E-5,3.201802235722408E-5,2.7770111422782598E-5,2.374956649325886E-5,2.0681825156693188E-5,1.8786953760016673E-5,1.8072429443116233E-5,1.8565125658433145E-5,2.0420593687199405E-5,2.3913608489891266E-5,2.91155914817968E-5,3.476901530812632E-5,3.716380401177641E-5,3.365024463075879E-5,2.7098573937084084E-5,2.1278299656010904E-5,1.7320095670947337E-5,1.4998238275881516E-5,1.3921082100145243E-5,1.3847910453782288E-5,1.470666659760164E-5,1.6554195795984458E-5,1.9500348339004146E-5,2.3533662169269767E-5,2.821648485982751E-5,3.2525947842909464E-5,3.540959118659697E-5,3.6697993280289864E-5,3.703851578238287E-5,3.699472747646591E-5,3.646503496064771E-5,3.479011981619193E-5,3.1503935843937697E-5,2.7094535686146203E-5,2.2692880865478804E-5,1.915811273301152E-5,1.6785720648108265E-5,1.5568640112845613E-5,1.5477845540782292E-5,1.6620071628389774E-5,1.932197169392662E-5,2.4082682591196376E-5,3.084360893582219E-5,3.6583418340838606E-5,3.5502123401712277E-5,2.8443574499129128E-5,2.1418200922851816E-5,1.6747181986115187E-5,1.4153283937303775E-5,1.3064194027710164E-5,1.3176949575346084E-5,1.44975503949123E-5,1.740884820621164E-5,2.3037323939134773E-5,3.367174343774659E-5,3.943324681501406E-5,2.2009370157841626E-5,1.4642718602555724E-5,1.2997729644081536E-5,1.2055555792866988E-5,1.1238205528785537E-5,1.0697889559420026E-5,1.081910942762146E-5,1.2294654707696023E-5,1.3331479640167413E-6,3.0323228838945683E-6,7.3149480930785326E-6,1.4397997466185823E-5,1.811629188255003E-6,8.797978770743472E-8,1.4692402465771707E-6,3.487038583481219E-6,7.366719863551965E-6,1.31471812755144E-5,1.4990217433880043E-5,1.717527705661581E-5,1.2502878094029371E-5,6.5337674740367074E-6,3.6937321600794814E-6,1.7290255203120341E-6,4.452203983781664E-7,1.5307847513070158E-8,5.56165572476039E-7,2.2331642508914422E-6,5.154486868730415E-6,8.633596998826443E-6,1.0790364941299551E-5,1.1658994975916816E-5,1.2757030833628104E-5,1.4928972761558342E-5,1.7994403535572177E-5,2.031200751565657E-5,2.033840456758907E-5,1.8858577692378575E-5,1.70808517972925E-5,1.5273090638832463E-5,1.3281125878390961E-5,1.0993650837415164E-5,8.487234139934034E-6,6.013896177198318E-6,3.861830026989856E-6,2.201577912634104E-6,1.071776076415253E-6,4.4863922092131874E-7,2.925943135093341E-7,5.612673139960895E-7,1.2084833497945296E-6,2.181798770660506E-6,3.428078691024987E-6,4.913431062017705E-6,6.649806627262332E-6,8.693579097458888E-6,1.105753910881068E-5,1.3510646702037405E-5,1.5459138431605438E-5,1.6337430408791317E-5,1.623398567527492E-5,1.5759147591381075E-5,1.5447266545485817E-5,1.5520536165440924E-5,1.5941324803687522E-5,1.6481512506619395E-5,1.680083504263871E-5,1.6619214259182822E-5,1.59088136079672E-5,1.4890990330799705E-5,1.3836213874672815E-5,1.2888866132819862E-5,1.2024989545009287E-5,1.1107884347781005E-5,1.0002900208812368E-5,8.694237267701892E-6,7.3017905824164065E-6,5.985490664693253E-6,4.853333597573116E-6,3.944409132878598E-6,3.256181551402664E-6,2.7722918484173236E-6,2.4771435620631275E-6,2.3602729958341628E-6,2.4153089178720645E-6,2.6357360588298993E-6,3.0075529811412574E-6,3.4989523230642663E-6,4.050901222785729E-6,4.57930568804883E-6,4.999802187946276E-6,5.267136371331887E-6,5.397725064793732E-6
58.940639999999995,3.632470070894956E-5,3.6717463080934155E-5,3.648352247338968E-5,3.46973521394838E-5,3.125571907903286E-5,2.7102066805482935E-5,2.3358877805877745E-5,2.0640721761930112E-5,1.9113833055163363E-5,1.879606733782357E-5,1.975943080261123E-5,2.2205638743782328E-5,2.6360233547888685E-5,3.1846181539808515E-5,3.625517280296836E-5,3.561121951942919E-5,2.989582203980889E-5,2.326913617550376E-5,1.8241081209737682E-5,1.5040714597907391E-5,1.3252536854962193E-5,1.2521628748035449E-5,1.2669634105841203E-5,1.3674396402376217E-5,1.5633565708301568E-5,1.8697349317511627E-5,2.289243242049759E-5,2.7785662352925463E-5,3.2280267897622505E-5,3.522158213482019E-5,3.6446196380682444E-5,3.6714372240659406E-5,3.6709176394780005E-5,3.6414175492573877E-5,3.517381396230901E-5,3.236947932100122E-5,2.8272000159120363E-5,2.3952393430512E-5,2.036941339834476E-5,1.792977243531807E-5,1.6690015299372552E-5,1.6655161261744795E-5,1.7961242086197263E-5,2.095972285967245E-5,2.6079994612140866E-5,3.273034779807352E-5,3.671936065974836E-5,3.305826504003988E-5,2.5179317435243822E-5,1.8591241062318346E-5,1.447141231568123E-5,1.2236912091136008E-5,1.1323844044100793E-5,1.148960393678676E-5,1.2859283510101402E-5,1.6274454843289765E-5,2.492655854119868E-5,3.693988950030233E-5,2.217527271544E-5,1.4610952706342292E-5,1.2903100573793978E-5,1.2087707944371617E-5,1.1411448907077387E-5,1.0968339721325079E-5,1.1158350145944844E-5,1.1494370321830759E-5,2.0433871132158858E-6,1.5289909143936954E-6,1.3450341486242732E-5,9.609097125442186E-6,3.7079082473340054E-7,1.2398871344484304E-6,3.4013147884986557E-6,5.557799785426483E-6,1.1296935166990051E-5,1.6113515290769557E-5,1.5837548448413E-5,1.6008937407495763E-5,9.833497813991756E-6,4.64698358741863E-6,2.080244773196095E-6,5.845347408026999E-7,2.5341509251125987E-8,4.0137837895081286E-7,1.7629355617290781E-6,4.1765634528635416E-6,7.599949070295594E-6,1.0960993671169956E-5,1.216895744305478E-5,1.1905565291724384E-5,1.1965692017765336E-5,1.3025820680606365E-5,1.4870810818661376E-5,1.6301577449547284E-5,1.6015804797392183E-5,1.4267688096272624E-5,1.2046507628813619E-5,9.89342130816887E-6,7.95756010021362E-6,6.21990778546357E-6,4.589477880847663E-6,3.028263777641963E-6,1.657440178557214E-6,6.643345307711027E-7,1.4998707553049317E-7,1.1723631514008257E-7,5.234600391382287E-7,1.3079162256854325E-6,2.393572878715191E-6,3.68582161300096E-6,5.086413892478417E-6,6.530728081950725E-6,8.031835653822271E-6,9.689167746533023E-6,1.1621655053395007E-5,1.3802801795184906E-5,1.5840252610044686E-5,1.7011357629865616E-5,1.6898060034209798E-5,1.5878737382719215E-5,1.4652349522110927E-5,1.3649952362101017E-5,1.296962645099417E-5,1.2521691875789204E-5,1.2139315216182812E-5,1.1649760957895591E-5,1.0939954301381393E-5,1.000537741087314E-5,8.945108262994554E-6,7.89932118860356E-6,6.974472331176227E-6,6.201575412134191E-6,5.539417778857406E-6,4.913173387709492E-6,4.269280153481923E-6,3.6131719077321023E-6,3.0011313319867055E-6,2.4999846932374797E-6,2.155360914722373E-6,1.9859254101527924E-6,1.9925557113142917E-6,2.168747866582804E-6,2.5069876484975497E-6,3.0007371850138833E-6,3.642026153629673E-6,4.413369865308835E-6,5.2727883473650245E-6,6.136185455052978E-6,6.875082021277394E-6,7.355970991974919E-6,7.515242548946688E-6
59.535999999999994,3.527797449217908E-5,3.5686260403553474E-5,3.626076710511764E-5,3.603486233693542E-5,3.4128504021603285E-5,3.063943115587551E-5,2.6630047277392993E-5,2.3168319637297173E-5,2.078192828143262E-5,1.960762556605877E-5,1.9684445279833584E-5,2.1127105483226164E-5,2.4152289896717673E-5,2.8813151470819343E-5,3.400903868459815E-5,3.630449681592815E-5,3.2831755084755265E-5,2.609575977346313E-5,1.9990241060782782E-5,1.5770949732964195E-5,1.3196398397491365E-5,1.1821093326206905E-5,1.1349987093134573E-5,1.1659137062563135E-5,1.2766224671083442E-5,1.4802813151352645E-5,1.7956983564872027E-5,2.2296654966807953E-5,2.7397787756865733E-5,3.2079880936397704E-5,3.506029093295777E-5,3.6175211035759396E-5,3.631793355165651E-5,3.631327459294355E-5,3.625269983964561E-5,3.5511339705912013E-5,3.331572859783995E-5,2.9653785501233725E-5,2.547224730104304E-5,2.1833335707488842E-5,1.9290937784491822E-5,1.7989665645571025E-5,1.7975997521258913E-5,1.94104864631448E-5,2.2646414455966108E-5,2.7968162613878936E-5,3.411158659712798E-5,3.601996045797912E-5,3.0343473744517703E-5,2.22556996655282E-5,1.6218064369426957E-5,1.2585026217554885E-5,1.063980471321193E-5,9.862691850569369E-6,1.009220170330237E-5,1.1698715345162663E-5,1.6877779533137562E-5,3.047988057805506E-5,2.115730646846491E-5,1.3971264541228808E-5,1.2307560689316222E-5,1.1662319907700863E-5,1.1191132854667055E-5,1.0924883689050831E-5,1.1182581151409497E-5,6.908414412493E-6,1.1377821081215962E-5,1.622807252773231E-6,1.0339938079062451E-5,3.5259070824352454E-6,5.798917631700864E-7,3.7377837066407385E-6,5.555473039910264E-6,7.576290371564467E-6,1.5326758462477647E-5,1.7928636821749378E-5,1.584289934761137E-5,1.3994920169138451E-5,7.2205520081314505E-6,2.8794244199439446E-6,8.410112468953553E-7,5.0623326235297786E-8,2.6470492898296915E-7,1.4070306969832515E-6,3.4661456214268474E-6,6.377081433254794E-6,1.0017586105357902E-5,1.3064558556321741E-5,1.3282756738221395E-5,1.1888695381931628E-5,1.0916360940598697E-5,1.0850909194149016E-5,1.1349146596312779E-5,1.1566712195137177E-5,1.074985247476611E-5,9.005727458716484E-6,6.930719570292178E-6,4.9704782960951E-6,3.330671061196106E-6,2.072589137926588E-6,1.1706830045231945E-6,5.523148791951442E-7,1.6878034815861343E-7,5.0915802236408187E-8,2.683670721325153E-7,8.606340427540988E-7,1.8172747700200928E-6,3.082715743320279E-6,4.556665434870188E-6,6.095009899299472E-6,7.5369304111483266E-6,8.77610986852581E-6,9.836446819957058E-6,1.0873235791573226E-5,1.2085143083214407E-5,1.3582838647152413E-5,1.5225565150940061E-5,1.6492851158369596E-5,1.6716156427540216E-5,1.5739326506450013E-5,1.4091148700680939E-5,1.2383705133008466E-5,1.0906750185982921E-5,9.684153794580404E-6,8.632643168009046E-6,7.6571118487908E-6,6.6907626973223545E-6,5.707869915936572E-6,4.7225178880442666E-6,3.77845023298514E-6,2.932416257087521E-6,2.2332617565451856E-6,1.7025769586530479E-6,1.3277696212877922E-6,1.0751370284010855E-6,9.153065146560489E-7,8.4176746931676E-7,8.699333110871277E-7,1.0215881617714567E-6,1.3093766299120835E-6,1.7312177036307706E-6,2.2741478486644316E-6,2.921910062596708E-6,3.6614902271298923E-6,4.486048819779989E-6,5.392472657421608E-6,6.371165068679482E-6,7.385738808271621E-6,8.346134131671891E-6,9.097264427505709E-6,9.464887841254935E-6
60.131359999999994,3.434864718496781E-5,3.4333269950338855E-5,3.5017762660343645E-5,3.579375487396332E-5,3.560748090691494E-5,3.364360266888492E-5,3.01748355288878E-5,2.6340739934403427E-5,2.315355685154877E-5,2.107849303050132E-5,2.024085841780783E-5,2.0705648731589646E-5,2.2618864797679268E-5,2.6157922216523284E-5,3.10400870341056E-5,3.526122294274396E-5,3.500882616907929E-5,2.951901363794845E-5,2.2669154417759608E-5,1.7298192012678336E-5,1.3788506098230987E-5,1.1707694191585602E-5,1.0645799246178921E-5,1.0366867243487366E-5,1.0790673340869371E-5,1.1965901021689032E-5,1.40523468644126E-5,1.727406114411546E-5,2.1743614955724677E-5,2.7051177794646243E-5,3.192101883632067E-5,3.4912215490053E-5,3.58551022061834E-5,3.579993201622287E-5,3.5732677701625256E-5,3.587123487423192E-5,3.56594337933086E-5,3.419948616127194E-5,3.114292796552568E-5,2.7210297643035356E-5,2.3538547307457487E-5,2.086507118541216E-5,1.945731997924124E-5,1.941589788974248E-5,2.091992777583915E-5,2.429563533727436E-5,2.9610234097184176E-5,3.489033699632414E-5,3.4720991566317444E-5,2.7702670265469266E-5,1.977449477044329E-5,1.4274791694000289E-5,1.103965429329804E-5,9.317164551797056E-6,8.652106775433175E-6,9.028340031629993E-6,1.1565705810959171E-5,2.1664848157515115E-5,1.904841680059994E-5,1.283246162226596E-5,1.1308935361332404E-5,1.0846410184079078E-5,1.0613726576924218E-5,1.05877095288015E-5,1.0736732390148804E-5,7.949508754983889E-7,6.511628687150268E-6,3.6645174605326707E-6,5.5781779643073005E-6,4.609773700293509E-7,3.4692227927168286E-6,6.972905163290056E-6,7.222410054161602E-6,9.207277533650377E-6,1.7422743977466913E-5,1.77732169497134E-5,1.4521083448533233E-5,1.0456506667739486E-5,4.65521207526679E-6,1.3235450483435105E-6,1.1261904945795948E-7,1.5617198440946502E-7,1.1487160512627932E-6,3.0134141001107027E-6,5.633141532395293E-6,8.77311443517858E-6,1.2361906057325126E-5,1.5060415417284539E-5,1.4467125571027211E-5,1.2035938925910653E-5,1.0109963684738745E-5,9.098774751186801E-6,8.557542027133244E-6,7.85181610882786E-6,6.608930660895573E-6,4.963814805416021E-6,3.2760462610966707E-6,1.8253755372695037E-6,7.629745179171439E-7,1.6016457944404015E-7,3.5386952754186935E-8,3.344470485739728E-7,9.155112251123603E-7,1.6374026203981323E-6,2.480483508247007E-6,3.519143059603196E-6,4.814217088420208E-6,6.3601987574317405E-6,8.072352517791142E-6,9.770667933998248E-6,1.1193458025914045E-5,1.2120595330314413E-5,1.2555834474629195E-5,1.2747307691129503E-5,1.300906078955314E-5,1.3547486025533681E-5,1.4370231631487607E-5,1.5213728192553231E-5,1.555477810436924E-5,1.4934685538856347E-5,1.341501165570412E-5,1.1493391846882793E-5,9.616693025154996E-6,7.970164272852221E-6,6.563794291001979E-6,5.35077602486531E-6,4.287098050904826E-6,3.34825354310369E-6,2.5278322257803703E-6,1.8312094112525927E-6,1.269223333025249E-6,8.523101137931262E-7,5.838025326716058E-7,4.527603338161942E-7,4.322736004050893E-7,4.913978577483666E-7,6.163922728976042E-7,8.22042946804296E-7,1.142672159180269E-6,1.612150567462865E-6,2.2459155927480374E-6,3.0314202884440026E-6,3.92971392005901E-6,4.888485552943863E-6,5.86150789951518E-6,6.82409401003443E-6,7.775031273712799E-6,8.721698272571126E-6,9.650372316058633E-6,1.048849281291613E-5,1.1081311310957469E-5
60.72671999999999,3.373010589726321E-5,3.3070350344990364E-5,3.3321045447111394E-5,3.430933503452223E-5,3.530890106600797E-5,3.520561952490119E-5,3.3250697030614015E-5,2.985782191174278E-5,2.6214875109015804E-5,2.3287454341841716E-5,2.1500466198561035E-5,2.0980040645157127E-5,2.1815961726061862E-5,2.4163596924626904E-5,2.8084900526600823E-5,3.279712504586726E-5,3.545420297631983E-5,3.2796869216033354E-5,2.623657225280447E-5,1.9777723446730884E-5,1.513928992918635E-5,1.2208566636470191E-5,1.05075030059528E-5,9.680461626561315E-6,9.541630462922775E-6,1.0044454486182003E-5,1.1261389427720945E-5,1.3375830124152762E-5,1.664620969878343E-5,2.1233111587522044E-5,2.6746015416132754E-5,3.180022882588635E-5,3.476160486437106E-5,3.545242686933441E-5,3.510934700333059E-5,3.4893730035357035E-5,3.515787630557475E-5,3.5454536740374385E-5,3.482934813259414E-5,3.258407074990415E-5,2.9081848593097092E-5,2.5450581820353576E-5,2.2634947981996667E-5,2.1071940912400923E-5,2.0938207695862457E-5,2.2427400610634435E-5,2.5810528893664065E-5,3.089340626183755E-5,3.5090082869525354E-5,3.313434687137778E-5,2.536316781606452E-5,1.775331474608808E-5,1.27106643274566E-5,9.778372820687942E-6,8.2209336189745E-6,7.681762735725257E-6,8.562821126373324E-6,1.4439249958927158E-5,1.609908229814181E-5,1.13878997460427E-5,1.0076344136872844E-5,9.773820521439655E-6,9.77538444150227E-6,1.0033878046998274E-5,9.31984800557606E-6,3.7056189949260933E-7,1.7535541092050354E-6,4.1716991064500745E-6,1.841707652995517E-6,6.632975910957872E-7,8.263211148925501E-6,9.934689384754965E-6,7.950773755832366E-6,1.0014967906331132E-5,1.6128534915365195E-5,1.4969858723122465E-5,1.1404786051974416E-5,5.37941418696609E-6,2.2250351932948665E-6,2.487216997840619E-7,9.965834313200305E-8,1.005412418703495E-6,2.752708624535123E-6,5.303267614482493E-6,8.317808628423204E-6,1.1338729394263266E-5,1.4528449003753624E-5,1.6850153155259467E-5,1.5782975028245787E-5,1.2493583310279766E-5,9.673958029936561E-6,7.866977013277555E-6,6.5973274317829375E-6,5.355340339890076E-6,3.957684210259177E-6,2.5403495160622613E-6,1.324739594317836E-6,4.716537408047126E-7,7.328524826451309E-8,1.835888936886843E-7,8.285819456883505E-7,1.9790211285378346E-6,3.4976046648609067E-6,5.139042524510002E-6,6.68241436483891E-6,8.074956613699493E-6,9.413030780237787E-6,1.082668879602235E-5,1.2388456418339713E-5,1.4035182295749192E-5,1.548837540252835E-5,1.63116101598026E-5,1.6253897937092996E-5,1.5547307161510313E-5,1.4697623661682575E-5,1.4089466156383124E-5,1.3845283753933223E-5,1.3852139186609926E-5,1.380121168581591E-5,1.3296727507881207E-5,1.2118891289571553E-5,1.041769379936969E-5,8.55358602662304E-6,6.812339586419168E-6,5.315402916503393E-6,4.080004600377441E-6,3.087322112982029E-6,2.315681164877972E-6,1.7498167964968847E-6,1.3808460717522382E-6,1.2041668302525372E-6,1.2170471000061657E-6,1.4145496808417961E-6,1.7806184438424863E-6,2.272581827265918E-6,2.8082376538604747E-6,3.2827794561747744E-6,3.6298287423461263E-6,3.874610265130303E-6,4.1153704380952515E-6,4.461132442308255E-6,4.988721824171414E-6,5.728002857163945E-6,6.65581186879846E-6,7.695581068366322E-6,8.73817325644227E-6,9.688686619570963E-6,1.050910706944027E-5,1.121783538498379E-5,1.1844036572149047E-5,1.2366688265881154E-5
61.32207999999999,3.348794837007576E-5,3.2162371156548897E-5,3.1679060162037745E-5,3.2237919390090904E-5,3.3546164810901865E-5,3.479530122807493E-5,3.4828080770721186E-5,3.2949229696766225E-5,2.9676506668675987E-5,2.62289404220823E-5,2.3540321075468704E-5,2.201417009439941E-5,2.1784614936821817E-5,2.2959322106426175E-5,2.5671479448022403E-5,2.9781668952297627E-5,3.390747364036716E-5,3.470317804672329E-5,3.0196391494266384E-5,2.3309086271653866E-5,1.7433637236538003E-5,1.3433186945952303E-5,1.0956251018148136E-5,9.542432207833704E-6,8.889306890783984E-6,8.850766000333228E-6,9.405526764609282E-6,1.064408404104896E-5,1.27696439713159E-5,1.607357493125301E-5,2.0767448193559654E-5,2.6484560929171082E-5,3.1714442815434794E-5,3.459039718309832E-5,3.493165031802672E-5,3.419852263345401E-5,3.3734374870766955E-5,3.4017015091040806E-5,3.4736757681216746E-5,3.497864747027007E-5,3.375243618758819E-5,3.093860202598523E-5,2.749708714988434E-5,2.4563695752253738E-5,2.2800291309922702E-5,2.2496409438043673E-5,2.386407706188734E-5,2.7101621424695055E-5,3.17583211819068E-5,3.4839576046111124E-5,3.154953982427375E-5,2.34417042839246E-5,1.616230325534639E-5,1.1461561927076048E-5,8.736522360728786E-6,7.302771111836305E-6,7.052020657392643E-6,9.963809758851223E-6,1.2933783812510203E-5,9.882346285570512E-6,8.813051229876053E-6,8.618788512541995E-6,8.808286411032048E-6,9.359605820558664E-6,5.508723717430465E-6,1.5292197782507283E-5,1.0806447571003826E-6,2.344667698408067E-6,1.6196967559365254E-7,3.577042550738443E-6,1.3161453471336109E-5,1.1623951064293092E-5,7.820199338925173E-6,9.6029477397256E-6,1.224378381267781E-5,1.0164437071102322E-5,6.888026135875766E-6,1.42318972627875E-6,4.7088716600363673E-7,1.5086910482290765E-7,1.0644586604507949E-6,2.7150912301802124E-6,5.1512068768528934E-6,8.378612194771E-6,1.1606456863443188E-5,1.4060399602951072E-5,1.637015062401403E-5,1.8109397124233653E-5,1.6936640436289557E-5,1.315282620731681E-5,9.535128361741576E-6,7.02398361331494E-6,5.22835211843521E-6,3.711348969828378E-6,2.351537190721075E-6,1.2375092164346772E-6,4.869740696827939E-7,1.7532617270435489E-7,3.390215565260442E-7,9.889028337310252E-7,2.115620180640035E-6,3.6955159732524313E-6,5.69377117070868E-6,8.030462054876712E-6,1.0489107673884068E-5,1.2678278117400112E-5,1.4258862514287217E-5,1.5269488335834785E-5,1.606231961510154E-5,1.695591848472452E-5,1.7990411933437392E-5,1.8841696257535277E-5,1.896956030023638E-5,1.8104264511720813E-5,1.6575127331866205E-5,1.4969085113380006E-5,1.365785756382296E-5,1.2699867458429068E-5,1.1944312819956468E-5,1.1144701962263902E-5,1.0084206511104799E-5,8.708430573317098E-6,7.15368178200355E-6,5.629920740436845E-6,4.294800903357659E-6,3.220660641126899E-6,2.4218509491746716E-6,1.886550310249683E-6,1.594822748796719E-6,1.5263212230733032E-6,1.6636868021271088E-6,1.9949837382025794E-6,2.5158330666753373E-6,3.2293894004073843E-6,4.138927149680982E-6,5.2240461519869455E-6,6.3954421717712646E-6,7.457099885230102E-6,8.163202407057384E-6,8.400349294808427E-6,8.300070651439341E-6,8.124547780576657E-6,8.096545778149718E-6,8.340915510567314E-6,8.898572631128679E-6,9.736718725613072E-6,1.0741621845242358E-5,1.1732644594169705E-5,1.2536306535306813E-5,1.307876803582503E-5,1.339638570277865E-5
61.91743999999999,3.356291075679186E-5,3.173307185740302E-5,3.042376884914748E-5,3.019070165212085E-5,3.1074381646400464E-5,3.270991332044991E-5,3.4237981930712296E-5,3.446707660402342E-5,3.273065817561089E-5,2.9613193631861636E-5,2.635654129248159E-5,2.3880290811054886E-5,2.2582248904392206E-5,2.2607521457243022E-5,2.4070136929138948E-5,2.704480304086931E-5,3.1118596971041416E-5,3.4328655021938694E-5,3.3318524699561586E-5,2.7634715305266326E-5,2.086609164944458E-5,1.558487629266209E-5,1.2101923763507596E-5,9.971250067659815E-6,8.771427305809239E-6,8.245144608013501E-6,8.276501834176873E-6,8.862808183871797E-6,1.0108120711763334E-5,1.2232362803276153E-5,1.5558441281119673E-5,2.0351260384872168E-5,2.627112637667583E-5,3.166066770239129E-5,3.437784034995335E-5,3.4256887874183394E-5,3.3029102206781706E-5,3.221607560124253E-5,3.239147007502427E-5,3.3386461340816435E-5,3.442367194029327E-5,3.436300363220571E-5,3.2549895836853384E-5,2.9548673641031444E-5,2.6586212783809133E-5,2.4596626465070137E-5,2.403961946799701E-5,2.5166136572576713E-5,2.810532571797693E-5,3.2209395690679816E-5,3.431976450193346E-5,3.0182349983916333E-5,2.1979223010856896E-5,1.4946160763873773E-5,1.0447254853643756E-5,7.827791627004234E-6,6.5454709219359665E-6,7.520193289382689E-6,1.021065957724229E-5,8.53668008679066E-6,7.696038103663856E-6,7.550551020199762E-6,7.856118381509418E-6,8.642478869854358E-6,6.615966080705598E-7,1.742649104829534E-5,1.4031447188619722E-6,6.966740717643335E-7,3.2078105604318376E-7,8.136740357087016E-6,1.6762511898658187E-5,1.1635326908403628E-5,7.16904755289692E-6,8.019870811227091E-6,7.79115924787344E-6,5.325527995432955E-6,2.678025921672476E-6,1.288399048609433E-7,3.384702089667363E-7,1.4900069898786425E-6,3.064385887251492E-6,5.121568320136913E-6,8.080598089948128E-6,1.202078418776642E-5,1.5394436784837928E-5,1.6851724771255407E-5,1.7743690608405826E-5,1.8463442603342153E-5,1.72897114828545E-5,1.3564376521547674E-5,9.436045423785854E-6,6.344803526439784E-6,4.1726414367802804E-6,2.5493678734118574E-6,1.341684919882274E-6,5.623362333651451E-7,2.4157124737239553E-7,3.8594162986590755E-7,9.73333755395566E-7,1.949717181290715E-6,3.2365523090132046E-6,4.77150962408263E-6,6.569929055088005E-6,8.740191883836236E-6,1.1378195709729437E-5,1.4301505134806302E-5,1.6814720915406705E-5,1.8133599708476463E-5,1.8270206032485106E-5,1.7917229343042212E-5,1.7641514763690027E-5,1.7567466995624506E-5,1.7468279339077832E-5,1.6976695682726414E-5,1.588382918625466E-5,1.4333272954195333E-5,1.2672605613774222E-5,1.1162755862816731E-5,9.864977329854936E-6,8.70138747212699E-6,7.558921653481786E-6,6.374017156543598E-6,5.17077643608815E-6,4.038382564348961E-6,3.075119044617381E-6,2.3474468074705245E-6,1.8815849994943647E-6,1.6734173943578769E-6,1.7008132979124973E-6,1.9327885503270662E-6,2.336255636454597E-6,2.8822975240324293E-6,3.552822843932837E-6,4.3467802614542755E-6,5.283340993673378E-6,6.397125831362667E-6,7.716091215601145E-6,9.207379532624165E-6,1.0690430953790451E-5,1.179833567190963E-5,1.2161307827046303E-5,1.1750338239671949E-5,1.0921370164844205E-5,1.0096406267846499E-5,9.536733365889854E-6,9.346945964370245E-6,9.545685324310087E-6,1.0098975176950852E-5,1.090835110400717E-5,1.1792807637536987E-5,1.2529208175291805E-5
62.51279999999999,3.375794911008669E-5,3.1786676738580854E-5,2.9722419607512315E-5,2.8561885491323244E-5,2.8613813199064946E-5,2.981804924782172E-5,3.1779937945281056E-5,3.361742638598442E-5,3.4107723475394736E-5,3.2579507928136116E-5,2.9646199442914187E-5,2.6569728634421884E-5,2.4274219972023874E-5,2.3164871213404188E-5,2.339781569300459E-5,2.5079826764904176E-5,2.819497529599838E-5,3.2024326696185326E-5,3.4163665502315803E-5,3.1664495144094725E-5,2.5373581776139873E-5,1.8924411078662264E-5,1.4163136971059828E-5,1.1080429972177235E-5,9.207390811523383E-6,8.163746657781345E-6,7.72771095674982E-6,7.805667456317183E-6,8.408308828027279E-6,9.649789652583041E-6,1.1764241810131837E-5,1.510475011293511E-5,1.9991103810202427E-5,2.6111662739114243E-5,3.163514090673234E-5,3.4099902120360814E-5,3.339429602978535E-5,3.157835965206553E-5,3.0334226431420588E-5,3.0281499290729868E-5,3.136374292233859E-5,3.300650911771306E-5,3.41175007010138E-5,3.360114040432174E-5,3.1397877723355E-5,2.8597153981330305E-5,2.6402258258719087E-5,2.5519690728560073E-5,2.628687984180171E-5,2.879558501589239E-5,3.230270018544975E-5,3.3709587175742766E-5,2.9174935953839133E-5,2.0975039394675454E-5,1.402096019152527E-5,9.532801036771912E-6,6.910778424271776E-6,6.351942561205757E-6,8.226948447924415E-6,7.483702051599701E-6,6.8313454598233135E-6,6.686410639406066E-6,7.0390548707332E-6,7.837974377972024E-6,4.4393289183306845E-8,3.2731207864530863E-6,9.825748719415543E-7,1.859767414481737E-8,1.4102898214570894E-6,1.1406719380708195E-5,1.8262486557953364E-5,1.0325509211368682E-5,6.217195909805973E-6,5.8235475691071695E-6,4.170186558618156E-6,1.9687383369834155E-6,3.9537731520520796E-7,4.274123807531779E-8,2.0793596068085677E-6,3.99728484985853E-6,5.503504176623588E-6,7.397228527804007E-6,1.0440737715359197E-5,1.4925816393662161E-5,1.865107108921745E-5,1.914719384176272E-5,1.836349008134095E-5,1.7668628576643658E-5,1.6205086281240133E-5,1.2954524268162898E-5,8.875842121907117E-6,5.512018288334098E-6,3.170189327065334E-6,1.6062461221020956E-6,6.550270394204903E-7,2.512992297574091E-7,3.547994962224859E-7,9.150666811188042E-7,1.8499482690111823E-6,3.0310916161593127E-6,4.3036367574301835E-6,5.563133132894625E-6,6.841922882259808E-6,8.314139192665215E-6,1.0210826098664758E-5,1.2660743839571507E-5,1.5395483474620538E-5,1.7520185409448894E-5,1.812068421709968E-5,1.7313128762198032E-5,1.5928666345001462E-5,1.4561122184203901E-5,1.3365449229027045E-5,1.2273789526637564E-5,1.1180105305689825E-5,1.0031295534665194E-5,8.846985550879135E-6,7.68456298464392E-6,6.586266558816795E-6,5.555980468606086E-6,4.578705550400516E-6,3.6542767430735054E-6,2.8138457665744762E-6,2.1112545262866372E-6,1.6017135106762342E-6,1.3240648951155092E-6,1.2936765958261192E-6,1.5032053508523036E-6,1.926018273712111E-6,2.519884496362061E-6,3.2318852842614506E-6,4.006817336116035E-6,4.799794932191576E-6,5.5899642669344514E-6,6.3894072935686245E-6,7.242633069028222E-6,8.215592340439251E-6,9.372312200942769E-6,1.0728884356648577E-5,1.21708342944286E-5,1.3366272763492723E-5,1.3837615265513034E-5,1.3326078566088044E-5,1.2080767579581324E-5,1.0621165870901961E-5,9.34096024144015E-6,8.405234249677303E-6,7.841050806024233E-6,7.627052746132406E-6,7.73111658200675E-6,8.107622479852686E-6
63.10816,3.372675465056174E-5,3.2204654079468076E-5,2.9623866017771496E-5,2.754638616785897E-5,2.6614285918109182E-5,2.6953750200676677E-5,2.8456671398623722E-5,3.0734666066879095E-5,3.290959212887901E-5,3.372806246722029E-5,3.24745481413327E-5,2.9751555119576297E-5,2.6840519531557668E-5,2.4689293414876455E-5,2.372217218126927E-5,2.4105168541630997E-5,2.5925816985145605E-5,2.9059720956307367E-5,3.2503090814805204E-5,3.3611210020347515E-5,3.0047672406586637E-5,2.3537413607112927E-5,1.7452205773298752E-5,1.3105675181815558E-5,1.0318763023575401E-5,8.630790058442198E-6,7.697086996654537E-6,7.322352030584686E-6,7.4288236759102635E-6,8.036526415268414E-6,9.267044494235027E-6,1.136671520549453E-5,1.4717499882737175E-5,1.969472984671214E-5,2.6012809762815017E-5,3.163187664603091E-5,3.372889888389491E-5,3.231568192877172E-5,2.9845343073890348E-5,2.81242004542289E-5,2.7753056175899368E-5,2.8733504804747256E-5,3.0702075563775186E-5,3.2795394923246456E-5,3.373430363015989E-5,3.274623581625937E-5,3.043413755681424E-5,2.8141982262270657E-5,2.689665009991416E-5,2.7204894421554567E-5,2.9185265690576212E-5,3.212385468141044E-5,3.316189140587419E-5,2.8631616068880634E-5,2.039941675033827E-5,1.3197357119332652E-5,8.384535803421699E-6,6.070004181003782E-6,6.9643680489506165E-6,6.766053286509861E-6,6.255180169268065E-6,6.078339321799154E-6,6.4285868265202E-6,6.332299909041007E-6,1.2620753662567768E-5,6.933818007194765E-7,2.6466434856568443E-7,2.358449812203432E-7,3.5146094474217744E-6,1.2795131925752964E-5,1.7554499315574688E-5,8.422594679754237E-6,5.030561043660938E-6,3.662956527710797E-6,1.7777807999085253E-6,3.404609225247589E-7,1.764014130715699E-7,7.896894629184615E-8,4.7980969925881246E-6,6.689136901495103E-6,7.421688534621805E-6,8.541539711474595E-6,1.0911305662447074E-5,1.4961070618401022E-5,1.8789478465769E-5,1.9137030775127658E-5,1.731251096116054E-5,1.5405900775949317E-5,1.3450348320165895E-5,1.0711430679134489E-5,7.268555839500664E-6,4.177485727266796E-6,2.023437557796447E-6,7.513783772392459E-7,1.9846137882775057E-7,2.506449490071082E-7,8.228045565846701E-7,1.8206321653103373E-6,3.103019020515203E-6,4.4611047739272036E-6,5.65945551131402E-6,6.56620619682739E-6,7.259579138546963E-6,7.969750971240718E-6,8.94287724672483E-6,1.0349658352967555E-5,1.217766188697872E-5,1.4033966394372403E-5,1.5120152128350127E-5,1.4849197907863264E-5,1.3460412412357015E-5,1.1608804898965524E-5,9.742570125291762E-6,8.02505760188595E-6,6.489165328603769E-6,5.142543362687859E-6,3.999022143204163E-6,3.071625713912032E-6,2.352517594691835E-6,1.7994681340007915E-6,1.3491556760487487E-6,9.578318770386474E-7,6.321792753625097E-7,4.190005381413632E-7,3.719982528325022E-7,5.286112780754038E-7,9.047672024534512E-7,1.4982133403223625E-6,2.291365648729408E-6,3.2498021164013355E-6,4.317280404416679E-6,5.413342179611536E-6,6.4437265161437575E-6,7.3291954749459185E-6,8.040709380566472E-6,8.615341880025278E-6,9.140699101223672E-6,9.721495948752503E-6,1.0445848599450042E-5,1.1349877685722265E-5,1.236433215881981E-5,1.3247527862858457E-5,1.3595052531821855E-5,1.3072975041026442E-5,1.174505277134058E-5,1.0042330478136317E-5,8.399732353920382E-6,7.0404629125665785E-6,6.011179078862618E-6,5.2810124308635835E-6,4.804054385272567E-6
63.70352,3.302405387676775E-5,3.2712528826869124E-5,3.007838820674935E-5,2.72146226031996E-5,2.5282168975707134E-5,2.461198618110396E-5,2.52164374663167E-5,2.6980963622780683E-5,2.955340038926209E-5,3.2086612284601036E-5,3.329944174802822E-5,3.23898351158215E-5,2.9904559425798553E-5,2.7142659602600626E-5,2.509526756998982E-5,2.421760700460026E-5,2.4685268154330682E-5,2.6560054681278528E-5,2.9612554462372195E-5,3.262305335476051E-5,3.289212861484367E-5,2.867620341681519E-5,2.2167620931633984E-5,1.6406160033313738E-5,1.2363477540216477E-5,9.781350642908135E-6,8.217960002802907E-6,7.3561259893600906E-6,7.019066570784706E-6,7.139637992238819E-6,7.74399768939015E-6,8.959097040687311E-6,1.1041900916964955E-5,1.4402015352820722E-5,1.946998653691665E-5,2.5980285706800715E-5,3.1640721503905404E-5,3.3234208082886277E-5,3.100389618046241E-5,2.7855871618976678E-5,2.566073257177879E-5,2.4930357844607797E-5,2.5660501601226485E-5,2.7652093652573427E-5,3.0360593688524517E-5,3.265161244064767E-5,3.322345603271753E-5,3.1858917964128395E-5,2.971352443649615E-5,2.8138777685999596E-5,2.7925910137092927E-5,2.9320978400425294E-5,3.177572430630392E-5,3.2827227880705045E-5,2.868325056548836E-5,2.0097680394831104E-5,1.178799161803882E-5,6.623461500328295E-6,6.3036039192882026E-6,6.373249906860702E-6,5.96160461838341E-6,5.7308793410141725E-6,6.046441567196327E-6,2.4182848838499282E-6,1.258701351186331E-5,5.304714335481425E-7,7.296517772111258E-9,9.67666533593757E-7,6.943971021584416E-6,1.3079209734968015E-5,1.521773094184013E-5,6.51617565848005E-6,3.696178171504786E-6,1.9410662407945727E-6,4.840354481216187E-7,1.66166237914893E-8,1.1936715730109204E-6,2.0817194585717545E-8,7.578957370003364E-6,8.916390456965526E-6,8.473549379430425E-6,8.49635874843056E-6,9.677851133697205E-6,1.2161009513268883E-5,1.4692594309822898E-5,1.4988738960787519E-5,1.3269939472655093E-5,1.1128955493506662E-5,9.116824590229112E-6,6.978305337061683E-6,4.550491091312623E-6,2.315370753118027E-6,8.010705644300772E-7,1.0030983334370911E-7,1.0832469854531919E-7,7.153554763135592E-7,1.8244094094522891E-6,3.3146690677850364E-6,4.9968708709843725E-6,6.579671661427947E-6,7.718660633665209E-6,8.234331403501305E-6,8.291611698241693E-6,8.243866731072158E-6,8.376707928125998E-6,8.830512558225935E-6,9.608156440316346E-6,1.0536615068416689E-5,1.1221057145592708E-5,1.1195293623467273E-5,1.0291352022245692E-5,8.764664231796303E-6,7.007637468105494E-6,5.2979894577969285E-6,3.7743591791291684E-6,2.4967344092749367E-6,1.490285493167974E-6,7.615611476282719E-7,2.994615484081113E-7,7.09228804839711E-8,1.9530310188382046E-8,7.70667868516717E-8,1.9274752487597508E-7,3.6231324801394835E-7,6.245825387974729E-7,1.0261785765833177E-6,1.5930353490294423E-6,2.3290121767833617E-6,3.2281307240405527E-6,4.282577268617885E-6,5.478579800666296E-6,6.77921577319903E-6,8.100567584784452E-6,9.30279300618622E-6,1.0228393011859643E-5,1.0787217557196512E-5,1.1018939570375223E-5,1.1067540225421439E-5,1.1099311577229456E-5,1.1237071287810525E-5,1.1530067621278106E-5,1.1934121203499588E-5,1.2286329604794317E-5,1.231034757595916E-5,1.1735408824533063E-5,1.0514555167412343E-5,8.901461256525986E-6,7.253705238109304E-6,5.811778804493256E-6,4.656251015439026E-6,3.7721162515767024E-6
64.29888,3.128315584573959E-5,3.285733713839163E-5,3.0909596164821534E-5,2.7560994110124854E-5,2.4687381886665956E-5,2.2993591291912312E-5,2.2582820244457623E-5,2.341136110789397E-5,2.5387281953613268E-5,2.8218717880482246E-5,3.111833804993357E-5,3.278714668446931E-5,3.229538460581058E-5,3.0081041395142396E-5,2.745346620862131E-5,2.5467008399914623E-5,2.462149847005971E-5,2.5104587546615323E-5,2.695379536093133E-5,2.9859775576173803E-5,3.248303375356305E-5,3.219187576104006E-5,2.7669537710527538E-5,2.1267578035416737E-5,1.5749849105241787E-5,1.1903524787398793E-5,9.445623743189464E-6,7.954373906143864E-6,7.131540358317082E-6,6.811883988297429E-6,6.934476158442366E-6,7.5289827194982E-6,8.72608074362201E-6,1.0792098460888852E-5,1.4163066819749672E-5,1.9323290915544144E-5,2.601657006470158E-5,3.16453950664441E-5,3.258531451121399E-5,2.945997410126045E-5,2.5664834415701465E-5,2.3049720274837626E-5,2.1973749439741312E-5,2.237232830683129E-5,2.413708770538592E-5,2.7017954124558108E-5,3.0263107777321825E-5,3.247392293571458E-5,3.255251023250511E-5,3.096901570201676E-5,2.9215536853536263E-5,2.848005378470436E-5,2.9280143992362353E-5,3.139442608914222E-5,3.295271921577337E-5,2.9547845933002958E-5,1.8899382826512495E-5,8.343466606799802E-6,6.151946106836429E-6,6.274545547199794E-6,5.925394038439496E-6,5.623053550268468E-6,5.872243236358097E-6,1.2291215010762617E-7,1.3347561189580003E-5,1.593991225778121E-7,3.175836896656426E-7,1.954320799351569E-6,1.0487517552503314E-5,1.2929984346821594E-5,1.217689161249498E-5,4.852612661749307E-6,2.39065841459351E-6,7.870576549374879E-7,2.064394884606141E-8,4.989111074064255E-7,2.5999747080687395E-6,1.8468245105637713E-8,1.001670438493153E-5,1.066824039160927E-5,8.966852252300987E-6,7.905250056398559E-6,7.94810899525533E-6,8.798387557667412E-6,9.49597666964859E-6,8.994897436918028E-6,7.450764840339333E-6,5.682379057622214E-6,4.154854647232939E-6,2.8834803262928265E-6,1.7167078541087888E-6,7.16973588184217E-7,1.5760084470352214E-7,1.9684631477875295E-7,8.377561797289206E-7,2.024017763163722E-6,3.665761366859856E-6,5.629266297002984E-6,7.718455484510014E-6,9.614311993698312E-6,1.083644772259715E-5,1.102070502530919E-5,1.0364133165910335E-5,9.450177581671474E-6,8.718665370357773E-6,8.32018846914573E-6,8.223084202132558E-6,8.28973904594703E-6,8.300304753951445E-6,8.010122206516758E-6,7.278106422080901E-6,6.1577488541562275E-6,4.8410119896714135E-6,3.533742579348145E-6,2.3858402416337503E-6,1.4860539437455232E-6,8.782870645830918E-7,5.744041376086389E-7,5.5968571568591E-7,7.950773380330061E-7,1.2218524852741854E-6,1.77215009845381E-6,2.3832368067228946E-6,3.008408606472529E-6,3.6191732887939173E-6,4.201143509827574E-6,4.751905274315947E-6,5.28466272532743E-6,5.8309695537248134E-6,6.436295040822226E-6,7.151190332772382E-6,8.020779456717965E-6,9.067995275008269E-6,1.026330614472559E-5,1.1485490534749131E-5,1.2512595724712959E-5,1.310664388928493E-5,1.3172984024498924E-5,1.2832706614766247E-5,1.2320620813374285E-5,1.1837505933791474E-5,1.1481401953445389E-5,1.124589365522208E-5,1.1034583265587197E-5,1.0682652289153171E-5,1.001590556709883E-5,8.958708313098886E-6,7.6106839498220065E-6,6.1899792592560134E-6,4.895064909663602E-6,3.825784767330076E-6
64.89424,2.8463503726125676E-5,3.209489408563693E-5,3.174936552462669E-5,2.849753855413807E-5,2.484075041541047E-5,2.2149218293449832E-5,2.073285558817614E-5,2.0553914562734356E-5,2.15535954427537E-5,2.368000213277479E-5,2.6719459777790228E-5,2.9974888110626457E-5,3.215130405078444E-5,3.215725077781387E-5,3.0258050991727216E-5,2.775541339004657E-5,2.578680358286279E-5,2.491391907621683E-5,2.534313630694652E-5,2.709702990342405E-5,2.982681220704241E-5,3.2174583011134535E-5,3.163247611895952E-5,2.708466840758901E-5,2.0830707098788293E-5,1.546198708534918E-5,1.1709166504548763E-5,9.301054571732192E-6,7.833667672185376E-6,7.019499254393425E-6,6.698551711652146E-6,6.812184768826266E-6,7.391258672186669E-6,8.568758687950033E-6,1.0619253519692316E-5,1.4003808146970508E-5,1.925763564418434E-5,2.6117992513577002E-5,3.162251733965728E-5,3.1758384232358275E-5,2.7710629998260137E-5,2.3353869615579533E-5,2.0413511023185467E-5,1.9049810739170965E-5,1.910542450985396E-5,2.049450053870179E-5,2.316362205261509E-5,2.6789214786201954E-5,3.032081973314147E-5,3.21620672160438E-5,3.169837631705805E-5,3.008677089912962E-5,2.8921280319525462E-5,2.91816638153366E-5,3.121748558820545E-5,3.414929033432247E-5,3.059735023649474E-5,1.222834756163616E-5,6.480590057760996E-6,6.428763792838055E-6,6.10544579815827E-6,5.71578574558816E-6,5.821152208362553E-6,4.5610855834394216E-7,2.535972200756646E-6,2.304705713497049E-8,1.0424313551832885E-6,3.4202585935946524E-6,1.3160934096909955E-5,1.2672653601881139E-5,9.227937753003413E-6,3.4411243016026228E-6,1.2931509775756865E-6,1.7017134016050788E-7,1.466824021742771E-7,1.4311480368470132E-6,3.87935957695593E-6,1.8405236498598212E-7,1.1954910020774745E-5,1.2107714502148449E-5,9.276708632719877E-6,7.275483442939683E-6,6.458615729140347E-6,6.200525911353867E-6,5.718285736354243E-6,4.618240653574776E-6,3.168274626754362E-6,1.8334436362024066E-6,9.110836360227242E-7,5.031383281043355E-7,5.254767925041722E-7,7.733406572674292E-7,1.1799007728860987E-6,1.8899051899035158E-6,3.049635359711258E-6,4.6773073420852825E-6,6.6581119140378485E-6,8.814924255991522E-6,1.1000843872667036E-5,1.3052696211288457E-5,1.4555610987033376E-5,1.4845032710905239E-5,1.3725384491893588E-5,1.188561036373275E-5,1.0131127308339796E-5,8.797640172470253E-6,7.867153912802619E-6,7.190011159301137E-6,6.591046779594572E-6,5.922234604947931E-6,5.10915352481213E-6,4.173544680068095E-6,3.2084556479165096E-6,2.328208503227839E-6,1.6312305106490471E-6,1.1865544878411573E-6,1.0331964229173706E-6,1.1809855615154287E-6,1.6086105369119113E-6,2.2619470904258863E-6,3.061490300687415E-6,3.926055276760249E-6,4.805270082934195E-6,5.698671533546573E-6,6.644822865510269E-6,7.680206082117975E-6,8.774840493884748E-6,9.773689472487617E-6,1.0435182320584952E-5,1.0623396980183497E-5,1.045592761956288E-5,1.0200250667236202E-5,1.0088265332216414E-5,1.0249287420270065E-5,1.072530585666622E-5,1.1479741626457765E-5,1.2374301557051743E-5,1.3154339419125645E-5,1.3528161855400178E-5,1.334931618219157E-5,1.2720317556218417E-5,1.18836374897453E-5,1.1045551457198819E-5,1.0298854820892768E-5,9.635292945845025E-6,8.983911662020657E-6,8.252605195233352E-6,7.376485045308795E-6,6.362183335148206E-6,5.293190946247667E-6,4.282879108804525E-6
65.4896,2.4935245567721046E-5,3.006354250320049E-5,3.2010246134058475E-5,2.9785165782292242E-5,2.5713522999664853E-5,2.2083001715835595E-5,1.968310549125282E-5,1.8542610002831697E-5,1.8552944412257973E-5,1.9664698150946766E-5,2.187330340954194E-5,2.5054085620052312E-5,2.863036749793903E-5,3.134833462508358E-5,3.193688203320949E-5,3.0413601451674755E-5,2.8037030790963203E-5,2.6045932095791097E-5,2.5086275474557035E-5,2.5394717936033944E-5,2.6993658939073537E-5,2.954093250277322E-5,3.175300408539582E-5,3.1264932222746335E-5,2.6937213082001154E-5,2.08546314376073E-5,1.554009295908039E-5,1.1780516404363264E-5,9.349050677729536E-6,7.857562762330468E-6,7.021641112527199E-6,6.680523888087799E-6,6.774050480104361E-6,7.332001823217884E-6,8.488246482033769E-6,1.0524352161595219E-5,1.392449819831039E-5,1.9270145444360362E-5,2.6271627702846593E-5,3.154314926840371E-5,3.074650111735524E-5,2.581308100566422E-5,2.102316921620085E-5,1.7872876419777952E-5,1.630329298871512E-5,1.6056649974564595E-5,1.7026111343526676E-5,1.9247420049932954E-5,2.2714121386644232E-5,2.6928188596839528E-5,3.044007509461426E-5,3.164608073294774E-5,3.070277831588314E-5,2.9343909319869043E-5,2.922697707934244E-5,3.177509896780873E-5,3.7792376440316324E-5,2.0295400637716136E-5,7.313849673044173E-6,6.7714073608714915E-6,6.429621444914776E-6,5.943257663294058E-6,5.521680972733341E-6,1.6922163917975833E-5,3.7129778791767826E-7,5.134469908175511E-7,1.8901965999385879E-6,5.825345999226362E-6,1.5125132686040655E-5,1.2358047057146312E-5,6.763644138464467E-6,2.231634947221748E-6,5.07039464506426E-7,1.2844451355712847E-8,7.070766300256943E-7,2.63150222431121E-6,4.841156725966124E-6,4.178001998826735E-7,1.3325971934886078E-5,1.326279127471117E-5,9.591454315367431E-6,6.798683397810587E-6,5.358340031511912E-6,4.451085395812281E-6,3.4464504327208794E-6,2.2405030623771637E-6,1.0959722639201525E-6,2.9907378382781965E-7,3.290937022982654E-8,3.791645206573275E-7,1.2637201190669106E-6,2.4140557051928673E-6,3.601585750255849E-6,4.909400258048916E-6,6.565900977989643E-6,8.622775607432786E-6,1.081331909654043E-5,1.274980462212534E-5,1.4310549020556165E-5,1.5665896113164185E-5,1.687494354931906E-5,1.7525452567197303E-5,1.6929040051268068E-5,1.4990548855678133E-5,1.2480880367642133E-5,1.0173950156388341E-5,8.336359175776697E-6,6.90407144458816E-6,5.7270453443097605E-6,4.683921710980823E-6,3.7180565643793907E-6,2.8353042622834687E-6,2.080543005185591E-6,1.5103076097403355E-6,1.1747423477517785E-6,1.110494258984885E-6,1.3389915458003525E-6,1.8637570136283973E-6,2.6620418855756155E-6,3.6704390904524085E-6,4.775888942020363E-6,5.8371877006539785E-6,6.747239942578784E-6,7.493730450478423E-6,8.161660251699612E-6,8.883799233371477E-6,9.783862038052673E-6,1.0922188367526982E-5,1.2216129900024627E-5,1.3347844067370509E-5,1.3828307248115063E-5,1.3384854041862032E-5,1.2274675732064463E-5,1.1023190901310489E-5,1.0013387020854064E-5,9.397515990966387E-6,9.191208994860247E-6,9.34651594283958E-6,9.762169187036442E-6,1.0262316888970001E-5,1.0606570337871996E-5,1.0588398398024519E-5,1.016413271996803E-5,9.4604640629092E-6,8.653571354712291E-6,7.864503162397668E-6,7.137493393078735E-6,6.46452928710213E-6,5.8166974109640195E-6,5.169846098964865E-6,4.521402123211906E-6
66.08496,2.1268837192817513E-5,2.688404573444071E-5,3.1052492699821426E-5,3.0928084384156054E-5,2.7189640086370104E-5,2.279368437484272E-5,1.9415365248450814E-5,1.734926005808606E-5,1.6457511076421586E-5,1.6608160646751175E-5,1.7772362560660824E-5,1.9991934910333448E-5,2.3233876126604303E-5,2.706779713178029E-5,3.033356253795919E-5,3.15898902498146E-5,3.0525087687915736E-5,2.829270781293685E-5,2.6245156757946772E-5,2.5141451960105177E-5,2.526533804371559E-5,2.6655571530567933E-5,2.9018170283880718E-5,3.1222491345539925E-5,3.106787431612565E-5,2.720810561803093E-5,2.134471576993781E-5,1.6002166259887646E-5,1.2135730616234718E-5,9.603980382485042E-6,8.03662155201301E-6,7.145587729191332E-6,6.763275590478733E-6,6.823939405672686E-6,7.353744603051318E-6,8.48572341467938E-6,1.0506713611880852E-5,1.3921003155269944E-5,1.9349336999818724E-5,2.645280182085871E-5,3.137838866576267E-5,2.9571400352580042E-5,2.385364663652666E-5,1.8778282130233396E-5,1.5530304823550663E-5,1.38386573041808E-5,1.3356354971393634E-5,1.3938323829801324E-5,1.5633342432372698E-5,1.859536964064241E-5,2.2804527738511305E-5,2.744222805294597E-5,3.061108242379725E-5,3.105287326203345E-5,2.9949033008560506E-5,2.979230697317988E-5,3.443284335050269E-5,3.233124056420059E-5,8.661619129958868E-6,7.1918426157913876E-6,6.778243519590932E-6,6.205084825246736E-6,3.1995073599176303E-6,1.3590400366542964E-5,1.5562785028166885E-7,1.5769137008501E-6,2.608109327186432E-6,8.857332375682829E-6,1.6406237224996616E-5,1.179899404240273E-5,4.790216300751849E-6,1.2098249150091144E-6,7.426510002528166E-8,2.650796969323134E-7,1.6535933023074765E-6,4.0735263967040196E-6,5.5102341037418805E-6,5.886015644072828E-7,1.4175284770621103E-5,1.401435307080941E-5,9.91340534176798E-6,6.480963532047351E-6,4.567345978284943E-6,3.286320891385585E-6,2.116589188639092E-6,1.0551174872363714E-6,2.983059391805244E-7,1.3950051739840743E-8,2.958268014530822E-7,1.1474465678361332E-6,2.4142440856835758E-6,3.800222696736696E-6,5.142473913747417E-6,6.613134812895555E-6,8.555545777134751E-6,1.1165520556807773E-5,1.409053412069453E-5,1.6325789901781744E-5,1.7188349289291957E-5,1.7102119824893643E-5,1.6806237208915425E-5,1.657779276604763E-5,1.620143602333935E-5,1.5246867715877628E-5,1.3503972562596402E-5,1.1245288392475682E-5,8.950886474269662E-6,6.9227002426439835E-6,5.233244996711161E-6,3.852183477670273E-6,2.7412086646438096E-6,1.8844189033795686E-6,1.2843883041795683E-6,9.501490418975097E-7,8.890148038537705E-7,1.1040489250629405E-6,1.5948690296132573E-6,2.3583583529778354E-6,3.384265130018648E-6,4.638403755756018E-6,6.030016865991959E-6,7.384313986581716E-6,8.478635622886809E-6,9.168186169689371E-6,9.490891843940187E-6,9.628112254586064E-6,9.784584202813793E-6,1.011176777390916E-5,1.0687718738610885E-5,1.1499734546480906E-5,1.2391966349796894E-5,1.3011076832820364E-5,1.2907260687770998E-5,1.1892407054786442E-5,1.0275140883803305E-5,8.579828504800876E-6,7.162019619071268E-6,6.1391627100248325E-6,5.4982958335380954E-6,5.185411642578553E-6,5.13755943586838E-6,5.278512623655115E-6,5.503041267388946E-6,5.679647291575073E-6,5.695585290073128E-6,5.517441245049023E-6,5.199687801122543E-6,4.832120137486682E-6,4.486410043830631E-6,4.197495963028933E-6,3.968657615612577E-6
66.68032,1.793558622874595E-5,2.3132677281793062E-5,2.859955361975604E-5,3.11662016978832E-5,2.894075745422252E-5,2.4254121272353933E-5,1.993163016528356E-5,1.6925167259015372E-5,1.5188256217515436E-5,1.4505078484510365E-5,1.474739811122477E-5,1.59088399079541E-5,1.807053854297072E-5,2.1285165603559667E-5,2.5284917074872836E-5,2.9065876264509985E-5,3.10649022944246E-5,3.056615085925986E-5,2.852108188258936E-5,2.6394054090266752E-5,2.5092826284879612E-5,2.49710246922003E-5,2.609889458710141E-5,2.8259605944354512E-5,3.053587981412945E-5,3.094475470871222E-5,2.7832162610745592E-5,2.2306601260594755E-5,1.688642927663137E-5,1.2813408501676593E-5,1.0095594222122004E-5,8.392038395173966E-6,7.406127240624964E-6,6.957017281897542E-6,6.968651038649987E-6,7.460415482260767E-6,8.56212803155386E-6,1.0563194941531288E-5,1.398318959836944E-5,1.9472510541714176E-5,2.6624369238606112E-5,3.110926936320894E-5,2.8291953407769414E-5,2.193853526678003E-5,1.6715478956306204E-5,1.3459002314016989E-5,1.1714254270822373E-5,1.106548771709129E-5,1.1329686381985106E-5,1.2531191582921986E-5,1.4865362601215296E-5,1.859244089862981E-5,2.3619403569946113E-5,2.864747583307291E-5,3.13446900523362E-5,3.120262139147231E-5,3.1393548955163704E-5,3.671406011842043E-5,1.0348537251746461E-5,7.533140341313886E-6,7.003601771437763E-6,6.3976037427272775E-6,4.809937708270022E-7,9.331271844458003E-6,7.528757481161502E-7,2.9281700212755226E-6,3.162967597099256E-6,1.0841673107233195E-5,1.614850706748524E-5,1.0538964329107359E-5,3.1108991557508762E-6,4.274974358121756E-7,3.9086324764111116E-8,9.398469026192927E-7,3.047896583112522E-6,5.864102645163178E-6,6.010761602747284E-6,6.627496513967874E-7,1.4539395537913977E-5,1.4267192029365747E-5,1.010876539453952E-5,6.235812015167401E-6,3.957024388668088E-6,2.4627693721856394E-6,1.3007182801097362E-6,4.713339098607098E-7,8.92894077541462E-8,2.3522514397343978E-7,9.261112435006884E-7,2.0676853283143143E-6,3.38840848024786E-6,4.550328861814528E-6,5.475820139035355E-6,6.419836278989673E-6,7.748460514556841E-6,9.778959989623404E-6,1.2578272669459462E-5,1.5489318940535807E-5,1.709077174603756E-5,1.6713040131938402E-5,1.518886020572539E-5,1.3500300726863853E-5,1.2048825583653682E-5,1.0857401999468701E-5,9.792845164650407E-6,8.660285077176089E-6,7.308102463632491E-6,5.7555541375040765E-6,4.187943486189243E-6,2.80937692666265E-6,1.7389809970130257E-6,1.0136481826627633E-6,6.262767522687866E-7,5.51904725082019E-7,7.592114098129996E-7,1.216006857008509E-6,1.8940650354944495E-6,2.774509826721217E-6,3.851412492552666E-6,5.1271098832739795E-6,6.588226050848232E-6,8.153388368436765E-6,9.61473132120497E-6,1.0664876962822019E-5,1.108585027888541E-5,1.093644102870262E-5,1.0489548044714264E-5,1.002228990554585E-5,9.701884327785266E-6,9.588842199650267E-6,9.667513685597999E-6,9.854912591839448E-6,9.98865636726767E-6,9.832815750770292E-6,9.167660753033623E-6,7.961200219487125E-6,6.442949303221101E-6,4.944779331915743E-6,3.6936373029936587E-6,2.759954804116949E-6,2.1185015683790895E-6,1.7132066403399415E-6,1.490144547560455E-6,1.407009908210646E-6,1.4316055182529923E-6,1.5365076542402413E-6,1.6945479730169187E-6,1.8797649910216444E-6,2.0750357314685843E-6,2.278901316012478E-6,2.502365123358625E-6
67.27568,1.5174446873117577E-5,1.9469867179882064E-5,2.5034850811963343E-5,2.9803948638057904E-5,3.0277070664217277E-5,2.630859023362559E-5,2.1255384359762024E-5,1.726156168104257E-5,1.466420023077821E-5,1.3224527086475243E-5,1.2706000920099957E-5,1.2996434186389457E-5,1.4108341478550922E-5,1.6151282217856853E-5,1.92496056436417E-5,2.329982033121468E-5,2.751524804533911E-5,3.0303980287263992E-5,3.050212910944819E-5,2.8721780623466436E-5,2.6509259341559146E-5,2.4962631095117906E-5,2.4536073975386154E-5,2.5343955721517122E-5,2.725816180401026E-5,2.9609716353645196E-5,3.0723285707983175E-5,2.8667637672378983E-5,2.3721693633559707E-5,1.824581834508546E-5,1.387547636926745E-5,1.0873081491870525E-5,8.958805513506746E-6,7.827318256508507E-6,7.277966841087642E-6,7.21857706008981E-6,7.657516318833128E-6,8.717894019031865E-6,1.0687430986438245E-5,1.4093549392967545E-5,1.9604102256999134E-5,2.6738761132666294E-5,3.073817445579063E-5,2.7004164482229297E-5,2.017933447204318E-5,1.4910555950728013E-5,1.1699867082080296E-5,9.947336628280137E-6,9.189186997380167E-6,9.212112406722238E-6,1.000570753296505E-5,1.1746235057139444E-5,1.4806144840745072E-5,1.9664039630367957E-5,2.6291622698945938E-5,3.2501844079558886E-5,3.347305977143732E-5,3.217145627774438E-5,1.1841123103227768E-5,7.647367281136724E-6,7.001900783588949E-6,6.507874571299211E-6,4.987495182351405E-7,2.893167121529863E-6,3.0098906432532834E-6,4.03620059775917E-6,3.6279815520213315E-6,1.0367004717040903E-5,1.3195480935028377E-5,7.98100314393719E-6,1.5819002240817258E-6,3.993331404589747E-8,4.95133681875124E-7,2.0948101651882355E-6,5.020309018028105E-6,8.227589155097562E-6,6.487528126219873E-6,6.650760571321183E-7,1.3910717309425812E-5,1.4085728293976977E-5,9.997069837657027E-6,5.923298389546868E-6,3.397184172833512E-6,1.8094942867789514E-6,7.569876086710688E-7,2.0016060852356845E-7,1.7952039232054993E-7,7.130318409187723E-7,1.7541369661183092E-6,3.1125844566926574E-6,4.393974321194254E-6,5.214341334840082E-6,5.5955268270937564E-6,5.879627340290473E-6,6.386849654354762E-6,7.321458249933013E-6,8.77310347159843E-6,1.0581813896518706E-5,1.210719287092225E-5,1.2462991351295395E-5,1.1416607726283695E-5,9.573570733835588E-6,7.620560368589365E-6,5.92663124282723E-6,4.612850799707235E-6,3.662883982350989E-6,2.9659327859135077E-6,2.3556122168540525E-6,1.7052257051870238E-6,1.028403902608613E-6,4.6033408341548346E-7,1.394551783160133E-7,1.2969845394331077E-7,4.221184190737377E-7,9.657148585375583E-7,1.6943266201043752E-6,2.546117943826356E-6,3.4786380696939194E-6,4.478948177565479E-6,5.565538635257437E-6,6.777781307187241E-6,8.146166645321145E-6,9.633863573558025E-6,1.1058419468645377E-5,1.2076699904182661E-5,1.2366981366288822E-5,1.1911477996000621E-5,1.1010608635722978E-5,1.0016640398031711E-5,9.143313138705836E-6,8.459962122276319E-6,7.950715147082481E-6,7.558146802450664E-6,7.202015366098102E-6,6.787473807282741E-6,6.220289756113713E-6,5.442006863524158E-6,4.475337084628934E-6,3.435244431001869E-6,2.4726687157112593E-6,1.694175428401897E-6,1.129109765179214E-6,7.512084928346968E-7,5.142719748046182E-7,3.753857030865389E-7,3.04047041369912E-7,2.8407662417310163E-7,3.136570748525196E-7,4.0532140752824347E-7,5.841747158101352E-7,8.796819656442513E-7
67.87104,1.3033281277898917E-5,1.632324353311372E-5,2.114919009298568E-5,2.6796731625262668E-5,3.0231914020212157E-5,2.8467277881837844E-5,2.3365598612812843E-5,1.8403537250909593E-5,1.4860655516663222E-5,1.265641909621038E-5,1.1469635357901338E-5,1.1074203572537068E-5,1.137715269002473E-5,1.2403854594569122E-5,1.4279932933464782E-5,1.718162558923083E-5,2.1154526218368875E-5,2.5672972953284448E-5,2.924697448095894E-5,3.028498639605927E-5,2.889036525367631E-5,2.6611697360086333E-5,2.4779962054986366E-5,2.3991884027223798E-5,2.441804014193982E-5,2.6012907642651404E-5,2.8355331131483706E-5,3.017331290081184E-5,2.945532754179265E-5,2.5493728529530348E-5,2.0127424038186043E-5,1.540754757636431E-5,1.2010609741394065E-5,9.790718068706556E-6,8.445946197290317E-6,7.750475334493534E-6,7.588858401065254E-6,7.95258429814115E-6,8.952898959226603E-6,1.0869426248756445E-5,1.422673948982097E-5,1.969619600880269E-5,2.674258618774704E-5,3.0295320932769892E-5,2.5830820262525565E-5,1.867921570998907E-5,1.3414677350668776E-5,1.026577872950133E-5,8.5253182713764E-6,7.696587813284345E-6,7.543872040591223E-6,8.024959303900622E-6,9.280034518986198E-6,1.171264882348055E-5,1.6245492945502686E-5,2.4845050572689442E-5,3.700667660888037E-5,3.0088674105888843E-5,1.2526911081656467E-5,7.470585982124208E-6,6.770783244101961E-6,6.695549067835873E-6,3.4966405005363447E-6,2.7012181886850917E-7,6.448959360715102E-6,4.463338553010264E-6,3.930110786455199E-6,7.964214203195888E-6,8.232888007867638E-6,4.284461863959789E-6,4.5548509403552456E-7,3.3359255698015944E-7,1.5397628775892012E-6,3.693303425034369E-6,7.547184149289571E-6,1.1420243095589817E-5,7.067678526132724E-6,6.269623607686033E-7,1.0924970457263583E-5,1.3464298622924388E-5,9.453935664834885E-6,5.38996029421201E-6,2.7727410401904913E-6,1.2191479086172065E-6,3.6792813630035344E-7,1.2966027139416807E-7,4.893309834064646E-7,1.423181343180907E-6,2.8350298730407446E-6,4.45140567539004E-6,5.7463030057255084E-6,6.245601154365876E-6,6.079552631789942E-6,5.751612522963217E-6,5.599806706406818E-6,5.736292183171787E-6,6.150727214672399E-6,6.726982246332957E-6,7.203585867892367E-6,7.225279030213549E-6,6.5744740599534986E-6,5.35595031681825E-6,3.890724539482411E-6,2.496380180390007E-6,1.3830292512567832E-6,6.480007634588818E-7,2.8646030308313324E-7,2.0035186263547286E-7,2.389530116342924E-7,2.853296089737976E-7,3.307152280280772E-7,4.6638799845243537E-7,8.067455409742304E-7,1.4134600127694402E-6,2.2620828397299167E-6,3.252836709549375E-6,4.2554814933235885E-6,5.168152537658274E-6,5.957735455519339E-6,6.661398828872976E-6,7.359514026247493E-6,8.142522887570105E-6,9.079889662010622E-6,1.0180278080096553E-5,1.1331719516119605E-5,1.2255422014580945E-5,1.258878545824156E-5,1.2148077701862058E-5,1.1103274810923616E-5,9.814504943566929E-6,8.56914098265976E-6,7.495984888449034E-6,6.613019476193451E-6,5.889578580029572E-6,5.282375511109867E-6,4.75037816934798E-6,4.259664263643266E-6,3.785425234674907E-6,3.31464256853229E-6,2.84961231654004E-6,2.4083683575239945E-6,2.0167979715849655E-6,1.6946125705869308E-6,1.4462373898527803E-6,1.2630696411076637E-6,1.1317278742776428E-6,1.0406833948135582E-6,9.831655273344228E-7,9.579629296439611E-7,9.70027525812956E-7,1.0319231982378154E-6
68.4664,1.1463124939755368E-5,1.3843206062202432E-5,1.7618811080876862E-5,2.288839734067452E-5,2.81883866114243E-5,2.973651564801042E-5,2.6007282972255156E-5,2.041714725796341E-5,1.582762936149104E-5,1.2761179349660601E-5,1.0905821142563701E-5,9.925149499659823E-6,9.616986873839878E-6,9.905965877859692E-6,1.0823972867461468E-5,1.2500978073522466E-5,1.5142919523108208E-5,1.891419632980834E-5,2.3562417754140375E-5,2.7842350791462524E-5,2.9849945681851355E-5,2.9011507573512508E-5,2.6722728960415677E-5,2.457842569270043E-5,2.3375734150797787E-5,2.335817671144476E-5,2.4544102383246294E-5,2.672034464683953E-5,2.9063853881598525E-5,2.9802076175848422E-5,2.735796549013722E-5,2.251500033487013E-5,1.7506993716828097E-5,1.36123664739134E-5,1.0967553079867643E-5,9.316988909356354E-6,8.410532230478218E-6,8.10141820309787E-6,8.35624953772432E-6,9.266983830957956E-6,1.1096069016914568E-5,1.4351048973560816E-5,1.9692416178980923E-5,2.658143156335546E-5,2.9832428918112794E-5,2.4904359043784098E-5,1.7525881232326896E-5,1.225787095725445E-5,9.150455472132123E-6,7.418507845037041E-6,6.539158322976294E-6,6.2588514682720924E-6,6.510587671670604E-6,7.405756704230993E-6,9.383149794447198E-6,1.3977623494756223E-5,2.7947779084953145E-5,3.344256562422143E-5,1.2341402143538226E-5,7.031517275404008E-6,6.383739320493332E-6,6.597628161430932E-6,2.517122373197698E-6,1.1113423935115774E-6,1.0342076845819969E-5,4.267579925278124E-6,3.855496284761412E-6,5.100668365418146E-6,3.7304278385178152E-6,1.2445971639713362E-6,5.187418686575777E-7,1.5713459765684195E-6,3.073668501643027E-6,5.343841022026014E-6,9.888850539457318E-6,1.5209995931752073E-5,7.824366529231972E-6,5.685597554463707E-7,6.07700963038665E-6,1.1632662657409068E-5,8.330528304191133E-6,4.513133687651066E-6,2.0140685614269848E-6,6.535519635368276E-7,1.0891262235373952E-7,2.540719753219973E-7,1.0425263506223397E-6,2.422407319089355E-6,4.257449909324081E-6,6.228672067674444E-6,7.705998338067324E-6,8.008485078518752E-6,7.2763070925040015E-6,6.285867600950207E-6,5.520904163852669E-6,5.067768963958169E-6,4.849136221552621E-6,4.731240706543676E-6,4.5512584086802325E-6,4.161151602564128E-6,3.5008948788175995E-6,2.6342415864866018E-6,1.7084567195262644E-6,8.869173406740811E-7,3.085765346105726E-7,7.474161232868281E-8,2.3493081644658793E-7,7.520966758923876E-7,1.4725412723900586E-6,2.1794448763283536E-6,2.738214982427656E-6,3.1814522308422198E-6,3.6503234911892168E-6,4.293430037867567E-6,5.2014712301409955E-6,6.359766778429376E-6,7.604339506121796E-6,8.64781959895873E-6,9.248128812393998E-6,9.390931365174992E-6,9.26725207550221E-6,9.108682526434408E-6,9.07993174822165E-6,9.264443431982524E-6,9.676664095658282E-6,1.0255530750308872E-5,1.0838003609696916E-5,1.1160904912340668E-5,1.0968472685129503E-5,1.0196816273650217E-5,9.029788110995236E-6,7.744866241449037E-6,6.546239412323002E-6,5.524982410603964E-6,4.697806798786032E-6,4.050578378304888E-6,3.563076322184814E-6,3.2184316687900074E-6,3.0039730562414646E-6,2.9070484782290836E-6,2.9071193208462976E-6,2.966595766879989E-6,3.028314948153653E-6,3.030724487453431E-6,2.9378539188760135E-6,2.7574337327974985E-6,2.5282645959715354E-6,2.293330194883768E-6,2.0832670328164486E-6,1.9146188841827035E-6,1.794976569746892E-6
69.06176,1.039007313017639E-5,1.2011237638234907E-5,1.4765987403630158E-5,1.9020220389687735E-5,2.4556935046623266E-5,2.8982732395724032E-5,2.8370476495023564E-5,2.3249789978845337E-5,1.768037594546867E-5,1.3587038890219918E-5,1.0964743391612188E-5,9.403225996945433E-6,8.585153989918137E-6,8.335452723412177E-6,8.592848635628782E-6,9.39036441660293E-6,1.0852786963237159E-5,1.3194838724730516E-5,1.6660492220730337E-5,2.124558023100004E-5,2.6065127400735237E-5,2.911788508975587E-5,2.905104617559551E-5,2.6859003563681744E-5,2.4393228140876123E-5,2.2728659478548515E-5,2.221102077457373E-5,2.290073936953467E-5,2.4723494081076254E-5,2.7258378498060346E-5,2.9256776971573186E-5,2.878652791935346E-5,2.5200421869275935E-5,2.023181589287195E-5,1.5808541185140736E-5,1.260338957732715E-5,1.0521845176802972E-5,9.311515678874556E-6,8.788558018762177E-6,8.884459604124251E-6,9.66163721912347E-6,1.13533443307278E-5,1.4432843481038026E-5,1.9535856128534536E-5,2.620139012727101E-5,2.93984719442484E-5,2.4348763591798083E-5,1.6793845400877788E-5,1.145825263411494E-5,8.33874613009915E-6,6.5910404014437745E-6,5.663929377749134E-6,5.2860850209165595E-6,5.372950288740339E-6,6.030357133869221E-6,7.846825569890549E-6,1.4309389920597004E-5,3.634160719294583E-5,1.165162877666849E-5,6.401316985133221E-6,5.9363741971181805E-6,2.026087712413091E-6,7.58204102240729E-7,6.1103389973326405E-6,1.3564495674054562E-5,3.805672225030888E-6,3.3042279114249503E-6,2.7296178815988362E-6,1.0737650439917501E-6,4.363890851767251E-7,2.3533192577180238E-6,3.6566062215140786E-6,4.688098406623359E-6,6.3920916159879885E-6,1.0596888187912615E-5,1.74918841017566E-5,8.649356210548117E-6,4.983938340297279E-7,2.521872429261339E-6,7.4052540994504755E-6,6.177590678811691E-6,3.2107804453992637E-6,1.152013154540142E-6,1.8014438409825912E-7,5.528814230246329E-8,6.562856532641077E-7,1.9329975149519207E-6,3.798328390240508E-6,6.051140352793727E-6,8.381070906673785E-6,1.0236440646585574E-5,1.070743386393769E-5,9.543798571290708E-6,7.753159780242407E-6,6.224665898530439E-6,5.151846065625706E-6,4.416906409084254E-6,3.852103620209361E-6,3.3159297072832344E-6,2.72470911348388E-6,2.071405408096192E-6,1.4152093537728083E-6,8.473181637026222E-7,4.5996244969524807E-7,3.3350811857935373E-7,5.372204566267393E-7,1.1312559337431357E-6,2.151095752377469E-6,3.546722984130505E-6,5.084164279031113E-6,6.362877732181385E-6,7.1055018600789345E-6,7.403769816740355E-6,7.5683405847824025E-6,7.876372708122815E-6,8.492484740022527E-6,9.47643914824417E-6,1.0749383138115731E-5,1.2001812967754413E-5,1.2710671069782292E-5,1.2503301123649487E-5,1.1547298794614903E-5,1.034962127336062E-5,9.30852535126503E-6,8.58255285387494E-6,8.177873857445921E-6,8.032099301882411E-6,8.044270928221343E-6,8.077536057892991E-6,7.972967162091553E-6,7.6026091918613536E-6,6.941072328901772E-6,6.083381643699336E-6,5.180998445449157E-6,4.3620300036585575E-6,3.698464856287449E-6,3.215793141967626E-6,2.914318212407737E-6,2.785026361704999E-6,2.817130729782191E-6,2.998734240611808E-6,3.3112257685164652E-6,3.7170461246128997E-6,4.143908531877603E-6,4.480502107168586E-6,4.609163124197948E-6,4.4737292738668804E-6,4.119709100437107E-6,3.6565529386191273E-6,3.1876766360588247E-6,2.7747211720469337E-6
69.65712,9.754022682833868E-6,1.0749185724977271E-5,1.263848748283053E-5,1.577374235132426E-5,2.0459296331335885E-5,2.599136328447679E-5,2.9041582247418318E-5,2.6376538748091935E-5,2.0513517353425804E-5,1.5275282859317856E-5,1.1692589583160663E-5,9.454665962049346E-6,8.131599417161229E-6,7.43846095563643E-6,7.225302773181578E-6,7.441166313479876E-6,8.116345969764921E-6,9.36388145731329E-6,1.1390524268380303E-5,1.4479779393129542E-5,1.8819981030858505E-5,2.3937526829525003E-5,2.800871357262751E-5,2.8949079866029483E-5,2.7025863087386638E-5,2.4257548761557373E-5,2.2092064010142176E-5,2.1028596429302562E-5,2.1155639763814438E-5,2.24611738983803E-5,2.4798333814563575E-5,2.7518357736368604E-5,2.9031195942720684E-5,2.758343636890518E-5,2.3451886697140354E-5,1.871332942888219E-5,1.4848850957567866E-5,1.2179135789533897E-5,1.0533375088327059E-5,9.699266546168438E-6,9.562809452856059E-6,1.01436602840803E-5,1.163098809194055E-5,1.4444454070642102E-5,1.9180717422313603E-5,2.5546914341331915E-5,2.8998223535523194E-5,2.4261286469974932E-5,1.65542954210811E-5,1.103434487461238E-5,7.816172670823021E-6,6.008535077005952E-6,5.020926749409732E-6,4.559626189589569E-6,4.530624128680003E-6,5.088833390333397E-6,7.494292856460026E-6,2.4565954117473752E-5,1.0656675711823095E-5,5.666295435324479E-6,5.544753814206177E-6,1.058491470073311E-7,4.096456389830647E-8,1.0142475500127014E-5,1.4569791889157337E-5,3.297986135651935E-6,2.4228783106075077E-6,1.1392334567147366E-6,1.1425221489226167E-7,1.5598039933868383E-6,5.596799183932521E-6,6.2065110793680365E-6,6.02033464034395E-6,6.621926365135249E-6,9.397182291249056E-6,1.5314841636421437E-5,8.92118347713325E-6,4.1691430515984824E-7,9.016885953982391E-7,2.937183436796801E-6,3.051700063687065E-6,1.6441513493078828E-6,4.478455901301798E-7,4.414118084008551E-8,4.0502952575365624E-7,1.4998064132083223E-6,3.3182122390743567E-6,5.700625759691284E-6,8.254925485925774E-6,1.0636338865926299E-5,1.264983590513222E-5,1.3676956388784637E-5,1.281408435464603E-5,1.0444732245876794E-5,7.946187533136731E-6,6.019007890196045E-6,4.649056599150314E-6,3.6322260220572796E-6,2.799521773514208E-6,2.0649348139136E-6,1.4182748470701495E-6,8.957480638469618E-7,5.479224742161675E-7,4.1985981207573455E-7,5.454200364955628E-7,9.510613366386833E-7,1.6654549360454607E-6,2.7310402167381426E-6,4.203344779550378E-6,6.098784392641019E-6,8.23981974346839E-6,1.0092964731582463E-5,1.1022766835216894E-5,1.094554749708973E-5,1.0363994307310683E-5,9.793993462436713E-6,9.496886562356833E-6,9.547606590276261E-6,9.923738472082643E-6,1.051430235061494E-5,1.1070860320697895E-5,1.1206676978900924E-5,1.0613118385140671E-5,9.38211043825308E-6,7.94552126882762E-6,6.682845844199321E-6,5.737062050515331E-6,5.088443830605854E-6,4.658889828450125E-6,4.363498054434492E-6,4.127155107385089E-6,3.891294921555094E-6,3.621923917767249E-6,3.3174298149211167E-6,3.0077838882630146E-6,2.740598751867791E-6,2.5610694217664186E-6,2.4980952601254575E-6,2.5620350149751187E-6,2.750452271815157E-6,3.055463185143396E-6,3.4682851531386065E-6,3.978659606673022E-6,4.5672611074682575E-6,5.1895894232091465E-6,5.755241040242911E-6,6.123336790997535E-6,6.15087418913077E-6,5.791220699839314E-6,5.145341848466059E-6,4.391538550597407E-6
70.25248,9.527605487237562E-6,9.983047343329351E-6,1.1164698541032821E-5,1.331976337562945E-5,1.6821578750366486E-5,2.184106051416732E-5,2.7033878069958388E-5,2.838680548036244E-5,2.4089396923944453E-5,1.8019191236313065E-5,1.3245884925241326E-5,1.0126815956857508E-5,8.205186863389678E-6,7.070015822492343E-6,6.470566761488155E-6,6.277970106691968E-6,6.448281263279751E-6,7.006740641669439E-6,8.051072606522702E-6,9.768880945316607E-6,1.2449477609424798E-5,1.6403582490780723E-5,2.154169709437962E-5,2.6468442957620146E-5,2.8618868346019383E-5,2.7209638050229194E-5,2.419826225127037E-5,2.150351175404026E-5,1.986115171219822E-5,1.9390290734414322E-5,2.0078796003582527E-5,2.190264941031024E-5,2.465766204284396E-5,2.7490265538120937E-5,2.8595223907908873E-5,2.6543906537129374E-5,2.2266452972201733E-5,1.7857421516155454E-5,1.4452071441621578E-5,1.2195856422290935E-5,1.090987932300798E-5,1.0434366435886688E-5,1.0731750980937146E-5,1.1929889407106902E-5,1.4374695866123514E-5,1.860637679048515E-5,2.4562646928300416E-5,2.854265279416651E-5,2.468292567389634E-5,1.6887011521375623E-5,1.1018675641135704E-5,7.576809950575981E-6,5.642059192338467E-6,4.56507434078847E-6,4.020607389892798E-6,3.923204490639389E-6,4.688754146251131E-6,1.201984566969523E-5,9.307635356443165E-6,4.9298370375082E-6,5.394775142390238E-6,3.775746999984278E-7,1.8628767333972746E-7,1.0659511778207207E-5,1.2649086194389081E-5,2.7445393538298535E-6,1.4888258729481586E-6,2.8692982921703896E-7,2.2624215527329547E-7,3.451180455875621E-6,9.237790157484154E-6,8.980975512421698E-6,7.073022659207553E-6,6.38797126806083E-6,7.5354977093749E-6,1.0500604413596417E-5,7.54381420519719E-6,3.207338659184495E-7,2.8505839385413795E-7,7.909917269785907E-7,9.323316172052688E-7,6.904426551714829E-7,4.2311796731893943E-7,5.5984281979165E-7,1.2923041358451307E-6,2.7676593803776643E-6,5.123144322738839E-6,8.167582997723346E-6,1.1049304568738846E-5,1.302831759834057E-5,1.4316853063721709E-5,1.5203642040053238E-5,1.5178570383406945E-5,1.3500044346240274E-5,1.0614438744358275E-5,7.748487439720154E-6,5.512525517404423E-6,3.881604473888291E-6,2.672846673245139E-6,1.7571319017937047E-6,1.0827306376661852E-6,6.432262324559448E-7,4.4505703043602357E-7,4.894397209929375E-7,7.667677698254576E-7,1.2593247726136765E-6,1.9509912646896327E-6,2.843108647676604E-6,3.971572575815946E-6,5.412359042871655E-6,7.247049244568275E-6,9.432293736362664E-6,1.1556625999339577E-5,1.2812005916254627E-5,1.2691007035973312E-5,1.158535168796746E-5,1.0228795713842033E-5,9.054595723549995E-6,8.17422727622635E-6,7.551208826225835E-6,7.103377683561408E-6,6.734849420620986E-6,6.340588026492958E-6,5.815309477829762E-6,5.091900096784449E-6,4.2036344209222205E-6,3.2943187547301102E-6,2.5203220437225355E-6,1.947791941840744E-6,1.553548684373944E-6,1.2827350938243252E-6,1.0893789890547745E-6,9.486565638344952E-7,8.558277803671638E-7,8.219140984382715E-7,8.68731705323957E-7,1.022568464692724E-6,1.3054684138757767E-6,1.7250066294434895E-6,2.266862362482047E-6,2.896282787753752E-6,3.5703597825111757E-6,4.254416364929114E-6,4.93162813362596E-6,5.599713540059508E-6,6.255374913109833E-6,6.86985267284314E-6,7.362387874955979E-6,7.593586647608396E-6,7.418733213021719E-6,6.801478230484088E-6
70.84784,9.729548723029055E-6,9.673404603492591E-6,1.0257356575134632E-5,1.1612869037744363E-5,1.4018395269554586E-5,1.7846094665603967E-5,2.3055697169040385E-5,2.7588449932665663E-5,2.7202742456253234E-5,2.182174523728352E-5,1.5884796846173663E-5,1.1589076017418602E-5,8.859232320886512E-6,7.187715640445573E-6,6.196515821566528E-6,5.665367121053777E-6,5.481963504502564E-6,5.606761874705574E-6,6.058881351154678E-6,6.9196479967224994E-6,8.351829202559777E-6,1.0627036757799389E-5,1.411186133237989E-5,1.901269640545482E-5,2.4503474510188245E-5,2.7958763820548598E-5,2.7370422013786662E-5,2.423135587856549E-5,2.0992689942483538E-5,1.874997998370891E-5,1.7677430393388514E-5,1.772456640274697E-5,1.8871892247658095E-5,2.1118277069221224E-5,2.423122145655068E-5,2.72118690421989E-5,2.8130809219759567E-5,2.583195657642329E-5,2.161928804129429E-5,1.752145515505988E-5,1.447073351766277E-5,1.2540338561021498E-5,1.157277229465238E-5,1.1466962013489496E-5,1.2271842313402998E-5,1.4239711696154877E-5,1.7831408908868967E-5,2.321309749897742E-5,2.78187419888208E-5,2.5533079835281328E-5,1.7883020868179226E-5,1.1471783624220267E-5,7.629158232950709E-6,5.467375353081584E-6,4.2511206978405445E-6,3.612043189294708E-6,3.559316411297595E-6,6.4010345129447814E-6,7.66900031070483E-6,4.295100257603093E-6,5.880872103133399E-6,1.9242885101994103E-7,5.243251679642101E-7,9.912867972020532E-6,9.122282466189624E-6,2.1096191241268623E-6,7.320035574297271E-7,5.438801620765504E-9,8.502591477563771E-7,5.106550180041247E-6,1.1841035219656243E-5,1.1771401351712447E-5,8.018711104174527E-6,6.061448260314989E-6,5.912012631755466E-6,6.512980686688266E-6,4.780079835666003E-6,2.096544346470255E-7,6.858539392168457E-8,1.73818503460451E-7,4.1903917344736986E-7,7.44867956646823E-7,1.004921416281307E-6,1.3829118714018215E-6,2.1384565889445383E-6,3.532025623534273E-6,5.909003440101032E-6,9.47823061180974E-6,1.333935719601578E-5,1.547640999689818E-5,1.562406357543671E-5,1.5117116051989964E-5,1.4599028036547265E-5,1.375849613206627E-5,1.1995694011924512E-5,9.352947905512402E-6,6.601333851341205E-6,4.340234088171437E-6,2.6847549733716456E-6,1.5453751191056476E-6,8.274454013032563E-7,4.688604662343903E-7,4.2387885693990374E-7,6.458878386660537E-7,1.0796049276715485E-6,1.6631517426742775E-6,2.339818861871703E-6,3.0762264982953715E-6,3.8785076225518734E-6,4.797991173490562E-6,5.9225886490712165E-6,7.346328820794716E-6,9.08649463587447E-6,1.0910820532297836E-5,1.2201624125737632E-5,1.230093980885426E-5,1.1225054553628491E-5,9.605664428896243E-6,7.9998393442776E-6,6.628389447495147E-6,5.504069887793458E-6,4.571608925136711E-6,3.7710521011033566E-6,3.056490712825195E-6,2.3989019739355744E-6,1.7860029194113936E-6,1.2238357510863197E-6,7.389846910098745E-7,3.7156246064089234E-7,1.473270009595365E-7,4.767924480426735E-8,2.0914202202606072E-8,2.3175078418284238E-8,3.843775390678247E-8,7.200150498640309E-8,1.396042694852673E-7,2.621442759796812E-7,4.649562429322197E-7,7.784848039470982E-7,1.2371985487155E-6,1.8728275898782714E-6,2.6979994785297495E-6,3.6824102996987157E-6,4.739411488078073E-6,5.749818458583776E-6,6.619425661077596E-6,7.319648878998889E-6,7.873199330360827E-6,8.303405171310299E-6,8.585385193545582E-6,8.625638912269886E-6
71.4432,1.0443297328197329E-5,9.833710431781663E-6,9.863676850724086E-6,1.0555288815031205E-5,1.2062320250371551E-5,1.4685138779122679E-5,1.8768837459721776E-5,2.400247012603853E-5,2.7664828404645406E-5,2.5766150983681243E-5,1.9799775429024483E-5,1.4153146462447556E-5,1.0279020026507463E-5,7.856380236137056E-6,6.374827412248109E-6,5.490140700609293E-6,5.006634030224745E-6,4.824276429695476E-6,4.905933891312253E-6,5.264394880345147E-6,5.965226605609768E-6,7.1450369642545555E-6,9.044780980376694E-6,1.2036177230831701E-5,1.6509369710595787E-5,2.2203065958968373E-5,2.6882528424314635E-5,2.743900269033784E-5,2.4357714586276393E-5,2.0578592312335306E-5,1.772287978108435E-5,1.6069361184617843E-5,1.5512703451419538E-5,1.5970940593190992E-5,1.7462970638495536E-5,2.003496242159044E-5,2.347174171169431E-5,2.670913658591974E-5,2.7723661032393132E-5,2.546367485672487E-5,2.140831320984122E-5,1.756004465875086E-5,1.4771443686729295E-5,1.310189165209473E-5,1.2428014919190666E-5,1.271087057995389E-5,1.4091183336819597E-5,1.6922905552859245E-5,2.1524175472470385E-5,2.653863854711128E-5,2.649165897801983E-5,1.9611753702974275E-5,1.2494916522361497E-5,7.998052764956728E-6,5.453358319234981E-6,4.011631653051065E-6,3.2723822241727313E-6,4.132223186071159E-6,6.0658216960150056E-6,3.8330605046380315E-6,8.363124237719002E-6,8.792915617377295E-9,1.2707984727307242E-6,9.123913323824775E-6,5.914956128511364E-6,1.4485023724480327E-6,2.4963742995853647E-7,1.0247563604002592E-7,1.6555987864190657E-6,6.16728031841984E-6,1.2386713595062787E-5,1.3843455177207308E-5,8.902214850488245E-6,5.784752822006449E-6,4.696800647421932E-6,4.010702197454964E-6,2.4048182672044485E-6,9.83697529448843E-8,7.248717345794299E-9,1.2652689932341646E-7,6.045168206343825E-7,1.2007520539563096E-6,1.5844122091923482E-6,1.8809024228955967E-6,2.345605848992387E-6,3.180237920693929E-6,4.628545649883288E-6,7.024289700996927E-6,1.0443284227997815E-5,1.3688874877812043E-5,1.4756552386562463E-5,1.3765326426391764E-5,1.2239518136760345E-5,1.0910295189372331E-5,9.665287891131707E-6,8.108833854332038E-6,6.1137475364026075E-6,4.030423139436035E-6,2.296433666964004E-6,1.1041590923675234E-6,4.51965109812105E-7,2.7183143534238664E-7,4.8093440133788E-7,9.860909712764922E-7,1.6792528158375642E-6,2.4429708948144855E-6,3.172847760120063E-6,3.8087221312525246E-6,4.352766836236593E-6,4.860763814769479E-6,5.416667831228705E-6,6.1080177097452395E-6,7.002963329112969E-6,8.108651079545203E-6,9.288986064464646E-6,1.0186422574021614E-5,1.03398406055151E-5,9.576466137792119E-6,8.197499052494743E-6,6.657988831796662E-6,5.2466515828795124E-6,4.061144222050933E-6,3.102051459876764E-6,2.341908514344691E-6,1.7541585898639432E-6,1.3211943902529818E-6,1.0350416285938868E-6,8.961019027564904E-7,9.100960323866574E-7,1.0785890605456602E-6,1.374525957507095E-6,1.7061234316527166E-6,1.9234957389296905E-6,1.9271646058784E-6,1.7590421226154858E-6,1.5347828725324909E-6,1.342074652843231E-6,1.2198379522607855E-6,1.1801716740912006E-6,1.2286171879042504E-6,1.374995665129351E-6,1.6387250491542373E-6,2.051147946295402E-6,2.65340065423391E-6,3.4833599497419673E-6,4.542486642143968E-6,5.747568326077359E-6,6.916360042492684E-6,7.849618805950199E-6,8.456039297024792E-6,8.773988176764712E-6
72.03856,1.1848964788534693E-5,1.0552961691521442E-5,9.991986556627712E-6,1.0079810149972672E-5,1.0850840119948878E-5,1.2474056270517E-5,1.526005072973455E-5,1.9505441420715654E-5,2.4616291129184673E-5,2.7379226741379433E-5,2.435615957385486E-5,1.8157773529325072E-5,1.282557837253173E-5,9.28400509389425E-6,7.087969057346466E-6,5.7427821632976864E-6,4.932408769277568E-6,4.4792729542283994E-6,4.291736813891961E-6,4.333516971559428E-6,4.611325774802689E-6,5.176567629962018E-6,6.1412209146866125E-6,7.711082061962312E-6,1.0231700959578797E-5,1.417570829215445E-5,1.972899614278179E-5,2.536205181749197E-5,2.7323582091522436E-5,2.4560374261129627E-5,2.0268694908443847E-5,1.6793533983034036E-5,1.4595256522814378E-5,1.351028229318491E-5,1.3365900321827732E-5,1.4114178219273622E-5,1.5828396379188636E-5,1.8619623642414324E-5,2.2344637640953007E-5,2.5965996656876203E-5,2.7360530975897828E-5,2.5366015913968593E-5,2.150037250867944E-5,1.782644512893898E-5,1.5217005162265611E-5,1.3752055533632751E-5,1.3346031578583106E-5,1.4020232254293051E-5,1.5994942558365738E-5,1.962027866081852E-5,2.451886528870807E-5,2.6911769943579766E-5,2.2001772684919562E-5,1.4235347653743123E-5,8.710561809422444E-6,5.508029346090535E-6,3.679931564023215E-6,3.2451102039148874E-6,4.795041436073789E-6,3.5734580493819982E-6,1.3260492135546636E-5,1.3283868193322111E-7,3.54624644290114E-6,8.651559185037261E-6,3.76992705552722E-6,8.617567076516364E-7,3.0755905764940976E-8,4.2790950736219376E-7,2.5463814429814746E-6,6.843790293117704E-6,1.14509985032404E-5,1.4139070686098113E-5,9.497240373825939E-6,5.527423168629636E-6,3.7841558165084217E-6,2.5074847719376024E-6,1.0548424028988202E-6,2.139312161866337E-8,9.16083891981736E-9,2.936376116918649E-7,1.043467460481253E-6,1.7800661674727394E-6,2.0756052240303098E-6,2.138825128223624E-6,2.25975479321633E-6,2.570230005538294E-6,3.1472401972726355E-6,4.070862478029025E-6,5.368349481845131E-6,6.8294470110921485E-6,7.888362079994681E-6,8.027740554961254E-6,7.366241957322013E-6,6.430624843054489E-6,5.540000042666404E-6,4.643437090996669E-6,3.5677425860704323E-6,2.326135809103335E-6,1.164323642014496E-6,3.497345537349061E-7,1.800433264320384E-8,1.8271627743750454E-7,7.902119804402965E-7,1.7441429017248256E-6,2.90054481101385E-6,4.0631182419384885E-6,5.019972604716933E-6,5.633068062637205E-6,5.909217157193168E-6,5.97281696833103E-6,5.9763851244325915E-6,6.037573516593914E-6,6.224868924023579E-6,6.561863020901894E-6,7.022348767632779E-6,7.509152222689121E-6,7.83911827365104E-6,7.791142181959972E-6,7.2429472117665335E-6,6.279528599767196E-6,5.130979760334225E-6,4.018277429191175E-6,3.0713330970049567E-6,2.3380865372570354E-6,1.8213074361774552E-6,1.506325399378518E-6,1.3755887723022562E-6,1.4155887951196753E-6,1.6206803368359091E-6,1.995510177406782E-6,2.554488005246216E-6,3.31087342594315E-6,4.237494998918723E-6,5.180829058354853E-6,5.794374815227313E-6,5.7279586158714414E-6,5.0268097016939066E-6,4.0879467440698705E-6,3.2399079309162125E-6,2.5964131235515405E-6,2.15052521194155E-6,1.8639904964564812E-6,1.703343127851452E-6,1.648840096606731E-6,1.6953325411987115E-6,1.8522044127173856E-6,2.1437266643599073E-6,2.607561689662188E-6,3.2840706673373745E-6,4.18344377997843E-6,5.228360411129875E-6
72.63392,1.4262696425629811E-5,1.2034639310331984E-5,1.0740489068396206E-5,1.0190273813105035E-5,1.0301788763311788E-5,1.1114552110213204E-5,1.2803700787580375E-5,1.5677887366400004E-5,1.9977659960343395E-5,2.4880120139216093E-5,2.6908623398461637E-5,2.3196874298338198E-5,1.6965930177019523E-5,1.1889498535622289E-5,8.577167147792765E-6,6.530689678256177E-6,5.273256243317115E-6,4.508486370674223E-6,4.0704161611524995E-6,3.872233566308591E-6,3.877160474601514E-6,4.086224949583286E-6,4.538599631208019E-6,5.324615842697114E-6,6.615904777263107E-6,8.717255284217329E-6,1.211172040839275E-5,1.727092812967772E-5,2.34591335021921E-5,2.6930680615931593E-5,2.4804753414903187E-5,2.0060622801936133E-5,1.5964705099909495E-5,1.3265910583786492E-5,1.1743972832737455E-5,1.1125525677051821E-5,1.1272889958932984E-5,1.2189535686282636E-5,1.400084516030801E-5,1.6890711253213416E-5,2.083816216551389E-5,2.4933948732170726E-5,2.696009465160904E-5,2.5419318089925122E-5,2.174706209371221E-5,1.8166106029453753E-5,1.5655554158239087E-5,1.4336810408797857E-5,1.4158686270021046E-5,1.5194158581494762E-5,1.7712923502018255E-5,2.188847000939214E-5,2.605314084416161E-5,2.461983421001462E-5,1.6876929967801736E-5,9.68891519984332E-6,5.224987155515579E-6,3.0943109064337356E-6,3.933947305271218E-6,3.518034322220182E-6,2.543427488957046E-7,4.524600798193006E-7,7.578162260783851E-6,8.538298043285868E-6,2.4754454634743278E-6,4.138255729861575E-7,2.518803212503213E-8,9.008910650565478E-7,3.5840988960686532E-6,7.529852032826107E-6,1.0287093768656222E-5,1.274949726093605E-5,9.427241084016335E-6,5.1787922763320105E-6,3.0397106720132654E-6,1.5662166092103176E-6,4.1412842222548124E-7,7.57326907881705E-9,3.687131555086917E-8,5.813105352789439E-7,1.678779115994397E-6,2.5559317054651626E-6,2.6749014943801972E-6,2.4351365058655596E-6,2.240121893856633E-6,2.1953433785896124E-6,2.295967364123962E-6,2.5086321235552794E-6,2.7627215494260986E-6,2.933282013722531E-6,2.883057890626476E-6,2.5631626490940467E-6,2.0724488999940837E-6,1.6091278339308977E-6,1.3544685678609566E-6,1.335287955488704E-6,1.3518875706659927E-6,1.165200230737864E-6,8.048745965306255E-7,5.294200860871835E-7,5.655832939584085E-7,1.0051470732208366E-6,1.8481402622172282E-6,3.0595637100363955E-6,4.583743957164942E-6,6.301200901315217E-6,7.944216652771506E-6,9.092162418565261E-6,9.419778690047699E-6,9.003429910147861E-6,8.226119829415969E-6,7.4391314316836E-6,6.815130249729943E-6,6.390960976061333E-6,6.136248522498561E-6,5.98925108868411E-6,5.869192311586124E-6,5.6857941084960615E-6,5.360972247028132E-6,4.8614719341838095E-6,4.220253920880436E-6,3.524200949604972E-6,2.875170105475714E-6,2.3536780283454394E-6,2.0037261808785456E-6,1.8360247113339811E-6,1.8391021406658448E-6,1.9911224115149003E-6,2.2698341986675954E-6,2.660296871657705E-6,3.160475740487526E-6,3.7843980519369476E-6,4.5609681621060675E-6,5.5215615906966E-6,6.657859905630246E-6,7.821791814206247E-6,8.605611616514108E-6,8.480696399533167E-6,7.368833503704867E-6,5.81732424159529E-6,4.386887085228466E-6,3.289060000905247E-6,2.508226613392165E-6,1.9668540657717142E-6,1.5939504314827012E-6,1.3390630524938984E-6,1.1699344574103692E-6,1.0679609237450839E-6,1.0250365498386444E-6,1.0422907658835731E-6,1.1305292011064377E-6
73.22928,1.8077096343996993E-5,1.46435972579243E-5,1.2345732588156404E-5,1.0999551760635602E-5,1.04161668876574E-5,1.0509709413670588E-5,1.1316189492709767E-5,1.3006365366387956E-5,1.5876383159527427E-5,2.0122528215144372E-5,2.481080223899299E-5,2.6424628874984863E-5,2.244402533497885E-5,1.6265592759715208E-5,1.133824971111579E-5,8.143805842461233E-6,6.171139783281436E-6,4.9549053820715235E-6,4.208326708586902E-6,3.770466319703236E-6,3.5558359200581105E-6,3.525799203494704E-6,3.6759775620001747E-6,4.0351429212668474E-6,4.67537054049878E-6,5.7379345786715595E-6,7.4835897200843134E-6,1.0364532748640053E-5,1.4992272021457297E-5,2.1318962911754182E-5,2.6196644634189976E-5,2.5043157211267364E-5,1.9946656770003865E-5,1.5234459003111134E-5,1.2082322302977807E-5,1.0215286284406957E-5,9.25387161722697E-6,8.973772074041048E-6,9.298184962336349E-6,1.0274523976219586E-5,1.206733727800211E-5,1.492843221642326E-5,1.899034624009119E-5,2.3572956585665826E-5,2.6417062929777642E-5,2.5485012986135707E-5,2.1988033275970585E-5,1.841052955841167E-5,1.591773187422487E-5,1.468252684324346E-5,1.4680315136519346E-5,1.6034493299668298E-5,1.907555832424435E-5,2.375370537342362E-5,2.667393310196863E-5,2.0646750743440062E-5,9.943314836289226E-6,3.6337991278331727E-6,3.423194265640748E-6,3.6470915611556423E-6,6.706128319021227E-8,7.342179606860574E-7,1.1171948010578947E-5,8.685921257643186E-6,1.6434529254887272E-6,1.240955470434964E-7,1.9229895836354831E-7,1.4889162294259703E-6,4.890046403536184E-6,8.62021704051137E-6,9.643396209340565E-6,1.0947058069255368E-5,8.624231453690573E-6,4.650913314785834E-6,2.3732348799916625E-6,9.398497764316262E-7,1.471762425202018E-7,4.612887215423693E-8,6.799158928788781E-8,9.620767237536292E-7,2.5624996933164596E-6,3.7159730725664467E-6,3.6356473943779166E-6,2.988921154760736E-6,2.4373891540495053E-6,2.100551950742105E-6,1.919650200652421E-6,1.8143647251990832E-6,1.700602722633744E-6,1.5022422403425822E-6,1.1858019192724333E-6,7.858087785413854E-7,3.9203673593392304E-7,1.1620273081773783E-7,6.622856414473733E-8,3.2703011655598844E-7,9.242126927438889E-7,1.7600836299315608E-6,2.592967367693999E-6,3.1978989559556654E-6,3.589961545950506E-6,3.9588468916932194E-6,4.4508802005142305E-6,5.121661065661433E-6,5.9991874493348455E-6,7.122989612880628E-6,8.526546457591934E-6,1.0149600969488668E-5,1.1679506602186707E-5,1.2501512324654935E-5,1.2133011222454664E-5,1.0798937693619E-5,9.166156714204796E-6,7.704802644103198E-6,6.550455536808405E-6,5.664581391238804E-6,4.96289900865696E-6,4.3680903099849935E-6,3.826363386522152E-6,3.3121548105801278E-6,2.8275589371407835E-6,2.396733217314043E-6,2.0560671271243707E-6,1.8427634953475194E-6,1.7845513674606677E-6,1.8920241808971291E-6,2.1544995002713044E-6,2.54081906900309E-6,3.00659675695055E-6,3.5072290679839433E-6,4.012185655041496E-6,4.514428456359392E-6,5.031705042163903E-6,5.601012350806109E-6,6.2684013202967975E-6,7.070923255274333E-6,7.996792112586782E-6,8.904375061017505E-6,9.433466541125595E-6,9.118277890087694E-6,7.858836326665747E-6,6.140297888668155E-6,4.532781420648395E-6,3.28436543342468E-6,2.391352760405269E-6,1.7693458922022028E-6,1.3359373677781274E-6,1.0303846082930668E-6,8.11808295612027E-7,6.535321251186072E-7,5.3834500893547E-7
73.82464,2.302012019352634E-5,1.8799302741487153E-5,1.5235594467613316E-5,1.27910687144714E-5,1.132997626047071E-5,1.0661191131744556E-5,1.068674835579148E-5,1.1429286388617555E-5,1.3043802540018245E-5,1.5805710738424957E-5,1.9894497009895113E-5,2.442186465738503E-5,2.6032002179502436E-5,2.2194337840447737E-5,1.60994616691347E-5,1.1186576854984498E-5,7.988158034936525E-6,6.009234948335947E-6,4.785426806441038E-6,4.028133145852983E-6,3.574293341215201E-6,3.335916929378289E-6,3.2708669004225073E-6,3.369315613754788E-6,3.6510867365923774E-6,4.173138774898031E-6,5.0510955663311255E-6,6.5045574068232925E-6,8.936853396963736E-6,1.2996117932347883E-5,1.9122408856728788E-5,2.511397494909537E-5,2.522307015591702E-5,1.9921195995600877E-5,1.4604516125535212E-5,1.1044847294690255E-5,8.915204621819036E-6,7.723593720216395E-6,7.167750315350093E-6,7.106549215266782E-6,7.514571836622015E-6,8.467254389541166E-6,1.0151293097074793E-5,1.2870156025868963E-5,1.691301213833535E-5,2.190625200869255E-5,2.5655390924017554E-5,2.5426949958686353E-5,2.2046213996749763E-5,1.8368949013753904E-5,1.5817979959134515E-5,1.4615089805927375E-5,1.4767702268118562E-5,1.6542672383482593E-5,2.0760383853110367E-5,2.8130481034390018E-5,2.499294675264679E-5,5.480069457256996E-6,3.1756716663066038E-6,3.894876804606081E-6,1.5519976803752623E-7,8.906974745126071E-7,1.1982419800624958E-5,8.774172673172054E-6,1.0140774653988185E-6,3.47137151979416E-9,5.074042559708117E-7,2.139338821723402E-6,6.45132113397734E-6,1.0514234292754348E-5,9.848023989982687E-6,9.690581521766988E-6,7.516738232022436E-6,3.971633097476148E-6,1.7552845452583255E-6,5.068219891762403E-7,6.660842278873404E-8,9.90112317293491E-8,8.261397153263282E-8,1.3728201446181943E-6,3.690856740676216E-6,5.419172759774193E-6,5.285124877516905E-6,4.075783366863099E-6,2.996305030719662E-6,2.2981174721595415E-6,1.8624235438798478E-6,1.554082360362965E-6,1.2738880805406088E-6,9.67415664106748E-7,6.347855733453693E-7,3.2213407799263215E-7,9.558842443064298E-8,1.8123165989910967E-8,1.3867989309457216E-7,4.895877505185507E-7,1.0901459528895652E-6,1.960839283747411E-6,3.1471296595268804E-6,4.71982265581672E-6,6.654040362625638E-6,8.525057513558254E-6,9.536055022049084E-6,9.436750761045133E-6,8.793121977749087E-6,8.169232264195858E-6,7.798919832804221E-6,7.730842911061232E-6,7.954421502528238E-6,8.427299547900692E-6,9.033777985938685E-6,9.511542620018487E-6,9.478194916729878E-6,8.715810889292107E-6,7.426991745494499E-6,6.015244461194983E-6,4.7444871580971905E-6,3.6907584645782863E-6,2.84114262869749E-6,2.1661304300106417E-6,1.6456987998083616E-6,1.2726378436704258E-6,1.0489904001153019E-6,9.82022989055759E-7,1.0813391313275683E-6,1.3564540018688385E-6,1.812950141878035E-6,2.4449872728673955E-6,3.2235269367586663E-6,4.085161222016322E-6,4.934555181959424E-6,5.672580824042255E-6,6.240050005818202E-6,6.643497231618975E-6,6.943105601093804E-6,7.218888830050006E-6,7.5402183322793305E-6,7.943895514878298E-6,8.407938493456154E-6,8.809503863159192E-6,8.894619001607424E-6,8.370460797219197E-6,7.179327195943176E-6,5.640318790133634E-6,4.1745954136590094E-6,3.0061932685364906E-6,2.157087188248852E-6,1.564057511330247E-6,1.1543949324961143E-6,8.70625130717893E-7,6.7253289945398E-7
74.42,2.5741257019764127E-5,2.3826802845740523E-5,1.981593428667573E-5,1.6070960638213786E-5,1.3393284813136546E-5,1.1741525500817132E-5,1.0924466504511523E-5,1.0823471811465742E-5,1.1437040077359951E-5,1.2892668989495456E-5,1.543764586553435E-5,1.9263615021304167E-5,2.368312350380798E-5,2.571482918506593E-5,2.248580113789537E-5,1.653238619601223E-5,1.1486160893218807E-5,8.142734240616113E-6,6.063799050426162E-6,4.775069320692646E-6,3.972712664430536E-6,3.482942014221302E-6,3.210518131099461E-6,3.107528518525538E-6,3.1581172364816964E-6,3.374042617381114E-6,3.7996646070840865E-6,4.52941074502005E-6,5.747028438036004E-6,7.802945802222022E-6,1.132114348283582E-5,1.7026700319271157E-5,2.373299534609235E-5,2.529525105787027E-5,1.9990607464658592E-5,1.4089880050575798E-5,1.0160920921647037E-5,7.834256335001873E-6,6.497959840335536E-6,5.779002732294658E-6,5.488907256692547E-6,5.553455860981976E-6,5.9804201684724325E-6,6.858381879364776E-6,8.381047152278884E-6,1.088313980436953E-5,1.4789734997782848E-5,2.0065524642927018E-5,2.4691306860763394E-5,2.513431130662726E-5,2.171503702218894E-5,1.7816693202084703E-5,1.5163190171772129E-5,1.4016231975617248E-5,1.4559370659686454E-5,1.8196926187181426E-5,3.327475121749737E-5,1.1518972336531871E-5,3.1107735041043277E-6,4.087487451657288E-6,8.003169088825451E-7,1.0421561705152256E-6,9.611532263289421E-6,7.956419842775264E-6,4.949456057339317E-7,8.261146119207536E-8,9.27372743427938E-7,2.678520297698612E-6,7.609124109689099E-6,1.3238704792597001E-5,1.1151337238581884E-5,9.31637958902947E-6,6.593820246391498E-6,3.26624671865402E-6,1.2004597845801932E-6,2.124870778541316E-7,8.043422598427916E-8,1.374332838927675E-7,7.135679724492781E-8,1.6409703669656918E-6,4.863223212925733E-6,7.4854023256822785E-6,7.82437607875358E-6,6.113728987319292E-6,4.200903677288531E-6,2.902570897754353E-6,2.100639570936614E-6,1.5637078768712648E-6,1.1409870016518701E-6,7.666626370453042E-7,4.4086124153508103E-7,1.9947165182057575E-7,8.410628631299505E-8,1.2392934083991513E-7,3.2813432222041546E-7,6.847547692647966E-7,1.1684139333371826E-6,1.7615483616648023E-6,2.4843908595689722E-6,3.4226251211444407E-6,4.745439828155743E-6,6.683216389935212E-6,9.306336627152526E-6,1.1862746671115766E-5,1.2660822578687484E-5,1.1284044975898733E-5,9.134544471609032E-6,7.244835493229385E-6,5.828900198696037E-6,4.807409583706317E-6,4.077054066269067E-6,3.5700538591211595E-6,3.2500816752206344E-6,3.090027432465625E-6,3.0364679947051988E-6,2.9724212675613413E-6,2.7386841563167097E-6,2.2629253733721486E-6,1.647673467840909E-6,1.0648761215821328E-6,6.244469468621573E-7,3.581337475957592E-7,2.5724559155673125E-7,3.0198373604498127E-7,4.7478983079336975E-7,7.65414322548757E-7,1.1728805970874897E-6,1.7060071467741372E-6,2.3819025506559255E-6,3.2198395479948796E-6,4.225957828888711E-6,5.365482399772077E-6,6.532070410872969E-6,7.550775865442016E-6,8.252361277958582E-6,8.578299387899093E-6,8.607915796026765E-6,8.485744709078444E-6,8.33649231379577E-6,8.225069708114928E-6,8.1486314125461E-6,8.034863897279115E-6,7.74868951391658E-6,7.143145950897241E-6,6.173748580587053E-6,4.979508423553386E-6,3.7986187117298825E-6,2.8059225026219972E-6,2.0540049419096496E-6,1.5165999055538204E-6,1.1429552574640573E-6
75.01536,2.141944338535042E-5,2.4963297639381818E-5,2.459675217390176E-5,2.111599159079532E-5,1.7198310931694034E-5,1.4195116846582916E-5,1.2259798450706487E-5,1.1217849425665891E-5,1.0923014894725063E-5,1.1338411938806687E-5,1.255214724567437E-5,1.4774035506858241E-5,1.822005673839571E-5,2.2506967993828968E-5,2.528475153567635E-5,2.3250968981155197E-5,1.765339243809705E-5,1.234466695543922E-5,8.684328325944596E-6,6.3831057328856585E-6,4.9532941474713795E-6,4.0597680969667144E-6,3.506518321562798E-6,3.184402279049851E-6,3.0362507233703267E-6,3.038742620165403E-6,3.1956906009428543E-6,3.5405403634850867E-6,4.15012199696646E-6,5.177811381171644E-6,6.9237291303361305E-6,9.957301969550362E-6,1.512835234037436E-5,2.213427896024335E-5,2.521423334440361E-5,2.018340632368132E-5,1.3729065869101574E-5,9.450814826092198E-6,6.968072857385477E-6,5.542125490853895E-6,4.7330027419731595E-6,4.3162818298974E-6,4.187595857269696E-6,4.3151754836185245E-6,4.724837674714488E-6,5.5085757706848855E-6,6.8580452934647205E-6,9.124403323083379E-6,1.2843308742152064E-5,1.830970360448462E-5,2.3709885909015817E-5,2.4555530747977815E-5,2.0740490983500274E-5,1.6487724812309286E-5,1.3801329279529167E-5,1.3162085242405567E-5,1.759117255907074E-5,3.231568033263161E-5,3.14123736925482E-6,3.881122703101449E-6,1.6690418734431157E-6,1.2557040123611611E-6,6.0083153505914015E-6,5.255726344396636E-6,1.930644820700518E-7,3.947851430624086E-7,1.3473083937237457E-6,2.8436435756647756E-6,7.047443416586335E-6,1.4147196922023715E-5,1.3214029130603199E-5,9.84617043580011E-6,6.080294820784406E-6,2.6468892769975084E-6,7.338258328561424E-7,3.8732100869577746E-8,1.5157147352599772E-7,1.5535943333864374E-7,4.584296657230019E-8,1.5169905344674409E-6,5.585447081747449E-6,9.298049802221005E-6,1.0530100019232262E-5,9.190463577293245E-6,6.46986989974754E-6,4.188692707926968E-6,2.7378366878265094E-6,1.8257228252220792E-6,1.1931514845724222E-6,7.187812127868068E-7,3.7582266459271693E-7,1.780805339901157E-7,1.4263119710263416E-7,2.7106650654721477E-7,5.415192345576665E-7,9.087229108741315E-7,1.3173660830786963E-6,1.7283000449300561E-6,2.1412252211282178E-6,2.599221437147152E-6,3.182050102757616E-6,4.002426559591585E-6,5.199436957417968E-6,6.874959416157539E-6,8.840932941723234E-6,1.0215306930670725E-5,9.879922265161848E-6,8.02693289414138E-6,5.823871904477868E-6,3.970905983656096E-6,2.590623857711213E-6,1.607394394116254E-6,9.288417295452069E-7,4.849843651291576E-7,2.255834101940469E-7,1.1093549678268589E-7,1.0356019166981449E-7,1.6128996612035988E-7,2.3342843163073132E-7,2.6913087801007623E-7,2.507026414807745E-7,2.2501602117759296E-7,2.638479001176534E-7,3.9304856192355047E-7,5.923802671386385E-7,8.342407847834174E-7,1.1034987215007564E-6,1.3989749948685211E-6,1.7303459727375072E-6,2.1159271357725324E-6,2.5817719294325316E-6,3.160768318231637E-6,3.888902170367498E-6,4.793313398025307E-6,5.864835103562996E-6,7.015508161472557E-6,8.054172752673174E-6,8.747697150445414E-6,8.968148407907826E-6,8.77718028264785E-6,8.349648293725519E-6,7.846409486166201E-6,7.353972926779665E-6,6.886680183992887E-6,6.4089564184283E-6,5.8619790877821096E-6,5.199514748817804E-6,4.427630067493762E-6,3.616091244390292E-6,2.8598698254515978E-6,2.225995216385097E-6
75.61072,1.3770682961629769E-5,1.8510422817655E-5,2.3195525607678848E-5,2.4903495334537685E-5,2.2592734700682802E-5,1.8671713414945125E-5,1.526690066706745E-5,1.293477604642863E-5,1.1572647075875604E-5,1.1006481450143391E-5,1.115298754315067E-5,1.2048898979699515E-5,1.3853776973130036E-5,1.6792735524674537E-5,2.0792497672996987E-5,2.4363975109156303E-5,2.417976210694642E-5,1.9518468531010842E-5,1.3943737430432612E-5,9.762368090602014E-6,7.065661200462653E-6,5.382089945878343E-6,4.328303654499818E-6,3.669612677540006E-6,3.2726718045333477E-6,3.06530949782184E-6,3.0138525536573414E-6,3.1132023179398203E-6,3.386541132167637E-6,3.895536433974111E-6,4.76768253422938E-6,6.25735590940329E-6,8.866449427501528E-6,1.3458541575180327E-5,2.038948327312573E-5,2.492356594602274E-5,2.0555715382765493E-5,1.3595054148018508E-5,8.95269578975564E-6,6.3206857137737464E-6,4.828296003169962E-6,3.967275048313781E-6,3.4821184515779E-6,3.248478735661343E-6,3.212607641130704E-6,3.3667777679193078E-6,3.745616115215706E-6,4.4406150414493655E-6,5.6404300805264844E-6,7.712687480460375E-6,1.1305467625955392E-5,1.705675568560767E-5,2.321300638972718E-5,2.372819868359159E-5,1.8709972378056302E-5,1.398007523807959E-5,1.2171955993462714E-5,3.076065001155986E-5,3.152876070268841E-6,2.781297952707654E-6,2.3480572050584174E-6,1.4123317828468103E-6,3.1084073977367156E-6,2.070421731015859E-6,4.030836419617882E-7,9.1408952896159E-7,1.6425724569835537E-6,2.5890103494976965E-6,5.023172352203191E-6,9.44025230970657E-6,1.1807302475225436E-5,1.0089958848392674E-5,5.824876614546373E-6,2.151607521035153E-6,3.9345236157074875E-7,1.4216573562310396E-8,2.848876285400648E-7,1.6100243842249114E-7,2.3674897028898715E-8,1.013712659327853E-6,4.822172415695998E-6,1.012551733824342E-5,1.2189668511454942E-5,1.1724785785671755E-5,9.39982658250021E-6,6.3362705636098974E-6,3.931653849672855E-6,2.3853599220265013E-6,1.3980207690723763E-6,7.512929146714846E-7,3.58215351392986E-7,1.9500505873045267E-7,2.493532865293408E-7,4.935932861944919E-7,8.71563979646426E-7,1.2995977267787888E-6,1.6908038028559232E-6,1.9947037687632104E-6,2.2178926843545935E-6,2.407837244473964E-6,2.623928386252736E-6,2.9216034577985016E-6,3.349028706423202E-6,3.941443070518475E-6,4.694180581715092E-6,5.4966621880505466E-6,6.055600831607938E-6,5.971149705841899E-6,5.094103511370373E-6,3.7466226189149196E-6,2.4083940860653804E-6,1.3628999814097365E-6,6.745389030763952E-7,3.0074934299036885E-7,1.701490562605021E-7,2.1428095175404582E-7,3.7755595663465727E-7,6.203968810262159E-7,9.209656552480749E-7,1.2766181793181206E-6,1.7042281257605892E-6,2.234107075039145E-6,2.87843618142795E-6,3.540971419232409E-6,3.9351510040651866E-6,3.819061208914968E-6,3.349479452786958E-6,2.8416020519688087E-6,2.4489008397151725E-6,2.190449394538516E-6,2.0456467489774715E-6,1.994401769135659E-6,2.026106335298784E-6,2.1398049591638866E-6,2.342935168430758E-6,2.6497233640660134E-6,3.0778246534807623E-6,3.6398782304996534E-6,4.325446584376218E-6,5.073358360532588E-6,5.753834572998363E-6,6.20307908919961E-6,6.319182790527615E-6,6.130977777473907E-6,5.759742385945384E-6,5.330208973503498E-6,4.919678580964399E-6,4.554844201827021E-6,4.226734058501299E-6,3.906986771300062E-6,3.5646627178885665E-6
76.20608,8.163468757121133E-6,1.0955872047328997E-5,1.5076222202362661E-5,2.0186128769947795E-5,2.4052352800555073E-5,2.3878887912417887E-5,2.0496672612822584E-5,1.6709226028574867E-5,1.3852388119822904E-5,1.2048458454715082E-5,1.1118274988185552E-5,1.0923475084328167E-5,1.1437391317548043E-5,1.2754577880859417E-5,1.5072907262202273E-5,1.853016291494278E-5,2.2517067407538825E-5,2.4523291581260275E-5,2.1914053630686166E-5,1.6509273048593485E-5,1.1641719712068546E-5,8.301175356812879E-6,6.183620667823254E-6,4.856034787036395E-6,4.02227199951946E-6,3.5078327747332732E-6,3.2154495313887017E-6,3.0955410895891264E-6,3.131373676727584E-6,3.335122483110107E-6,3.754315068884731E-6,4.493496064856904E-6,5.765326638624796E-6,7.999262718676848E-6,1.200006598792418E-5,1.8536033357174008E-5,2.4323523295158227E-5,2.1179625488314167E-5,1.3808936099324377E-5,8.730835188746973E-6,5.909081327277407E-6,4.339341652641883E-6,3.4349887538838356E-6,2.906971557002386E-6,2.613913848798193E-6,2.488252624724996E-6,2.5043784218378592E-6,2.6677475691587496E-6,3.017793387769648E-6,3.6469836046459005E-6,4.750292013133508E-6,6.741440293267604E-6,1.0482099306472022E-5,1.7223024199505787E-5,2.4614884902808668E-5,2.1918994319308716E-5,1.3482898133174486E-5,1.3917081209753392E-5,3.024782217232971E-6,8.077992191958751E-7,2.476497015436729E-6,1.3627505411767287E-6,1.3198125264461676E-6,7.231641490234689E-7,1.3836620440976042E-6,1.5593111838302702E-6,1.7873943323493685E-6,2.158489999107157E-6,3.140637247997339E-6,4.383853074757875E-6,5.399892060261342E-6,6.1743311956669835E-6,4.6629607981335E-6,1.783556357589667E-6,3.5938721175560234E-7,3.162386669190117E-7,5.385583397093397E-7,1.65503979608224E-7,1.0717408994506739E-8,5.282600355688674E-7,2.5767885375630383E-6,7.429315937447383E-6,1.1897354949140722E-5,1.2395574717237279E-5,1.0821151952326593E-5,8.165871085619325E-6,5.304525159301507E-6,3.0954133841227693E-6,1.648849217574854E-6,7.710937731532968E-7,3.188192943557297E-7,2.2223029487451102E-7,4.359562862998977E-7,8.994859589743967E-7,1.5104679106337404E-6,2.120544610509184E-6,2.578368902747373E-6,2.809149624302283E-6,2.8501122152376923E-6,2.798609112569407E-6,2.742368995449302E-6,2.7331797058916588E-6,2.792470002630613E-6,2.920754821334889E-6,3.0993944645514288E-6,3.2853116813511414E-6,3.4065104547266953E-6,3.3727096463242454E-6,3.1130367162829762E-6,2.6284560751190627E-6,2.0155709224469505E-6,1.4292279256294865E-6,1.008089092827225E-6,8.194728907646056E-7,8.52199257687762E-7,1.0448662207660735E-6,1.3230432593406586E-6,1.627235236379509E-6,1.9258643681841195E-6,2.2159227008098973E-6,2.5177055406495767E-6,2.869954351482272E-6,3.3292060545890525E-6,3.97298397468097E-6,4.895980999847736E-6,6.1513246973881994E-6,7.509571677211634E-6,8.101115148012486E-6,7.1175605741169445E-6,5.2625492374245556E-6,3.6331932317619615E-6,2.526608230847274E-6,1.830353247907759E-6,1.3981049824827546E-6,1.1310925343625768E-6,9.711600805160749E-7,8.854016809053035E-7,8.558159266265225E-7,8.734569195613388E-7,9.352499420691102E-7,1.042130613944155E-6,1.1974923575054969E-6,1.404882395688753E-6,1.6637102778989389E-6,1.9624158002470327E-6,2.2721407323900013E-6,2.550225710676148E-6,2.7609948702171108E-6,2.9002268614973546E-6,2.99644072544528E-6,3.088059817714508E-6
76.80144,4.9505622635586255E-6,6.261702453311799E-6,8.325616873292259E-6,1.1538099227047596E-5,1.6174319144813E-5,2.1368883244844914E-5,2.410846331968503E-5,2.244870749241221E-5,1.8623743391094824E-5,1.5146851422415786E-5,1.274562691076149E-5,1.1332249584673901E-5,1.0715932333113822E-5,1.0794694596137132E-5,1.1584089815711078E-5,1.3216177645218321E-5,1.589280534145705E-5,1.9602453651303537E-5,2.3211258289692343E-5,2.380455261545676E-5,2.0019214052064362E-5,1.4713118439864468E-5,1.0443235580487048E-5,7.598659767645506E-6,5.7974040528714856E-6,4.663746077378066E-6,3.954721115997552E-6,3.5294380553131156E-6,3.311544058236504E-6,3.266669291775035E-6,3.3930122259801727E-6,3.72313314976712E-6,4.3396595204112335E-6,5.415920210229732E-6,7.3069202221789266E-6,1.0711850484903053E-5,1.658089784276854E-5,2.3235483400913062E-5,2.208204728885262E-5,1.4558909198982124E-5,8.894748802321225E-6,5.773977998834307E-6,4.074735093678765E-6,3.107423562218506E-6,2.5371538131760982E-6,2.2018099942613515E-6,2.0215994894932374E-6,1.95957898864755E-6,2.005688613319897E-6,2.1733819507925655E-6,2.5072456678215335E-6,3.109169440191159E-6,4.212033981924784E-6,6.405477382039897E-6,1.1414061894910444E-5,2.3635984854908275E-5,2.5108696870780696E-5,9.544966074947967E-6,2.70230583777679E-6,8.101871430101502E-8,2.1045029631573543E-6,1.0969205124024824E-6,3.9338734364392556E-7,1.1494037494705413E-6,3.3027849964275544E-6,2.3156078776422225E-6,1.8605016110496476E-6,1.770408644655106E-6,1.937539889094222E-6,1.8812172716282055E-6,1.6891673269666312E-6,1.919289167519863E-6,2.271431907347182E-6,1.6495202300587948E-6,1.1580038251997932E-6,1.6187901629755996E-6,1.0924473229347312E-6,1.7839365635028619E-7,4.513133551151483E-9,2.5457264123702463E-7,1.0120862116143906E-6,2.7426835950636536E-6,5.86549666726446E-6,8.996238846672383E-6,9.630549517303088E-6,8.024093221110242E-6,5.56357310543016E-6,3.2603247171740256E-6,1.5914391720999123E-6,5.911208274205275E-7,1.6440932985418704E-7,2.3377275768176123E-7,7.404350530720246E-7,1.609201801706615E-6,2.708215955342696E-6,3.8122816507121277E-6,4.6177924473181145E-6,4.89496179290361E-6,4.679052912589618E-6,4.2146850825512E-6,3.7293470802619082E-6,3.3314399232478347E-6,3.040889549992505E-6,2.837650428966685E-6,2.6875843270122243E-6,2.552497381436817E-6,2.396144805909128E-6,2.1922773685547242E-6,1.9343150674378703E-6,1.6419313653520638E-6,1.36034752673365E-6,1.1520323986206138E-6,1.0828297451182797E-6,1.2035254781555287E-6,1.5274710128579928E-6,2.0107515149785187E-6,2.5526149844903335E-6,3.0326416506810243E-6,3.368915144714826E-6,3.550638045983631E-6,3.623255488744775E-6,3.652437896495708E-6,3.699253567094528E-6,3.8142144999012198E-6,4.0426492513479816E-6,4.433260100320901E-6,5.042684487940338E-6,5.91825866265461E-6,7.001544674966875E-6,7.862394612854653E-6,7.580170599103275E-6,5.860295273887934E-6,3.803762061930594E-6,2.2832328502633162E-6,1.3496924975313317E-6,8.05478880586063E-7,4.888114297055282E-7,3.026408926686805E-7,1.9247623531332452E-7,1.2764525897314126E-7,9.047867936046976E-8,7.05644899613568E-8,6.175833630319849E-8,6.068062984075583E-8,6.609044815392159E-8,7.890476305637202E-8,1.0287488001143495E-7,1.4610061734388522E-7,2.2355037147894007E-7,3.600405553057006E-7,5.904911508451698E-7
77.3968,3.162300588762179E-6,3.7423037949239496E-6,4.648394642422319E-6,6.074426587259485E-6,8.34395416548499E-6,1.1906519439528829E-5,1.6954791698658133E-5,2.2046765597482812E-5,2.3651802827036063E-5,2.0952133026593883E-5,1.6995118334492517E-5,1.3822805516410019E-5,1.176163180807674E-5,1.061994225578378E-5,1.0211566276980974E-5,1.0460021004748284E-5,1.1405912431858396E-5,1.3199941112369389E-5,1.6037695286968573E-5,1.9812647469572937E-5,2.3151086005398274E-5,2.315524484973E-5,1.912891755442838E-5,1.406097905747506E-5,1.0100076445414348E-5,7.469261390870074E-6,5.797389111000784E-6,4.7446048162897776E-6,4.093383018242502E-6,3.7187623186003865E-6,3.555886286328098E-6,3.581747105740651E-6,3.8101847504443483E-6,4.300551931618208E-6,5.187230349033238E-6,6.749749025641134E-6,9.553352410417547E-6,1.4533111569358935E-5,2.141726870423609E-5,2.3060701022843615E-5,1.611195840205349E-5,9.643613170142589E-6,6.00583465006856E-6,4.063737287395163E-6,2.979450745817051E-6,2.344076491662464E-6,1.962570724353634E-6,1.7388619461339235E-6,1.6254790303940007E-6,1.6021693525140186E-6,1.668298493237383E-6,1.8445379028417953E-6,2.1874528676130393E-6,2.8387169751413227E-6,4.216202048547459E-6,8.133356291829863E-6,3.0505636298274528E-5,1.0488759881489919E-5,2.2309144947630487E-6,1.3424811911727171E-6,1.5863149472703918E-6,7.279340997294488E-7,4.9436969200788883E-8,2.297051892084654E-6,6.479392489275299E-6,3.3136034162092875E-6,1.953962822201172E-6,1.494461092636357E-6,1.2400799186880118E-6,8.068333562327344E-7,4.433876417283757E-7,5.804705777439846E-7,1.2775895176784082E-6,1.7723213816455358E-6,2.2695167500948237E-6,4.468415038007985E-6,2.519590237552157E-6,2.0902306742023203E-7,1.7903819418988547E-9,1.288248535680059E-7,3.941156492613894E-7,8.00961126121331E-7,1.4083162455233532E-6,2.3210560434841674E-6,3.503911684528301E-6,4.2962116394625385E-6,3.8363982391807165E-6,2.4630122725164644E-6,1.1085157123939551E-6,2.536431136137576E-7,2.7224702853415767E-9,3.3861452723338764E-7,1.2005443440854316E-6,2.4881719032787996E-6,4.074904042580948E-6,5.8206719194239835E-6,7.5078678554185695E-6,8.710525664599244E-6,8.916121745088851E-6,8.08154460027824E-6,6.757518261362647E-6,5.482508487607457E-6,4.462317844808674E-6,3.6897557203138487E-6,3.0947720850733436E-6,2.6093833898477145E-6,2.1858729272771317E-6,1.8001432936251092E-6,1.4503707136157265E-6,1.1526213826865836E-6,9.345663207810561E-7,8.294033327261371E-7,8.71575506217717E-7,1.0940995132113746E-6,1.525105078691263E-6,2.178421883579591E-6,3.030856469291899E-6,3.985782556959933E-6,4.854589602073138E-6,5.4211204405419724E-6,5.582185449670855E-6,5.412851786096853E-6,5.0801201439929816E-6,4.729781400127543E-6,4.446909254236248E-6,4.2697682327945696E-6,4.2133919710299705E-6,4.285184181943648E-6,4.490204135108528E-6,4.823350764936818E-6,5.235650530144487E-6,5.55511863142722E-6,5.419104887708234E-6,4.521911679309255E-6,3.1511816656650876E-6,1.9278621390372743E-6,1.1122171969127492E-6,6.367172779858752E-7,3.7322393017987276E-7,2.29517328710095E-7,1.5156015233264655E-7,1.0946711694866325E-7,8.687783369115238E-8,7.481439549744083E-8,6.836437313611991E-8,6.491197255839863E-8,6.319920375610527E-8,6.284971455216272E-8,6.418318314200068E-8,6.826583781977637E-8,7.7239402936995E-8
77.99216,2.1305970531389674E-6,2.3737895792577738E-6,2.7596499584377377E-6,3.3571357662377845E-6,4.28832648717694E-6,5.769227585605629E-6,8.167636371155704E-6,1.1994553463622344E-5,1.7379824213962753E-5,2.232296904957816E-5,2.2933764572584615E-5,1.949649340342026E-5,1.5510867361132914E-5,1.2577751293166491E-5,1.0753635051951233E-5,9.785010865961582E-6,9.488104785520431E-6,9.797926096258983E-6,1.0762891795577905E-5,1.253767891974308E-5,1.5327223464310462E-5,1.9073960642096874E-5,2.255065141585405E-5,2.2970711703275115E-5,1.9367151977029668E-5,1.4474095562174082E-5,1.0525680573346824E-5,7.862335591400769E-6,6.15932601378032E-6,5.088726555961982E-6,4.435516128616729E-6,4.076440800254602E-6,3.950614641224971E-6,4.043590131380946E-6,4.38633123830846E-6,5.072358483904345E-6,6.305720635849922E-6,8.505795729010143E-6,1.2448766484900776E-5,1.8723771351323536E-5,2.3332162490788548E-5,1.8701309204457675E-5,1.1356363565832848E-5,6.807717101043324E-6,4.397125367675675E-6,3.084163593176388E-6,2.3288054803415097E-6,1.8757711126399606E-6,1.600964940910197E-6,1.4421431888022316E-6,1.369084730899467E-6,1.3714800384518846E-6,1.4568259441571255E-6,1.659825990798485E-6,2.0848445229320567E-6,3.1304343944960663E-6,8.130183873044107E-6,2.0575404377187028E-5,1.6972590615055392E-6,6.009589265244787E-6,1.164529706785258E-6,3.883900837091717E-7,5.235080018553066E-8,3.1676812422474942E-6,1.0319611360066286E-5,4.804877170346936E-6,2.1286628402321738E-6,1.322297089021433E-6,8.344895453216168E-7,3.330452728647153E-7,8.061367314530185E-8,3.9593953525426896E-7,1.298115974743491E-6,2.008234263438641E-6,2.564438438935862E-6,5.075165236940346E-6,6.584004856628475E-6,2.714896480246739E-7,6.255993810877626E-10,7.334182683544869E-8,1.7369107988957604E-7,2.569926013509497E-7,3.185356419093655E-7,3.8878263921098194E-7,5.212045499717594E-7,7.357540717861455E-7,9.265104216128191E-7,8.952353625324043E-7,6.184133706424485E-7,3.4528058914955425E-7,3.9956166812023683E-7,1.0224410718341235E-6,2.2584711929728586E-6,3.857237209536556E-6,5.4244252759719555E-6,6.762575996823144E-6,7.954634569113671E-6,9.165803229889403E-6,1.0415080929504332E-5,1.138332668090231E-5,1.1444926394262394E-5,1.0279155472961009E-5,8.369773736103205E-6,6.4362046921583324E-6,4.828811467202102E-6,3.580785885826058E-6,2.622359430045652E-6,1.8859150666175383E-6,1.330355084128103E-6,9.367839035944133E-7,6.98689145167257E-7,6.142737105536569E-7,6.826426875243079E-7,9.034056007460071E-7,1.2786457277021783E-6,1.81586530574797E-6,2.5293774195721862E-6,3.434675785582893E-6,4.525410911840961E-6,5.722346271137029E-6,6.8144356940120664E-6,7.491445003927785E-6,7.5512589455338015E-6,7.082542838876021E-6,6.3610307409155095E-6,5.627885735540729E-6,5.0050575138764E-6,4.5265714104505405E-6,4.186183549643439E-6,3.965393139778071E-6,3.843989747768649E-6,3.799902063812301E-6,3.800557213493603E-6,3.7853061832342614E-6,3.6488592558592523E-6,3.273159310699336E-6,2.6518385990042992E-6,1.9569041113145584E-6,1.3771839041938053E-6,9.729358554517618E-7,7.130319758013604E-7,5.485651231657185E-7,4.42232293250701E-7,3.706781544109395E-7,3.2026342747787606E-7,2.8317774999650664E-7,2.5493547252527575E-7,2.3292474616293267E-7,2.1559858026506772E-7,2.0203177597099447E-7,1.916838020430597E-7
78.58752,1.5053586203315472E-6,1.5914766355180369E-6,1.7467927421542772E-6,1.9937953921389597E-6,2.3727635232649624E-6,2.954774132673727E-6,3.867072496318914E-6,5.340640141708853E-6,7.783353311732616E-6,1.1785487770582847E-5,1.7478523005067258E-5,2.233596090454972E-5,2.208345198367009E-5,1.8043415997224488E-5,1.4038218326056336E-5,1.1280878404163176E-5,9.619153527533055E-6,8.750081665931815E-6,8.485192442675423E-6,8.758176739008296E-6,9.609312555990594E-6,1.1181582847598452E-5,1.3696297863493345E-5,1.7259732017309123E-5,2.114927999739319E-5,2.2935381604862218E-5,2.0603553875923278E-5,1.598948321614598E-5,1.1798161321299712E-5,8.844425709200217E-6,6.9301431587119185E-6,5.7265039890745975E-6,4.998674804524868E-6,4.609395886237438E-6,4.492477646116266E-6,4.6372340620283065E-6,5.090297205970266E-6,5.981078827510205E-6,7.587272687489895E-6,1.0456047156711458E-5,1.5383658522925597E-5,2.153592727180226E-5,2.177395219071132E-5,1.467702327737503E-5,8.648813349056946E-6,5.3109056283432575E-6,3.533230243441186E-6,2.5402025640781445E-6,1.9556810136990866E-6,1.5998226277405733E-6,1.3833735693886275E-6,1.2613335380646062E-6,1.2133691748457979E-6,1.237862903943258E-6,1.3599083761702077E-6,1.687591163034386E-6,2.9368625052401224E-6,5.428020614559306E-5,1.1709491282336333E-6,5.0669257076019235E-6,8.727022844514529E-7,1.5552350375579067E-7,2.1280862242519663E-7,3.5343612465018804E-6,1.1238593774049026E-5,6.930620939236555E-6,2.4089418212863297E-6,1.2241403792478123E-6,5.894020829414563E-7,1.2125195473674116E-7,3.428465836709764E-8,5.764064998442084E-7,1.6977150965959442E-6,2.4162368582086373E-6,2.678035023500551E-6,4.11030576212852E-6,1.2860462805747798E-5,3.942728766419077E-7,1.411102390047356E-10,4.878335483916458E-8,9.138069042046091E-8,9.735179465681434E-8,7.625082428832486E-8,5.583083854256619E-8,6.80555872580497E-8,1.316270011724609E-7,2.347258743412801E-7,3.3889008155236486E-7,4.2330743993880126E-7,5.304180385601356E-7,7.765216433682018E-7,1.3672097660026458E-6,2.63868588883132E-6,4.936696556334488E-6,7.779717334356264E-6,9.350901394416618E-6,9.095759828014684E-6,8.203912388262592E-6,7.483106390868207E-6,7.134993660453533E-6,7.139544815568037E-6,7.3764532183762266E-6,7.5899626204190955E-6,7.395115667348907E-6,6.521280545613886E-6,5.1128629857430254E-6,3.5963012568829676E-6,2.3068982391762446E-6,1.3695308639539112E-6,7.807183891044571E-7,4.911045894720509E-7,4.421906484932885E-7,5.780919093465136E-7,8.498190917169073E-7,1.2185456064291856E-6,1.658827785213146E-6,2.1610395630129496E-6,2.7321687868999284E-6,3.394192124101816E-6,4.178215531983866E-6,5.109312597426792E-6,6.172575521498668E-6,7.256319732212514E-6,8.112109357829314E-6,8.440770843795255E-6,8.123953128707463E-6,7.337293821270113E-6,6.380130370317225E-6,5.471937706344132E-6,4.707279686743959E-6,4.102097873180241E-6,3.640952224105914E-6,3.302109804097674E-6,3.0666952547118056E-6,2.9194023744421803E-6,2.843793201842186E-6,2.8124192892717417E-6,2.7750818450489865E-6,2.66215964065472E-6,2.4253274176198097E-6,2.0859246592128674E-6,1.717617337170536E-6,1.384040942859881E-6,1.1111355545168562E-6,8.983520241665943E-7,7.352499516151142E-7,6.103853184138933E-7,5.142446469579308E-7,4.396223826068292E-7,3.8123659715543704E-7,3.3524615805689465E-7
79.18288,1.1080647977035088E-6,1.1191643394212828E-6,1.1694375432648724E-6,1.2648292843023635E-6,1.417870820103924E-6,1.6510549137552283E-6,2.0036375352169036E-6,2.5451440897800103E-6,3.4025137344333853E-6,4.814022960977739E-6,7.2223680185933876E-6,1.132049247501304E-5,1.7336322624586187E-5,2.2208117353352796E-5,2.1100063214133663E-5,1.647168979352745E-5,1.2446880268261843E-5,9.8404167893245E-6,8.307195778010078E-6,7.49828194610748E-6,7.216345268196752E-6,7.385842598740039E-6,8.02676281095993E-6,9.251213109206141E-6,1.1267654735547771E-5,1.432205672169096E-5,1.8327790225292573E-5,2.1866296633472323E-5,2.2117243596551535E-5,1.8616641377882363E-5,1.4155420098188611E-5,1.0622470153036068E-5,8.245132599327648E-6,6.7359384785911724E-6,5.820120354784797E-6,5.324003183280963E-6,5.16017081913495E-6,5.310345388508472E-6,5.826578773596426E-6,6.860049686933477E-6,8.732461879906785E-6,1.2035112330222587E-5,1.7330831882206575E-5,2.2292239531079158E-5,1.9762463605112794E-5,1.2553064429440044E-5,7.424411963283177E-6,4.637990355871979E-6,3.1327555997195565E-6,2.2777199741351336E-6,1.7677946011606437E-6,1.454862080425728E-6,1.2646686634341023E-6,1.1608183432937048E-6,1.132191315625197E-6,1.2043562395535172E-6,1.5865086725989208E-6,1.2703608646596129E-5,7.019715909847014E-7,4.315107156376827E-6,6.585963004546003E-7,3.709975934768539E-8,4.21240422774002E-7,3.725951808256203E-6,8.950489711896369E-6,8.80336285129156E-6,2.757060721585464E-6,1.1640648497229734E-6,4.3167132790298153E-7,3.766451873635996E-8,1.288729877499798E-7,9.224387422731548E-7,2.35742914704583E-6,3.150997589520178E-6,3.0468058382939543E-6,3.6352839712940536E-6,1.062215136030527E-5,6.414233907250234E-7,3.47804503916114E-12,3.859481730180779E-8,5.9482632934902205E-8,4.6210492104847716E-8,1.8552836173026373E-8,2.642512283390536E-9,1.9611501496201784E-8,7.706580129344599E-8,1.6390569849313568E-7,2.5721970531156896E-7,3.435563597137186E-7,4.34096994854465E-7,5.624106853446761E-7,7.810705979464291E-7,1.1732089222251475E-6,1.8852991941542894E-6,3.1750047972934266E-6,5.352065327191245E-6,8.023499200214858E-6,8.946911619495423E-6,7.288641442860404E-6,5.198469339596804E-6,3.7599243876628683E-6,2.9338799923715597E-6,2.4980500073479606E-6,2.2688329262217867E-6,2.1026889406003303E-6,1.8861370247112304E-6,1.5490087381709813E-6,1.0914983685958801E-6,5.96363042087803E-7,2.027167494994619E-7,4.6116479081624943E-8,1.930403982727792E-7,6.052658982632135E-7,1.1613722404117562E-6,1.724677872740893E-6,2.205592036187503E-6,2.579016370186347E-6,2.8654096229868706E-6,3.1045524632122194E-6,3.338494754005246E-6,3.6046352124773022E-6,3.933990614009157E-6,4.349565354556051E-6,4.860450226381112E-6,5.447986030409169E-6,6.044615811397332E-6,6.520783627208937E-6,6.715453479289763E-6,6.5267936078585985E-6,5.992912850615695E-6,5.266173343410101E-6,4.512246014948031E-6,3.841390573983876E-6,3.303239111489742E-6,2.9098349569372697E-6,2.6570507234319356E-6,2.5363768214775136E-6,2.538379477126872E-6,2.649340283213972E-6,2.840821117130396E-6,3.0538503607819334E-6,3.191818591287716E-6,3.1520488889714044E-6,2.8974781919201323E-6,2.4914525529450436E-6,2.042562065671335E-6,1.6320263553289736E-6,1.2933444360782038E-6,1.0282854011291402E-6,8.256720192941919E-7,6.719150469121583E-7
79.77824,8.448181747497394E-7,8.196339626698515E-7,8.208653908088884E-7,8.482815186196745E-7,9.048087826073975E-7,9.971735216075746E-7,1.1375639021467235E-6,1.3470039788864645E-6,1.6620139857893078E-6,2.14806307757553E-6,2.9276850436894768E-6,4.240162987508349E-6,6.5585079519985E-6,1.0703997653452762E-5,1.710319876747558E-5,2.2025030603610653E-5,1.9845263813136688E-5,1.4607715194880633E-5,1.0630632401302301E-5,8.215844589593306E-6,6.8267767427576855E-6,6.079151360460489E-6,5.771355812074075E-6,5.818971114974758E-6,6.218064697019484E-6,7.037202584234299E-6,8.429628602201307E-6,1.0647239540621693E-5,1.3969019268792977E-5,1.8234240402320462E-5,2.1702394718246603E-5,2.148491015624091E-5,1.7801779843916868E-5,1.3590803997033585E-5,1.0393161728403853E-5,8.283923478418183E-6,6.977431539815435E-6,6.234092111126132E-6,5.915921865833641E-6,5.973317139559021E-6,6.439897787672448E-6,7.4546222802303575E-6,9.322855250243057E-6,1.2584835372491447E-5,1.763737575841197E-5,2.2000367093282465E-5,1.9244492749924628E-5,1.2288954591110997E-5,7.303441373118197E-6,4.561763553474671E-6,3.0700133324097174E-6,2.219059234002739E-6,1.7096288937220687E-6,1.3954169279767259E-6,1.2042399783576345E-6,1.1087799935334267E-6,1.1639983227769834E-6,3.7112714016420894E-6,3.412585164763443E-7,3.970322973128846E-6,4.820051992960261E-7,4.2077489396251175E-9,6.4365323959703E-7,4.073291997987035E-6,6.869930688568557E-6,8.60569630535443E-6,3.0295580180584513E-6,1.1021705774284522E-6,3.194401577475979E-7,2.4598947955702262E-8,3.0023564429176666E-7,1.357560966019699E-6,3.221265008470782E-6,4.414529848302746E-6,3.939697874688571E-6,3.796168244519858E-6,7.2489972976887574E-6,1.153222576234446E-6,1.7642661343818994E-10,3.6410122738901984E-8,4.870999185288714E-8,3.02308447419331E-8,7.24718248417874E-9,3.85274545914817E-9,3.410778694299961E-8,9.745192268553007E-8,1.7776006539097458E-7,2.5315779871211106E-7,3.1287792062447685E-7,3.6295737697883686E-7,4.184010592001669E-7,4.954429366530861E-7,6.096822993852894E-7,7.773025105923289E-7,1.015810726897758E-6,1.3411894573822646E-6,1.7562926787258002E-6,2.218265101194426E-6,2.566249146284326E-6,2.4747794660431308E-6,1.794273269942232E-6,1.0209703021071671E-6,6.092141342593948E-7,4.975902666276561E-7,4.993997299341809E-7,5.052023232691337E-7,4.769439868007298E-7,4.170976445633544E-7,3.4909410151168674E-7,3.0716679618237095E-7,3.335668483982431E-7,4.828355106673397E-7,8.316418669442225E-7,1.4839364966426233E-6,2.5287930467846437E-6,3.862413154713426E-6,4.97354793430097E-6,5.306563049970758E-6,4.9408478269992065E-6,4.32520427399435E-6,3.7521163958548556E-6,3.3120614999069413E-6,3.0061475200569747E-6,2.8119060436133964E-6,2.705491888500819E-6,2.666310135237111E-6,2.6762587279288707E-6,2.7177737601613176E-6,2.772164212513197E-6,2.8191664133517686E-6,2.838671324061862E-6,2.8152137107623726E-6,2.744302966377399E-6,2.6372750780088106E-6,2.5203644264052887E-6,2.426784191950941E-6,2.3861053827020795E-6,2.417274150278503E-6,2.527943446552768E-6,2.7178670999317253E-6,2.982222819419113E-6,3.31144757778121E-6,3.6852325045008E-6,4.059790551595491E-6,4.353570459131419E-6,4.452038227962581E-6,4.2606823073610436E-6,3.786404697280032E-6,3.1511629771726417E-6,2.505576693274293E-6,1.945802895814794E-6
80.3736,6.639834760495531E-7,6.214615293082705E-7,5.997081847274862E-7,5.959883590249014E-7,6.096844885869184E-7,6.421126170806936E-7,6.967837330606534E-7,7.801985855701291E-7,9.034846837316561E-7,1.0855882449263656E-6,1.3596123505033305E-6,1.785965894509124E-6,2.481102769505999E-6,3.683031667415272E-6,5.897024936237992E-6,1.0109079140169286E-5,1.7028928439473655E-5,2.1785170148144566E-5,1.8001265157570874E-5,1.2269015413987881E-5,8.547684330936654E-6,6.439930730602944E-6,5.254245649884963E-6,4.603075817653649E-6,4.296558269440586E-6,4.250486169044362E-6,4.443810496000493E-6,4.905490910292159E-6,5.720457736155665E-6,7.051969164799845E-6,9.171726078848981E-6,1.2428861081630697E-5,1.6852546245851683E-5,2.0911054472089583E-5,2.1409611629886848E-5,1.8061306117958475E-5,1.392094251720482E-5,1.0743926038632255E-5,8.665972567459821E-6,7.411263808649254E-6,6.747080990310759E-6,6.549301865810241E-6,6.794684724157488E-6,7.565855756074588E-6,9.090275492546526E-6,1.1800654360891282E-5,1.616340816777709E-5,2.0922940168675267E-5,2.035234152723482E-5,1.390898752413087E-5,8.288727637686104E-6,5.056144803834057E-6,3.299892637324285E-6,2.3071869504186736E-6,1.7139117314782262E-6,1.3432418114789783E-6,1.1280276357142116E-6,1.819625914564398E-6,1.461075303588788E-7,4.030686936263847E-6,3.304027209309859E-7,2.6991049777664697E-8,8.804732900367174E-7,4.864954462764013E-6,5.962259057607525E-6,7.052819255501703E-6,3.0546961824570095E-6,1.0064475928889817E-6,2.2841045010418546E-7,5.1293728874498436E-8,5.100296301644725E-7,1.795105787139135E-6,4.010324305949845E-6,6.126890186812158E-6,5.754042667595596E-6,4.73233329487266E-6,6.040398287429629E-6,2.1288128523259123E-6,9.410777081847908E-10,4.081407904549114E-8,4.960592731325129E-8,2.8225348271827317E-8,1.0535643063184118E-8,2.0363551015600443E-8,6.709702002489349E-8,1.4299772291161237E-7,2.2493920979473786E-7,2.8885794375698303E-7,3.2719069691989784E-7,3.488154619578626E-7,3.668353255801179E-7,3.9071503218679895E-7,4.2501204248851933E-7,4.7003240286306915E-7,5.217878197066735E-7,5.711304713394561E-7,6.032953217253535E-7,5.993903355115104E-7,5.405126607543061E-7,4.147543024508791E-7,2.3090670644377783E-7,5.1161564204307515E-8,4.232144434730714E-8,3.9609756536664934E-7,9.445018592501686E-7,1.2769051798899172E-6,1.3260894501980437E-6,1.2336800110882595E-6,1.1086830078537115E-6,1.002964856687897E-6,9.377973231349944E-7,9.221417699577542E-7,9.622505881546616E-7,1.06753242229441E-6,1.2559395635281125E-6,1.5613571313417922E-6,2.0449867785705745E-6,2.8067359176204808E-6,3.9516030874263094E-6,5.316790809083967E-6,5.9241360700388385E-6,4.989158947879769E-6,3.5229716106670818E-6,2.4168404798331334E-6,1.7264753816929454E-6,1.3037762355286176E-6,1.034869683606402E-6,8.533481976427135E-7,7.223558220722502E-7,6.216817212291817E-7,5.407498099834748E-7,4.75032784889666E-7,4.242807573444555E-7,3.9176474501970184E-7,3.8418579230320395E-7,4.120969817000719E-7,4.906666636226259E-7,6.402993032797454E-7,8.858609053395712E-7,1.2520670273963532E-6,1.7522109003592731E-6,2.3714111306980574E-6,3.0562848859889436E-6,3.729001833508257E-6,4.3238625245735085E-6,4.814465004601919E-6,5.207184879325908E-6,5.51145253314638E-6,5.709654518916265E-6,5.742659680609402E-6,5.527937181031834E-6
80.96896,5.358629395442306E-7,4.855344372367902E-7,4.533703204148697E-7,4.3549814270564603E-7,4.2988724466246717E-7,4.358624988122637E-7,4.539406620970796E-7,4.859227173961623E-7,5.35270393473819E-7,6.079030686892142E-7,7.137360264299991E-7,8.696687489223358E-7,1.105635053496824E-6,1.4775962291856065E-6,2.0974428193768424E-6,3.2066549397442957E-6,5.362171715470647E-6,9.794734113530266E-6,1.7514206148082104E-5,2.1150130942067982E-5,1.5081331631489961E-5,9.401766510276609E-6,6.292905944658257E-6,4.641700979813973E-6,3.7287215479503412E-6,3.218027112924559E-6,2.9540792383466055E-6,2.8657653519857214E-6,2.927100688718124E-6,3.143122757111458E-6,3.5492933680123583E-6,4.222153829910221E-6,5.304231777121964E-6,7.046708193095045E-6,9.844999583424416E-6,1.4068432540321487E-5,1.90102962468799E-5,2.140082896149708E-5,1.9069512646540615E-5,1.4859572533039893E-5,1.139449532479812E-5,9.11756487660257E-6,7.762172021173398E-6,7.065767113074264E-6,6.888629537301478E-6,7.210340292722158E-6,8.137068000708898E-6,9.945519325314647E-6,1.3110921075118042E-5,1.7793153674814607E-5,2.1081489130612553E-5,1.7428974960568638E-5,1.0739661890487008E-5,6.2039077747169275E-6,3.7239653069559813E-6,2.3426845960635246E-6,1.4987896385088051E-6,1.2608198333062044E-6,1.2879541332748917E-7,4.622870521326748E-6,2.0172567310054198E-7,8.806683063447315E-8,1.108618937992832E-6,6.385140552350466E-6,6.2982336071247135E-6,5.962930227200238E-6,2.86858102803208E-6,8.739266092189327E-7,1.4642555867351806E-7,9.888104000382939E-8,7.371148249301396E-7,2.1810753047834627E-6,4.352816103662821E-6,7.025209439833197E-6,8.290093062782246E-6,6.831736768783272E-6,6.279117767049476E-6,3.323742369155406E-6,3.3692984072241217E-9,5.429879303382705E-8,6.107693462141297E-8,3.4435588989514635E-8,2.208605940092102E-8,5.089456778686177E-8,1.267424567104376E-7,2.3200528755978528E-7,3.299254535608421E-7,3.8903051714012615E-7,4.0647436976472986E-7,4.0022019724013463E-7,3.8827342688656367E-7,3.801242896528456E-7,3.7804030697324473E-7,3.798165410060547E-7,3.803625872419932E-7,3.72772689790591E-7,3.500442915593203E-7,3.0781586904072154E-7,2.4739636924537847E-7,1.7837745264229723E-7,1.216603850983952E-7,1.1575564064670739E-7,2.3126326689461853E-7,5.98980233549579E-7,1.4308429679988543E-6,2.836861668563343E-6,4.113432156564884E-6,4.149234483837519E-6,3.359232619539039E-6,2.559591836602458E-6,1.979256263298721E-6,1.5917003852251002E-6,1.337895613800573E-6,1.173075794893196E-6,1.0680366270968675E-6,1.0043418939560513E-6,9.705218410970306E-7,9.597863456578424E-7,9.688535995204112E-7,9.974822646219655E-7,1.04805808125686E-6,1.1227402061387277E-6,1.2069343969975266E-6,1.207111490604541E-6,9.247998140229102E-7,4.813634234810236E-7,2.1617126914585985E-7,1.1057765767369622E-7,6.850216231204951E-8,4.7046343857022334E-8,3.2186343635656955E-8,2.009376535437227E-8,1.0287701805436956E-8,3.3402218136857566E-9,1.2715268202295944E-10,1.6307818640249277E-9,8.969138173236467E-9,2.3547864932502744E-8,4.731526808807734E-8,8.314698933887774E-8,1.3542721143237438E-7,2.109406862189823E-7,3.202413955365606E-7,4.796764820519564E-7,7.140461702635203E-7,1.058942150489928E-6,1.5589119425174373E-6,2.251633138018353E-6,3.1252951190424035E-6,4.063790251369126E-6,4.862492594404131E-6
81.56432,4.4265487954412854E-7,3.893942490245669E-7,3.530400589579866E-7,3.2912212057841936E-7,3.1499529906614003E-7,3.0920189651276276E-7,3.111519605743748E-7,3.209984027454186E-7,3.39661548594824E-7,3.6900981852046333E-7,4.122581111561227E-7,4.747332445371323E-7,5.653324691576091E-7,6.994011118843266E-7,9.047425515255555E-7,1.235122548653804E-6,1.8033875722854298E-6,2.87085611737368E-6,5.1057466404732185E-6,1.0192102582871458E-5,1.904415483637485E-5,1.8779756232753272E-5,1.0874598545318599E-5,6.3109961400899475E-6,4.138687507371643E-6,3.027418104239545E-6,2.414303563261889E-6,2.0639709026152794E-6,1.8705689398936437E-6,1.7845754823975401E-6,1.7847029213537721E-6,1.8671449264936989E-6,2.0428850155363217E-6,2.3405493939543522E-6,2.81579093754772E-6,3.571660571894168E-6,4.7991229217797836E-6,6.8470166503451285E-6,1.0270414802359038E-5,1.5404593283488086E-5,2.026826551236194E-5,2.0262927512747003E-5,1.6137595810493443E-5,1.2063017162274582E-5,9.336661190575483E-6,7.725565207877446E-6,6.880910450683437E-6,6.604342926109115E-6,6.844231505250131E-6,7.693876499553207E-6,9.441936949138875E-6,1.2639949343882639E-5,1.7580148138020484E-5,2.06006545415673E-5,1.5047736010940564E-5,7.563785715551538E-6,3.190762802597068E-6,1.180106682863455E-6,1.894938592649656E-7,6.184954256861474E-6,9.746861919681617E-8,1.7579088987421538E-7,1.2088819354386464E-6,7.571470686737683E-6,8.553355138718063E-6,6.033064243811069E-6,2.716276209485796E-6,7.299601295405656E-7,7.063766396343306E-8,1.639529918304478E-7,1.0073724886129279E-6,2.6283752671619475E-6,4.436824432303688E-6,6.236295700927936E-6,8.321860617681854E-6,8.879209211175494E-6,7.2776161388636215E-6,3.7141934496943957E-6,1.0674918285418639E-8,8.438161873379398E-8,8.714773450302074E-8,4.81531522788459E-8,4.483054644332843E-8,1.1402282954167393E-7,2.5935657894797867E-7,4.4378639165875204E-7,5.949890856821789E-7,6.566580018054368E-7,6.359252369589423E-7,5.77309261431947E-7,5.157905747392051E-7,4.65190817531827E-7,4.263684352510601E-7,3.9487283418074015E-7,3.6465563236261165E-7,3.300034367745556E-7,2.8735477556390054E-7,2.3713719808846117E-7,1.8488474239474993E-7,1.413474730106868E-7,1.2234117592530003E-7,1.4954766013241104E-7,2.535426907368386E-7,4.811764529200415E-7,9.117209711309684E-7,1.6868155814154878E-6,3.0298701054380857E-6,5.030210980010031E-6,6.696868796796109E-6,6.322573067506942E-6,4.700624465050484E-6,3.2859531958959374E-6,2.351410557858006E-6,1.7589103276764683E-6,1.3730377061531963E-6,1.1097607301896359E-6,9.204293650202619E-7,7.766940584309602E-7,6.617099800506284E-7,5.654009666629515E-7,4.819386867273642E-7,4.0847081957888705E-7,3.4476250065823305E-7,2.9401676996252966E-7,2.66226821356616E-7,2.8765201959883766E-7,4.1631501697953636E-7,6.777467005528448E-7,7.982092422168033E-7,6.499934311284774E-7,4.722622325436795E-7,3.445707359550037E-7,2.582107387801176E-7,1.9867709110754863E-7,1.5653261279599732E-7,1.2610103191351892E-7,1.0387304551872332E-7,8.758055420878273E-8,7.570276491600567E-8,6.72000093665053E-8,6.136594669695642E-8,5.774423338044446E-8,5.608382868363284E-8,5.632153525650105E-8,5.8588783546928264E-8,6.324620715716052E-8,7.095709057371953E-8,8.282243372053356E-8,1.006211946058573E-7,1.272386788153902E-7,1.6744211669087765E-7
82.15968,3.732863520920816E-7,3.195881095700965E-7,2.821501484451294E-7,2.561328167190578E-7,2.3859726630518964E-7,2.2776202628550644E-7,2.2260772132473475E-7,2.2267205910362784E-7,2.2796235326577593E-7,2.3895681810875047E-7,2.566949861446712E-7,2.829868525209816E-7,3.20814807956769E-7,3.7508867233548255E-7,4.541041049365714E-7,5.725123322293794E-7,7.57813417061752E-7,1.0658852459710373E-6,1.622461610657039E-6,2.749316882761594E-6,5.394345483545936E-6,1.2246899351483579E-5,2.066032229538866E-5,1.290604324760013E-5,6.348961870699633E-6,3.639441255191871E-6,2.413680651935411E-6,1.7825548359950046E-6,1.4273550783977974E-6,1.218442603708654E-6,1.097010444856573E-6,1.0346720418268686E-6,1.0180674403806436E-6,1.0426912205821392E-6,1.1107732957352365E-6,1.2315795273896222E-6,1.4240828109795906E-6,1.7232995526591817E-6,2.193811337129256E-6,2.9587905370332806E-6,4.26282773092004E-6,6.595796042405756E-6,1.0792395778878808E-5,1.7018284627552547E-5,2.0658839735076577E-5,1.7304780368849695E-5,1.2302182624829542E-5,8.918420665598533E-6,6.984666982994384E-6,5.960928857657981E-6,5.53888965875812E-6,5.612373852094619E-6,6.256578661311033E-6,7.847839783356113E-6,1.1638889176557092E-5,2.1708842550044425E-5,1.8627665392900473E-5,1.5699878796762569E-6,2.0882257168091157E-7,9.04443929714219E-6,3.390210721381509E-8,2.6360716554708646E-7,1.0368593708137509E-6,4.705964173384592E-6,1.1129213039307693E-5,7.759288182206408E-6,2.8112664885059845E-6,5.956077553036208E-7,1.2118295095222265E-8,2.652021227140196E-7,1.3962772507460166E-6,3.5104824866365964E-6,5.066263804788327E-6,5.398623942765774E-6,5.820932113909649E-6,6.447667769148703E-6,5.883657628754991E-6,2.709835426074423E-6,2.3428966527224802E-8,1.305028469726085E-7,1.2467171369486698E-7,6.22576363735124E-8,8.456438767946688E-8,2.5956256232214966E-7,6.038429839317239E-7,1.0491282855178483E-6,1.4161626061329697E-6,1.5274669925030877E-6,1.3922544657740446E-6,1.159207113950903E-6,9.404415936667153E-7,7.69866528308519E-7,6.425783729241081E-7,5.442712457416327E-7,4.617854973072735E-7,3.8593442303178345E-7,3.12559574129548E-7,2.42987458444098E-7,1.8348181159951518E-7,1.4378204435226037E-7,1.355486452259601E-7,1.7144059225527157E-7,2.6515907742538165E-7,4.329602075001117E-7,6.979566918047099E-7,1.0995437170497228E-6,1.7108509655428593E-6,2.6631349141623095E-6,4.138121833175236E-6,6.10691337560722E-6,7.510482053231237E-6,6.857174139527008E-6,5.018121963635069E-6,3.434019150487038E-6,2.3832132240813757E-6,1.7139060057667042E-6,1.2759791455102291E-6,9.76694529814958E-7,7.634581111776786E-7,6.068411945197336E-7,4.905879852957894E-7,4.063113070589602E-7,3.509172370397457E-7,3.2583285348792557E-7,3.37956075097265E-7,4.0323663564653043E-7,5.556454609088365E-7,8.676849805907829E-7,1.4850673325582951E-6,2.5644572480631066E-6,3.5235759825978845E-6,3.014045927291589E-6,1.923645883698383E-6,1.1843240295448866E-6,7.634386601199949E-7,5.190315653424257E-7,3.69103898450837E-7,2.720601330505353E-7,2.0628657764148389E-7,1.599511838643779E-7,1.262271500067353E-7,1.0098914642474235E-7,8.16454313508119E-8,6.651445239880623E-8,5.4475689994702985E-8,4.476547308802093E-8,3.6852950395296E-8,3.036223862876185E-8,2.502219787207118E-8,2.0633341781475045E-8,1.7045788241413533E-8
82.75504,3.206404035795702E-7,2.677521703758201E-7,2.3076150947148607E-7,2.0456508766098878E-7,1.8606962298901825E-7,1.7335697841277007E-7,1.6523990614831512E-7,1.6101987080112307E-7,1.603580792353907E-7,1.632176062572662E-7,1.6985930040287668E-7,1.808907635005271E-7,1.9738416532162342E-7,2.2110303196662074E-7,2.549243296517876E-7,3.03641856645066E-7,3.7557267160003E-7,4.859974565489735E-7,6.652088267816337E-7,9.795831054656048E-7,1.5953114575736484E-6,3.0091537479747634E-6,7.023046319079356E-6,1.7823102948259437E-5,1.4973591311198459E-5,6.150086242734281E-6,3.0532257634651043E-6,1.8434241762265341E-6,1.2712838469496043E-6,9.627130825806842E-7,7.8209554718614E-7,6.719298208537931E-7,6.05002204357137E-7,5.675914956285048E-7,5.528115629112554E-7,5.577985428486374E-7,5.826065968334636E-7,6.300744612868948E-7,7.065274050320126E-7,8.236190034826743E-7,1.0022619204615665E-6,1.281007487032772E-6,1.7348394148060356E-6,2.520256353754258E-6,3.989489680002942E-6,6.962753044866648E-6,1.2893339297108105E-5,1.9750057244882688E-5,1.7375774725575205E-5,1.1092974069882176E-5,7.236283122400885E-6,5.252980868464126E-6,4.251815594766315E-6,3.823321599976352E-6,3.876236743042822E-6,4.791964882353153E-6,1.1629417711021756E-5,3.832297908164123E-6,1.859482154352215E-7,5.850227523743782E-6,5.5301317080237716E-8,3.0735134664599695E-7,7.049975382429104E-7,1.7215577048556448E-6,3.6385538519274246E-6,5.892802279015904E-6,2.6222298184203965E-6,4.4510759878430986E-7,2.6248857214768694E-8,3.801134375959118E-7,1.617247980057782E-6,4.734112283881088E-6,7.872191222722756E-6,6.211607652236961E-6,4.398912683308366E-6,3.395420449378013E-6,2.425749018895949E-6,9.452133104998733E-7,1.6385092042997917E-8,1.0338805551139471E-7,1.0407203308313421E-7,3.641271962062813E-8,1.1364584989094628E-7,4.900050899073578E-7,1.2758782885854964E-6,2.4546548994407663E-6,3.7474764405103443E-6,4.608913423200603E-6,4.5577266909640315E-6,3.7531058247526075E-6,2.7963213464449887E-6,2.032778472975819E-6,1.4958938703253696E-6,1.121594222442955E-6,8.486286194511379E-7,6.373028934212693E-7,4.670080970484631E-7,3.3109899626374844E-7,2.3177660048154676E-7,1.7536197830304304E-7,1.686309601967803E-7,2.165337839118595E-7,3.212116745973722E-7,4.824183828566013E-7,6.998390279602845E-7,9.776645281931204E-7,1.331200566817257E-6,1.7950633800637423E-6,2.432268888335383E-6,3.337583918606981E-6,4.596112510901234E-6,6.070112080508122E-6,6.997450977295018E-6,6.475851320073263E-6,4.960508522323006E-6,3.4857428417599463E-6,2.4186692626353716E-6,1.7075647468257857E-6,1.2367810912574375E-6,9.211247891245939E-7,7.0824071173184E-7,5.675163453676857E-7,4.815622487463746E-7,4.412954248408237E-7,4.4360549964148046E-7,4.909237103148216E-7,5.926845357755532E-7,7.695516581335113E-7,1.062664913036636E-6,1.551581539642178E-6,2.376035120645886E-6,3.6631183703194835E-6,4.918600190063894E-6,4.606119845603415E-6,3.0918102875478486E-6,1.8686287333534676E-6,1.1512813314838767E-6,7.443785863002946E-7,5.044215187005775E-7,3.555968189755891E-7,2.588874818409087E-7,1.9349362318817187E-7,1.4779247246527662E-7,1.1498514885962303E-7,9.092728669153471E-8,7.299910199451603E-8,5.9490514720912194E-8,4.925288467897761E-8,4.149468466505813E-8,3.5657953447876184E-8,3.1341708983623306E-8
83.3504,2.8000831261897356E-7,2.285141390355366E-7,1.9268736443222766E-7,1.6721683383266675E-7,1.4892126097871968E-7,1.3582797473279526E-7,1.266899571182803E-7,1.2072178803902282E-7,1.174524338725922E-7,1.1664534403392789E-7,1.1826185939629054E-7,1.2245796590177214E-7,1.2961414852904325E-7,1.4040795029160737E-7,1.559534625528039E-7,1.7805948716002775E-7,2.097169718308213E-7,2.560642081659027E-7,3.2643141713164813E-7,4.3906882895844945E-7,6.333928287836821E-7,1.0068173802723617E-6,1.850292755033335E-6,4.296490085397716E-6,1.3418879080172765E-5,1.6059589779308876E-5,5.407294947680925E-6,2.354456661197721E-6,1.3188012078806201E-6,8.635167562341659E-7,6.272907514426423E-7,4.911695697693117E-7,4.075075008449404E-7,3.54437490641452E-7,3.209517505435856E-7,3.012123111788E-7,2.9213816627103433E-7,2.9232491299662393E-7,3.0158939077482455E-7,3.208779212101153E-7,3.5247812088890554E-7,4.0061904276785476E-7,4.7274366419708624E-7,5.821550714729125E-7,7.537909448426989E-7,1.0378724627726146E-6,1.545691029699683E-6,2.555717890542337E-6,4.86450737818786E-6,1.0732870247211754E-5,1.94074582573569E-5,1.3792528480840081E-5,6.989777506320391E-6,4.066551155382051E-6,2.788520819442943E-6,2.244890290131138E-6,2.4398290171153104E-6,1.5631438416423624E-4,1.6453188978697469E-7,1.0939826681469952E-6,1.8697159421339494E-7,2.96529843491974E-7,4.298568332340103E-7,5.990050184385943E-7,6.912693896530456E-7,1.061490791728355E-6,9.775817084696682E-7,2.755961000480303E-7,1.1755197453010951E-7,3.218330429057537E-7,8.69507226736086E-7,2.225186647708992E-6,6.286954079267375E-6,1.1015133010461522E-5,5.162890651471547E-6,2.0494528375931356E-6,8.248467320234985E-7,2.084157171863438E-7,3.948367775090198E-9,2.2170094277125595E-8,2.2512380452926558E-8,1.4579180063646645E-12,7.037459520559658E-8,4.0960629606508065E-7,1.3066565247985939E-6,3.103808401899578E-6,5.6077034018301826E-6,7.766409798045219E-6,9.045787947865482E-6,9.608423868769783E-6,9.302984709761873E-6,7.904752565328159E-6,5.903546445782471E-6,4.065403852890792E-6,2.695408701210456E-6,1.744983418515393E-6,1.0950160878935947E-6,6.59050766809389E-7,3.8900343520885013E-7,2.590276731212706E-7,2.511177008952808E-7,3.4639024154809135E-7,5.214307543382439E-7,7.490463869748393E-7,1.0028657290028065E-6,1.263940054154706E-6,1.52609484395596E-6,1.7975807015217947E-6,2.0993630258336356E-6,2.462118805306568E-6,2.92244831443996E-6,3.513590529236808E-6,4.236513221897595E-6,4.9908509105421E-6,5.494728612392758E-6,5.389580068966008E-6,4.630742875377737E-6,3.587570842052757E-6,2.6313317475269292E-6,1.9039977680088787E-6,1.3990959484013424E-6,1.0680869056355555E-6,8.649571558839511E-7,7.559542802297872E-7,7.186380092369857E-7,7.393670755301109E-7,8.116336060704574E-7,9.357165058870502E-7,1.1198557052725964E-6,1.383408288489877E-6,1.762734767066437E-6,2.31933108049656E-6,3.1385133904882986E-6,4.2512239451819876E-6,5.294753828010475E-6,5.255876260466243E-6,3.950265829794748E-6,2.5360935754408034E-6,1.578313061702387E-6,1.006183327298136E-6,6.662911367119091E-7,4.581420918723465E-7,3.258337508835147E-7,2.387427295122655E-7,1.7966971186673417E-7,1.3860441919239305E-7,1.0950262822135677E-7,8.858596887088923E-8,7.341646557626074E-8,6.237573128932293E-8,5.4362377948424715E-8
83.94576,2.4819387974354235E-7,1.9832317155198507E-7,1.6395089761804615E-7,1.395932793034544E-7,1.2201658331913665E-7,1.0923253305119774E-7,9.998180767710398E-8,9.34545994288118E-8,8.913390464991981E-8,8.670647846406948E-8,8.601400420643423E-8,8.703099971430724E-8,8.986401670879297E-8,9.47725891302822E-8,1.0221870725040538E-7,1.1296127337727647E-7,1.2823040360271983E-7,1.5005594449051915E-7,1.8191727602962743E-7,2.3011949849599812E-7,3.069801169567067E-7,4.391189405948731E-7,6.926630062531291E-7,1.2685612395221316E-6,2.997259117870749E-6,1.0834735303356772E-5,1.509618546051877E-5,4.051183195155427E-6,1.6250137388968967E-6,8.740374452616344E-7,5.562324900380036E-7,3.943795039725605E-7,3.018098629662623E-7,2.4475702153400284E-7,2.079553179946883E-7,1.837497904868918E-7,1.6802514996403918E-7,1.5849019709423465E-7,1.5389335445920814E-7,1.5365242229038645E-7,1.5769527940339467E-7,1.664336580963948E-7,1.808556206137805E-7,2.027741632195548E-7,2.3534582908133188E-7,2.84135561501E-7,3.5941417896036715E-7,4.815485341683105E-7,6.951846657227706E-7,1.1127604313864286E-6,2.0787050594552564E-6,4.969602822484861E-6,1.5159963538952008E-5,1.3516520021707865E-5,4.608925574365513E-6,2.0981331122074076E-6,1.2915259597659764E-6,4.53287027697429E-6,1.4470764544482167E-7,1.845899724852669E-7,3.769365205374589E-7,2.6321559121110554E-7,2.6314697720919084E-7,2.200810330317726E-7,1.3196139172407237E-7,1.941821416775814E-7,3.0609651130624843E-7,1.9340716820457424E-7,1.4143966136200048E-7,1.9692433216773702E-7,3.288073225626174E-7,5.505749175286372E-7,9.503825960741585E-7,1.9300734617193094E-6,5.5001564054731564E-6,1.7200115700474422E-6,2.84861310104749E-7,4.566954651734224E-8,8.400511647512346E-10,3.7570030577012206E-9,6.4600321733080694E-9,8.55142154563983E-9,2.966574753382473E-8,9.761716922458238E-8,2.567097024164069E-7,5.954313519999776E-7,1.307505708410964E-6,2.7877076935902997E-6,5.486470336053937E-6,8.514829462603102E-6,9.425741823475554E-6,8.519393250382391E-6,7.267411230524476E-6,6.020682234375465E-6,4.702184083522499E-6,3.3352844930246415E-6,2.083151096596092E-6,1.1060681275541982E-6,4.820869141033829E-7,2.2211909353407264E-7,3.025336102927212E-7,6.76817355220642E-7,1.2676773959067742E-6,1.9559331492009214E-6,2.592764591678548E-6,3.051600191160271E-6,3.286374831028506E-6,3.3374289504130347E-6,3.2847280501408688E-6,3.2006417017663233E-6,3.131295602908463E-6,3.0982947587513054E-6,3.1056055715790545E-6,3.1442737812999917E-6,3.194103668586407E-6,3.2244737621156472E-6,3.198059124412138E-6,3.081183319288657E-6,2.8602671386094715E-6,2.5553232493701583E-6,2.217535761701541E-6,1.9086783657320933E-6,1.6765263398011361E-6,1.5422007305500612E-6,1.5025128303746077E-6,1.5401018638600035E-6,1.6337937664575773E-6,1.7657443292459717E-6,1.925150112985955E-6,2.109570620459361E-6,2.3250554275096192E-6,2.5860066156995237E-6,2.915143318799148E-6,3.3425129167842716E-6,3.898243770182677E-6,4.582118241403697E-6,5.275802708126561E-6,5.61749993889762E-6,5.159865976295962E-6,4.002857038869242E-6,2.763615930649098E-6,1.8233035943767764E-6,1.2038597850480034E-6,8.123803194928995E-7,5.645069783132201E-7,4.0469402931904963E-7,2.9931245790635756E-7,2.282750484611214E-7,1.7943495754948207E-7,1.4528611839468644E-7,1.210767205899843E-7
84.54112,2.2297791861345463E-7,1.747727033507214E-7,1.4192319362827767E-7,1.1879991295186834E-7,1.0213843400298935E-7,8.995484143213709E-8,8.099938184104714E-8,7.446514370498412E-8,6.982572302697151E-8,6.67420923256728E-8,6.500892658180171E-8,6.45252320794602E-8,6.528184151331117E-8,6.736305375337657E-8,7.096347219830716E-8,7.642551319784345E-8,8.431019435379185E-8,9.552773636246014E-8,1.1158483092834967E-7,1.3507750807606901E-7,1.707464664415953E-7,2.2795864818948932E-7,3.2730770801482867E-7,5.213759801168648E-7,9.778924352791577E-7,2.464196816888311E-6,1.0897241958226864E-5,1.1020534583472005E-5,2.509385369108188E-6,1.0035951264232494E-6,5.39895159919041E-7,3.422964037137634E-7,2.409887715080884E-7,1.8266465193175245E-7,1.4642094240680548E-7,1.227461849728219E-7,1.0683496389199482E-7,9.607354069394633E-8,8.89722957704292E-8,8.467096775986637E-8,8.269685618140178E-8,8.28475135294855E-8,8.514437360269834E-8,8.983811669970068E-8,9.746803132401462E-8,1.0900062849441142E-7,1.2611333408000873E-7,1.517821688983271E-7,1.9157956266751284E-7,2.5683729723147627E-7,3.734847889658062E-7,6.1200189925737E-7,1.2231170794009498E-6,3.63017854805087E-6,1.8887335889262114E-5,4.7837908978337245E-6,1.1998954671905264E-6,9.33956116818994E-7,1.144941513699986E-7,1.0419466802931111E-7,5.876044987583031E-7,2.321428307202143E-7,1.7246384081941954E-7,8.593119262959433E-8,1.710463179865257E-8,6.669154351696702E-8,1.765563787203673E-7,1.578695963557142E-7,1.2328781087728702E-7,1.2590039816836362E-7,1.5049674953789805E-7,1.8121951135689847E-7,2.0241777523326706E-7,2.1039228283431002E-7,2.737079964508871E-7,1.1789087197507664E-6,1.0588159583066391E-7,1.4358963423083504E-8,3.315934259108964E-10,1.6038499561216947E-9,5.154507914830848E-9,9.210601556206993E-9,1.607500703011939E-8,2.8285199101987636E-8,4.75403055312604E-8,7.456240159263342E-8,1.0919710104042568E-7,1.5126472359742989E-7,2.034329531068153E-7,2.775053526369868E-7,4.0634353329893103E-7,6.666797407790457E-7,1.2133693203251313E-6,2.2261883142896032E-6,3.268136264458237E-6,2.901626784153314E-6,1.5997604276723189E-6,6.429350738485648E-7,1.8466897796819005E-7,5.8387825542216984E-8,1.3452813601290033E-7,3.4098768714381197E-7,6.458062367137597E-7,1.046532902741765E-6,1.5672233965449208E-6,2.260391616012668E-6,3.207267749058718E-6,4.491513549993182E-6,6.076499460929386E-6,7.536707758765939E-6,8.059314996570354E-6,7.3394804384766E-6,5.997207096543653E-6,4.680293190662093E-6,3.616234278327156E-6,2.799162890943756E-6,2.1695330046227026E-6,1.6762738989267143E-6,1.2870387271543916E-6,9.846070040922835E-7,7.615119738470611E-7,6.158832143912016E-7,5.489886375055156E-7,5.642609886589175E-7,6.67352505858554E-7,8.666197435741146E-7,1.1732021370541242E-6,1.5993467807182843E-6,2.152891629818778E-6,2.825777897005367E-6,3.5778776948796342E-6,4.32713520915687E-6,4.9659150133664674E-6,5.40848372369165E-6,5.63515450768586E-6,5.692029712667478E-6,5.6532266640489006E-6,5.583349737482598E-6,5.518981295147987E-6,5.4630605014043405E-6,5.382000868991009E-6,5.205952575360204E-6,4.848552553334028E-6,4.2637082416079825E-6,3.5070454889787532E-6,2.7183758456428256E-6,2.0268563182702596E-6,1.4885327748032133E-6,1.0977595741359854E-6,8.234285115887565E-7,6.326860066471502E-7
85.13648,2.027886194598613E-7,1.561955023948713E-7,1.2482340400290041E-7,1.0292131686816344E-7,8.72093704423669E-8,7.571907862256623E-8,6.722059058103321E-8,6.09219453002065E-8,5.630319585626917E-8,5.302146340699763E-8,5.0855424761149766E-8,4.9673106912761875E-8,4.941466096353873E-8,5.008613999816827E-8,5.176319571585877E-8,5.46062202620489E-8,5.88918847123027E-8,6.507194798180932E-8,7.388217946847829E-8,8.655095384693838E-8,1.0522215936031688E-7,1.3388172017525834E-7,1.8060443024183782E-7,2.6379111208073443E-7,4.3306280064659995E-7,8.619471588239448E-7,2.5037281558213158E-6,1.504590697342865E-5,5.466469771961503E-6,1.3316118258182481E-6,5.705426765882817E-7,3.173955714974877E-7,2.0455040359528014E-7,1.4503693099636683E-7,1.1009596371486625E-7,8.804552892229602E-8,7.343328461504842E-8,6.344969897372407E-8,5.6539843996366545E-8,5.1800460717264166E-8,4.869481046657118E-8,4.690993853288911E-8,4.6284204964291674E-8,4.677388411632725E-8,4.844616358418552E-8,5.149651753729321E-8,5.629816186872844E-8,6.350651790697426E-8,7.427469241024097E-8,9.07215146209047E-8,1.1704774007053431E-7,1.625818076028181E-7,2.5186676317193064E-7,4.6973631659154796E-7,1.3083569580774215E-6,1.3965853299916092E-5,2.157189549891088E-6,4.2527298312767816E-7,7.896138292144535E-8,1.3469935247788332E-7,8.392517014445222E-7,2.0881277296578133E-7,1.247002491250043E-7,3.895374769228626E-8,2.494377469333148E-10,5.4910960700725127E-8,1.4664623303066558E-7,1.3561768419629412E-7,1.0187370681375462E-7,8.878154325228489E-8,8.696897086209572E-8,8.422025443411618E-8,7.025419893247651E-8,4.381377728137572E-8,1.3938989604779979E-8,2.5055271447776277E-8,9.069983274886867E-8,1.0356261309415679E-8,2.68503277469694E-10,1.1505423837570608E-9,4.0899637798007406E-9,7.02296853551497E-9,1.0036379087793946E-8,1.3407524062485638E-8,1.6965966128381333E-8,1.9996634043980964E-8,2.143406378403699E-8,2.0362595266366965E-8,1.6646262336070582E-8,1.1317776833886394E-8,6.627446298610611E-9,6.015495156751872E-9,1.424037614219541E-8,3.7777699987099324E-8,8.613202471077583E-8,1.7700116397514106E-7,3.5612191447794437E-7,7.766122187143604E-7,1.996231228204212E-6,3.836264234544008E-6,2.284794676476272E-6,1.1804639258633674E-6,7.596800265669813E-7,5.695931771450993E-7,4.659002811617177E-7,3.999121850293792E-7,3.5300437125418334E-7,3.178856664570165E-7,2.9238822720192335E-7,2.771166346611566E-7,2.7451468609088065E-7,2.886079620089538E-7,3.252272093809572E-7,3.927410106720317E-7,5.033517506619145E-7,6.740339559878668E-7,9.189841726351139E-7,1.1904603828118272E-6,1.2065941599764752E-6,7.292794215667824E-7,2.5850117186977213E-7,5.3877474582572465E-8,3.0392267708148473E-9,1.3608987214183496E-8,4.5940369653755E-8,8.45403824570028E-8,1.2353840959641118E-7,1.6102263942812914E-7,1.9682493314515539E-7,2.316078583304778E-7,2.664719410036908E-7,3.0278841439544934E-7,3.421391304117436E-7,3.8631243175688424E-7,4.373304978037844E-7,4.97493913215764E-7,5.694309403732241E-7,6.561334685524998E-7,7.60946006446804E-7,8.874419133754741E-7,1.0390641421098132E-6,1.2183268348615094E-6,1.4253146486278493E-6,1.6553476588299398E-6,1.896357626093686E-6,2.1279972967087325E-6,2.32573948272858E-6,2.471032459862463E-6,2.5618340506903927E-6,2.6143171275084524E-6,2.6540322935166855E-6
85.73184,1.864932849165317E-7,1.414143379287784E-7,1.1141936411246248E-7,9.065979091942583E-8,7.585234338867006E-8,6.505055868530691E-8,5.704928135286761E-8,5.10765604478127E-8,4.66255944616533E-8,4.3359148617631304E-8,4.1053557826027046E-8,3.9565554543553796E-8,3.881314570232148E-8,3.876601733768667E-8,3.94434939583878E-8,4.091998491168829E-8,4.333986379856147E-8,4.69467271089665E-8,5.213755254457053E-8,5.9564025071767865E-8,7.0330424189739E-8,8.640599188480698E-8,1.1156186664760025E-7,1.53756688316491E-7,2.322244388675885E-7,4.037502856289977E-7,9.007541740222554E-7,3.5076843670855034E-6,1.6595034519585E-5,2.1224116060785942E-6,6.546584171889529E-7,3.1134831450954153E-7,1.8251031787315078E-7,1.210976564880205E-7,8.732420412432712E-8,6.69216246949268E-8,5.377266039127376E-8,4.4910341832212117E-8,3.8761053965294614E-8,3.443364938572985E-8,3.139998581537506E-8,2.933964173083473E-8,2.806029118636475E-8,2.7456189432474157E-8,2.748807299816295E-8,2.8177429049824588E-8,2.9613677916914038E-8,3.1977867158946696E-8,3.559430941907852E-8,4.103875998012288E-8,4.9377060257802463E-8,6.274742254840328E-8,8.601035738437079E-8,1.3258582455435166E-7,2.541262942965439E-7,8.607596075339469E-7,2.2676774132713358E-5,2.81656106828485E-7,4.919149878992936E-8,1.5312963609764688E-7,1.132599668769495E-6,1.9062428748984673E-7,9.943858262890469E-8,2.5268720785973994E-8,6.698418389013993E-9,6.201128279372494E-8,1.3662301403896986E-7,1.1968286456406471E-7,8.487802945254247E-8,6.745562925430806E-8,5.9223905114099614E-8,5.105065146229673E-8,3.731437862266102E-8,2.010055078469118E-8,7.572936759599507E-9,3.2790878308057287E-8,2.25255054313531E-7,1.1854381919293414E-8,2.733005362989597E-10,9.132156028176916E-10,3.1815207231308243E-9,5.192902996378074E-9,6.83144743891609E-9,8.191244479718897E-9,9.182154619029211E-9,9.52324580373079E-9,8.909416592481326E-9,7.263391625331846E-9,4.904895879262864E-9,2.519988530557571E-9,1.0235065042769467E-9,1.4642248460971555E-9,4.998601323849441E-9,1.28920281488597E-8,2.6603663143296484E-8,4.8227288020629486E-8,8.184770309373214E-8,1.3705538473633908E-7,2.3883565007592156E-7,4.627382579632995E-7,1.1066866348545543E-6,3.869243717896768E-6,7.786051995804361E-6,2.2054694649861023E-6,8.145187967489265E-7,3.9344910093799765E-7,2.1448976042136973E-7,1.2156369868016084E-7,6.760977901111489E-8,3.4794535032127327E-8,1.517094743309878E-8,4.7154326438740205E-9,1.1689819371536911E-9,3.1728502425239027E-9,9.919558478471593E-9,2.1062248261008617E-8,3.682113892760888E-8,5.8343671976913135E-8,8.85541776738815E-8,1.3422881691409037E-7,2.1178676015246333E-7,3.667867412643572E-7,7.57828367103646E-7,2.101143232990553E-6,4.377888290263247E-6,1.5675259051453946E-6,5.595161508665337E-7,2.6344558403226345E-7,1.4592508943239334E-7,8.875148910415177E-8,5.6999766082641715E-8,3.77372760272712E-8,2.5345872333467527E-8,1.7076212734699648E-8,1.1448065634599978E-8,7.596501473541331E-9,4.977889692109284E-9,3.227864929584958E-9,2.0889721408670066E-9,1.3723541749446827E-9,9.368435606305914E-10,6.771696648803244E-10,5.169229497014835E-10,4.0390767216799584E-10,3.066113458131413E-10,2.111806943644198E-10,1.187189983355694E-10,4.299916288374378E-11,8.875711024525976E-12,5.183475453830592E-11,2.1932603564635492E-10
86.3272,1.7326366999247742E-7,1.295844294343847E-7,1.0084303977970842E-7,8.11183140813626E-8,6.71339582233429E-8,5.696972045266457E-8,4.9447105741433836E-8,4.381584442273791E-8,3.958469367846726E-8,3.6425921332095304E-8,3.4119495100619896E-8,3.251979016954297E-8,3.1535802220207174E-8,3.1120094835188436E-8,3.126411254563715E-8,3.1999085108989064E-8,3.340315583859069E-8,3.561715109402304E-8,3.887441716128493E-8,4.355614037821618E-8,5.029678947046174E-8,6.019621134948735E-8,7.527958861922351E-8,9.959907119667497E-8,1.422461263643824E-7,2.2725885701124684E-7,4.3663310576121337E-7,1.2113129754879205E-6,8.94346509132832E-6,4.360933352379588E-6,8.142071588084758E-7,3.200233129924067E-7,1.695188863446839E-7,1.0533456298168872E-7,7.239138123003494E-8,5.338988497072446E-8,4.1525948746471635E-8,3.369334626503442E-8,2.831557425819263E-8,2.4527447758681374E-8,2.1825870472811122E-8,1.9906351888265458E-8,1.8580963420391323E-8,1.7735219105161748E-8,1.7305207883782228E-8,1.7266485769050276E-8,1.763117743023962E-8,1.8452818709598733E-8,1.984158164783677E-8,2.1997833110751198E-8,2.5284443670011924E-8,3.039347386505097E-8,3.878060643702175E-8,5.4028019381512476E-8,8.756142113373613E-8,1.9959723139670974E-7,2.1423545909852724E-6,2.3878501797189843E-7,2.969254205719528E-8,1.5413530943612306E-7,1.3362214826093642E-6,1.7407623159341876E-7,8.514480501081071E-8,2.408397557637951E-8,1.694583744300034E-8,6.980980585479847E-8,1.31417260152062E-7,1.0811383753895717E-7,7.244776224836295E-8,5.4126738698230866E-8,4.4724942185070366E-8,3.668906840848856E-8,2.6389213190368445E-8,1.628945582700916E-8,1.3168182075470658E-8,4.46999969743531E-8,4.6812752074135045E-7,1.4055371921509173E-8,2.8389394130084436E-10,7.491253390381837E-10,2.5268984741731093E-9,3.962064406344247E-9,4.986983006781719E-9,5.703355625420187E-9,6.107001979788955E-9,6.1017299687712516E-9,5.609937834878548E-9,4.700472713887976E-9,3.6347947221099363E-9,2.8044027481253304E-9,2.643307751802764E-9,3.58393943011118E-9,6.0436210846099385E-9,1.0410185774434635E-8,1.704705681805101E-8,2.6399568107120074E-8,3.9298243536957816E-8,5.755400972866974E-8,8.511443237140761E-8,1.3079457737900166E-7,2.1632211226063776E-7,4.060142201072738E-7,9.530557791247169E-7,3.1585618880013755E-6,3.991186635715043E-6,1.0929338806034856E-6,4.0004250010464895E-7,1.8592465536104436E-7,9.875016817028428E-8,5.781405706551535E-8,3.7713559281642814E-8,2.849104371821569E-8,2.559534168320905E-8,2.6711772013284628E-8,3.058875213408504E-8,3.655965365633471E-8,4.435062913262992E-8,5.403217255970804E-8,6.607100938270811E-8,8.149872407486307E-8,1.0229415059697024E-7,1.3226217787306767E-7,1.7924430577932638E-7,2.614964992910665E-7,4.301264012825523E-7,8.750799603605377E-7,2.6691402302934648E-6,6.17276583695432E-6,1.4132375675455384E-6,4.345688484753766E-7,1.8685591472436087E-7,9.597145341572853E-8,5.48630116334819E-8,3.378286388039847E-8,2.2086897217673317E-8,1.5267585229386536E-8,1.1172929744314702E-8,8.679560896548398E-9,7.159744915227535E-9,6.243997329856124E-9,5.706295654677908E-9,5.40467312544951E-9,5.248628272822862E-9,5.180294599680245E-9,5.163038234159682E-9,5.174261484123962E-9,5.200707727999406E-9,5.235334665378966E-9,5.2752267136137265E-9,5.320232966642743E-9,5.372135099934645E-9
86.92256,1.6248712312773181E-7,1.2009158540843417E-7,9.247384123528237E-8,7.3666496830993E-8,6.040973692594422E-8,5.0812332790979045E-8,4.372289681040597E-8,3.841279974866125E-8,3.440669615044864E-8,3.138754680945289E-8,2.914135505503138E-8,2.752415901232742E-8,2.6442150433761083E-8,2.5840040136728625E-8,2.5695120822884466E-8,2.601591892834854E-8,2.6845443872562453E-8,2.827026271998393E-8,3.043848176868829E-8,3.3593195430355267E-8,3.813534536341641E-8,4.47471011981215E-8,5.465062840110482E-8,7.020123594144773E-8,9.641689784943465E-8,1.4561113601360307E-7,2.5512947388158E-7,5.866760479672433E-7,2.6206049505345294E-6,1.1841663194448848E-5,1.0940208245803005E-6,3.410139071437362E-7,1.6240365759628126E-7,9.470171541666727E-8,6.22707372497848E-8,4.439191658940142E-8,3.357325534627151E-8,2.6585147401066365E-8,2.1855092844713287E-8,1.8546155708090764E-8,1.618215844920627E-8,1.4478471292934834E-8,1.3259274582477206E-8,1.2414633474462497E-8,1.1877426779191092E-8,1.1611058351213709E-8,1.1603789204594851E-8,1.1868109186030795E-8,1.2445448426416563E-8,1.3418891884001779E-8,1.4941325273068757E-8,1.729895378788225E-8,2.1069587912730676E-8,2.7587188023160797E-8,4.0701847938504886E-8,7.720234259388524E-8,3.6045608845216883E-7,2.4178458955705784E-7,1.882727378343305E-8,1.4767827979464207E-7,1.272334555196554E-6,1.5751369379932108E-7,7.556616858208106E-8,2.662835762859235E-8,2.553650182509147E-8,7.498524926662765E-8,1.2770864112317385E-7,9.986465484805835E-8,6.364362841085726E-8,4.537015908191009E-8,3.6103859866004244E-8,2.9097406243147927E-8,2.152953665851521E-8,1.545486945138058E-8,1.6273710603976672E-8,4.600776349356079E-8,5.597687988725981E-7,1.5917721461962016E-8,2.91563181987666E-10,6.33262979668461E-10,2.0804225285632154E-9,3.1633703056791467E-9,3.870403748790226E-9,4.316905153069612E-9,4.537346379366356E-9,4.504700989301379E-9,4.206789569470173E-9,3.7206580860056654E-9,3.2268487617493436E-9,2.9610568545273455E-9,3.1615731706348625E-9,4.046568663364776E-9,5.805677672605184E-9,8.587489103809124E-9,1.2497806137093105E-8,1.7649957568523967E-8,2.4295519522365497E-8,3.303332081861796E-8,4.5122286535192246E-8,6.307072539463616E-8,9.205060190393875E-8,1.4388912203493097E-7,2.5043007584483395E-7,5.192288018993768E-7,1.390282977492738E-6,2.5166980524637646E-6,9.450029220245226E-7,3.484140841804443E-7,1.6680348165274539E-7,9.6251687752056E-8,6.435468530233865E-8,4.897069378016707E-8,4.1722697496635516E-8,3.8923290652070716E-8,3.877160955929261E-8,4.0337158668827317E-8,4.3150769724572943E-8,4.7034117616461934E-8,5.20379066123948E-8,5.8443989005975424E-8,6.682904301845443E-8,7.822672476481197E-8,9.449615345872538E-8,1.191904911959482E-7,1.5981316231547343E-7,2.3462041999373683E-7,3.980257197680492E-7,8.68439730261937E-7,2.7290335141914213E-6,2.530130287154324E-6,6.534333633751978E-7,2.4329416386437575E-7,1.1779934824555737E-7,6.676827317820253E-8,4.2094804395267195E-8,2.8746058863532554E-8,2.0937024046544376E-8,1.6096892688574193E-8,1.2957686095216072E-8,1.0843204967141816E-8,9.370667210653117E-9,8.313217091592504E-9,7.531618208009858E-9,6.938148992690565E-9,6.476501406216345E-9,6.1100893088352924E-9,5.814999712275797E-9,5.575625357242811E-9,5.381911710079988E-9,5.227613993012357E-9,5.109208635468114E-9
87.51792,1.5370691063445365E-7,1.1248502674024092E-7,8.58632076243339E-8,6.785575812136083E-8,5.5228330073297205E-8,4.612070144746887E-8,3.940819488176378E-8,3.4382894633320814E-8,3.058466185679445E-8,2.7707042102487113E-8,2.55427550855559E-8,2.3951170110196444E-8,2.2838601938280222E-8,2.2146514136693344E-8,2.1845004106645107E-8,2.1930299370617256E-8,2.2425958141266635E-8,2.3388399493713855E-8,2.4918670028012105E-8,2.7184622488961058E-8,3.04623284847555E-8,3.521604394412096E-8,4.2261985895768864E-8,5.313210858099335E-8,7.097381721959664E-8,1.0312295701982915E-7,1.7015121380632513E-7,3.49796483456174E-7,1.1664899860401613E-6,1.5701666140182736E-5,1.5729276761039274E-6,3.7190924630350966E-7,1.5903280242393487E-7,8.739940079566403E-8,5.525771793193301E-8,3.8260002821404755E-8,2.8264294214226023E-8,2.1937588498014668E-8,1.7715730502451042E-8,1.4788664106163332E-8,1.2704766210477571E-8,1.1197829464388664E-8,1.0104479886348532E-8,9.322025379636642E-9,8.785898529754007E-9,8.457356176473993E-9,8.31708120528101E-9,8.362753506273577E-9,8.610125933575272E-9,9.098550720434346E-9,9.904276472802642E-9,1.1170614669980602E-8,1.318153234913479E-8,1.6569697689307916E-8,2.3060680412822297E-8,3.945610539562586E-8,1.3213483957479855E-7,2.7618730204033957E-7,1.3245902152071488E-8,1.3987335508648234E-7,1.0399833318777584E-6,1.4153733230076315E-7,6.772287147478717E-8,2.9187702549888334E-8,3.1233405773913324E-8,7.745354159047237E-8,1.2467865501325786E-7,9.417483591069492E-8,5.7588168916969486E-8,3.951188191248328E-8,3.056384134679744E-8,2.4448207816137038E-8,1.8693468123687855E-8,1.4848425942388283E-8,1.7254217363403674E-8,4.3729420817188716E-8,4.824586997952336E-7,1.7270391734148652E-8,2.9617006277696643E-10,5.524016837899589E-10,1.7814389531547685E-9,2.6466590180957887E-9,3.172961976453272E-9,3.481855686768387E-9,3.6239515229723724E-9,3.6002898242387264E-9,3.419129238818869E-9,3.145193483644518E-9,2.9054991667955993E-9,2.8553010769906728E-9,3.14440042041215E-9,3.903163226550556E-9,5.235733185350567E-9,7.209599434999567E-9,9.85384824842736E-9,1.3192416965754773E-8,1.7322924669055183E-8,2.2525153622773272E-8,2.9393502463150077E-8,3.90503425982676E-8,5.3612713488087585E-8,7.73684183636252E-8,1.2009954587110768E-7,2.0802824617880578E-7,4.264582952132768E-7,1.049251839613406E-6,1.4409785596755095E-6,5.998157214261142E-7,2.5391135449462374E-7,1.3504056899619626E-7,8.568262306092357E-8,6.223231806465512E-8,5.0264073575620456E-8,4.407357797675121E-8,4.1085492186222534E-8,4.0028271148664403E-8,4.02496596759822E-8,4.1434301277821426E-8,4.348248940801965E-8,4.646385735347693E-8,5.061771433210999E-8,5.6401352206544567E-8,6.461574734358946E-8,7.669057460443158E-8,9.534934742885728E-8,1.2631370182466707E-7,1.8333699661521348E-7,3.0628870378727565E-7,6.439802568474964E-7,1.7674557758595834E-6,1.6916557150659263E-6,5.146454813782783E-7,2.0264471059718187E-7,1.0167947856086876E-7,5.947019194747163E-8,3.8604877201985956E-8,2.705636913526702E-8,2.0124945295935215E-8,1.5700901051839896E-8,1.2735542675142267E-8,1.066569006823608E-8,9.17020455683765E-9,8.057101110246099E-9,7.207201825719276E-9,6.544254770690919E-9,6.018269102658608E-9,5.595824478855506E-9,5.254242124212558E-9,4.977987025170213E-9,4.756408895178159E-9,4.582314121471586E-9
88.11328,1.465815517266032E-7,1.0643234820016156E-7,8.068496361423398E-8,6.336454892444298E-8,5.127087236109797E-8,4.2576182959624764E-8,3.618164198656979E-8,3.1398664575719335E-8,2.778112043807564E-8,2.503239679941531E-8,2.2951764894094842E-8,2.1402433636943615E-8,2.0292150541272598E-8,1.9561449987466665E-8,1.9176901437802275E-8,1.9128011304558562E-8,1.9427307515916374E-8,2.011391096034916E-8,2.1261875780883018E-8,2.2996220653288458E-8,2.5522830566131578E-8,2.9185600554526026E-8,3.458156663283245E-8,4.281103354235673E-8,5.607836182888754E-8,7.934300671332927E-8,1.257998559711177E-7,2.4112570714621825E-7,6.820068554695665E-7,6.510181358489824E-6,2.360083485963483E-6,4.086891409649798E-7,1.5776494416970045E-7,8.230190207055872E-8,5.034604369838315E-8,3.4038610599395016E-8,2.467800749921691E-8,1.8854566885696173E-8,1.5016473197035635E-8,1.2378048416627142E-8,1.0508663637387047E-8,9.157630585559625E-9,8.172284259271379E-9,7.456783855293984E-9,6.950243385326226E-9,6.614750213284276E-9,6.428874878530418E-9,6.384629352813257E-9,6.487127761252752E-9,6.757236668833344E-9,7.238967825836827E-9,8.01666426570069E-9,9.256659503778371E-9,1.1322699350329262E-8,1.5175526633150528E-8,2.43939754332711E-8,6.893696064587475E-8,3.3604774357742195E-7,1.029385321957584E-8,1.3310440687151923E-7,8.306374787132064E-7,1.278956013363201E-7,6.060321214103585E-8,3.043184403773072E-8,3.416866315634473E-8,7.778717216793866E-8,1.2210124727433977E-7,9.045435274563292E-8,5.361064569180911E-8,3.5642431173066166E-8,2.688842638730768E-8,2.1339692236563572E-8,1.6708978797966347E-8,1.4111746527327238E-8,1.7113624036452823E-8,4.062946567655744E-8,3.9003505873065193E-7,1.8134179177101036E-8,2.9837893687777797E-10,4.969512291011634E-10,1.5842297505908792E-9,2.3143036672538437E-9,2.732627074441129E-9,2.962081603763457E-9,3.0600889829838207E-9,3.0407017234962996E-9,2.919872782733383E-9,2.7512699846042855E-9,2.6296897726528744E-9,2.666900671207301E-9,2.96853435101981E-9,3.6242455236257354E-9,4.701526147172062E-9,6.236439422638375E-9,8.231972286630362E-9,1.0683460321270417E-8,1.3635624045779381E-8,1.725371073669987E-8,2.1897779101371058E-8,2.822868374823708E-8,3.743075349483061E-8,5.1746826331997235E-8,7.5869421600086E-8,1.2100443548742038E-7,2.185818727228104E-7,4.6862102623110896E-7,1.003838220146684E-6,8.074788682283725E-7,3.4531402743007247E-7,1.7078262174898428E-7,1.0237999917822556E-7,7.106373936317317E-8,5.507088638322668E-8,4.6375137389370515E-8,4.155276406636004E-8,3.897754535543883E-8,3.782514665205902E-8,3.7676548575719455E-8,3.8347080358108594E-8,3.9811763866985146E-8,4.2180606664453426E-8,4.571172587137403E-8,5.087134024937679E-8,5.8476573313043116E-8,7.00167501337621E-8,8.841728750392773E-8,1.2006307074160312E-7,1.8103527840588806E-7,3.204446371508166E-7,7.211617587308932E-7,1.6033176620867301E-6,8.666971022743756E-7,3.037053764967721E-7,1.367441939295087E-7,7.461145593463036E-8,4.623080152115618E-8,3.1320987526186646E-8,2.2678629395541866E-8,1.729119782744495E-8,1.3738268634818874E-8,1.1286787926483037E-8,9.531083258976214E-9,8.233933823900858E-9,7.250345028772816E-9,6.488439508603577E-9,5.888242004343303E-9,5.409626016399274E-9,5.025199730955668E-9,4.71597705030701E-9,4.468682144864901E-9,4.274046113071441E-9
88.70864,1.408568045218657E-7,1.0168895232567877E-7,7.670218905794124E-8,5.996242747449839E-8,4.831191481854925E-8,3.995649973851042E-8,3.382205168747105E-8,2.9237714949574602E-8,2.5769935525699975E-8,2.3130900376910856E-8,2.112585625613635E-8,1.9621782341035362E-8,1.8528352178359564E-8,1.778632926015398E-8,1.736075900920762E-8,1.723758191106974E-8,1.7423113473380343E-8,1.794652181695685E-8,1.8866243685996423E-8,2.0282580115571242E-8,2.2361232690189926E-8,2.5378011002847262E-8,2.980794633096363E-8,3.6516054466095104E-8,4.720665209471054E-8,6.56259206442714E-8,1.014058688129943E-7,1.8609170121355577E-7,4.785891298161246E-7,3.27769325569495E-6,3.505131565103392E-6,4.4448024542416965E-7,1.5721789308259197E-7,7.867735851530356E-8,4.692295734038367E-8,3.1161669935397246E-8,2.2280978802709625E-8,1.6828557518173996E-8,1.3269346494153248E-8,1.0839313840395146E-8,9.12506425472629E-9,7.888257857418283E-9,6.984704832365757E-9,6.324138945128279E-9,5.8490231948815204E-9,5.52294758802152E-9,5.324246020383362E-9,5.242769295540903E-9,5.278961472351029E-9,5.445248199096576E-9,5.7708156634070195E-9,6.313103905104459E-9,7.185719200105093E-9,8.635021446375416E-9,1.1300561846452009E-8,1.7491812170035083E-8,4.5047126806177207E-8,4.1078858252008043E-7,8.42923178896586E-9,1.279874026027132E-7,6.997814011872414E-7,1.1813909653883114E-7,5.416585618485482E-8,3.016787033643956E-8,3.487311293027698E-8,7.657091773265168E-8,1.1988589140960178E-7,8.824153332737738E-8,5.121958674241374E-8,3.322399984718602E-8,2.4481955080223264E-8,1.9190960643131136E-8,1.5200022719226866E-8,1.3291402077580054E-8,1.645983407179209E-8,3.7650734085729785E-8,3.250985590747258E-7,1.8558958535614274E-8,2.985168115271544E-10,4.6015509389532967E-10,1.4584527127818474E-9,2.106724049394157E-9,2.4601511628565465E-9,2.6407963973603876E-9,2.7090625928569337E-9,2.686100391130897E-9,2.5920938423398045E-9,2.473952325408473E-9,2.407650670084103E-9,2.4804985151858517E-9,2.7744997041564657E-9,3.3589432901049402E-9,4.284546531176264E-9,5.574665119697502E-9,7.2232379425631195E-9,9.21561456241539E-9,1.1574759276914652E-8,1.441592933083759E-8,1.7997830816092487E-8,2.278870984733015E-8,2.9602803248884608E-8,3.992272735620515E-8,5.6703227589200146E-8,8.6572268472492E-8,1.4667079726947645E-7,2.8783674622258333E-7,6.321432105841933E-7,8.228328397931018E-7,4.165136754653721E-7,1.9913599988899256E-7,1.1436553213260096E-7,7.668529252015468E-8,5.7718736735319635E-8,4.734588388525781E-8,4.1405175689622176E-8,3.797461326779119E-8,3.6094101514851806E-8,3.5270278015748235E-8,3.526590604121872E-8,3.6005849156256773E-8,3.7538961436104065E-8,4.003604843654985E-8,4.382467643031316E-8,4.948114087077742E-8,5.8036569149254515E-8,7.144951529824977E-8,9.378886380564906E-8,1.3460308372974913E-7,2.2025171064067967E-7,4.386610130674363E-7,1.0363846366184606E-6,1.0749413427345905E-6,3.998009502752066E-7,1.6778104138288187E-7,8.688444792952196E-8,5.1970951127683973E-8,3.433785852747132E-8,2.439165260288625E-8,1.8309639622135963E-8,1.4354417236122684E-8,1.1654068465974508E-8,9.736277723311053E-9,8.329313037163672E-9,7.269096093854062E-9,6.452563684013212E-9,5.812829165903965E-9,5.305285523366941E-9,4.899506054496082E-9,4.574364296970441E-9,4.3150159731395895E-9,4.110997384358748E-9
89.304,1.3634625886350155E-7,9.807718410774711E-8,7.374495481351282E-8,5.74863003147759E-8,4.619400468715776E-8,3.810842274987878E-8,3.217887648514161E-8,2.7750555571181493E-8,2.4400965104111913E-8,2.184992822485982E-8,1.990790499267493E-8,1.8445295714641366E-8,1.737378308647981E-8,1.6634924838719665E-8,1.619339008359317E-8,1.6033463075921228E-8,1.6158223890226333E-8,1.659144907172475E-8,1.7382994290301278E-8,1.861954192290289E-8,2.0444732561755426E-8,2.3097286316374628E-8,2.6986519299283575E-8,3.2852597152681074E-8,4.213965133702003E-8,5.797898665246274E-8,8.826351087880114E-8,1.5803748598621588E-7,3.8606664042117395E-7,2.219526752926187E-6,4.740095518376329E-6,4.698315370496891E-7,1.5625097902830397E-7,7.604963234815492E-8,4.461284539985541E-8,2.9290199851041173E-8,2.0759933106271034E-8,1.556712417284031E-8,1.2198432584301866E-8,9.908831933092739E-9,8.29852834379144E-9,7.1384617946642036E-9,6.2906718597732964E-9,5.6689952284677065E-9,5.21846436129642E-9,4.904049366974166E-9,4.70442713258023E-9,4.608731634666945E-9,4.615398798272975E-9,4.732996912283394E-9,4.9838229455369346E-9,5.412822453026067E-9,6.1093526860089135E-9,7.266680634938279E-9,9.382589880285307E-9,1.4227613881748559E-8,3.4947210224931805E-8,4.781264181172676E-7,6.922101078625956E-9,1.2445331945749062E-7,6.369230670814644E-7,1.130563939466205E-7,4.867951615731244E-8,2.8674937375875145E-8,3.391459930455741E-8,7.42466283086549E-8,1.1795205860287481E-7,8.717188562229893E-8,5.005701505949611E-8,3.19192075484657E-8,2.3024358011923686E-8,1.7734408358794527E-8,1.4034717169085022E-8,1.2470105446246623E-8,1.560903050130124E-8,3.5086810265294995E-8,2.851106332557337E-7,1.858848490676677E-8,2.9659492620523775E-10,4.3748277209685664E-10,1.3849276785970362E-9,1.98828337780791E-9,2.3051296437029633E-9,2.4558117963527553E-9,2.5020925985496372E-9,2.4696808569923066E-9,2.3823389150388263E-9,2.284151410747983E-9,2.2407984662816076E-9,2.3258597567757495E-9,2.6084832306616504E-9,3.147766129983157E-9,3.9871984864931076E-9,5.145884106954043E-9,6.615609652746409E-9,8.378519187068875E-9,1.0447623916447105E-8,1.2914126488391517E-8,1.5989053889097264E-8,2.0053007712303198E-8,2.5757524144974872E-8,3.426369042141599E-8,4.782568216569218E-8,7.133700413880345E-8,1.1693084974303101E-7,2.1903573798164202E-7,4.686987901444414E-7,7.471082268508537E-7,4.526845506839236E-7,2.1608553478935376E-7,1.2102721636758755E-7,7.94258973432238E-8,5.8742514395235495E-8,4.7468880486017666E-8,4.0965432790829964E-8,3.71254727918914E-8,3.49075735558347E-8,3.3775961829786266E-8,3.346516878153736E-8,3.387477289977619E-8,3.502435197951153E-8,3.7044442162812987E-8,4.020048778222715E-8,4.496377061986339E-8,5.2171558225464815E-8,6.338834235311192E-8,8.178450223221735E-8,1.1454043618168752E-7,1.8050646077000162E-7,3.387635647456263E-7,7.718719499915829E-7,1.091949289167434E-6,4.6571859421952786E-7,1.8936413766793913E-7,9.497585283384966E-8,5.5565760077206986E-8,3.614397945234608E-8,2.5376922334333415E-8,1.88742012106625E-8,1.4683918096751342E-8,1.1842997610372587E-8,9.836534341484571E-9,8.371277378886413E-9,7.271525423988773E-9,6.427559294869659E-9,5.768475992916222E-9,5.247127245860143E-9,4.831407236506157E-9,4.499034594718044E-9,4.234339494275654E-9,4.026244381911855E-9
89.89936,1.3291793659497035E-7,9.547215877337983E-8,7.169543074749704E-8,5.5824770155298625E-8,4.481119234374838E-8,3.6930316942941385E-8,3.115362596115198E-8,2.6840673161737725E-8,2.357850669188337E-8,2.1093398995998395E-8,1.9200197752324258E-8,1.777225717640244E-8,1.6723161779562143E-8,1.5995540424425964E-8,1.5554408762271885E-8,1.5383681575365352E-8,1.5485259737020764E-8,1.5880703752067544E-8,1.661618375522852E-8,1.7772439924218265E-8,1.9483463238421807E-8,2.197183089790355E-8,2.5618538279726378E-8,3.1110689264703596E-8,3.978381935546672E-8,5.451853104436524E-8,8.252049472779305E-8,1.4637843343044073E-7,3.5080948555579654E-7,1.8940828380203404E-6,5.3668565241487395E-6,4.7572822199176297E-7,1.5408207796158828E-7,7.41316682934892E-8,4.31945946075768E-8,2.8227718536887826E-8,1.993636186026038E-8,1.4906491096260122E-8,1.1651782613409949E-8,9.443751874623284E-9,7.892789665466654E-9,6.776239171801315E-9,5.960243116594868E-9,5.361288317093817E-9,4.9260914621077974E-9,4.62061708484955E-9,4.423988764481737E-9,4.3252816382112695E-9,4.322311827598158E-9,4.422278954381409E-9,4.644939013329089E-9,5.030594578272045E-9,5.659653483228151E-9,6.7060904448011E-9,8.6173310582578E-9,1.2978496216739417E-8,3.141325848937082E-8,5.093783913813662E-7,5.504836380225238E-9,1.221780417708448E-7,6.273233169359894E-7,1.1279229867233646E-7,4.4406250323687256E-8,2.6354721152153138E-8,3.1771729517827575E-8,7.109778043539181E-8,1.1618894836267843E-7,8.694996523349993E-8,4.9860368770029516E-8,3.1509421666759606E-8,2.2334367751875887E-8,1.6838248164297943E-8,1.3163572202257142E-8,1.1706439580767495E-8,1.4716222980927673E-8,3.300467950156901E-8,2.6362714514318484E-7,1.825649623657226E-8,2.924662327796047E-10,4.2604626103486507E-10,1.3520549856463208E-9,1.938359023672909E-9,2.239502854799521E-9,2.3737094065946162E-9,2.403305170680376E-9,2.357288001302607E-9,2.26322921788418E-9,2.1656801448807024E-9,2.1259599604058655E-9,2.210768590872868E-9,2.4829332396232467E-9,2.997390743200379E-9,3.796015628256486E-9,4.8985249920578656E-9,6.298243443041707E-9,7.977331732899283E-9,9.944532578869397E-9,1.2280236974096746E-8,1.5175604861627205E-8,1.8977028593098598E-8,2.4275043108278823E-8,3.211356175236025E-8,4.4498979241981964E-8,6.573395669129547E-8,1.0632240331107414E-7,1.9556002379018781E-7,4.1226721923031117E-7,6.961234364096845E-7,4.57923945661437E-7,2.196928011358683E-7,1.2190232187911996E-7,7.933874464390812E-8,5.830282786005706E-8,4.6875160722468433E-8,4.0285529081434376E-8,3.638246380046113E-8,3.410697807096101E-8,3.2914392611771424E-8,3.2532512806709065E-8,3.285367064868308E-8,3.388793097419108E-8,3.5751951265236266E-8,3.868930260478123E-8,4.3134201249562875E-8,4.985610586632058E-8,6.028412006709904E-8,7.728798850189064E-8,1.0728412372025477E-7,1.668157196235078E-7,3.06552644368355E-7,6.850683884851503E-7,1.0640934135650816E-6,4.892903744218407E-7,1.9728132895612767E-7,9.772410139700797E-8,5.6671563181841115E-8,3.663745686758116E-8,2.5608614988921422E-8,1.8981480833863117E-8,1.4727036474632067E-8,1.1850872323831985E-8,9.824105741840196E-9,8.346752726599011E-9,7.2396493848916195E-9,6.391190687047001E-9,5.7293921133229015E-9,5.206455118678133E-9,4.789865322604013E-9,4.4570736034925345E-9,4.192226968318123E-9,3.984116421708377E-9
