% Model,spaceplate_double_3d.mph
% Version,COMSOL 6.2.0.415
% Date,"Jul 29 2025, 09:44"
% Table,"tstep=1,fstep=250,wp,TA - Surface Average 5"
% theta0 (deg),"freq=10000 Hz, abs(acpr.p_t)^2 (kg^2/(m^2*s^4))","freq=10250 Hz, abs(acpr.p_t)^2 (kg^2/(m^2*s^4))","freq=10500 Hz, abs(acpr.p_t)^2 (kg^2/(m^2*s^4))","freq=10750 Hz, abs(acpr.p_t)^2 (kg^2/(m^2*s^4))","freq=11000 Hz, abs(acpr.p_t)^2 (kg^2/(m^2*s^4))","freq=11250 Hz, abs(acpr.p_t)^2 (kg^2/(m^2*s^4))","freq=11500 Hz, abs(acpr.p_t)^2 (kg^2/(m^2*s^4))","freq=11750 Hz, abs(acpr.p_t)^2 (kg^2/(m^2*s^4))","freq=12000 Hz, abs(acpr.p_t)^2 (kg^2/(m^2*s^4))","freq=12250 Hz, abs(acpr.p_t)^2 (kg^2/(m^2*s^4))","freq=12500 Hz, abs(acpr.p_t)^2 (kg^2/(m^2*s^4))","freq=12750 Hz, abs(acpr.p_t)^2 (kg^2/(m^2*s^4))","freq=13000 Hz, abs(acpr.p_t)^2 (kg^2/(m^2*s^4))","freq=13250 Hz, abs(acpr.p_t)^2 (kg^2/(m^2*s^4))","freq=13500 Hz, abs(acpr.p_t)^2 (kg^2/(m^2*s^4))","freq=13750 Hz, abs(acpr.p_t)^2 (kg^2/(m^2*s^4))","freq=14000 Hz, abs(acpr.p_t)^2 (kg^2/(m^2*s^4))","freq=14250 Hz, abs(acpr.p_t)^2 (kg^2/(m^2*s^4))","freq=14500 Hz, abs(acpr.p_t)^2 (kg^2/(m^2*s^4))","freq=14750 Hz, abs(acpr.p_t)^2 (kg^2/(m^2*s^4))","freq=15000 Hz, abs(acpr.p_t)^2 (kg^2/(m^2*s^4))","freq=15250 Hz, abs(acpr.p_t)^2 (kg^2/(m^2*s^4))","freq=15500 Hz, abs(acpr.p_t)^2 (kg^2/(m^2*s^4))","freq=15750 Hz, abs(acpr.p_t)^2 (kg^2/(m^2*s^4))","freq=16000 Hz, abs(acpr.p_t)^2 (kg^2/(m^2*s^4))","freq=16250 Hz, abs(acpr.p_t)^2 (kg^2/(m^2*s^4))","freq=16500 Hz, abs(acpr.p_t)^2 (kg^2/(m^2*s^4))","freq=16750 Hz, abs(acpr.p_t)^2 (kg^2/(m^2*s^4))","freq=17000 Hz, abs(acpr.p_t)^2 (kg^2/(m^2*s^4))","freq=17250 Hz, abs(acpr.p_t)^2 (kg^2/(m^2*s^4))","freq=17500 Hz, abs(acpr.p_t)^2 (kg^2/(m^2*s^4))","freq=17750 Hz, abs(acpr.p_t)^2 (kg^2/(m^2*s^4))","freq=18000 Hz, abs(acpr.p_t)^2 (kg^2/(m^2*s^4))","freq=18250 Hz, abs(acpr.p_t)^2 (kg^2/(m^2*s^4))","freq=18500 Hz, abs(acpr.p_t)^2 (kg^2/(m^2*s^4))","freq=18750 Hz, abs(acpr.p_t)^2 (kg^2/(m^2*s^4))","freq=19000 Hz, abs(acpr.p_t)^2 (kg^2/(m^2*s^4))","freq=19250 Hz, abs(acpr.p_t)^2 (kg^2/(m^2*s^4))","freq=19500 Hz, abs(acpr.p_t)^2 (kg^2/(m^2*s^4))","freq=19750 Hz, abs(acpr.p_t)^2 (kg^2/(m^2*s^4))","freq=20000 Hz, abs(acpr.p_t)^2 (kg^2/(m^2*s^4))","freq=20250 Hz, abs(acpr.p_t)^2 (kg^2/(m^2*s^4))","freq=20500 Hz, abs(acpr.p_t)^2 (kg^2/(m^2*s^4))","freq=20750 Hz, abs(acpr.p_t)^2 (kg^2/(m^2*s^4))","freq=21000 Hz, abs(acpr.p_t)^2 (kg^2/(m^2*s^4))","freq=21250 Hz, abs(acpr.p_t)^2 (kg^2/(m^2*s^4))","freq=21500 Hz, abs(acpr.p_t)^2 (kg^2/(m^2*s^4))","freq=21750 Hz, abs(acpr.p_t)^2 (kg^2/(m^2*s^4))","freq=22000 Hz, abs(acpr.p_t)^2 (kg^2/(m^2*s^4))","freq=22250 Hz, abs(acpr.p_t)^2 (kg^2/(m^2*s^4))","freq=22500 Hz, abs(acpr.p_t)^2 (kg^2/(m^2*s^4))","freq=22750 Hz, abs(acpr.p_t)^2 (kg^2/(m^2*s^4))","freq=23000 Hz, abs(acpr.p_t)^2 (kg^2/(m^2*s^4))","freq=23250 Hz, abs(acpr.p_t)^2 (kg^2/(m^2*s^4))","freq=23500 Hz, abs(acpr.p_t)^2 (kg^2/(m^2*s^4))","freq=23750 Hz, abs(acpr.p_t)^2 (kg^2/(m^2*s^4))","freq=24000 Hz, abs(acpr.p_t)^2 (kg^2/(m^2*s^4))","freq=24250 Hz, abs(acpr.p_t)^2 (kg^2/(m^2*s^4))","freq=24500 Hz, abs(acpr.p_t)^2 (kg^2/(m^2*s^4))","freq=24750 Hz, abs(acpr.p_t)^2 (kg^2/(m^2*s^4))","freq=25000 Hz, abs(acpr.p_t)^2 (kg^2/(m^2*s^4))","freq=25250 Hz, abs(acpr.p_t)^2 (kg^2/(m^2*s^4))","freq=25500 Hz, abs(acpr.p_t)^2 (kg^2/(m^2*s^4))","freq=25750 Hz, abs(acpr.p_t)^2 (kg^2/(m^2*s^4))","freq=26000 Hz, abs(acpr.p_t)^2 (kg^2/(m^2*s^4))","freq=26250 Hz, abs(acpr.p_t)^2 (kg^2/(m^2*s^4))","freq=26500 Hz, abs(acpr.p_t)^2 (kg^2/(m^2*s^4))","freq=26750 Hz, abs(acpr.p_t)^2 (kg^2/(m^2*s^4))","freq=27000 Hz, abs(acpr.p_t)^2 (kg^2/(m^2*s^4))","freq=27250 Hz, abs(acpr.p_t)^2 (kg^2/(m^2*s^4))","freq=27500 Hz, abs(acpr.p_t)^2 (kg^2/(m^2*s^4))","freq=27750 Hz, abs(acpr.p_t)^2 (kg^2/(m^2*s^4))","freq=28000 Hz, abs(acpr.p_t)^2 (kg^2/(m^2*s^4))","freq=28250 Hz, abs(acpr.p_t)^2 (kg^2/(m^2*s^4))","freq=28500 Hz, abs(acpr.p_t)^2 (kg^2/(m^2*s^4))","freq=28750 Hz, abs(acpr.p_t)^2 (kg^2/(m^2*s^4))","freq=29000 Hz, abs(acpr.p_t)^2 (kg^2/(m^2*s^4))","freq=29250 Hz, abs(acpr.p_t)^2 (kg^2/(m^2*s^4))","freq=29500 Hz, abs(acpr.p_t)^2 (kg^2/(m^2*s^4))","freq=29750 Hz, abs(acpr.p_t)^2 (kg^2/(m^2*s^4))","freq=30000 Hz, abs(acpr.p_t)^2 (kg^2/(m^2*s^4))","freq=30250 Hz, abs(acpr.p_t)^2 (kg^2/(m^2*s^4))","freq=30500 Hz, abs(acpr.p_t)^2 (kg^2/(m^2*s^4))","freq=30750 Hz, abs(acpr.p_t)^2 (kg^2/(m^2*s^4))","freq=31000 Hz, abs(acpr.p_t)^2 (kg^2/(m^2*s^4))","freq=31250 Hz, abs(acpr.p_t)^2 (kg^2/(m^2*s^4))","freq=31500 Hz, abs(acpr.p_t)^2 (kg^2/(m^2*s^4))","freq=31750 Hz, abs(acpr.p_t)^2 (kg^2/(m^2*s^4))","freq=32000 Hz, abs(acpr.p_t)^2 (kg^2/(m^2*s^4))","freq=32250 Hz, abs(acpr.p_t)^2 (kg^2/(m^2*s^4))","freq=32500 Hz, abs(acpr.p_t)^2 (kg^2/(m^2*s^4))","freq=32750 Hz, abs(acpr.p_t)^2 (kg^2/(m^2*s^4))","freq=33000 Hz, abs(acpr.p_t)^2 (kg^2/(m^2*s^4))","freq=33250 Hz, abs(acpr.p_t)^2 (kg^2/(m^2*s^4))","freq=33500 Hz, abs(acpr.p_t)^2 (kg^2/(m^2*s^4))","freq=33750 Hz, abs(acpr.p_t)^2 (kg^2/(m^2*s^4))","freq=34000 Hz, abs(acpr.p_t)^2 (kg^2/(m^2*s^4))","freq=34250 Hz, abs(acpr.p_t)^2 (kg^2/(m^2*s^4))","freq=34500 Hz, abs(acpr.p_t)^2 (kg^2/(m^2*s^4))","freq=34750 Hz, abs(acpr.p_t)^2 (kg^2/(m^2*s^4))","freq=35000 Hz, abs(acpr.p_t)^2 (kg^2/(m^2*s^4))","freq=35250 Hz, abs(acpr.p_t)^2 (kg^2/(m^2*s^4))","freq=35500 Hz, abs(acpr.p_t)^2 (kg^2/(m^2*s^4))","freq=35750 Hz, abs(acpr.p_t)^2 (kg^2/(m^2*s^4))","freq=36000 Hz, abs(acpr.p_t)^2 (kg^2/(m^2*s^4))","freq=36250 Hz, abs(acpr.p_t)^2 (kg^2/(m^2*s^4))","freq=36500 Hz, abs(acpr.p_t)^2 (kg^2/(m^2*s^4))","freq=36750 Hz, abs(acpr.p_t)^2 (kg^2/(m^2*s^4))","freq=37000 Hz, abs(acpr.p_t)^2 (kg^2/(m^2*s^4))","freq=37250 Hz, abs(acpr.p_t)^2 (kg^2/(m^2*s^4))","freq=37500 Hz, abs(acpr.p_t)^2 (kg^2/(m^2*s^4))","freq=37750 Hz, abs(acpr.p_t)^2 (kg^2/(m^2*s^4))","freq=38000 Hz, abs(acpr.p_t)^2 (kg^2/(m^2*s^4))","freq=38250 Hz, abs(acpr.p_t)^2 (kg^2/(m^2*s^4))","freq=38500 Hz, abs(acpr.p_t)^2 (kg^2/(m^2*s^4))","freq=38750 Hz, abs(acpr.p_t)^2 (kg^2/(m^2*s^4))","freq=39000 Hz, abs(acpr.p_t)^2 (kg^2/(m^2*s^4))","freq=39250 Hz, abs(acpr.p_t)^2 (kg^2/(m^2*s^4))","freq=39500 Hz, abs(acpr.p_t)^2 (kg^2/(m^2*s^4))","freq=39750 Hz, abs(acpr.p_t)^2 (kg^2/(m^2*s^4))","freq=40000 Hz, abs(acpr.p_t)^2 (kg^2/(m^2*s^4))"
0,0.0033339562277202085,0.003802871886717357,0.004471665823645289,0.005438254196707425,0.006870464228136857,0.009071314118133791,0.012623441677692132,0.018734986383937793,0.030145296039219126,0.05370923741467057,0.1078562318270913,0.23439917421483522,0.41517377695475505,0.42621888660443463,0.3548381180338283,0.3356037388022454,0.3574017466326454,0.2828877194188279,0.11975595115088289,0.04334799220832798,0.017493813327122097,0.007999797871837402,0.004040572709102417,0.0022012628465252837,0.0012704858109020881,7.663577191303372E-4,4.779500870162101E-4,3.0543275944222787E-4,1.9841363465694143E-4,1.300421588806368E-4,8.53330867094876E-5,5.558039127701702E-5,3.554837718375537E-5,2.199800686956567E-5,1.2884306358156394E-5,6.904098221161344E-6,3.2331404493831944E-6,1.3696641711614974E-6,1.0408945558937916E-6,2.1501623016662093E-6,4.754066543996859E-6,9.066529975403114E-6,1.5492127276188724E-5,2.469678377574855E-5,3.773218361873745E-5,5.624461455635087E-5,8.282583066873045E-5,1.2161138596312834E-4,1.7924654334972804E-4,2.6607323047461744E-4,4.022677321842192E-4,6.239099039081928E-4,9.97647221597929E-4,0.0016599455190197383,0.002909032094223823,0.005456427006513581,0.011188529918311527,0.02571644485603746,0.06679608781974032,0.17241766826548596,0.28373794394455254,0.28840090507924804,0.2931263170242395,0.3370369817429904,0.33080335788673276,0.18941063654362755,0.08440102833777252,0.04016259332970802,0.021575850828150882,0.01288589116316688,0.008375586965518333,0.005824200746087518,0.004277728392621195,0.003286990139052627,0.002623582840389948,0.0021637593450368805,0.0018368696007266929,0.0016007775841429936,0.00142941092069465,0.0013061340556730072,0.0012200832774736357,0.0011640808006138134,0.0011334466905401968,0.0011253622813514614,0.0011385492510947357,0.0011732200032495538,0.0012312452785232238,0.0013165472019173075,0.0014357813540409208,0.0015994559452994369,0.0018237876484088712,0.0021338780815523387,0.0025693664188124613,0.0031949473013989536,0.004120997040169382,0.005546641408423448,0.007856689673105988,0.011860188849905511,0.01944112378333387,0.03551845631753923,0.07380208216939202,0.15713692686710048,0.19731111556449096,0.12572872377880298,0.0754600960802588,0.051857499443808915,0.040639277429212965,0.035538933447390224,0.03421649515056956,0.036133151468104946,0.04210525452377354,0.05508774359347619,0.08332984756766644,0.14770971645702152,0.2377636643538311,0.16173545871963302,0.06874577364228736,0.03229666983311771,0.01760024768463624,0.01073413106701323,0.007107802825282507
1,0.0033352993504313557,0.0038037803268866,0.004471947644245122,0.005437872677404441,0.006869649328754613,0.009070702514533641,0.012624257531899592,0.018739273929615455,0.030156136709650522,0.05373031369680788,0.10788692907741909,0.23441393750681128,0.41515285739881197,0.4262221977129452,0.3548272755360676,0.3355821326008082,0.3573896109316588,0.2828692706526189,0.11975485238702573,0.04335741092035585,0.017501463684946535,0.008004293709551297,0.004042863770853126,0.0022022987407173227,0.001270893813675484,7.664959812395435E-4,4.7799960631344124E-4,3.0546997627035297E-4,1.9845976332604149E-4,1.30094219258495E-4,8.53816985319917E-5,5.5618360899413356E-5,3.557330604190766E-5,2.2011554501318407E-5,1.2890143562580667E-5,6.9059259868750395E-6,3.2335004013568187E-6,1.3697206672809425E-6,1.0409714586956682E-6,2.1505754058214045E-6,4.755719841973643E-6,9.070868417270806E-6,1.550034286449732E-5,2.4708503361052172E-5,3.7743858794098926E-5,5.6247591783477364E-5,8.281757062316206E-5,1.216115845149025E-4,1.7926091057406668E-4,2.6611666766251127E-4,4.023729606718918E-4,6.241299780860232E-4,9.98059359029155E-4,0.0016606613377022272,0.0029102283719585494,0.0054584486753469184,0.011192265811147373,0.025724796528668756,0.06681904691027941,0.17246950100988512,0.2837715658952304,0.2884306181161539,0.29318716931435695,0.3371116633199141,0.33079606677454093,0.18936975080218274,0.08438537715329979,0.04015699442638702,0.021573139825729948,0.012884241303362893,0.008374525669504224,0.005823565135338037,0.004277421314948392,0.003286926579151365,0.0026236822767290546,0.002163948894254736,0.0018370887186962494,0.0016009815733914665,0.0014295724054270058,0.0013062424147224614,0.0012201424598176618,0.0011641060743349408,0.0011334607843089745,0.0011253912294109816,0.0011386182185587099,0.0011733494995088186,0.0012314483768988726,0.0013168285297541801,0.0014361386153712592,0.001599884699696475,0.001824290320206548,0.002134479205961638,0.002570138707907184,0.0031960589255771448,0.004122804312131493,0.005549887173292849,0.007862972398786342,0.011873203027347288,0.019470357867252215,0.03559136080463545,0.07399888057331515,0.15749313170595686,0.197085907805167,0.12536000297250852,0.07524928093401906,0.051735979190361686,0.04056331957321539,0.035490742287586634,0.03419113815295609,0.03613552978057526,0.04215617569666935,0.055249681711615366,0.08379662986059876,0.14896194273429855,0.23802177833557844,0.15871892853685318,0.06714043975941064,0.03154293206233563,0.01718613470410612,0.010470583817738289,0.0069192640790757525
2,0.003339355409515015,0.003806544695493397,0.004472833602636949,0.005436752027499564,0.0068671857294862,0.009068774660011998,0.012626512768424601,0.01875184930914608,0.030188351765971982,0.05379343653788864,0.10797957503717984,0.2344596741943906,0.41509065777150095,0.4262335467143458,0.35479614011946237,0.3355166213216909,0.35735076767078616,0.2828121741170686,0.1197499226120352,0.04338484643614091,0.01752415888109013,0.00801774729178424,0.004049764906967473,0.002205438580580637,0.0012721387668228224,7.669200287582408E-4,4.7814944899830434E-4,3.0557895512877743E-4,1.98594554093827E-4,1.3024759131949372E-4,8.552604631827446E-5,5.573188553950991E-5,3.5648313706121696E-5,2.205258247419546E-5,1.2907956961702647E-5,6.911562664151166E-6,3.234625849670751E-6,1.369892002756621E-6,1.0411897815857614E-6,2.1517702434444107E-6,4.760578523920645E-6,9.083764308439027E-6,1.5525000295769337E-5,2.474404153881618E-5,3.7779862356409885E-5,5.625800774424151E-5,8.279347871832681E-5,1.2161156896677247E-4,1.7930207999225772E-4,2.6624304037672973E-4,4.0268247797339103E-4,6.24782930538124E-4,9.992908078114214E-4,0.001662812739358117,0.002913840533709011,0.005464569750847446,0.011203569361013502,0.025749943769311157,0.06688775980042487,0.17262402650519149,0.28387087976204234,0.2885175782053556,0.2933674680315543,0.3373339475922141,0.3307722786564852,0.18924592987360864,0.08433823258868688,0.040140275785508744,0.021565086846483145,0.012879323273537746,0.008371331581654626,0.005821623230405493,0.004276455310358358,0.0032866923919910454,0.0026239449918045742,0.0021644927619319083,0.0018377320797630038,0.0016015883148078212,0.0014300573009250145,0.001306570206212277,0.0012203218966118582,0.0011641805712493062,0.0011334971148923292,0.0011254672111167862,0.0011388102063696205,0.0011737208739978874,0.0012320408612090232,0.001317658663584214,0.001437201766702181,0.0016011689030347245,0.001825802966091833,0.002136292696412504,0.0025724690134255185,0.003199408746039891,0.004128244788787558,0.005559662803914485,0.007881935057333896,0.011912612687103809,0.01955924023704945,0.03581396532647296,0.07460173753006442,0.1585766003381906,0.19637793463049372,0.12423401688424889,0.0746057564266246,0.05136390240883956,0.04032978147717589,0.035341819374191535,0.03411227681324382,0.036142883471213916,0.042316780373818856,0.05576607966885695,0.08530373641191792,0.15301232093006686,0.23825690018813567,0.1491143744980443,0.06215924216116397,0.029179843019499857,0.015865639132036122,0.00961277800131736,0.006289911596990508
3.0000000000000004,0.00334623402083037,0.003811316353084604,0.0044744860958064745,0.0054350145033191495,0.006863080895852065,0.009065334354700206,0.012629739329450345,0.018771999616412575,0.030241243555006375,0.053898676133131894,0.10813662393939637,0.23454243599427807,0.41499152151473856,0.42625964277466993,0.3547511189219642,0.33540734824696106,0.3572800709972678,0.2827126423657299,0.11973686506497112,0.043428030297032995,0.01756119607689732,0.008040084272223883,0.00406137511316055,0.0022107885721430512,0.0012742901164723396,7.676621850182371E-4,4.7840652734469614E-4,3.057536283437049E-4,1.9880834903906889E-4,1.3049442915929161E-4,8.576194252164154E-5,5.5919951966443545E-5,3.5774154336536274E-5,2.2122317148977493E-5,1.2938706430051265E-5,6.921504900485296E-6,3.2366735646035433E-6,1.3701928005111162E-6,1.0415189324816996E-6,2.153624427981315E-6,4.768355672481273E-6,9.104879218452573E-6,1.5566158610818594E-5,2.4804593110184303E-5,3.7843264293651516E-5,5.6280623786997374E-5,8.275619372403072E-5,1.2161029619916938E-4,1.7936533072602696E-4,2.6644195096910643E-4,4.0317958074303443E-4,6.258492865264542E-4,0.0010013300975403264,0.001666417605094199,0.002919951049386644,0.005474986620402805,0.011222795117472917,0.02579232766230317,0.06700212760911904,0.17287904701465318,0.28403212263562694,0.28865631247737833,0.2936615142309423,0.33769952311797735,0.33072681071930665,0.18903602458799348,0.08425926872468696,0.04011284369722937,0.021552054298944495,0.012871320978109023,0.008366040329133578,0.005818319346194601,0.004274733262143346,0.003286185208286846,0.0026242859641609374,0.002165334148836626,0.0018387727514786877,0.0016025959639992264,0.0014308804288481896,0.001307139266334939,0.0012206414144486327,0.0011643150182720898,0.0011335530246922084,0.0011255732243027553,0.0011390963716722494,0.0011742990588872269,0.0012329892475309433,0.0013190143045940406,0.0014389654779008241,0.0016033267102406703,0.0018283695321382372,0.0021393872885213986,0.0025764479341595266,0.003205108932020784,0.004137466825070491,0.005576214632792066,0.007914119016399808,0.011979847596998144,0.01971194279168189,0.03619941803052792,0.07565192991605799,0.1604358417621182,0.19508798365717356,0.12229201297872125,0.07349692591745431,0.05071916578120497,0.03992204488663612,0.03507957183559275,0.0339723807538366,0.03615794264762167,0.042616644309531604,0.0567489324538266,0.08824698264995519,0.16091945132272611,0.23605595029961357,0.13118375232774754,0.05328038694739014,0.024860616373863175,0.013354024300016863,0.007896858908122091,0.004944113988957712
4,0.003356115127818038,0.0038183478110774545,0.004477180226866211,0.005432874166485271,0.006857364320254728,0.009060075100401318,0.012633169323797341,0.01879851893056089,0.03031357554606656,0.05404600449291538,0.10836198206452201,0.23467226568017205,0.41486281329514446,0.426311654447284,0.3547033618670422,0.3352553280726397,0.35716958100654655,0.2825649060791214,0.11970878300655136,0.04348316031715961,0.017611339618608363,0.008071140921375295,0.004077842876175339,0.002218521700619654,0.0012774647314062455,7.687789646049953E-4,4.7878487106166697E-4,3.0598555202616766E-4,1.9908574109476164E-4,1.3082161360249034E-4,8.608203564189186E-5,5.618049581706744E-5,3.595185031666335E-5,2.2222708343134363E-5,1.2983980968391083E-5,6.936599846709289E-6,3.2399240231650724E-6,1.3706578602533724E-6,1.0419149756967555E-6,2.155940571076604E-6,4.778562163190539E-6,9.13358655968126E-6,1.5623781898238443E-5,2.4891973833511893E-5,3.793907135692447E-5,5.632355754775181E-5,8.271078065949863E-5,1.2160683612196812E-4,1.7944367258952644E-4,2.66696740272302E-4,4.0383619520557087E-4,6.27294461390612E-4,0.0010041531961044582,0.0016714979238343038,0.0029286886604845703,0.005490024158142345,0.011250557593609404,0.02585278051962794,0.0671622318847325,0.17323124081925212,0.2842494153612772,0.28883799288081485,0.29405963347704384,0.3382006780994172,0.3306505785947975,0.18873433292395803,0.08414765130087633,0.04007526841888163,0.02153463178220946,0.012860560930081512,0.008358738278595639,0.0058135829286010965,0.004272106799140464,0.0032852390471274496,0.002624561211067597,0.0021663719707187617,0.0018401580533453738,0.0016039944855837551,0.0014320617652285642,0.0013079840912505836,0.0012211348964666056,0.0011645302388805286,0.001133628114729399,0.0011256847972906808,0.0011394310820442496,0.001175025623778793,0.0012342348680358306,0.001320851163106764,0.0014414138668943427,0.0016063815728906883,0.001832058878501048,0.0021438781426114726,0.002582234841023451,0.003213365670556324,0.004150751920137686,0.005600010833430248,0.007960532171582952,0.01207752955729899,0.01993610974906937,0.036772035263810704,0.07722638865272045,0.163153126180988,0.1930276064332422,0.11942733353994354,0.07186308262173635,0.0497608113331443,0.039309007231152604,0.034680320587298724,0.033757760824031514,0.03618889847832365,0.04312524991200792,0.058469033011244655,0.09363648817853533,0.17514810885186474,0.22333465160502894,0.10195998697901142,0.03953940459707076,0.017811582420502636,0.008899100819003747,0.004467864788301557,0.0019319463012349193
5,0.0033692445505679263,0.0038279927605830055,0.004481310057616905,0.005430651826874086,0.00685011282657631,0.009052611738645872,0.012635756394045251,0.018829686590287935,0.030403465201320087,0.05423507446610657,0.10866071508248826,0.234863096476146,0.4147150759518072,0.4264051340998818,0.3546694097609493,0.3350635878091164,0.3570095339548985,0.28236204077270244,0.11965660986908545,0.0435448908136711,0.017672730577061823,0.008110603865055747,0.00409933993408038,0.0022288706766439926,0.0012818280260827627,7.70354746817238E-4,4.7930929583523297E-4,3.0626646242268177E-4,1.9940673511229228E-4,1.312108040693763E-4,8.647531048714737E-5,5.650984554714291E-5,3.6182325839127774E-5,2.2356272981979107E-5,1.3045973128190316E-5,6.958069678714551E-6,3.2448085591916993E-6,1.3713576278623054E-6,1.0423317439087103E-6,2.1584585894094153E-6,4.7904962124513105E-6,9.16888429990968E-6,1.5697535934179365E-5,2.5008337691628494E-5,3.807402153556358E-5,5.639849426827355E-5,8.266567993138285E-5,1.2160159296211878E-4,1.7952924771757423E-4,2.6698570553378896E-4,4.0461288425499545E-4,6.2906598341959E-4,0.0010077163463021834,0.0016780676444296209,0.0029402136281359917,0.0055101282572309705,0.011287759876218786,0.025932663481187227,0.06736870953810879,0.17367672332205275,0.2845154203847197,0.2890509898698161,0.2945480439313632,0.33882560483099367,0.3305300018897983,0.18833196902290233,0.08400159577137277,0.04002810507641859,0.02151359958628671,0.012847533571970875,0.00834959933211023,0.005807361641838169,0.004268398160610294,0.0032836335951067427,0.002624566483605569,0.0021674526044596462,0.0018417983402165155,0.0016057548972399647,0.0014336185086203839,0.0013091479167996098,0.0012218505081932802,0.0011648608114291324,0.0011337299768083514,0.001125776006193352,0.0011397562864527133,0.001175819817371619,0.0012356905910518544,0.0013230964205723057,0.0014445099883517271,0.0016103511975305255,0.0018369566050693887,0.002149925691784884,0.0025900686176386443,0.0032245077462345825,0.004168569787561244,0.005631840423724437,0.00802284021340211,0.012209917263627483,0.020244156827539123,0.03757185565311188,0.07945311551473039,0.16684330808711634,0.18987713253071725,0.1154698012547241,0.06960729530769372,0.04842096247084813,0.03843820923535631,0.034103819995046546,0.03344673788670804,0.0362602074624432,0.04401128158655308,0.061626004159885686,0.1043442243683364,0.20023659469205346,0.17521109758519443,0.058474564633590305,0.019493721522320755,0.0062907445536377156,0.007760523107517592,5.113598455623644,0.16201217559460782
6.000000000000001,0.0033859270664948478,0.003840705417326978,0.0044873965530845316,0.005428794958234408,0.006841485384184034,0.009042526295086789,0.01263621153506152,0.018863246772005602,0.030508241940805748,0.054464904326640175,0.10903860549022867,0.23513254042428833,0.4145621877584769,0.4265598038137176,0.35467198205610134,0.3348387119830138,0.3567897243789271,0.2820971405355844,0.11956977288030649,0.04360636388658102,0.01774277330742468,0.008157925265616305,0.00412602167544669,0.002242115998580971,0.0012875943828336365,7.725063244766886E-4,4.8002032312232203E-4,3.065919288616611E-4,1.997486068895496E-4,1.316387424686675E-4,8.692651626291874E-5,5.690196775605007E-5,3.6465868063920276E-5,2.252584598493519E-5,1.3127424052990018E-5,6.987536587800996E-6,3.2519439442047557E-6,1.372419337899808E-6,1.0427372718317777E-6,2.1608775214720972E-6,4.803240980971101E-6,9.209287928896211E-6,1.5786503184261156E-5,2.5155744711827042E-5,3.8256214847005666E-5,5.6520858337928715E-5,8.263392460063112E-5,1.2159801269986655E-4,1.7961543543143995E-4,2.672842061331367E-4,4.0545958338399025E-4,6.310905096949932E-4,0.0010119466216321372,0.001686115042232708,0.002954693924550757,0.005535847831738118,0.011335619645887848,0.026034040511477733,0.06762328141325326,0.17421192009625017,0.28482238846810903,0.2892818648521513,0.29510894375301094,0.3395576354354278,0.3303463439911806,0.18781609790298953,0.0838177505719296,0.039971610372075056,0.0214898490218508,0.012832905413140128,0.00833892820521599,0.005799666200820849,0.004263433407624869,0.0032811115624390525,0.002624039736253321,0.002168361382282517,0.0018435526278268,0.0016078139246692843,0.0014355525237197764,0.001310675183661129,0.0012228489246073296,0.0011653585372181391,0.0011338813781323902,0.001125828099203597,0.0011400088728854283,0.0011765820061702282,0.0012372383772117307,0.0013256397667467876,0.0014481814780627766,0.0016152308007589963,0.0018431506668050272,0.0021577299766994606,0.002600278876330435,0.0032390256856461024,0.004191662972079862,0.005672979363296018,0.008103710503197536,0.012383740778305419,0.020655761755193063,0.038663530529248036,0.08254130234960101,0.17164041606713915,0.18510940364987716,0.11015771963831121,0.06657588825608107,0.046588310178601024,0.03722108029718812,0.03328132393354039,0.033007780448082676,0.036452387329883894,0.04577138480303786,0.0685840935112553,0.1317566362094809,0.21056940634095916,0.057863764673953676,0.00842397152391515,0.5506697449897737,1.6648501459359393,2.2568541058735705,0.18334247488631547,0.2521191972877477
7,0.0034065162991514975,0.0038570384577785426,0.004496096426270596,0.005427901587156604,0.006831766621854084,0.009029429030623964,0.012633058708556742,0.018896399859277484,0.030624280520456734,0.054733464996990576,0.10950152868091045,0.23550149505246842,0.41442145663124635,0.42679909966781643,0.3547407798385619,0.33459272493575737,0.35650130558156523,0.28176483626401805,0.1194371382524912,0.04365932644683733,0.0178180153298329,0.008212214582139318,0.004157971625968722,0.0022585670185651025,0.0012950256733889414,7.753877028249012E-4,4.809800811197421E-4,3.069661057434985E-4,2.0008864348468057E-4,1.3207803418837651E-4,8.741567244781147E-5,5.734755960009905E-5,3.6801399180733006E-5,2.2734208995880467E-5,1.323151909733219E-5,7.027038446772723E-6,3.2621706445029E-6,1.374052951880009E-6,1.0431359775579992E-6,2.162890720949808E-6,4.8156829235512815E-6,9.252723568030676E-6,1.5888824594690162E-5,2.5335549667080258E-5,3.8494498806735744E-5,5.670981777471901E-5,8.263449607852472E-5,1.2160472953094326E-4,1.7969973723686513E-4,2.6756798817915604E-4,4.063177836622771E-4,6.332716919963836E-4,0.0010167311632766486,0.001695579530195169,0.0029722697729614544,0.0055677989664267204,0.011395677534646247,0.02615986474777419,0.06792942062553038,0.17483480774586868,0.28516367985232405,0.2895169826596213,0.2957210915720194,0.3403746538914698,0.33007519263730123,0.18716919062320034,0.08359043438839439,0.03990533354753905,0.021464233625279234,0.012817503424143211,0.008327199862442977,0.005790623210802078,0.004257087807870184,0.0032774075172781626,0.0026226715457836926,0.0021688173826212255,0.001845213168046597,0.0016100545313532013,0.0014378322413369045,0.001312598583311856,0.0012241974170291885,0.0011660937474637716,0.0011341275346552996,0.0011258403082671932,0.0011401317038481104,0.001177201209882628,0.0012387299479773265,0.0013283251548017814,0.001452303553470751,0.0016209702604360438,0.0018507085041356056,0.002167516649968987,0.0026132935700470166,0.0032576201784207093,0.004221169485981924,0.005725458865806639,0.008207416608783945,0.012609757146554457,0.021202690762856625,0.0401541317046621,0.08684172391891766,0.17763941464926838,0.17785433797004607,0.10308773194851377,0.06251971041231637,0.044072512405156056,0.03549886382002376,0.032087754373434245,0.03240775491612877,0.03710562561987867,0.050643565139509274,0.0949011179450798,0.17985015528842352,0.020798589037208867,1.6480667643332843,0.7651028519967257,1.8962442684803522,0.20994464100584087,0.467510204508175,0.05041539347540297,0.028018612761047113
8,0.0034314004367787462,0.0038776385604982933,0.004508210878608907,0.0054287468933578685,0.006821417777109062,0.0090130352369288,0.012624716186350828,0.01892581946377566,0.030746826386844072,0.055037171204677306,0.11005460992453998,0.2359934778128205,0.41431356823738447,0.4271493504647231,0.35491313864540663,0.3343452046061417,0.3561389934878004,0.28136312982167755,0.11924827972162955,0.043694388036816606,0.01789404542424229,0.008272110873506478,0.004195127361551922,0.0022785332524907437,0.0013044262534306099,7.791943015073986E-4,4.82278778514597E-4,3.074074953622817E-4,2.0040792358813066E-4,1.3249867340869588E-4,8.791786951037591E-5,5.783307931533911E-5,3.718555427691964E-5,2.2983561775909466E-5,1.3361706996658965E-5,7.079021780953298E-6,3.276589541131282E-6,1.376580349107948E-6,1.0435965358075903E-6,2.164238151938623E-6,4.826566933912135E-6,9.296452672762619E-6,1.6001292800238304E-5,2.5547586511928893E-5,3.87975050102769E-5,5.698795207660153E-5,8.269363234153835E-5,1.2163803449428621E-4,1.7978744777667085E-4,2.678180352974963E-4,4.0712502393950656E-4,6.354904075376071E-4,0.0010219068539865696,0.0017063237001032872,0.0029930041963553604,0.00560660241523665,0.011469767470682237,0.02631413968385269,0.06829311901375844,0.17554654623291283,0.285535806441827,0.28974491287603715,0.2963612152999161,0.3412490330920473,0.3296863814085245,0.1863685417169336,0.08331080250496709,0.03982757177145442,0.021437323322896638,0.012802247754614448,0.008315079566851544,0.00578052831619979,0.0042493418644512235,0.003272290865173372,0.002620128261424805,0.0021684764752146284,0.0018464926588560053,0.0016122840195157632,0.0014403687193210244,0.0013149188704382612,0.0012259571330382694,0.0011671516047141587,0.001134541070123564,0.0011258414343664899,0.001140088323380592,0.0011775682837387527,0.0012399933892719155,0.0013309465890280487,0.0014566820418977354,0.0016274460390617812,0.0018596440212872362,0.0021795105417341198,0.0026296380588605554,0.0032812586825514225,0.004258798380216552,0.005792499833933731,0.008340915907523108,0.01290573698192285,0.021938622466786073,0.04223132398679196,0.09297581425431836,0.1846795923178259,0.166660713298994,0.09362088935152554,0.05701052976045916,0.04051799709278357,0.0329517561826061,0.030271613184665192,0.03177066522045833,0.04110951334806093,0.11081945928508886,4.017209515813621,2.1364310872091146,0.32124049596436727,1.1664691848525888,0.22093387834929734,0.3912270680736134,0.09251879175512288,0.0866349643605641,0.15976273435614347,0.061665266168529555
9,0.0034609825197479374,0.003903238246406157,0.004524693006687985,0.005432311032337359,0.006811133289602292,0.008993257379625799,0.012609609242678408,0.018947712009133987,0.030869837976241328,0.055370286872699494,0.11070112192446833,0.2366335787115008,0.41426228384695324,0.42763845435532905,0.3552343230983024,0.334125473413329,0.3557036227536797,0.28089547422577416,0.1189950901947223,0.04370147957586106,0.017965445212329883,0.008335644615309199,0.004237185871616346,0.002302282570024263,0.0013161322958105597,7.841654538902011E-4,4.840411811159838E-4,3.0795549592602307E-4,2.0069621174244738E-4,1.3287058455968293E-4,8.840365104956578E-5,5.8339874469056925E-5,3.7611589119143675E-5,2.3274800350167337E-5,1.3521407926194905E-5,7.146294238961737E-6,3.2965902030034915E-6,1.3804654116905082E-6,1.044284562784077E-6,2.164778197292597E-6,4.834605903062878E-6,9.337073510313695E-6,1.6118949298568112E-5,2.5789144327000492E-5,3.917221727485273E-5,5.7380363935187694E-5,8.284584058640963E-5,1.2172445185249395E-4,1.7989598427620344E-4,2.6802711821589926E-4,4.078225707892241E-4,6.376093151977133E-4,0.001027253287229159,0.0017181029935458589,0.0030168185878817586,0.00565278520617762,0.011559923560200629,0.026502001184394747,0.0687236674229858,0.17635345583949497,0.28594094886659416,0.28995971049684155,0.29700660130705425,0.34214854241787956,0.32914474294041024,0.1853863893883439,0.08296608914414291,0.03973470832171607,0.021409038665005937,0.012788005382055292,0.008303402368129745,0.005769886532810668,0.004240342261999985,0.0032656232202095646,0.0026160921698126353,0.002166948667773916,0.0018470197329307646,0.0016142134118170167,0.0014429870284944416,0.0013175762646739084,0.0012281607265850743,0.0011686197111357257,0.0011352209374540054,0.0011258992281617181,0.001139879845809036,0.0011775953215230207,0.0012408484642329,0.0013332523478010983,0.001461041147386086,0.0016344311618590288,0.001869874769837576,0.002193893837855239,0.0026499214673398244,0.003311242589614337,0.004307090069251742,0.005879243874795964,0.008515859386953624,0.013302549923252156,0.022960828272226834,0.0452541243117682,0.10213610297940495,0.19154593866721303,0.1490912701336621,0.08068989660200614,0.049231051381644624,0.03514819465135645,0.028794588284122423,0.027488812128548517,0.05427765529043281,3.270719681184461,1.378926674065337,1.8288194091395782,0.6996570352464355,0.3500699451198785,0.23904530123595974,0.16563565763578653,0.17762744988962823,0.3132182402813083,0.13890487512139396,0.17433600187297885,0.23078643980985963
10,0.0034956537384088627,0.003934642301729961,0.004546652375943536,0.005439806512645057,0.006801900724795693,0.008970310821619646,0.012586318292876417,0.01895793776733008,0.030985881294635562,0.05572427075698157,0.11144108664315393,0.23744690461065876,0.4142937608534913,0.4282939159211009,0.3557572127033206,0.3339746543501869,0.3552049532659763,0.28037297505396663,0.11867371636693161,0.04367056863327788,0.01802584022521421,0.008400105738930191,0.004283488455454667,0.0023299824948150986,0.001330492711486687,7.90583776368357E-4,4.8643234517715836E-4,3.086773406052541E-4,2.0095788994417554E-4,1.3316739400574454E-4,8.884031542789417E-5,5.884365811776991E-5,3.806819747711541E-5,2.360657605776055E-5,1.37135684080121E-5,7.231912982307058E-6,3.323861717968176E-6,1.386341769799986E-6,1.0454981607664251E-6,2.164578668452783E-6,4.838660192510431E-6,9.370657267499763E-6,1.623477942897439E-5,2.6053779186688725E-5,3.962195308215049E-5,5.791295356379717E-5,8.313429907624459E-5,1.2190309269527366E-4,1.800595554355937E-4,2.6820794371169897E-4,4.083669557627964E-4,6.394839653020018E-4,0.0010324931917890738,0.0017305379490976452,0.0030434153809692868,0.005706638682604909,0.011668194280391326,0.02672964823150998,0.06923430929368078,0.17726917781337417,0.2863897459740989,0.2901649978523531,0.29763914745644166,0.34303872135142244,0.32841213480910747,0.1841910626229805,0.08253916680832846,0.039620501846463194,0.021378158735337542,0.012775338325430766,0.008293086175989237,0.005759420389806071,0.004230456023449197,0.003257425839467048,0.002610320556427806,0.002163835773979246,0.001846350211065781,0.0016154445349304714,0.0014453966692237182,0.0013204139431084374,0.0012307780618138174,0.0011705628425691332,0.0011362801954413763,0.0011261225292771146,0.0011395601277568346,0.0011772396283929343,0.0012411320934800469,0.0013349623165892924,0.0014650227841451658,0.001641570085967618,0.0018811737811205678,0.002210749877343456,0.0026748111689333253,0.0033493004174129704,0.004369840344660076,0.005994085892215191,0.008752660346680608,0.013857816560573747,0.024464198929839785,0.05000378383203679,0.11684550845687983,0.19293257743510478,0.12112658208205639,0.062332172389021105,0.037284892369462586,0.025756275486201043,0.04663638612955353,2.422032931725896,1.2059744870054785,1.564742925082561,0.47512669429926707,0.43268964762305145,0.14901178044314045,0.1816779887506123,0.17728284986110313,0.33803166674923346,0.3116459659182904,0.3262942752241034,0.46074346409604616,0.15725435985054836,0.09286253746341447
11,0.00353575790641142,0.003972706534353117,0.0045753548909268854,0.005452703322747826,0.00679506130185511,0.008944829703664742,0.012553763620560167,0.018952212046445642,0.031086123439044225,0.05608711269636059,0.1122695605529213,0.23845637675235293,0.41443534440774743,0.4291401210134726,0.3565410878725011,0.33394731703198827,0.35466456159984033,0.2798165252201087,0.11828673948796808,0.04359266779691342,0.018068104450972393,0.008461945168140236,0.004332889477541364,0.0023616209717285622,0.0013478381815212413,7.987695488910296E-4,4.896616692071972E-4,3.096748611054517E-4,2.01218647356055E-4,1.3337150425735174E-4,8.919447475980535E-5,5.931468238398687E-5,3.85384073802252E-5,2.3974140043486405E-5,1.3940016709007068E-5,7.3389778527688875E-6,3.360374232066291E-6,1.3950340922873775E-6,1.0477032590834355E-6,2.1640227142929213E-6,4.837994710650488E-6,9.393081827394878E-6,1.6339650315740434E-5,2.6330096600590652E-5,4.014368252939854E-5,5.8609500850857405E-5,8.361025442859147E-5,1.2222733389128385E-4,1.8033362123142407E-4,2.68402395080372E-4,4.087455116317567E-4,6.409825204364854E-4,0.0010373056456352296,0.0017430974254907434,0.003072195389756535,0.005768030466130114,0.011796334397842929,0.027004033252795892,0.06984256178580021,0.17831670256323504,0.28690393699360606,0.29037849605876626,0.2982509628784853,0.34388715866727704,0.3274511292978323,0.18274959919156275,0.08200876331821547,0.03947546912725236,0.021341729792063398,0.012764129379140452,0.008284951078644975,0.0057500207785708,0.00422029908147489,0.0032479460185655057,0.0026027205049932523,0.0021587931561564237,0.0018440023093264878,0.001615474097499528,0.0014471683788383728,0.0013231372660424835,0.001233669580600096,0.001172981007285715,0.0011378165131844691,0.001126648870043997,0.0011392420622916997,0.0011765268254690926,0.0012407320573330227,0.001335801326691191,0.0014682052459801794,0.001648369300968225,0.0018931270269092648,0.002230002375757277,0.002705010997443325,0.003397761904129183,0.004452902994794647,0.006151425447284828,0.009089843873681962,0.014691379080244742,0.02690310509009362,0.058554692292373485,0.14265253263868122,0.16876062494815675,0.07681954233057937,0.034268984785854495,0.05571309130952655,0.18544013825181316,1.1980867073822727,1.5328550275451358,0.3854192632766001,0.412905873590678,0.11483741560703375,0.15266480623798792,0.14240964720422702,0.1893626580911715,0.4140335220888762,0.40938583446048665,0.563329405726284,0.4164596815175507,0.2019583996063952,0.24350572799121295,0.1859713519796538
12.000000000000002,0.0035815450980282103,0.004018305931580183,0.004612215534249928,0.005472749862440191,0.0067923681062691775,0.00891798790688963,0.01251142346147098,0.018926401560127006,0.031160481734019214,0.05644274500728679,0.11317461637521775,0.23967974187232838,0.4147136546017145,0.430194761190003,0.35764919062006817,0.33411237235679103,0.3541185786590694,0.279258623042186,0.11784545800101148,0.04346113553935324,0.01808477266044757,0.008516749532437647,0.004383620665755178,0.002396904241528743,0.0013684340725079098,8.090676378158443E-4,4.939840916462093E-4,3.110903623832056E-4,2.0153242976640194E-4,1.3348031288672234E-4,8.943611522447708E-5,5.971903453768314E-5,3.899885052445526E-5,2.436804198797354E-5,1.4200577584517013E-5,7.470289008506057E-6,3.4083150369656234E-6,1.4075678214037238E-6,1.0515647963634786E-6,2.1639208115719467E-6,4.832606789804641E-6,9.40061461121628E-6,1.64226848051694E-5,2.660078112588029E-5,4.072473527781888E-5,5.948713184000341E-5,8.433091247092895E-5,1.2276525317768636E-4,1.8079836140996077E-4,2.6869085748667415E-4,4.0899516637607215E-4,6.420152329408759E-4,0.0010413578360967848,0.0017551050590060408,0.003102185836115718,0.005836178798311989,0.011945351748146637,0.02733221137881814,0.07056993258891757,0.17952976706022067,0.2875181816711947,0.29063628369378747,0.2988512270515226,0.3446698849132457,0.32623053517221706,0.1810321644423286,0.08135074453838699,0.039286596526330334,0.02129445717906104,0.012753091064486877,0.008279422557646219,0.00574261229500825,0.004210713710002978,0.0032377031099899097,0.00259342838461464,0.0021516136563817607,0.001839521987857825,0.0016137257978380488,0.0014477289175864386,0.0013252771985237943,0.0012365307488188975,0.0011757490435241088,0.0011398593032287926,0.0011276083611680351,0.0011390841096787917,0.0011755623054655522,0.0012396207658186315,0.001335545911071235,0.0014701464084105104,0.0016542167971039877,0.0019051158425975516,0.0022513765915950696,0.0027412964536556892,0.0034599828335154393,0.004566009393063648,0.0063783850488861845,0.009609874307307082,0.016100795299740893,0.031645291493942365,0.07866377699034358,0.17612772858845557,0.0747149781889959,0.06038441526848926,0.19051472119880744,1.2972693229373835,1.7790388137378061,0.38841884980028424,0.42260730234083216,0.1107743345199409,0.13368363205026143,0.1329765632151583,0.11684568533295772,0.274899720019176,0.3774165612714452,0.37047775596452687,0.527126240826449,0.44411897822404417,0.3877171026066883,0.38432889129824693,0.15746946937098086,0.08233670414546136
13,0.003633112506490228,0.004072288456176371,0.0046587806866165695,0.005501987486292329,0.006796039163614245,0.008891618774890689,0.01245957683036916,0.018876922674392456,0.03119799002664285,0.05677065653744126,0.11413509582552156,0.2411256773340251,0.4151517757131077,0.43146437794130194,0.3591447110838155,0.334552807583132,0.3536199547980099,0.2787445729723611,0.11737206107199401,0.0432732140265774,0.018068701136354687,0.008559340032389992,0.004433173782718074,0.0024351329229745588,0.0013924125101876746,8.218236325870274E-4,4.996969149830974E-4,3.13110785029933E-4,2.019879712556476E-4,1.335131297113246E-4,8.954418078684657E-5,6.002147679142197E-5,3.941984117287968E-5,2.4772864481887502E-5,1.4491932316522335E-5,7.6278200572617E-6,3.46995638534666E-6,1.425160760500942E-6,1.0579692707277396E-6,2.165616326352462E-6,4.82359853954312E-6,9.390758192823064E-6,1.6472280474820812E-5,2.6842334443364033E-5,4.13392177320074E-5,6.054974039041195E-5,8.535515499812382E-5,1.2359813127973382E-4,1.8156016423697245E-4,2.6920012419902166E-4,4.092226016774854E-4,6.42572958433633E-4,0.0010443599126589902,0.001765784157310156,0.0031320061422871024,0.005909417073741104,0.012114905852143242,0.02772024999229624,0.07144070564403959,0.18095294072337414,0.28828014042450134,0.2909956380858159,0.29947347582222605,0.34537962058284866,0.3247324606795919,0.17901827717535282,0.0805408421056573,0.03903770447869553,0.021228241447766028,0.012739205570008166,0.008276112312723448,0.00573790731409836,0.004202665013217542,0.003227486839520674,0.0025828730821929277,0.0021423223294601812,0.0018325781895148373,0.0016096199342773563,0.0014463886154458645,0.0013261724010596525,0.0012388372703279562,0.001178540581899407,0.0011422894608445423,0.001129054028038972,0.0011392427263457947,0.0011745138217345026,0.0012378716410049043,0.0013340709570729711,0.0014704470207689958,0.0016584395387951086,0.0019163508560201049,0.0022744390388554792,0.002784758216720804,0.003541553992109992,0.0047277715619015795,0.006735281547168288,0.010533321312684387,0.019113104655920136,0.045713866765302286,0.15262956782666695,0.06323058051682603,0.29949118388048207,1.7938317415268863,1.1183470047366664,0.5149603062657623,0.3831192506712043,0.13869039048604406,0.12495650328776171,0.16044089387675892,0.09934983193479702,0.16825514960814456,0.31294674247133986,0.2615306522175245,0.3064220429869542,0.49781450930255167,0.44031790652376457,0.5124976104647727,0.3890497249280938,0.18807463249257791,0.13660611713051807,0.12974650995356776
14,0.0036903311342816477,0.004135409804392277,0.004716695439687513,0.005542755924647345,0.006808802911818363,0.008868326875199327,0.012399557009095015,0.018801234737792792,0.031187438103063753,0.057045883422669745,0.11511830663184094,0.24278892928548595,0.41576535440778706,0.43293908241574075,0.3610848496929626,0.33536378562475194,0.3532398487246001,0.2783327387979831,0.11690143130351267,0.0430316828159083,0.018013984179634908,0.008584050994300162,0.004478239019390552,0.0024750644408921513,0.0014196792939942485,8.373447486511576E-4,5.071301547659899E-4,3.1596922391904E-4,2.0271414771922715E-4,1.3351807195383848E-4,8.951335409090756E-5,6.019009799504569E-5,3.976680934478827E-5,2.516634096328393E-5,1.4806278586699394E-5,7.811956046643291E-6,3.547422624410942E-6,1.4491871280116991E-6,1.0680338420354874E-6,2.171070750440257E-6,4.813548259364773E-6,9.363306333814806E-6,1.6477925585986597E-5,2.7026157235387245E-5,4.194493956030853E-5,6.177913189452035E-5,8.673617340218366E-5,1.248161789710423E-4,1.827499714474678E-4,2.701079882296065E-4,4.096227027832516E-4,6.427712504525125E-4,0.00104614376918191,0.001774355928085695,0.0031599099202053436,0.005985005666288711,0.012302597080351778,0.028171629991310527,0.07247944328438204,0.1826395750977724,0.2892477381421575,0.291534929216716,0.3001818155671861,0.346034912669702,0.3229599246478459,0.17670427279042536,0.07955900086112713,0.03871082718438581,0.021132110081202242,0.01271720919749961,0.008273303523828029,0.005736035119270009,0.004197027742538761,0.0032182753894830795,0.002571792355996716,0.0021312582437971145,0.0018230758877039292,0.0016026824705383995,0.00144241558296826,0.0013249896677137447,0.0012398091123309103,0.001180747271438702,0.001144733121038868,0.0011308505617096723,0.0011397741408937234,0.0011735412049383208,0.0012356284006211657,0.001331364759416833,0.001468808119582566,0.0016603895479750678,0.0019259831100593022,0.0022988319152258017,0.002837701510909675,0.0036542126789062854,0.004983139495471739,0.007402830729745263,0.012787774206665003,0.03214961158243757,0.1357032883122536,1.3806668053676248,2.3806823641852217,0.5029728471842934,0.8164437355159594,0.22991832722973174,0.23480491776597623,0.12478785306705271,0.19891586431320243,0.12515752839163807,0.1342491774987226,0.25901465720382794,0.23197881263324296,0.20832966395364264,0.33378810189525016,0.3846083355009185,0.3438335600889433,0.422756732265244,0.4107665696961141,0.2625961494417619,0.2539392013604295,0.15931391169509923,0.06314674214885059
14.999999999999998,0.0037527583242340052,0.004208243648840958,0.004787649435772273,0.005597685722524515,0.006833934054681798,0.00885158588369759,0.01233399746694063,0.018698404006726115,0.031118318367350146,0.057239588689726534,0.11607797953543753,0.24464454540085048,0.4165574551219538,0.4345866211360475,0.3635126459840161,0.3366485610000021,0.3530676443145446,0.2780935136456027,0.11648229409127088,0.04274644691124022,0.017917079750476086,0.00858523340127105,0.004514751505068769,0.0025147819855097456,0.0014497939024109602,8.558398623466434E-4,5.166273330744641E-4,3.199426570390679E-4,2.0388342551791986E-4,1.335780621148105E-4,8.93613016400774E-5,6.0202692073889886E-5,4.0003615686915584E-5,2.5519402044734883E-5,1.5129978525254872E-5,8.020465438750881E-6,3.642312827078543E-6,1.4810994421551607E-6,1.0830961921295901E-6,2.1829162692231546E-6,4.806825355881033E-6,9.321476951406581E-6,1.6432796313597908E-5,2.7121651623323063E-5,4.248232170800583E-5,6.312430979674906E-5,8.850983951723924E-5,1.2651041610507393E-4,1.8451712051143295E-4,2.716423837978602E-4,4.104913556266998E-4,6.428935486974302E-4,0.00104676014135638,0.0017801994467680226,0.0031839476710741224,0.006059084811225903,0.012503258432521093,0.028685153467607964,0.07370688751332852,0.18464673775194002,0.2904825489728372,0.29234881332327367,0.3010739032529309,0.34668830890717733,0.32094317351083884,0.17411065200885367,0.07839507869688897,0.03828888181780062,0.02099286506669667,0.012679320752772815,0.008267423730017407,0.005736059826585761,0.004194244719248224,0.0032110412156821605,0.0025611654554216884,0.0021191074415456966,0.0018112588521411298,0.0015926802889090217,0.0014351614635979345,0.0013208024979593537,0.0012384193086069006,0.0011814155104349989,0.0011464409222811927,0.0011325192131281243,0.0011404689484291,0.0011726423528782418,0.0012329817002578703,0.0013274531160256079,0.0014650151914023088,0.0016595007765363111,0.0019332973622144711,0.0023249847387350688,0.0029068373222560302,0.00383167997451953,0.005494840280729042,0.009450736601653726,0.058798575589844894,3.611235783091735,0.5609114624696494,0.31095029337296015,0.5550400769606788,0.1561674835279632,0.21963454715388625,0.15462626192923315,0.16642864339011357,0.219789833788433,0.15655207220252992,0.2321723502684422,0.26102172884525776,0.18527895166969405,0.2419671361034351,0.34532369873205265,0.2584477694577794,0.2293076208030018,0.3349441596144094,0.3867250298838727,0.3430896897654223,0.33451093375492563,0.19505580046309204,0.08562644091467986,0.050914987575064956
16,0.003819538854298828,0.004291061615721493,0.004873292239796153,0.005669671730097553,0.006875277912776436,0.008845818766372063,0.01226705080100888,0.01856969479520922,0.0309820718250236,0.05732045228806392,0.11695298238971127,0.246641482340271,0.4175121399485588,0.43634610333978385,0.3664463851997692,0.3385115907903529,0.3532089935507911,0.2781066822650722,0.11617744479514072,0.04243584369493564,0.017778030580388397,0.00855799548427861,0.004538107144968726,0.002551607627639904,0.001481827575040117,8.773324459439639E-4,5.285121281965102E-4,3.2534421734503935E-4,2.0571276728968292E-4,1.3381510842880664E-4,8.913532950816185E-5,6.005424778105656E-5,4.0098017677765225E-5,2.5797842248459944E-5,1.5442595429815946E-5,8.247242003295249E-6,3.7551274815138334E-6,1.5222848477173846E-6,1.1046761566074396E-6,2.2044663105400443E-6,4.809799700702698E-6,9.272925269342866E-6,1.6336846294635777E-5,2.7101751066184533E-5,4.287742260224828E-5,6.449078517084767E-5,9.06775534425359E-5,1.2875931069109822E-4,1.870170144547328E-4,2.740727572164797E-4,4.1222832788165694E-4,6.434246505134106E-4,0.001046580335903278,0.0017830670462134204,0.0032022866067020843,0.00612689481694189,0.01270847059142334,0.02925254604941089,0.07513409982060947,0.18702635820721195,0.29203851740583586,0.293537058698968,0.3022780537357359,0.34743082895343363,0.31874208926369063,0.17128716049640058,0.07705497224314865,0.03775961017327806,0.02079674916621018,0.012615496436261989,0.008252669577067358,0.005735450788982369,0.004193862316157952,0.0032064219916498726,0.0025520257152807737,0.002106843605390564,0.001797758116955863,0.0015797478404029287,0.001424223333830769,0.001312736278159291,0.0012334748006877186,0.001179234202829334,0.0011461788305991943,0.0011330475838289835,0.0011406057601005015,0.0011713758123043864,0.0012296825767499982,0.0013221234990662138,0.0014586962061710965,0.0016551384093608191,0.001937938356258037,0.002356372760608904,0.003017954394351474,0.004241434426775982,0.008884906669795623,0.3607056039816849,0.18840037211209837,0.3227769004976807,0.17227722247381552,0.22908011563055503,0.07570315155235519,0.17530852492196528,0.11721809497626076,0.2472488820180682,0.2547006699137197,0.2510047426239312,0.34765923474401506,0.21852870132554209,0.2111669685465349,0.32302155495832624,0.2773930013858508,0.17135485044155913,0.17840809959569262,0.27446914754605795,0.3137742880431031,0.3133207430749587,0.3335866160685993,0.24774521290344945,0.12946394825435978,0.09018046319809471,0.07576410671476949
17,0.003889301859924974,0.004383678256971293,0.004975106180056483,0.005761818095269987,0.006937260547683234,0.008856459453591821,0.01220456444757337,0.018419129566012965,0.03077356420443213,0.05725704709789872,0.11766748119780776,0.24869621285044413,0.41858698925869453,0.43812188310426126,0.3698666495687333,0.34104815747777284,0.35378115495238327,0.27845685905019985,0.11606282023493499,0.0421274657057489,0.017601606397443355,0.008499133465491018,0.0045436006072403085,0.00258211728991141,0.0015142178585879423,9.015416888840721E-4,5.430343265922917E-4,3.3250723586045503E-4,2.0846132176425983E-4,1.3439232350215502E-4,8.891734046718017E-5,5.976437819291389E-5,4.002898965157622E-5,2.596624501321706E-5,1.5716978845387354E-5,8.481000554108199E-6,3.88445875186694E-6,1.5738205455850884E-6,1.1343925062314973E-6,2.2396745517925476E-6,4.830919875435975E-6,9.230437689068635E-6,1.6199807599487365E-5,2.695056763810188E-5,4.3051341717943294E-5,6.573426302270174E-5,9.318297775718068E-5,1.316085182494752E-4,1.9039045608182904E-4,2.7769095261488545E-4,4.1532608402530124E-4,6.450650253262356E-4,0.0010463819940117467,0.0017833272864826958,0.003213692545679548,0.006183393722504545,0.012906646902259017,0.02985624339929011,0.07675506371571615,0.18981220773441085,0.2939458746610496,0.2951858871891806,0.30394175573393367,0.3483893374626442,0.31644168260610256,0.1683129309041368,0.07556553006971774,0.03712025813771488,0.020532245253018343,0.012514518199555694,0.008221038515835702,0.0057296467433802165,0.0041939945243359335,0.003204257016099328,0.002545127042550478,0.0020955342126685295,0.0017835327118800154,0.0015644487251376693,0.0014095963256498816,0.001300160332243208,0.0012237811531438222,0.0011726087822476307,0.0011421703317106352,0.0011306876204561893,0.0011386132173114734,0.0011684001228256123,0.0012245635649076783,0.0013142156575103583,0.0014484612089494299,0.0016456780682813626,0.0019401135338559634,0.0024121515955528093,0.0034453768960025083,0.4446665167580714,0.1758855430665878,0.6330989791331795,0.07373436999090767,0.3034783116913645,0.04282841740920819,0.06068053708380164,0.08952229099285164,0.10952037897388914,0.272672570298769,0.3165456519521413,0.3497877342026696,0.35344519614550635,0.237309170068382,0.2929236465027761,0.35013567278283275,0.2009668717713525,0.14087029776302706,0.1626021351348204,0.22084297160406413,0.2261674975543763,0.2289796964222482,0.2802014621725838,0.2727096088269859,0.18664550642124497,0.15428721400915435,0.1070935310185206,0.06159361531621819
18,0.003960067557731044,0.00448525978652525,0.005094221500328591,0.005877339621593912,0.007024879155240618,0.008889998219908397,0.012154204909134513,0.01825395509710011,0.03049265263632015,0.05702124932037345,0.11813337842220671,0.25068743647478875,0.4197052175763825,0.43977830847035543,0.37370154549153245,0.3443298231503674,0.35490474162705443,0.2792266614596371,0.11622520260979646,0.04185836172603413,0.017398166266169534,0.008408130390234397,0.004527100590436706,0.00260232932288197,0.0015446596706756336,9.277335502136838E-4,5.602867422900967E-4,3.417563158783187E-4,2.1242375665996672E-4,1.355134993152066E-4,8.88263111885192E-5,5.938320868915185E-5,3.979480897433643E-5,2.599436675098834E-5,1.592123917370305E-5,8.704361834843944E-6,4.025962414432912E-6,1.6360823503007946E-6,1.1738039846031797E-6,2.2930216290982257E-6,4.8806626197541335E-6,9.21219018724517E-6,1.6043381115202743E-5,2.667178628080088E-5,4.293704336485501E-5,6.666600090883358E-5,9.588452752292843E-5,1.350423331366026E-4,1.947319687614071E-4,2.827779850424503E-4,4.203402755659266E-4,6.487177266051092E-4,0.0010473959815666528,0.0017821862904978385,0.0032181223334398906,0.006224343894280367,0.013084118062473418,0.030468277814555453,0.07853873454341682,0.19300323029444846,0.2961912555473682,0.29734192083043787,0.30620940787344564,0.3497132801754497,0.3141379365951691,0.16528911566298693,0.07397615789794776,0.036381826845259806,0.020193709548020432,0.012366100086392027,0.008163074129964405,0.005711951529424319,0.004190843129185944,0.0032030338429807578,0.0025404617247039747,0.002085982340636282,0.0017696517155556468,0.0015477033355811385,0.0013917406529118657,0.0012828631194385018,0.00120836076102842,0.0011598315426798774,0.0011321255708391612,0.0011227695049620123,0.0011316164053251482,0.0011606998480094618,0.0012143451666792764,0.0012997916043062628,0.001429023894583347,0.0016245411965411037,0.0019544194943202755,0.014226459389407085,0.9013656718279759,0.1688636684718902,0.0577682569053686,0.08829904690490102,0.051054182307405035,0.025645187978064435,0.05995239694811157,0.0491311295568335,0.10053350421562597,0.2789850112889169,0.2577549312074502,0.3837960454662226,0.3797322956274174,0.2998466307526576,0.3782404626462798,0.3091634125581701,0.17204805776384988,0.13912042998617352,0.15998397446558632,0.17253944303467034,0.15597073250044152,0.1687493910319943,0.2195600843545802,0.23940112220763846,0.21340581320234114,0.21452577947242693,0.14936339755660846,0.0848612382730468,0.05967908722764619
19,0.0040291863863919685,0.004594103038683906,0.0052311568324277065,0.006019396377154457,0.007143661200805959,0.008954014422459907,0.012125534079275614,0.018084963073935967,0.030145643741650022,0.056592514523496076,0.11825584227781336,0.2524535618573033,0.42074870756698945,0.44113633640482436,0.37781137747826815,0.34838521917349735,0.35669083402656354,0.2804871963761306,0.11675829668693807,0.04167457972844268,0.01718407229357257,0.008288035981322401,0.004485905760279931,0.0026081305547394126,0.0015701002433159358,9.545589553538547E-4,5.800850453896421E-4,3.5335779069335535E-4,2.179167787610116E-4,1.3742020300607795E-4,8.9018158530058E-5,5.8994455361455985E-5,3.942012876463141E-5,2.5865290362787336E-5,1.602331543074329E-5,8.89407362950849E-6,4.171277589128314E-6,1.7081650742667577E-6,1.224122662876668E-6,2.3692761845430327E-6,4.9713609226048974E-6,9.241601302183072E-6,1.590207016172316E-5,2.6295537554979033E-5,4.250160073206802E-5,6.707836688644814E-5,9.8531012127484E-5,1.3894735125446618E-4,2.0004463221450132E-4,2.895516681402214E-4,4.278362925032099E-4,6.554412366276086E-4,0.0010512954764311225,0.0017818281138761035,0.003217308943485977,0.006247795332041724,0.013227575814324663,0.031051611627491437,0.08042276364092432,0.19654544145466876,0.29869686136764173,0.2999809448014439,0.3091884907797675,0.35154790983741463,0.3119123545899862,0.1623223003174773,0.07235513476583337,0.035571261405223244,0.019784967590671332,0.012163850341137402,0.008069552644630678,0.005674070786895479,0.004178504109259121,0.00319936651581608,0.0025366717654382864,0.002078199986889495,0.0017568825601904244,0.0015305176689933977,0.001371468676036893,0.0012610994615330526,0.0011866238150753607,0.0011392847333556054,0.0011133331648570542,0.0011055040333189366,0.0011147365956586323,0.0011420681929578955,0.0011906682142446944,0.0012661863800565835,0.0013796526739743395,0.0018000729911683143,0.08944813160183551,0.06771700703797544,0.13227603448450972,0.030293480147968677,0.10764582326415253,0.018163759126167637,0.02525861011062994,0.0298029369928694,0.03547873621128241,0.09976575063471939,0.21978109798916648,0.1660635775904286,0.3070330165570009,0.4123412975790556,0.3675012445947095,0.4112576780763313,0.27793024315740666,0.17513263146224814,0.15391947533178796,0.15554988792262642,0.13344589300875231,0.11841451231485474,0.1359353509667934,0.17610938563397213,0.1849664828227776,0.18248401236502346,0.22266706705239026,0.20057306534947056,0.12171997521579067,0.08952301663552781,0.0843651078593912
20,0.004093342324317668,0.004707404837216136,0.005385469995336348,0.006190828232641231,0.007299569866230651,0.009057197865345026,0.012130054217871496,0.017926642331892097,0.02974642189281769,0.05596257143357879,0.11794243819397691,0.2537951270191518,0.4215541480677475,0.44197341666068124,0.38197506483814475,0.3531762530474901,0.35922233802999287,0.28228529310423583,0.11775674324386264,0.04163010647189938,0.016981582646159118,0.0081460229094201,0.004419633469109804,0.002595955279681176,0.0015869263007661407,9.79924330358678E-4,6.018087625036837E-4,3.674387007356689E-4,2.252537827581251E-4,1.4038583816402468E-4,8.96835387701004E-5,5.871523918651108E-5,3.8960139995732746E-5,2.558355997379698E-5,1.5998119510383816E-5,9.023300123450626E-6,4.307325879316383E-6,1.7871235217554764E-6,1.2857268796485183E-6,2.4730128593479315E-6,5.116862417588432E-6,9.346936408751717E-6,1.5822618393803E-5,2.5881505544594585E-5,4.17678604076894E-5,6.679478884337372E-5,1.0075653541660386E-4,1.4307402424792176E-4,2.061816593425049E-4,2.98089262936646E-4,4.383030068432966E-4,6.663606535157439E-4,0.0010601158426630029,0.0017854243627835142,0.003215178934600717,0.006255689252431071,0.013327892409797813,0.03156537740660617,0.08231268880568277,0.20031733776113278,0.301304219630134,0.3029770275085122,0.3129061118822346,0.35399302491495294,0.3097955499994262,0.15949851091088518,0.07077944422826486,0.03472997063802919,0.01932152139191128,0.011908387798529218,0.00793403015688269,0.005607548771224153,0.004149378647427437,0.0031877370903847387,0.0025304755738315312,0.002070755428475864,0.0017450791933771533,0.0015134677734394413,0.0013495604994597612,0.001235365603320901,0.0011583051615926434,0.0011094728454733428,0.001082603429665831,0.0010734762654448567,0.001079459311510214,0.0010988645809924841,0.00112920750527768,0.0011743154049264509,0.35447534455047414,0.1818185544357371,0.20805945929009456,0.02473840204811489,0.04510892630636706,0.020825926778215525,0.013272375323187076,0.026457904915126635,0.016670655744075006,0.029725739569950792,0.1060967650979585,0.11469546481239717,0.10506518919434346,0.21556297885811784,0.3660703430876282,0.364185211013204,0.4011703384387425,0.28577549511647926,0.20187051082835622,0.17816461825221358,0.14953794437981996,0.11012297129304559,0.10055500042776873,0.11993908202360777,0.14941267093918167,0.14365892939613897,0.13853743629526816,0.1789379939665145,0.22352709889884861,0.17225560745601262,0.13676746168213916,0.12674245514778576,0.09127846479559347
21,0.004148658507863205,0.004821062860642753,0.005555314346207793,0.006393745113513316,0.007498815740362755,0.009209350840361117,0.012181247965383711,0.017797182600392775,0.029317065399034205,0.05513982261543177,0.11711568873656943,0.254484478460616,0.4219153175905748,0.44202862495972733,0.3858817879016591,0.35857107863621257,0.3625286984516954,0.28462676753309807,0.11930728021965971,0.04178527273886699,0.016818287069199713,0.007993474091219706,0.004330922589193196,0.002563637082576823,0.0015914220059223259,0.0010009776302832638,6.242205471835532E-4,3.83862273715412E-4,2.3469844933107388E-4,1.4470438179510657E-4,9.10443326397857E-5,5.8693317404051313E-5,3.850071380997819E-5,2.5180834603504006E-5,1.583593396089439E-5,9.066615386511595E-6,4.4167435392588804E-6,1.8671836582157674E-6,1.3574053301865E-6,2.607673127547971E-6,5.331808646136772E-6,9.560804836370489E-6,1.586262224255982E-5,2.5517409350369306E-5,4.0827305979876406E-5,6.573578182526778E-5,1.0211846465964712E-4,1.4701156975868615E-4,2.1278303396969167E-4,3.082223606145129E-4,4.5202091674620214E-4,6.825233739618199E-4,0.001076097270738092,0.0017969887209697926,0.003217957603334187,0.006255136383613999,0.013384712858921453,0.03197479836901245,0.08409149765106846,0.20412715466983125,0.3037714771766836,0.30608208402679793,0.31726254946109367,0.3570500965758535,0.30772334575053023,0.1568496386933567,0.06931813101224818,0.033907727215811236,0.018829976707101587,0.011609413585529289,0.007755637488849015,0.005506072338653206,0.004095474973451032,0.0031608359008921034,0.0025163524424179013,0.002060121677767826,0.0017324115604618077,0.0014959221504479425,0.0013260307594876964,0.0012057391521910067,0.0011228822559808888,0.001068436962258373,0.0010353524072954387,0.001017442043100262,0.0010073316328492274,9.905731725881794E-4,0.0012007457581595898,0.08103190650767711,0.04258512604945768,0.08054338137742156,0.01769673129169466,0.04122816963764535,0.00956641936259625,0.014530473690036782,0.01365664641081961,0.011778112940859214,0.027782483694909318,0.08814536449847184,0.0610806276065177,0.07130856496188752,0.15141213738359086,0.24104536348025918,0.27680091767558945,0.36625460177654595,0.3208853574520285,0.24997959512269505,0.21050280957794515,0.14887735096825924,0.10088260653695914,0.0926047155874725,0.11218019314610014,0.13322414070321656,0.11998549534024151,0.11146553501324982,0.13661114036501332,0.19365368310984885,0.21015530182101474,0.19936473220974082,0.1857902839072901,0.13138881816565465,0.07933383192328242
22,0.0041909415363213754,0.004929575666948971,0.00573692065476358,0.0066289216175439165,0.0077475087596152,0.00942134285623473,0.012294641053365751,0.017718396076397035,0.02888787582853637,0.05415261307313278,0.11572785141319389,0.25428447557642264,0.4215949401720529,0.44101575514030367,0.3891323965049872,0.3643173903741054,0.36655403861904917,0.2874550252972656,0.1214757565792332,0.042204554564670586,0.016726266744914862,0.007845588499138748,0.004225734250119094,0.0025112368151711697,0.001580506319181469,0.0010143229216735899,6.453186332103343E-4,4.0205457174865097E-4,2.4638312757103916E-4,1.506679728063903E-4,9.334873454855454E-5,5.9103282829154566E-5,3.8154940152001986E-5,2.471705905389275E-5,1.5549431742033153E-5,9.00724444684849E-6,4.480320898563217E-6,1.9393315959828807E-6,1.4353504105046529E-6,2.773858717448099E-6,5.630016585387902E-6,9.919401612443034E-6,1.6089201850591835E-5,2.5314228936758746E-5,3.9838462995253336E-5,6.397674486091696E-5,1.0219772102589815E-4,1.5020399912716215E-4,2.1923153905329423E-4,3.194142525670486E-4,4.688728903363125E-4,7.046742806776203E-4,0.0011014322681550158,0.0018210734651663513,0.003233893197710759,0.006258919444978261,0.013410565314571231,0.032264773784928515,0.08564359537320611,0.20773264723350304,0.3057959785680323,0.30893070142420054,0.3219954512273795,0.3605674621990298,0.30549379580977054,0.15431678894409598,0.06801042967815842,0.03315202215902914,0.018343876815344533,0.011285458900959859,0.0075409850086211655,0.005368056773227222,0.004010588364805859,0.003110811143971523,0.002486845528662015,0.0020402857954347703,0.0017145647097151215,0.001475020546071751,0.001298965145370275,0.0011705607646941122,0.0010779834906187859,0.0010114984995906527,9.613575275716983E-4,9.131613700621466E-4,8.365885022274792E-4,0.4063336042312478,0.1183077430761973,0.12159145799268911,0.020608691847823643,0.024197277169020332,0.010940496145735609,0.007386782234739626,0.01808741636842246,0.008076152829425903,0.009681817993134443,0.027976432028182858,0.04999104552395556,0.03804535738965269,0.05345738776572636,0.10887527246680827,0.1351070399649466,0.1764775259713824,0.29649140208515484,0.3474706498448252,0.30059940929086654,0.2542189487056125,0.1647061835993673,0.10395523741020563,0.09144907214926158,0.10827496923367462,0.1225035254157987,0.10822525743578877,0.09970099628396542,0.11420862576893334,0.1554343361186218,0.20192651395838748,0.24065143884700113,0.2541513277627746,0.19451929472237992,0.1217910268678556,0.07881834940937428
23,0.004216084772735577,0.005026134945387882,0.005924070541301961,0.006894950926776956,0.008051050440378727,0.009704953903623728,0.012487901579491287,0.017715659701035506,0.028496903217038166,0.05305064851844539,0.11377556488112446,0.25297643247753626,0.4203487383614065,0.4386476856702481,0.3912555395159919,0.37002270504228485,0.37112114254642986,0.29062490123917933,0.12428819872442484,0.042953337508061934,0.016741195538851818,0.007720653012735612,0.004113140385521272,0.0024415786525161065,0.0015526220883418226,0.0010165584489403245,6.623311504659873E-4,4.2080178126108236E-4,2.6017518652591903E-4,1.5852180715055243E-4,9.68623694332988E-5,6.014321367289751E-5,3.805800830429895E-5,2.4276891013328758E-5,1.5176455260115586E-5,8.844436290903802E-6,4.481798082976829E-6,1.991972210482411E-6,1.512173612175968E-6,2.9665796885326928E-6,6.020984726183503E-6,1.046063943825669E-5,1.657825105139406E-5,2.5401277866183895E-5,3.901247899852608E-5,6.176783678116555E-5,1.0075106550539596E-4,1.5203972376883433E-4,2.246734013068267E-4,3.3066003301398134E-4,4.881042697820009E-4,7.329183922482484E-4,0.0011378736426434768,0.0018622946788171113,0.003272616910163641,0.0062849805098792455,0.013433012615774297,0.032453704107300946,0.08689275974668095,0.21089187252829564,0.3070729993620864,0.3110869511921721,0.3266763003035846,0.36420328463672597,0.3027409718645519,0.15171923198329346,0.06684119587316228,0.03249385045807439,0.017896074460901024,0.010960582243830602,0.007303939867767661,0.0051983634850235,0.0038927436004626867,0.0030314033696584287,0.0024338095898202993,0.0020030045971595567,0.0016841700827480437,0.0014444808042649024,0.0012627697845709635,0.0011239401960051207,0.001015442194756612,9.235049096916224E-4,8.23653243493325E-4,7.293470223530888E-4,0.04967431587183687,0.027807730528757638,0.1299568629870517,0.014550949638103938,0.02448094631041747,0.005400379673812903,0.00783545430749365,0.012993113037455838,0.006295346251762999,0.009133045515175487,0.026314919065093978,0.02769855468138566,0.0272288996862196,0.0441876724498156,0.07595719635709912,0.07572018772918572,0.10746244571594564,0.21270611420459823,0.3218394126102289,0.30722738387326776,0.291864899643222,0.20562070224242474,0.12268622677849249,0.09881950447502037,0.10866379091669706,0.11523225902857225,0.10231832273728232,0.09571659672558287,0.10518935521367917,0.13205485192062108,0.17089874704179697,0.22628069501131892,0.28680372770004103,0.27280623896291006,0.19098695827024018,0.12741050470470494,0.08870698208904898
24.000000000000004,0.0042206166053389135,0.0051030126851274536,0.006107697518643078,0.007187149921241126,0.008413130053442373,0.010072483228839435,0.012780952503400249,0.01781799330154209,0.028189214845008925,0.05190425534342569,0.11131124924552245,0.25039500562333206,0.4179616150821267,0.43467507250326826,0.3917428065565013,0.3751514385357485,0.37589808595704166,0.2938734993677445,0.1277040487695912,0.04409256743346743,0.016901493063950727,0.007639242151712653,0.0040046723305913415,0.0023602743860300836,0.0015084998089790777,0.0010051212350968902,6.720003243757542E-4,4.3809148290530964E-4,2.7548295931904176E-4,1.6837765891778388E-4,1.0184800639479836E-4,6.203168788167927E-5,3.83629912815437E-5,2.3963330682985298E-5,1.4777266696160391E-5,8.597763362133957E-6,4.413962504670869E-6,2.013328594554692E-6,1.5766662599080119E-6,3.1716444792935502E-6,6.503128947170564E-6,1.1219041147963253E-5,1.74134471732853E-5,2.5924156342554003E-5,3.85950423608004E-5,5.950345573365489E-5,9.785674316009028E-5,1.520264380275801E-4,2.2815775674556166E-4,3.4049431297079836E-4,5.080934926802459E-4,7.662607571969007E-4,0.0011861295007549138,0.0019246145175368158,0.003344165570864893,0.006354956416043074,0.01349390106079498,0.03260261769864123,0.08784598944655606,0.21344319941812395,0.3073923167609805,0.3121439386314082,0.33076442369624237,0.3674360614434422,0.2989499630636819,0.1487439639664058,0.06571839327182047,0.03193153086928833,0.01750854264107081,0.01065821793659187,0.007062613655602399,0.005007900605193322,0.0037456628625544743,0.0029202427801149895,0.002350508187807798,0.0019390039720039796,0.0016308123336059611,0.001393319817896913,0.0012053381680738639,0.0010502442760153229,9.088352850086935E-4,7.406305012109572E-4,0.0032674785194745063,0.6547367184587749,0.03267648920906277,0.026037229920771943,0.017004276551680624,0.009067727472537557,0.0038798926692037885,0.010479414907616964,0.008506129749359314,0.0058550676118360335,0.00973126793490439,0.02030804367556046,0.01797741477999905,0.022095279140089533,0.039826168052662536,0.05091016748600951,0.04501117362146892,0.06581840180809467,0.1406600381567144,0.24759809430574634,0.25332351493261585,0.27841834709182056,0.25970348385696784,0.16283842026919618,0.11890155095823896,0.11697294146764932,0.11377953782903251,0.10066315053998985,0.09541687895487473,0.10220803546253937,0.11836795073979793,0.1411596810465445,0.18343602641976664,0.25662128604682016,0.3138277226725198,0.2747597557606616,0.20368088346419638,0.1447343310448847,0.09001020114436876
25,0.004202330393050955,0.005152318629791916,0.006275834624402387,0.0074962998675134895,0.00883416757791022,0.010535912976243426,0.013196001025481904,0.01805836375875349,0.02801627528898255,0.05080178949850875,0.1084482955874265,0.24646490560562015,0.41429125885402057,0.4289400658738274,0.3901051557131453,0.379049814750233,0.38038064950954975,0.2967939367022852,0.13158090955253104,0.04566928564784677,0.017247345646539736,0.007623613098239758,0.003913475957186526,0.0022752004308018788,0.0014514700196300476,9.792199712326467E-4,6.712612120288861E-4,4.5114785538309096E-4,2.910291061528768E-4,1.800635417713455E-4,1.0851864620284092E-4,6.500144734475421E-5,3.923919260994475E-5,2.389183771721862E-5,1.4427743082468536E-5,8.306012013425156E-6,4.2834030738278646E-6,1.995470620896424E-6,1.6154086368151015E-6,3.3626956106363487E-6,7.052746081861707E-6,1.2213448932210987E-5,1.868149033875064E-5,2.7046189091926197E-5,3.8856090363475934E-5,5.766059733939691E-5,9.396958136949289E-5,1.5000820006620013E-4,2.2891554471491974E-4,3.472194610337751E-4,5.26290437759799E-4,8.021072454487948E-4,0.0012449876671711778,0.0020102235637967617,0.003457568718199117,0.006491954594192766,0.013645794144970825,0.03281565639551806,0.08862830756340394,0.2153955078567531,0.3067544512043794,0.31186846602940616,0.3337343081477889,0.3696528550889168,0.29354040160088696,0.14497727575246336,0.06446184277595575,0.03141524097356563,0.017180870653137156,0.010393079065979331,0.00683385094693752,0.004810500487673652,0.003577945528702824,0.0027798801226272137,0.0022335866872728928,0.001839775857343452,0.0015415965839176645,0.0013041044024101243,0.0011018595899741745,9.058700783916645E-4,6.545173275601075E-4,0.07218985374019214,0.04297527162810726,0.1363011490009894,0.014086969148580807,0.026105508374457527,0.00448625691573762,0.0034215300012238707,0.012693277330601698,0.006737699454794162,0.006055060048691527,0.010857816396556022,0.014234066033218086,0.013481123953532943,0.019913483228894174,0.03780069728335685,0.03512916909810331,0.029218192227095877,0.04160918335483796,0.08784790028965538,0.16065947702065303,0.17541519568011124,0.2129155508726346,0.26790189812800874,0.2157390360668924,0.15417645374521727,0.1373759665254921,0.12236450068120228,0.1058502491709427,0.09994456831736835,0.10380734731166041,0.10987661128668479,0.11637938906272473,0.139289916028134,0.19619868299873652,0.28228069337847234,0.3179435488341042,0.28212830801964184,0.22649126135589276,0.14722743089607193,0.07919298614639918
26,0.004160883374962501,0.005167120631013685,0.006414186684576988,0.007807478205414736,0.009309082357592499,0.011105301163851984,0.013757260595627516,0.018474228738465295,0.028035838626346656,0.04984612287156836,0.1053584319032785,0.24123229238905886,0.40930924359022236,0.4214402484931998,0.3859494809040981,0.3810064313005786,0.38390957936544295,0.29882501995627697,0.13563406942613856,0.047700025820426366,0.017818877999164255,0.007697432104462237,0.003853594323493214,0.002195629212044838,0.001387142734505467,9.404626543257833E-4,6.582274814154119E-4,4.568528298327323E-4,3.0470000100170635E-4,1.929007903579115E-4,1.1693915028675868E-4,6.927943363328256E-5,4.087203519512806E-5,2.4187807425735312E-5,1.4212135490366794E-5,8.02118660440983E-6,4.11112872258083E-6,1.9383870495849257E-6,1.616896196679083E-6,3.5024296692270705E-6,7.610684515027275E-6,1.3422371446123454E-5,2.0455373829284175E-5,2.894880256794858E-5,4.0094043627860465E-5,5.6745976974888765E-5,8.984461660639282E-5,1.4632342584162557E-4,2.267072893993174E-4,3.494114488799198E-4,5.395643727649733E-4,8.360085785979266E-4,0.0013102687798906,0.0021178482433747104,0.0036186718832376206,0.00671749974428149,0.013946360361619226,0.03323132661834125,0.08949362643480334,0.21699484298509825,0.3054646202914035,0.3103543808695875,0.335263107359233,0.3703220140636377,0.2860290131984456,0.13999772931527846,0.0628184475764752,0.030837851721271865,0.01687924763885934,0.010162205865819795,0.00662615189986363,0.004617460803248382,0.003399386830627578,0.00261606602149342,0.002083043108589381,0.001698243981691049,0.0014005960795543167,0.0011472310147331,8.909306763679334E-4,6.24307068883349E-4,0.040780226941718505,0.025264142025946706,0.06547797439582131,0.012134883781530081,0.02397112948575599,0.0032961389421816475,0.0035919239079643104,0.01043131001356348,0.005938149315020259,0.0066577853041977905,0.011306272212599021,0.010196035889305672,0.010877485455066773,0.01882925225519155,0.03567638567244337,0.026431274168733605,0.02126536968424732,0.028324998653295533,0.054267680556675746,0.09236406801776048,0.10721908191059501,0.1399360268356131,0.20712629379425554,0.2318321491644877,0.19186474125852332,0.17012498014942762,0.14335084321139027,0.12025675022260353,0.11214145318530462,0.11295469863397348,0.10910319028105758,0.10050507313882656,0.1054784482633166,0.13785421011343663,0.20820952271667145,0.28588089953204204,0.3076982701889068,0.29206849995528766,0.2301726410913641,0.13394055841807423,0.07144611040083158
27,0.00409822645720017,0.005142785043466808,0.006507573020027713,0.008099480857741637,0.009824433979274245,0.011785963303462899,0.014489932117450734,0.019108180872248526,0.028312679305854873,0.049151537453234626,0.10226195025042786,0.23488367238525634,0.40312677045098855,0.4123899565406746,0.37906911524459663,0.38034752248200976,0.38574145385602926,0.2992786962830382,0.1394023238309014,0.05014366321533097,0.018651916753536234,0.007885693492063644,0.003839633494258942,0.002131368668208543,0.0013225675726341092,8.92822362936649E-4,6.331069792420732E-4,4.5263463834036894E-4,3.136854830505405E-4,2.054586343168958E-4,1.268481948351705E-4,7.503251417833014E-5,4.345851307826881E-5,2.4988120535382902E-5,1.4219083267517151E-5,7.801014612518632E-6,3.928475756065766E-6,1.851612470402544E-6,1.5769949665864188E-6,3.5521814517315068E-6,8.076064204117424E-6,1.4745475836110842E-5,2.2751329593878905E-5,3.181685596778338E-5,4.265118251980792E-5,5.7285221109137094E-5,8.637955605719697E-5,1.4180683007609138E-4,2.2207319459980994E-4,3.4657693002319195E-4,5.451276635727764E-4,8.621539424779725E-4,0.0013741085452229217,0.0022405682536615528,0.0038267325438649455,0.007046964088311001,0.014450994904088466,0.034006992364670786,0.0908056789403186,0.21873507830374805,0.30415265201794794,0.30812305584812094,0.33542461173425364,0.36920664568314576,0.27623443486902294,0.13352600720834645,0.060520043377673076,0.030042475364505834,0.0165298265354869,0.009936568742434187,0.0064320115233441446,0.004430670224807805,0.0032148353873787602,0.0024325412060479095,0.001898001596792835,0.0015044993723585145,0.0011801467198786807,8.501649833950104E-4,0.00173950724743186,1.255980753373092,0.029207965434013872,0.022922246427771055,0.01390564835067495,0.01416295091195937,0.0031398020650520112,0.004338187602012401,0.007651488358827853,0.005566744124163712,0.007640439707309612,0.010519052743773296,0.007587036411741902,0.008786137583194723,0.01711836310781753,0.03138889468774016,0.02148700493510833,0.017275878519546272,0.02133282198751133,0.03510904973604121,0.05178588091203187,0.06221825227183349,0.08560243987331624,0.13396277936761813,0.1825764244420148,0.19279139866047168,0.20094675376146598,0.17406631974356815,0.14190719805322732,0.13085696367145375,0.1308776116359469,0.11982166408844024,0.0979793963268447,0.0881707182756424,0.09965431660651311,0.1394237571170493,0.2073134939296635,0.2651652551834214,0.294128849295198,0.2882838202197844,0.21372020011534015,0.12251533172525457,0.0703453418404105
28,0.004018748497298277,0.005078248846566058,0.0065422883305717786,0.008345566895053868,0.010355379000818083,0.012573975762918384,0.015417697608090822,0.020008275957150747,0.02892029609007821,0.04884239841622765,0.09941390829484918,0.22774756136142535,0.39599463659385326,0.40225930678412264,0.36953488205938373,0.3765542754338104,0.3851777297661504,0.29743134080433775,0.14224412140507042,0.052862443831654,0.019768626023136403,0.008214240004685574,0.003886884211413155,0.002092244498423678,0.0012652477485133923,8.4190106761328E-4,5.985260563562761E-4,4.375720261948416E-4,3.151367869526844E-4,2.1546100859502914E-4,1.3740020805517157E-4,8.22462377991938E-5,4.718357450480174E-5,2.644375421092015E-5,1.454263472737967E-5,7.703996349869824E-6,3.770802958212926E-6,1.7521002767281458E-6,1.5023969786825957E-6,3.4893795251282664E-6,8.32442587545609E-6,1.5967040580688578E-5,2.5444275357467912E-5,3.5778677078451894E-5,4.692018560029894E-5,5.9862477720364674E-5,8.448213495634986E-5,1.376321389628572E-4,2.1632981579924166E-4,3.396284874749055E-4,5.418298820564557E-4,8.750527210184199E-4,0.0014256131112099556,0.0023640443848561665,0.004069760930271175,0.007482283591653663,0.015202251703310007,0.03529868342922858,0.09299420713716311,0.2213003939559343,0.30368701191549524,0.3061102311895031,0.3348085170680864,0.36652427976447355,0.26442740519161856,0.12557831124247731,0.05738314020047118,0.0288590243801221,0.016024253248759723,0.009656387929419781,0.00622086447520931,0.004235070393724634,0.0030161624762995633,0.002222023302879201,0.0016655137129753018,0.0012277195806255825,7.996618613871885E-4,3.19051094078569,0.19877535274374145,0.04749156842713213,0.013601741936636894,0.019145907110977,0.010453482518832293,0.0035400500551857833,0.005432139622867433,0.005993034060613108,0.005482397917619351,0.009063320242491032,0.009374540847635653,0.0059524421024913995,0.0069894902814995755,0.014146721836737926,0.02448672017951607,0.017605128410981604,0.014809027909943602,0.01735987470000207,0.02431370864525484,0.030685787796829313,0.037325316143069,0.05319106080695693,0.08415532683080595,0.11973941875233968,0.1441578311708738,0.19256602261487438,0.20484704906625253,0.1657808497474763,0.1482682968027013,0.15025841295844558,0.139926023806654,0.10959321289325556,0.0874766999597925,0.0839918541976647,0.10027382094008835,0.13910342020705416,0.19132070757699182,0.241145044326141,0.2809393783974667,0.2722710256633951,0.19417883728323573,0.11748226880556147,0.07401231914946525
29.000000000000004,0.003929092856486989,0.004976860109068211,0.00650905075180194,0.008516273129635045,0.010863564268646387,0.013449800576802876,0.01655758481231509,0.021227140675714896,0.02994337793039783,0.049054655290435616,0.0970909838621553,0.2202785755577554,0.38827556720231043,0.3917716241921417,0.35776483518943275,0.36938103421741336,0.38172682347263787,0.29269203943218713,0.14339926544292414,0.05557802504522883,0.021159212946374413,0.00870755853236962,0.004011701701348084,0.0020880957389002412,0.0012224294920172383,7.938489070240806E-4,5.589937564254305E-4,4.131042861554371E-4,3.073024621578262E-4,2.2014597389446235E-4,1.4693024240273211E-4,9.050623058364205E-5,5.2149197014926344E-5,2.8714180633663158E-5,1.5286993821941065E-5,7.789277231341266E-6,3.672700372528714E-6,1.659732395379375E-6,1.4092151846075323E-6,3.3228753587869556E-6,8.260414280359128E-6,1.6769739499188154E-5,2.815424591365507E-5,4.0752747468114976E-5,5.328952307236299E-5,6.518969239005955E-5,8.504084432364855E-5,1.3510161845277675E-4,2.1131506919598779E-4,3.308628327973087E-4,5.311388393120681E-4,8.721048357842526E-4,0.0014539584368817953,0.0024673303391948577,0.004320295116030793,0.008001505179433812,0.01621294180769684,0.037233644587283975,0.09649435548720438,0.2254509886391275,0.3049922795043133,0.3055152020316812,0.3344948164313847,0.36295374703509453,0.2513128190346788,0.11652858985847789,0.05341088543362618,0.027170131544378997,0.015246602846131552,0.009236619551020796,0.005935480584734422,0.003991216208947887,0.002771894253921802,0.001950896620280757,0.0013331613448651948,7.756222045217469E-4,0.048725029913617005,0.06678858416224913,0.124645414715678,0.01051410978237807,0.027960237800166383,0.009206586954091595,0.004308883706418079,0.006188743333040433,0.0049668653006630925,0.00547162442650531,0.010783715798747574,0.008774424531082061,0.0051487002455712924,0.005760173936637085,0.010963844006534823,0.017200133070577224,0.013687069482006048,0.012461937435291235,0.014372733735728406,0.017595903974158958,0.01951776320819553,0.023929410547940923,0.03532428482550621,0.05688664928443676,0.08005423807078992,0.09414130669145182,0.13543538512191647,0.20420437734525038,0.19253054324368132,0.1617154982481537,0.15998571486008828,0.1567009563401017,0.12883685069572542,0.0995917710045921,0.08543946344579556,0.08698623749599775,0.10417409827152033,0.13543564509845188,0.1768850199950429,0.22799703456453324,0.27163603377394224,0.25435035973616765,0.181509825149561,0.11733682642130315,0.07741781930026495
29.999999999999996,0.003837708396475926,0.004846495436697019,0.006405774247781192,0.008584568059631,0.011297863153789164,0.014370730226192374,0.01791076238086313,0.02281814191761803,0.03148020420458076,0.04994061619900201,0.09558374767562644,0.21302861274006835,0.38039859192330056,0.3818511824657206,0.34454611667450247,0.3589520686155112,0.3752433172796531,0.2848202515164478,0.14214609756267194,0.0578464917023337,0.022751588889516734,0.0093823895998676,0.004231545433742669,0.002129232400370486,0.0012009205044262877,7.544634705760785E-4,5.197761271949568E-4,3.8279978033767183E-4,2.9057777501068603E-4,2.1726599822049356E-4,1.5302901470192235E-4,9.87145572106589E-5,5.821562036572056E-5,3.19329210185937E-5,1.656950321114032E-5,8.120930808976972E-6,3.667038627263243E-6,1.5934423716783848E-6,1.3176136181544073E-6,3.0929652809151756E-6,7.879790868633065E-6,1.685514882413271E-5,3.0202716163264942E-5,4.617656263087954E-5,6.19173223920869E-5,7.41407509781264E-5,8.900520489720235E-5,1.355093250371408E-4,2.0905575877357152E-4,3.234580352560287E-4,5.171165013765372E-4,8.556604199297696E-4,0.001453541670482376,0.002528791857675784,0.004536299623019649,0.008548545215294034,0.017441008391938555,0.03986748794902058,0.10166712257299573,0.23186947084147405,0.30881026542111095,0.3075384465851384,0.33586097637037127,0.3594466379461069,0.2378009880283194,0.10700811135271276,0.048825650398942586,0.024976669303064063,0.01412038754319585,0.008589367055363563,0.005497298917764185,0.0036298250922573304,0.002411763073634806,0.001525501921417051,8.127045201602057E-4,0.025444818946584208,0.046076095250753964,0.15154440151376325,0.00958228741400581,0.03388991505934474,0.00852794229156727,0.005251368350671599,0.006145139304054402,0.004108582956146579,0.0051566047527527945,0.01202781994013378,0.00887516139533107,0.0050384481925115935,0.005216855819755421,0.008649424337843744,0.011872619628917098,0.010313357231976147,0.010189915127283245,0.011826361092528354,0.013047745971134147,0.012982965045875707,0.01582833459590962,0.024273759733068494,0.04137288969771341,0.060159920525188,0.06716107006560378,0.08650599613212673,0.1463134297347632,0.20450528740003654,0.18238632608870806,0.16670225043423786,0.16322336852701294,0.14295739896237253,0.11500386408877625,0.09601093994247649,0.08915619884486486,0.0938049252874854,0.10949094534598292,0.13607199631441558,0.1762409471923566,0.22944061920447315,0.2675849214168003,0.2446837130591471,0.17916621587111675,0.11741760361104386,0.07524477351636222
31,0.003754290033972075,0.004698890573232174,0.0062391913176755645,0.008532530780031813,0.011600142513698468,0.015264694445897738,0.019448158534430833,0.02482571011048349,0.03364300269874854,0.051676559355425915,0.09519780138665829,0.20661381205872523,0.37281405620271074,0.3735310593342537,0.33099015853066394,0.34581804169210095,0.3659844924887883,0.2741090271847677,0.1380422520825652,0.05909718537442735,0.02437250475107566,0.010233411971992243,0.0045633858167587445,0.0022270589589118307,0.0012074472227333749,7.288300616019798E-4,4.8580984611874454E-4,3.5126012197180884E-4,2.6765926699077715E-4,2.0635455158645323E-4,1.5328529635985934E-4,1.0495559196761261E-4,6.473777401610711E-5,3.610683467142847E-5,1.85085647141326E-5,8.773470766022336E-6,3.7878214016955394E-6,1.5700264123563018E-6,1.246504443183462E-6,2.855101573993372E-6,7.2860638128836E-6,1.6136439028820625E-5,3.082478188838446E-5,5.076671811300065E-5,7.218702196091662E-5,8.757760705544865E-5,9.751502168184414E-5,1.4012518331309295E-4,2.1154953717572036E-4,3.208513013958958E-4,5.054111273091908E-4,8.330343011340541E-4,0.001428299738969684,0.002536675722603327,0.0046731405012664035,0.009033865841768336,0.0187634826944616,0.043119833747402074,0.10868477018138331,0.24097109585514565,0.3154458871054714,0.3130570323302245,0.3402491534436022,0.3568690033172311,0.22463932477272708,0.09766707644397674,0.04398577942827013,0.02240979627426424,0.012649136499856958,0.007658205651897053,0.004823833859708275,0.003049503112239621,0.0017956080920475247,9.29730520222051E-4,0.020726875745907484,0.04210017688350653,0.12009489830896118,0.010074728309208743,0.03139121206639845,0.008021454236777092,0.006293880352533376,0.0057919895202525155,0.0033417522599286484,0.0043857516835400095,0.011605336292661162,0.009180881033904527,0.00539376294469269,0.005246193368592656,0.007366811432944476,0.00874771694189868,0.008049621499745993,0.008547809825715437,0.010154439659709828,0.010360954568379198,0.009147917744930607,0.01049070351627771,0.01603862188161879,0.029200201393004627,0.04759507289425294,0.05497333328328972,0.06339076495146005,0.09437867424774288,0.15963604675305534,0.1988058235090795,0.18579032063739886,0.17476677732257165,0.154332116534785,0.12735122915733907,0.10689038191215113,0.09618347997213596,0.09425783465606664,0.10097548751318597,0.11764061026075877,0.14709977947123867,0.19199011063219226,0.2435748667202646,0.2708781792973503,0.2484332810278881,0.18430884004836362,0.11386682857531974,0.06871888100255388
32,0.003689308319326397,0.004548411521696075,0.006024616662983766,0.008357453550858478,0.011717037610382139,0.016030459125627904,0.021091855626852875,0.02726566971165647,0.03655218078735276,0.054471308653711234,0.09626505523382063,0.20168776312840186,0.36596953971433366,0.3678440471449103,0.3184267675954414,0.33095595111073545,0.35456294313448156,0.2614270063599327,0.13116024559973147,0.05877904764802496,0.025721635441347417,0.01120765004738629,0.0050179987081197894,0.002394193931435323,0.0012493593235800944,7.215562123695135E-4,4.611646460714316E-4,3.228625900123698E-4,2.4257372066110525E-4,1.8929325404188884E-4,1.466029612888025E-4,1.0693602375244548E-4,7.031962824051356E-5,4.090868616458019E-5,2.116831541932659E-5,9.830917379867085E-6,4.07496746526024E-6,1.6057440195140112E-6,1.2115363407276537E-6,2.661124548595323E-6,6.641314053085743E-6,1.4832414056708792E-5,2.966153162090366E-5,5.27832685830896E-5,8.194122393649337E-5,1.055834431394393E-4,1.1193187924028409E-4,1.502312785555572E-4,2.2070720210794496E-4,3.263603684630646E-4,5.020370288425554E-4,8.144766684875814E-4,0.001391815213153284,0.002498213203971175,0.004706170903841508,0.009360554421864432,0.019975678888339867,0.046705774769704764,0.11737157269975924,0.2526727347038256,0.32453105543145755,0.3222781761168013,0.3485359593641402,0.3555214218405125,0.212030434959704,0.08890688442542767,0.03921937379666565,0.019660711011144305,0.010908672120028247,0.006435805844623346,0.0038433171996907324,0.002102783031624714,0.0011035893139568435,0.013407372596378978,0.0417395091616233,0.1150301939394911,0.01206310892420216,0.02671903366790363,0.0077049180276979636,0.007512860361224884,0.005889936403324531,0.002873901577212215,0.0035588569572680114,0.009655821337400127,0.008926492407090123,0.0058190338645229675,0.005576327554380016,0.006790030219101233,0.007021331722240828,0.006683098023644337,0.007610628638131994,0.00956505715686809,0.009469321013510347,0.007388903564012905,0.007442811297992744,0.01037806656307851,0.018584381407290525,0.03379194239213615,0.044734231938649005,0.05162469329007497,0.06856016648212536,0.10768058647864825,0.16681482321870406,0.20011241152843368,0.20220146225196087,0.1802991854540637,0.14735771079920368,0.121251074694126,0.10529995087564843,0.09702676978459326,0.09589206790844894,0.10465203068427588,0.12702124974666548,0.16644426510763197,0.21949791589248588,0.26560730133992416,0.2832276013127776,0.2638868270955404,0.1922232282374349,0.10965838438087365,0.06289243270707062
33,0.003653813779885806,0.004410704003494969,0.005783862157946784,0.008074733576558853,0.011615500307582035,0.016550517365527,0.02269831849682701,0.03009156972110475,0.040316887967180984,0.058571116786567956,0.0991637641022916,0.19893028315782726,0.36032039215396533,0.36571808801648087,0.3082724674084327,0.3157013478437428,0.3418326195651963,0.24807029323588722,0.12217476758683794,0.05659691661648086,0.02640490887300962,0.012171464124657336,0.005586326347524428,0.0026426520280841363,0.0013352929966955495,7.374278344323171E-4,4.4916535846033413E-4,3.010424227763634E-4,2.1928237309277242E-4,1.695620615195674E-4,1.3413354524748823E-4,1.0319106526150976E-4,7.298234841784414E-5,4.540700646237654E-5,2.4416582781289255E-5,1.1361491857502606E-5,4.577049831497275E-6,1.7195218949021267E-6,1.2266591924434773E-6,2.55115565450843E-6,6.098051383320992E-6,1.3348772591351573E-5,2.710641353132864E-5,5.113353615325337E-5,8.747270084713558E-5,1.2568982830632135E-4,1.3341540012592944E-4,1.6701874884965463E-4,2.3830042037130712E-4,3.4309077500133887E-4,5.1267897346591E-4,8.107511282473023E-4,0.0013631713846503463,0.0024398050428341834,0.004650339121264013,0.009475430442928997,0.020852638620516832,0.050130544950323694,0.12705182499958273,0.26616108781575454,0.3348679524089429,0.3344279373850604,0.36064569861113727,0.3545791355803482,0.19933404315636238,0.08068193175244458,0.03465982539093883,0.016860022574686998,0.008974689158901381,0.004925059241635441,0.0024571034956595277,0.0012581309910175197,0.03325162605651928,0.04050036525455592,0.12531802953119014,0.015698267532514947,0.02381138772637092,0.00743543203540692,0.008714832937367904,0.007002696338974465,0.002890723596997987,0.0031125180973243017,0.007704030062046287,0.008095626366172464,0.006003480839673558,0.0059272733857020955,0.00655046053583129,0.005916532370105608,0.00564948401321353,0.006866309875382796,0.009581863245244794,0.010112465304444531,0.007309598363096476,0.006316029569923813,0.007494954742119917,0.011769981868288176,0.021030285399680472,0.031209324083376785,0.03913438995025623,0.05123265103453098,0.07484851344255083,0.11588572421469243,0.1688167181021441,0.21625530689879857,0.22324700960329946,0.18886188674266946,0.15259024132209567,0.12722438596605493,0.10894433002764707,0.09580058179859001,0.09192629755587187,0.10218812906814209,0.13129170756343003,0.182685893846407,0.24414213240165833,0.28639093719045294,0.30194839685564795,0.28451689182710027,0.20177807110434734,0.10991778865013087,0.061255643800690485
34,0.0036596522121688946,0.004301692647500229,0.00554210909874064,0.00771595834232482,0.011296073007783305,0.01671955350163733,0.024057237176283826,0.03314802552808924,0.04499012875845592,0.0642506395669039,0.10434220499101712,0.19905693563275745,0.3563760903845388,0.367882676591124,0.30192154378840247,0.3016203858034788,0.3287780582841074,0.23548844467993554,0.11221287989743017,0.05271068844969177,0.026070210225308782,0.012894601841596317,0.006215196477209532,0.002977276481231277,0.001474982724753234,7.822019571022074E-4,4.5298333349601266E-4,2.8831502132340147E-4,2.0078493962748847E-4,1.5075946395527287E-4,1.1881905103947075E-4,9.426852295552292E-5,7.114676844863064E-5,4.8040399625330183E-5,2.7689856690669497E-5,1.3333390465790383E-5,5.342440961428145E-6,1.9357633182405437E-6,1.30774933193351E-6,2.5577482314215164E-6,5.7670481470685125E-6,1.2071911544150036E-5,2.4067920135038426E-5,4.642852333192844E-5,8.572444052640447E-5,1.4112621774969115E-4,1.6133581104680038E-4,1.9099429672718375E-4,2.6555714230225486E-4,3.73777686825562E-4,5.42546890592676E-4,8.318317833462042E-4,0.001362121033019711,0.0023983173099421154,0.004560118096932873,0.00941315608875071,0.021272883443680727,0.052844198963152435,0.1365750010251419,0.279833012038283,0.3444951008388483,0.3476373131726896,0.3751197606974142,0.3515645782069899,0.18493893430620048,0.07240809655425483,0.030141033145052325,0.013965155696382434,0.006810761304844019,0.003017825817889011,0.0013431483776596635,0.10997966600411123,0.03848319673821428,0.13800642406695582,0.020619066103125812,0.023282692993708852,0.006965461829765506,0.009041974338021886,0.009592404523520351,0.003562555553657574,0.003217643618492423,0.006614635475470348,0.007378056169999619,0.0060947410424363095,0.006340492705640299,0.006631641177070004,0.005124760978603489,0.004597137750972836,0.005685366646577666,0.008889744207394832,0.011288118537402619,0.008539502485994012,0.0066466469561201995,0.006695870156965946,0.008700441177207105,0.013503576876783812,0.0199840450864516,0.02643822584085071,0.035282857807541715,0.0501432907067393,0.07448148320513504,0.11223890666621203,0.17373684612975684,0.23961507939144447,0.24214001938171942,0.20537393192944953,0.17225454819415897,0.14373853327038802,0.11515821070491357,0.09352652708945967,0.08633533369578372,0.09605827322736377,0.12681859855509603,0.1819318104348292,0.24588878107072865,0.2920615959781262,0.31586367492021844,0.29946990692518677,0.2109879741608643,0.11623807192548001,0.06501452351620751
35,0.003720179528211867,0.00423727611593756,0.005324941598923397,0.007322872857148897,0.010796838420710084,0.016481410156902992,0.024924075529685372,0.036126922810818037,0.05048567374192165,0.07176987288416761,0.11233378900163049,0.20284738686310194,0.3547692322898384,0.37477709101464285,0.3006902765455948,0.29036106948305873,0.3164588305301124,0.22502035160780628,0.10253702919393408,0.04773166091489029,0.0246076872741109,0.013100083713426264,0.006780438477475168,0.0033804522319289152,0.0016763938889914752,8.630561647350653E-4,4.764252499844027E-4,2.868158211330007E-4,1.890532181984697E-4,1.3554265999796185E-4,1.0389788841300058E-4,8.258716912748556E-5,6.491734776216469E-5,4.7330223179484194E-5,2.9865988738489953E-5,1.5444311118770984E-5,6.377146902553265E-6,2.2822417525941836E-6,1.4763086880211626E-6,2.716774664011383E-6,5.7294408321662154E-6,1.1265421531088997E-5,2.1422305321857985E-5,4.058843653019679E-5,7.733723085290998E-5,1.4339378448525005E-4,1.9016814994653438E-4,2.2046717817988433E-4,3.018779777755937E-4,4.1984909544016475E-4,5.960140625895531E-4,8.866542501102376E-4,0.001406640229498021,0.002411337364591956,0.004510525134393648,0.009294662668936256,0.021324567852931055,0.054556618050364915,0.14472833397632934,0.29170804873421413,0.35118874661407207,0.35931631287796423,0.3890552428031763,0.34220985182902464,0.16649590182301932,0.0630164551903804,0.0251660579115345,0.010682522115535392,0.0041354291324111345,0.0014085409727960013,0.14447423458847175,0.03935819926543065,0.15140730569592722,0.02623645855305013,0.026251629831427762,0.006447296188378876,0.007922270295670476,0.013343800795604889,0.005128500512001392,0.003996887522149283,0.006456494526020634,0.00716417675068475,0.006364270047671291,0.007076592178257307,0.007436411516572613,0.004896540975797495,0.0037772807011860893,0.004292772664692009,0.006806551892966946,0.010557998609069797,0.009729939722551985,0.007716835427805482,0.007131230475440694,0.007909189094048053,0.01021840839505769,0.013781834602599602,0.018064718592845728,0.024074540110126715,0.033317322432881706,0.046691664386712184,0.06569559406490581,0.10246576420019042,0.17871646755393836,0.253285141808083,0.25156365016515086,0.22492099568805543,0.19996587134344915,0.16464911926418807,0.12328332372501488,0.09470564699828499,0.08445444965062121,0.0913917099173624,0.1174675618602887,0.16407565182576941,0.2213301844640303,0.27416848579394476,0.3097857901428253,0.294644633090258,0.21149814159007493,0.12452703161737867,0.07307185628904582
36,0.0038515502733184564,0.00423388773133063,0.0051565666639418,0.006939927382852886,0.010185161053036107,0.01585651159264327,0.02509309424877142,0.038566335256835296,0.05645780603701552,0.08126386176461373,0.12373669836353904,0.21117943884696294,0.35632230781730345,0.3864537488052695,0.30580182664103117,0.28354322344305954,0.30601429349546194,0.21774558782527567,0.09424856503596184,0.04248935551210884,0.02226150913911817,0.012604751003366211,0.007091130667759076,0.003787974571947219,0.0019366960972083682,9.875569357114013E-4,5.246007248143932E-4,2.990511743838724E-4,1.855366629721999E-4,1.2548594616796954E-4,9.171461460530703E-5,7.100184424248666E-5,5.62206531462065E-5,4.311133945477245E-5,2.9721233510501742E-5,1.6973018029115156E-5,7.542062609822994E-6,2.7713393021428124E-6,1.759403687809595E-6,3.079182869750835E-6,6.0714438184154065E-6,1.11023515759741E-5,1.9728352186564513E-5,3.548454992816526E-5,6.630789718766865E-5,1.3051824120803349E-4,2.0802584806396565E-4,2.4941835146736623E-4,3.424484060461323E-4,4.788177227128033E-4,6.746201482215071E-4,9.822496789135104E-4,0.0015124296363753528,0.0025125571123429335,0.004577027585853226,0.009283962994097237,0.021300144803608097,0.05550861341021761,0.15098027788727553,0.3004284394045275,0.35348122620314376,0.36719977209791144,0.3988146299504313,0.3213074203002842,0.1418086310296772,0.05128369397532421,0.018991808975215574,0.00643641371299861,0.0015225545001774337,0.10295352138145732,0.04990080794752383,0.17613537780527216,0.032539887256020465,0.036817004398740485,0.0066113518817892385,0.006381549456446275,0.016056366141906118,0.0075097048464261166,0.005525910400206009,0.00710118905188049,0.007329749065143544,0.006714904059265563,0.008057064601662155,0.009372395227760824,0.005676084748918203,0.0035920414474031144,0.003424771370840708,0.004772369559583807,0.007755306433216097,0.008803333375319845,0.007902697844858798,0.0074594069507281,0.007797201389649671,0.008839958585965932,0.010661578308621113,0.013484590000867294,0.01787538981532429,0.0244319150801825,0.03272509272675349,0.04152607763041646,0.05576917282881048,0.09342955741667633,0.1761381737905683,0.24712278062657683,0.24505439709560392,0.23304101820158013,0.2169538310832002,0.17876480789731458,0.13295828791797518,0.10173893985703694,0.08870247117180577,0.09149127410849252,0.10974146870771373,0.1432386997240124,0.18940786892437023,0.2428583597959887,0.28336150568810453,0.26793334933693597,0.19650354010456353,0.1256788909597212,0.08004193094971201
37,0.004074682205361763,0.004309977799110427,0.005059723251165153,0.006608470612927896,0.009541318136538728,0.014941830895278231,0.02448557013120182,0.03994372503054533,0.06219080817414632,0.09252861688533573,0.13910449937579208,0.22503557017248838,0.36208102195225217,0.40250494978848633,0.31834743261726495,0.2827283439560337,0.29869841475035275,0.2144681163510568,0.08815863574994247,0.03773806283754286,0.019527328797193773,0.011464227558803254,0.006971010033638137,0.004074551771279657,0.0022238242459287237,0.0011584943102053357,6.037680455283147E-4,3.2861151589626877E-4,1.9187243593772415E-4,1.2156632736019942E-4,8.352314210327912E-5,6.15379071457279E-5,4.7493934687202474E-5,3.6864153091529686E-5,2.6982460205523554E-5,1.703396741748706E-5,8.435531432091766E-6,3.3453302999126758E-6,2.1747139600941604E-6,3.714714721087702E-6,6.9221042721343305E-6,1.1760597017419604E-5,1.9311290951073342E-5,3.2218372962811326E-5,5.663465191013176E-5,1.0998387098650804E-4,2.0411407033633802E-4,2.675427734664785E-4,3.7644942909056505E-4,5.402121460763787E-4,7.719390119388221E-4,0.001119445465120186,0.001690667972724251,0.002730543128204587,0.00482661379264047,0.00954514064667447,0.02159448745837989,0.05646681930909942,0.15605701760447618,0.3063184241258142,0.3517916271088664,0.3707357547440481,0.40133894651161334,0.2847136842848211,0.11033978633263272,0.03656628201291158,0.010979140283901052,0.0017848969409815724,0.056858289521388786,0.08472707194085113,0.23086560774739143,0.039605813636466175,0.0647870358083689,0.008662079117731416,0.005606797124348954,0.01655305650159887,0.010007026045480358,0.007562343041634747,0.008381761254592113,0.0074505031051325206,0.00658869557551083,0.008297167138395524,0.01177940046027157,0.007913875750795468,0.004293033857109982,0.003350141989492468,0.00377388255608665,0.005458288644435242,0.006714947205572423,0.006712265389853532,0.006689606555877044,0.00698375021201428,0.0074214461968770355,0.008178537239429911,0.010034889496034172,0.013609072696297585,0.019403924281703577,0.026787917829394572,0.032768134593034355,0.037766050830315576,0.050816586100554846,0.08828506774848384,0.1675983517035437,0.22828303167250844,0.2268169930300749,0.21979919503650486,0.20534955262921373,0.17331378594910474,0.1371076212364246,0.11075588599812039,0.09752642361032264,0.09681700686925887,0.10825007271351296,0.13202447713148258,0.16916737735718787,0.2175435140451703,0.254904232519657,0.23812738770416114,0.17516847914492295,0.11625818294239608,0.07826519408063155
38,0.004418050213769491,0.004488483064770034,0.005057311554140613,0.006364427693051813,0.008942278968281902,0.013881715883244513,0.023198928337053462,0.039871746667734964,0.06661879005719168,0.10471147282399332,0.15866180594607274,0.2454119845839479,0.37327688225265276,0.4220989504671409,0.3391133000914306,0.2894522367477087,0.29591183670718496,0.21578242586886867,0.08483928659448958,0.033994743181249565,0.016915601177780133,0.009966437534456437,0.006391841206568108,0.004093833973922131,0.002456672894313619,0.0013605734171781656,7.184350817754411E-4,3.804150721771516E-4,2.1057440614890985E-4,1.2483531540982926E-4,7.996201003600824E-5,5.516848135563789E-5,4.0419658224669865E-5,3.057432911936788E-5,2.2736728420885422E-5,1.537094763282869E-5,8.51406954658566E-6,3.800994870277326E-6,2.6784639344871347E-6,4.6790004013987455E-6,8.47177145924677E-6,1.3524185050607041E-5,2.0498674721267135E-5,3.134396247965826E-5,5.0457416444432224E-5,9.099941775374029E-5,1.8092216061219629E-4,2.663779209743501E-4,3.9056119097654674E-4,5.845264265397678E-4,8.668146921910877E-4,0.0012828311640318444,0.0019384421395798079,0.003082519704685976,0.005314084639109123,0.010223949369998089,0.02260792098510824,0.058485088052264225,0.16188616110334061,0.31158324058084197,0.34878858482044134,0.37194589508576664,0.39469238418006924,0.23136456443904643,0.0743344744603556,0.019703597379926736,0.002550576645126727,0.03970847010496443,0.17617245877207546,0.3489238066088817,0.04748956194884644,0.11311229396498242,0.01569416876630526,0.006250331671771369,0.016445486862952795,0.012415763152745217,0.009917597622297885,0.010554257616717157,0.007609738543738289,0.0058183009453835295,0.006912579229915068,0.011514271644169984,0.010882311330156115,0.005984752631005183,0.00408712201176147,0.0037612068661976037,0.004456749033967887,0.005284228726692971,0.0055152041654531565,0.005687421130338713,0.005944015581821906,0.005977900858998464,0.005845325388503882,0.0065327757481152965,0.008828403092899697,0.013549587804299304,0.0213620685376349,0.029582872560896655,0.033786808318465214,0.03829060271473699,0.05230208987013215,0.08920916072614551,0.16028361939214125,0.2111954034478967,0.20921343604509468,0.19475340502408164,0.17373814767595203,0.14855360867346853,0.12631579240599117,0.11095183187428839,0.10338005175244483,0.10422036698028714,0.1145190594455589,0.1356309925377815,0.16898009947780504,0.21140243489329882,0.24194294019621373,0.22441661085086323,0.16383364853158872,0.10564678375607411,0.06928326528245651
39,0.004921465654776548,0.004800473780269829,0.0051756148692357245,0.006239691516224216,0.00845231882043271,0.012827105755228756,0.021477387388380127,0.03830142788282721,0.0686154040863846,0.11606027520580912,0.18176769943665974,0.2730048907338992,0.39115989685523267,0.4442233849815504,0.3681543862751781,0.30521910267537594,0.2992109847195748,0.22215844884358574,0.08477844356655698,0.031553450362022346,0.014779396486000572,0.008462472732239948,0.005520022761962759,0.003786146830905124,0.0025201883942226563,0.001540924580809773,8.618819802893013E-4,4.591077887001401E-4,2.4543663123769864E-4,1.370546765760944E-4,8.168644398702975E-5,5.228302030024875E-5,3.5713720724546214E-5,2.5557185076625076E-5,1.8493835937856954E-5,1.272952278801579E-5,7.606029506433283E-6,3.8424857273168586E-6,3.0833316034966177E-6,5.8773394750835714E-6,1.0891777884008385E-5,1.684238734565749E-5,2.3859765198038637E-5,3.3419787367128426E-5,4.864425857671377E-5,7.841073692268949E-5,1.5203451071673776E-4,2.475523939072603E-4,3.7914799447404335E-4,5.930554652031925E-4,9.251389880306059E-4,0.001430346030666229,0.002219191299995522,0.003552245834841035,0.00606399561878148,0.011434988439915555,0.024703459141943458,0.06267558406841489,0.17104594553235472,0.31939382836709146,0.3484874083046006,0.3750015780909961,0.375710678918265,0.16399095568870037,0.03843849810332312,0.004543419108632059,0.05414916647350695,0.38310330224360506,0.509742400483132,0.05926412797688929,0.1298427051295293,0.036781772297769966,0.009690905642692036,0.017093607038257144,0.015337274854127664,0.01281153923055408,0.014533482721925003,0.009095100214808912,0.005331689503354683,0.00518808489796054,0.008189264442520496,0.010982527016884043,0.007600246349014724,0.0052569451983285114,0.004406147989046492,0.004390554006584254,0.004714260437456412,0.0049199965192470935,0.005202264777214265,0.005543742055589567,0.005465426677041047,0.004751771260815193,0.0043884920111291045,0.005122432235354356,0.007468797925195323,0.012677498234221955,0.021704157874673037,0.030717126079393215,0.03624737328244678,0.04345697917765269,0.060165084059978134,0.0973100292554303,0.1598037217775744,0.20500969444538308,0.20155232371126386,0.17533129182981674,0.14606484995434532,0.1223272308088261,0.10635726721343913,0.0979316808651796,0.09716796602205757,0.1051471694297926,0.12308796508067532,0.15175667009922744,0.19000460886645865,0.2301751661651676,0.2534468975803135,0.23482669029543313,0.17154045452267447,0.10443345912497236,0.06279843587844884
40,0.005640761016633313,0.005290345750669978,0.005449170203337208,0.006266566727306799,0.008122374700599521,0.011905046501915501,0.019622544414389233,0.03557738023795417,0.06751912189191826,0.12408896494304908,0.2062192511921049,0.3075203969470622,0.41658989233637217,0.46808716545509055,0.4041285874249859,0.3312488263132874,0.31025582597653806,0.23399852344723798,0.08855643426669968,0.030603006704400984,0.013294666001486096,0.007204847990900455,0.004603556688079948,0.0032484204179700146,0.0023478170036799416,0.001610563327874127,9.988480485962313E-4,5.622384909235003E-4,3.006658572889181E-4,1.61140724869447E-4,8.99361742116455E-5,5.32708919232528E-5,3.3582774728225005E-5,2.229467816925165E-5,1.5193432371214273E-5,1.0143386232476195E-5,6.170193985694073E-6,3.3805237813520966E-6,3.1044101442308332E-6,6.828936526589147E-6,1.3943960184110942E-5,2.215125322265503E-5,3.0359141671419372E-5,3.9536565077327414E-5,5.207613792312002E-5,7.366365373972283E-5,1.2907358284896346E-4,2.2191055136783962E-4,3.5049445990392974E-4,5.646924356610258E-4,9.218812734970042E-4,0.0015040892213095793,0.0024494643413019318,0.004052407263360816,0.007017674684199093,0.013207102253231802,0.0281593111449728,0.07008795346685372,0.18617021448097773,0.33250204913761156,0.35464561578852927,0.3844145511559326,0.33289824520816036,0.08997686111031063,0.009705976152097763,0.2017499477862385,0.7731582622403181,0.35375729566925734,0.08933209623268765,0.09167372960876595,0.08351405937382402,0.01896942377428671,0.018879676875487944,0.01914686195347558,0.01595475385267503,0.020340060943808698,0.01427942468507121,0.006210290059205216,0.0045149122779933135,0.005584761976791355,0.008330272680981443,0.007477582183846514,0.0057889665896630966,0.004933412958882832,0.0045790191304260685,0.004458742429320463,0.004560898929976698,0.00498585040038429,0.005667897439964231,0.005983271061854253,0.005111290163117768,0.003992895721753146,0.0037101698181087888,0.00441940750929595,0.006592297998593579,0.01149475938820512,0.01974749682369182,0.028824790795260097,0.03769630884179988,0.04995066061182672,0.07162521345957695,0.110863098428273,0.168505323039186,0.21272230314752893,0.20739048694745954,0.17123575279719053,0.1352824902527449,0.10914660726782173,0.09213625143876243,0.08302889860730668,0.08269608635221448,0.09377723183965145,0.11984835554886059,0.163569166510931,0.2197824970053763,0.2689349266924207,0.289690459677057,0.2694577240248594,0.2010497972036603,0.11859874243423853,0.06538871066333746
41,0.006652337297332944,0.006022990481423776,0.005927761240985652,0.006484724900135101,0.00799638398098193,0.011209025456880848,0.017904045140386272,0.03228866118613354,0.06355091615301184,0.12646572888920155,0.22790870972269725,0.34662360219957683,0.4492298416141576,0.4933300890491259,0.4438053274627651,0.3676765139030269,0.3305593353643652,0.25162513716408885,0.0969797550684521,0.0313708934715271,0.0125375962500113,0.006310535821203441,0.00382841415094066,0.0026612593850991995,0.001997769914670446,0.0015067801954995609,0.0010602348345957672,6.653897399993845E-4,3.758265630188933E-4,2.0070070480878084E-4,1.0696043036721835E-4,5.901094333053763E-5,3.424344414227888E-5,2.0866297806794128E-5,1.3117456019908726E-5,8.199892055620226E-6,4.812662684064733E-6,2.6765390851109113E-6,2.672420947042192E-6,6.797451463691008E-6,1.6268018251602226E-5,2.8876238228675037E-5,4.097939034352931E-5,5.168703239138057E-5,6.279504928203039E-5,7.788643041187924E-5,1.1701815606607572E-4,2.008199441922603E-4,3.201990435639295E-4,5.186558748651469E-4,8.663618988684323E-4,0.0014752052896527487,0.0025348385326873927,0.004417387049633543,0.007963932319415544,0.015352781659671424,0.032999516262279954,0.08152552742284937,0.20937502292326146,0.3519151254525394,0.3693283359306227,0.4010450895043702,0.23887758247339946,0.02604119522100337,3.178550789208785,1.2188995758058476,0.14503556637575135,0.19882457251432178,0.059751467065192646,0.1355707104585004,0.03569549416596594,0.022707192367851965,0.023492597693068454,0.0177707280343243,0.023586354941891634,0.025836605452506288,0.00988971663929329,0.005352543616471563,0.004787188046577642,0.0063586967869954485,0.006603240921268207,0.005678472791591961,0.005058975604652188,0.004607593904434265,0.004055416998700618,0.0038365851086615333,0.004209467336583519,0.005202997929157294,0.006520966169468632,0.006628343433936026,0.005146299867975143,0.004029367279174887,0.0038151884061432325,0.00450213865586609,0.006545818467922444,0.010746553941725275,0.01712466240517293,0.025059487570737532,0.03547096197144971,0.05131892842838762,0.07757243397500496,0.12089958762120513,0.18198937376845103,0.23043701871450029,0.22389893561981145,0.18336958185745694,0.1437444943183655,0.11341958491459682,0.09121820761701956,0.07692306852721457,0.0720843961312597,0.0791267377207104,0.10275784507223255,0.150897719558304,0.22449866789361594,0.29500247866636636,0.3261385848470794,0.3094907813450122,0.24184175983903408,0.14869684780078377,0.08033741048762127
42,0.008053733165950474,0.0070928699474572384,0.006686481885634974,0.006950954201283588,0.00812218465816822,0.010807374807296545,0.016516039426496657,0.02903292417698929,0.057742292540355136,0.12229755222024971,0.24167151565986245,0.38515089716202844,0.48634586030103255,0.5195209112188697,0.48256532513599354,0.4120867557989525,0.3607114995222942,0.2751002255013426,0.11107783713298004,0.03426405201987853,0.012582502320676812,0.005813976654565338,0.0032757449955801606,0.002164162163270718,0.0016058589900361919,0.001267236061260232,9.913276117354854E-4,7.140573206569548E-4,4.5311200838236065E-4,2.5613181849357786E-4,1.3576662750742905E-4,7.124674952892229E-5,3.8325262080738875E-5,2.1383809999851628E-5,1.2268492668971652E-5,7.030027820922605E-6,3.836259028856628E-6,2.043221161532103E-6,2.057857272536575E-6,5.68369234349429E-6,1.5860625963058948E-5,3.359347447903524E-5,5.434830003383368E-5,7.200099572507608E-5,8.493822700454138E-5,9.445888436274311E-5,1.1785699886485994E-4,1.9136278726190697E-4,3.013446650834514E-4,4.792325051430664E-4,7.957208075671302E-4,0.001376361859956031,0.0024545469195948275,0.004502673919308675,0.008574954792804047,0.017354948694718028,0.03867166677160566,0.09703851069143203,0.2412839270888484,0.3755888966073259,0.3919467154660271,0.4065073570404984,0.09011242582962158,0.012448678890653635,1.123879109204543,0.1583210199368468,0.6099914655346707,0.056289362800631806,0.16111903236601016,0.05753002544873557,0.03130716745528309,0.029337793769823785,0.017699063447001707,0.019771580265690432,0.034363154956732984,0.018160671375907874,0.008360893142890864,0.005686407376497336,0.005897581146943404,0.0063246800680053445,0.0058256506604276465,0.0054478926492524254,0.005052427317953118,0.004083407760003595,0.003207476739156679,0.003068519679702401,0.003645207524430798,0.005081494120721057,0.006942528914407603,0.007094211858225018,0.0058167926441756454,0.004911361711413621,0.004755508902235843,0.005470429048383859,0.007423494689641887,0.010872074297915847,0.015721254261629063,0.02228716403060155,0.031813275328507445,0.04664617016637922,0.07128876354156417,0.11483750945377613,0.1838515847728631,0.24018410723360437,0.23509691768327706,0.200895047601066,0.16701110061967608,0.13574714506473518,0.10664728096829136,0.08412010451530497,0.07233425165412466,0.07278470876706546,0.08816820834704565,0.12604189435391022,0.19434861432384276,0.27478465233304805,0.31865188327405986,0.30769458491748636,0.2515164399867882,0.17211945707649468,0.10285148871813986
43,0.009949819153943096,0.008632548385554042,0.007839952488177818,0.007753127571676536,0.008566146844387579,0.010762053657664916,0.015583077850790931,0.026256395764215023,0.051420922741439605,0.11278188104589862,0.24350873690949587,0.41591121723356583,0.5219638342817522,0.5447681454128145,0.5160771079748185,0.4582968508841639,0.3986677568147599,0.3036076968531903,0.13174661097337687,0.039999249891787055,0.013592936861408255,0.005737159110070998,0.0029611844351411696,0.0018136903088300084,0.0012775792680136174,9.973075685056666E-4,8.199687606804051E-4,6.627663855842954E-4,4.886174159390809E-4,3.136005044755978E-4,1.7695495194457858E-4,9.243459218087656E-5,4.718163291575497E-5,2.4302482371495454E-5,1.2701806450519315E-5,6.603366325412078E-6,3.280456025611085E-6,1.6111982653153725E-6,1.5390625716871818E-6,4.244768607322489E-6,1.278142893269838E-5,3.172274847981279E-5,6.251079426941686E-5,9.725369373784636E-5,1.2346461903400057E-4,1.315167154715642E-4,1.3509495948340125E-4,1.978611432671344E-4,3.0213188195020294E-4,4.6384323447048987E-4,7.471129805696609E-4,0.0012741034110580265,0.002290208736023594,0.004330634287166743,0.00865498280854994,0.018572595833643138,0.04393467393184545,0.11525994830717494,0.279490327530978,0.3975338096861953,0.41884424822330946,0.29217090149445185,0.006685733433198876,0.14747165438689394,0.28412188385201337,0.979641638967344,0.11346327052374611,0.16037844192294137,0.08546781511857031,0.045339767673541656,0.04386656186011589,0.019294916089541512,0.014817096721637698,0.025861975725246577,0.025697125534465997,0.013260518908075924,0.008224041869533153,0.0068727101671490955,0.006935505409695912,0.006595049232874817,0.006498019652413219,0.006497480097597787,0.005381725903211726,0.0035635664881581977,0.0026520574670847513,0.002553813848424608,0.003142836508335645,0.0046032704797764,0.006347767395750826,0.006894936500019989,0.006578649198366593,0.006325072522882267,0.006512064410830849,0.00741927582059094,0.0093392635853889,0.012355210583525051,0.016561728631564743,0.02235518237769318,0.03035952073778886,0.0417065833576216,0.060114241972756596,0.096588291758508,0.16452993624322734,0.22304089538850908,0.21819939673987712,0.1973772860440459,0.18288687226413955,0.16511855765950884,0.1373564510150458,0.1078037601933853,0.08755298998610424,0.08032412084061187,0.08721357481947388,0.11241362894351078,0.16288316166146938,0.23236841529559824,0.2774696377651476,0.262173648603561,0.20903610837914624,0.15162537654364505,0.10451908204456646
44,0.012402997298988479,0.010810855558331941,0.0095602717794653,0.009030881221203187,0.009433202787056158,0.011152929470306808,0.015194697667270213,0.024227417630202693,0.04569131043610865,0.10056499490576302,0.23282290373009076,0.43258797163878127,0.5482315884915376,0.5642821363512086,0.5415047529182465,0.49776414192835244,0.4375615913251281,0.3339808967266353,0.15865918768012482,0.0496523126463775,0.015916320973400375,0.00614921439823125,0.002887994108427079,0.001615392755669989,0.001051369466825044,7.764905968312791E-4,6.300847412643998E-4,5.357739430323117E-4,4.4625445832902023E-4,3.370333577490793E-4,2.1902646549887064E-4,1.2303308690705226E-4,6.276958950081974E-5,3.066271359763018E-5,1.4745790329763348E-5,6.949632633775462E-6,3.113549549654949E-6,1.3820325673599627E-6,1.2062843278831468E-6,3.118526001462091E-6,9.245459476721431E-6,2.4452655848427662E-5,5.645292135918863E-5,1.0966603486568588E-4,1.7164390562807866E-4,2.0194234784207962E-4,1.7744645082004657E-4,2.251040187882035E-4,3.289028463284789E-4,4.837130430280891E-4,7.449556338559939E-4,0.0012246559626285466,0.0021567275094060236,0.0040820471552678855,0.008361346607869035,0.018821366191123092,0.047635791765106295,0.13383378833107293,0.3179086421023575,0.4096415314017925,0.43495773626043094,0.03232313603202173,0.09189487396628294,0.7780622585300907,0.710792970425057,0.39574964831712617,0.13249867977564045,0.12437310092378548,0.06243321567482349,0.07650733945307868,0.030685493725016496,0.014425407501281757,0.01681281754745911,0.02458696023653772,0.016842931685786853,0.011137149790268284,0.008759420048527932,0.008025569847912927,0.007514413554537854,0.007655338427148655,0.008611595661607317,0.008633367151093013,0.005807174412431546,0.0034783770480182443,0.0025590031122853492,0.002429971251929876,0.0029594367933623348,0.004122616556661983,0.005304240873053011,0.006008643764785519,0.00648379473251454,0.007059967688025437,0.00796338668604173,0.009464448208847679,0.011863848131112912,0.015378633730600782,0.020189270874225965,0.026244273839594448,0.03306718791244061,0.04085164318503549,0.053434254535995006,0.08159534124449477,0.14003704822866933,0.19331227435669857,0.18328643530119335,0.16539943345689084,0.1633261973625651,0.16536314272216673,0.15739732234136447,0.1380970016891,0.11762529732753049,0.10501328997070705,0.10450557746896774,0.11942283931124736,0.15413789416809878,0.20669006226486195,0.24551240286414477,0.22471254814458758,0.1657953743255486,0.11385885897093688,0.07967619636376548
45,0.015319701625522411,0.013793222794553387,0.012091185695681069,0.01100535745876501,0.010896597736495497,0.012108437777172633,0.015450478284707398,0.023099485841104304,0.0412313410329134,0.0884015351227998,0.21284203904682347,0.43259912521529875,0.559920155797662,0.5711265100598816,0.5564480306443155,0.5243138080292903,0.46622493884935856,0.358674124921934,0.18822317021600926,0.0643032748152243,0.02018402611057172,0.007226185941380819,0.0030880975140058038,0.0015656752937663863,9.268085647653465E-4,6.293833719514146E-4,4.8046567221506753E-4,4.009026001145145E-4,3.500489166245585E-4,2.9959771570784826E-4,2.3202546138184616E-4,1.528911329692921E-4,8.521320767108336E-5,4.1961638414484547E-5,1.91755452710209E-5,8.297567307374341E-6,3.3550970790529124E-6,1.3350687353423725E-6,1.0452406983024113E-6,2.4449292292996465E-6,6.703323311312054E-6,1.7142318279427658E-5,4.134638384130625E-5,9.348738294969136E-5,1.898636845659097E-4,3.0028779171859617E-4,2.60481484876637E-4,2.7968147629118655E-4,3.884688604319539E-4,5.489159357615234E-4,8.063594203660682E-4,0.0012641261524736999,0.002140526658841068,0.00395547897266575,0.008081223159152941,0.018647164327426226,0.050025089567215124,0.1521261368521757,0.34941199082016705,0.4099679440274685,0.2143436323599498,1.678538016548019,1.679650647069678,0.22759207680485014,0.7376609230160335,0.10344587826175355,0.17849663937551208,0.08109283124951856,0.10125820190067404,0.0770500931890185,0.023265083235469917,0.014802154136641422,0.021544682105231628,0.018943468951374054,0.013800107977195752,0.01105303867878711,0.009159496616795208,0.007640939801533733,0.0073334693208394084,0.008637337160004295,0.011269111674222464,0.01066974219094769,0.006551846920317668,0.0040212165621202655,0.00297152634607544,0.0027466644066895204,0.0031651439691412616,0.0039427173429689485,0.004663397315368272,0.005257407487978135,0.005842233439505905,0.0065239751128358305,0.007504894130672847,0.009275577752944108,0.012481632551767109,0.01770694308597306,0.025202209668939466,0.03385880479554334,0.041010499890096155,0.04636458074843073,0.055333584914772714,0.07814218736833396,0.12736760731733107,0.17498310386045995,0.16052304996490024,0.13561787607758957,0.12778779304670965,0.13009390687358813,0.1339070282775805,0.13493317810596767,0.13347264762484073,0.13238918152618032,0.13560967498258888,0.1478907393059696,0.17405467113832093,0.2134700946230248,0.24257851922133666,0.21768591362735926,0.15247028981896238,0.09646491060355648,0.06207153655152348
46,0.018286090739086637,0.01760986542508017,0.0157285265663987,0.014014618326248993,0.013243652066304167,0.013849433160602321,0.016511524240268926,0.02300383846476358,0.038378507167665846,0.0782217179510729,0.18892654239319767,0.4173609645532798,0.5585250023517647,0.5610079186871664,0.5571567433453762,0.5372716618420503,0.4761506956068458,0.36646354398519454,0.21168040615203287,0.08349171891226981,0.027298125548962947,0.009327648322785362,0.003660859591584516,0.0016810008175497137,8.98158878184381E-4,5.520279337432682E-4,3.8510456755375973E-4,2.999354927489695E-4,2.5457131950497026E-4,2.2638853570825182E-4,1.9821620125801828E-4,1.57351468235542E-4,1.052009771194935E-4,5.789193313923701E-5,2.7055954628246662E-5,1.118644472142895E-5,4.1510149133314355E-6,1.48515965696106E-6,1.0363980944681545E-6,2.1581482879649904E-6,5.299255131514401E-6,1.2347168189997535E-5,2.8162939148654216E-5,6.467513214584854E-5,1.5145602035981215E-4,3.4336698443370405E-4,3.8964389559395084E-4,3.6453601102831123E-4,4.8383806401263373E-4,6.677565765341989E-4,9.47117039957017E-4,0.0014205271239705363,0.002299703941870595,0.00409371755374564,0.008182577370015714,0.01894491116738829,0.053065531365724866,0.17446963183327277,0.36946811383611233,0.4149603375824133,0.018935255868132,0.6123768453624489,0.18428878664079756,0.696439357388683,0.19669177543234392,0.23072724439213016,0.11087670024194698,0.08672932785684462,0.17212493881757743,0.06066872425088193,0.022358618197106463,0.021894682057118763,0.022535093988706508,0.017809449277640346,0.015032897098392776,0.012254654363110249,0.008300025084735969,0.006349226946765308,0.006380044246788202,0.008402153836322382,0.011511434310067932,0.0105654248275377,0.007261073218843065,0.0050517366535448496,0.003923824328829399,0.003586192554161711,0.0038472635626004732,0.004336382525026583,0.004822960037322155,0.005257849654588639,0.005579990701282759,0.005764003559279543,0.006093287890535213,0.0071989173809263425,0.009876066827812528,0.015297811894443415,0.024997392616391875,0.03863742208924662,0.05100191202239102,0.05882692028275406,0.06823954389755164,0.08981669661351697,0.13374248737415756,0.17745771522613168,0.1618501137184598,0.12734607737985013,0.10802544285256906,0.10024559880094586,0.09855547307542457,0.10094019763377804,0.10756733878765282,0.11974316585121571,0.13932458617452315,0.16801126051678258,0.2058874412779037,0.2467765471954274,0.26779108365625853,0.23764938772231728,0.16842766836079487,0.10423069989466012,0.0624530197535468
47,0.020508314784320875,0.021887104986909538,0.02068637109347148,0.01852592736730726,0.016940741709553182,0.016758563495698393,0.01866839241208499,0.02414641038166643,0.03733125931386791,0.07101916371552949,0.16618295407005262,0.3907547188503719,0.5509877278668808,0.5377650968465963,0.5402102385088643,0.5386846902685397,0.4693551172289033,0.3505909458708216,0.21723180181059845,0.10214893207356524,0.03777513903981995,0.013050479078757102,0.004827651561034411,0.0020242283040216285,9.753473070910643E-4,5.38639470172273E-4,3.382251226983597E-4,2.3900120747444818E-4,1.8750228300822784E-4,1.5998785375896882E-4,1.4340644854958433E-4,1.274437210296101E-4,1.0328113492423563E-4,6.989553654724151E-5,3.7644894579964326E-5,1.62792883146271E-5,5.833735151643248E-6,1.9194843625246906E-6,1.201127818705169E-6,2.2175410534892014E-6,4.811578599687161E-6,9.935656146475605E-6,2.0312309206577783E-5,4.2926730205990693E-5,9.830516884789784E-5,2.6482439002268747E-4,4.927816491600863E-4,4.58511221676494E-4,5.960395766173613E-4,8.293737257513672E-4,0.001170447459676151,0.0017145978734807018,0.0026812077660674357,0.004603401915303308,0.00895012650452763,0.02059207512373991,0.05985443592000373,0.21158901333660401,0.37590540360301683,0.03474483988201763,0.026109962882606436,0.9630616053909191,0.4404050775229502,0.3417385207342974,0.18433635848088814,0.18985061341912027,0.07524182929803676,0.16812385722532083,0.14704251677600297,0.05206256217312387,0.029240608013624807,0.029992414290981175,0.024741205298559305,0.022101799943387998,0.020527626737760683,0.013129617467566931,0.0073582554364072265,0.005410849535723469,0.005481155506236682,0.007202134340797713,0.008846914380142403,0.008200051194730234,0.006736072588440302,0.005599548664635415,0.0049321107557235054,0.0047877722586321895,0.00507661576425141,0.0055557058304455805,0.006062018408424201,0.006380007074948262,0.006226447948950785,0.005665924764420146,0.005284668144357004,0.005641540205520134,0.007192758536427863,0.01082303835467123,0.01832749350993492,0.031662450168195196,0.04952446470151281,0.06784356365980761,0.08778581543133156,0.11693180660083219,0.16201606543998434,0.20288434126941599,0.18868875841220253,0.14451938559790042,0.11185548406180462,0.0930392918832734,0.08288659702210258,0.07850921480333911,0.07918004569465124,0.08600062849783423,0.10238705613525532,0.1346094883754016,0.18820670951896576,0.25073963914137176,0.27942694286478326,0.2515449930657502,0.19253198011073203,0.1310160167452001,0.08155959506906423
48.00000000000001,0.021130744759378112,0.0255826503331097,0.02672007195284957,0.02501983680577279,0.022694349169803927,0.021489085301620806,0.022447838031318515,0.026921143852492304,0.03835600009139584,0.06723553537835057,0.1480354631902207,0.3580070476842299,0.5443752609423149,0.5126160339370679,0.5080718422695759,0.5289864946071713,0.4560661388001046,0.31767447127166143,0.19964930537614747,0.1100508751147411,0.049509128532340345,0.018947308574169753,0.006989292523165176,0.002744803831547783,0.0012026863169650305,5.965447450156728E-4,3.349968179090964E-4,2.1182248930375896E-4,1.4958919208657946E-4,1.1666529015852117E-4,9.87398627026923E-5,8.798859868976047E-5,7.831502121226716E-5,6.406947407508205E-5,4.346187130442706E-5,2.2521445830784583E-5,8.725625375154197E-6,2.8237338694541288E-6,1.6349603189600677E-6,2.7042026747424244E-6,5.178059377210477E-6,9.379911815347274E-6,1.6807565353438516E-5,3.1227334691633326E-5,6.345124638055134E-5,1.6174225950124835E-4,4.449271598053166E-4,5.009220322604255E-4,6.654878299498999E-4,9.695130990613896E-4,0.001422682738874102,0.002117755828183463,0.0032942519702176404,0.005559896362959532,0.010632304517912916,0.024504792733305622,0.07505664592543702,0.2797919877055352,0.401106816569477,1.07941279041742,1.2140285893615987,0.20722216999652204,0.3999432003678894,0.11591207368511496,0.286258975364105,0.10920678229060544,0.10586131878411599,0.1881019215982736,0.10327329557191278,0.049548389724364136,0.04223971512029578,0.03422310645826194,0.030360799447347767,0.033572847492737264,0.02900876176907488,0.014153925223601743,0.0074278318865665105,0.005267239598448022,0.005135388049094087,0.006001023597702932,0.006330973294858031,0.0058961464407502485,0.00533000713672048,0.004914826282949669,0.004806083973489063,0.005180932572771973,0.0060056150539407665,0.007150632731805899,0.008384883922363981,0.009012092709531868,0.008277149034749865,0.006753968154348302,0.0056477167933978,0.00540737204379042,0.006153593177781076,0.008319846112216004,0.012989433874649394,0.021872906599402664,0.0365949992262583,0.05849377598886346,0.09019767798680432,0.13589405991452638,0.19389888901305913,0.23768813965669117,0.22898575672168803,0.18370028426299922,0.14036246111899325,0.11026722877971559,0.09088264402957387,0.07868154278672645,0.07177786859961513,0.07009301455541843,0.07562065549986206,0.09347326939503378,0.13284977534941386,0.19483869053874853,0.23111165805291223,0.20699615274500238,0.16787354500987214,0.13437261100510595,0.10244644278239086
49,0.019869964048083236,0.027235806535131902,0.03255204205588591,0.03350525508825305,0.031380726860062144,0.029102537622760206,0.028790514737386957,0.03207971245178617,0.04199691082010842,0.06724232030071015,0.13623717915904474,0.32505659270433623,0.5417565324091697,0.4979262770387798,0.4713603949709072,0.5077232600781136,0.4457626765770656,0.2827556446623855,0.16790057481242612,0.10087062096942034,0.05577525620552174,0.02606535286826554,0.010580411052335915,0.00412863651583197,0.0016902678738870318,7.601717699282175E-4,3.819603546985926E-4,2.1497731900556322E-4,1.3503682835449519E-4,9.403143423880107E-5,7.187975954313816E-5,5.93995627038719E-5,5.166743181346052E-5,4.508821990538109E-5,3.63789182712329E-5,2.413601015470849E-5,1.1721029976487797E-5,4.296114457661868E-6,2.52008200613733E-6,3.905762485970675E-6,6.713834470249175E-6,1.0694619631176285E-5,1.6686866665143005E-5,2.681482638096162E-5,4.658393936451748E-5,1.0003396046249951E-4,3.0496634338463886E-4,4.5304434122774056E-4,6.370559233255484E-4,9.887625815550587E-4,0.0015609873638605005,0.0024703667650903278,0.003997031366636039,0.006886432313361841,0.013361300680728206,0.03183869713918454,0.108162686686625,0.37058700617544965,0.026543918425311407,0.13289437919363495,0.1601471945965756,0.36617948797678496,0.15288594102449188,0.24716902079481196,0.24247943980725276,0.08979230960758114,0.16950161514642617,0.1440113621025039,0.07889121282750113,0.05713085383255652,0.04341652620590942,0.03333692630357316,0.0362283381135701,0.04875363250638691,0.03578753541581063,0.01659865842604264,0.008799910418591872,0.0059966440095590295,0.005405203901759415,0.005449882235457724,0.005238926571259555,0.004853128222181839,0.0044251642853227234,0.00400910437164935,0.003820558944214071,0.004149113235982204,0.005126147591116603,0.0068977662708695825,0.009493880876163503,0.011804973141915545,0.011682943087362806,0.009608941524529065,0.007748020633531921,0.006859423053326704,0.006975395288744051,0.00829118349687334,0.011410423708584149,0.017353447935463805,0.027628049885483303,0.044850774902616644,0.07389442480676786,0.12156334311875287,0.1862861782258801,0.2349036066969089,0.23348855412349964,0.20323004090712107,0.17131575841339064,0.14477577911219403,0.12290073740936694,0.10437326382044981,0.08910814307300444,0.07837800785881699,0.07435085478272248,0.08032440804534197,0.10236880158527219,0.14630175410616075,0.1814307532626945,0.15508046926938499,0.11468305283734696,0.09088621497541184,0.07813936409355009
50,0.017282011798158487,0.026025472745935294,0.035860603980626536,0.04250295842946946,0.04345535626250448,0.0410884383038569,0.039313739558503445,0.041022251608376595,0.04935891778140223,0.07178784431368096,0.13171497568265844,0.2975644026296914,0.5414298891949499,0.5028973791631729,0.4437109279581042,0.4786234933092053,0.44240174331415366,0.2576549614197021,0.13663497271447853,0.08117956939722312,0.05111612465092294,0.030033064333064872,0.015027187127142566,0.006497839262192167,0.0026556389383311342,0.0011172165055693872,5.081734582073196E-4,2.550603908552424E-4,1.4195895931778038E-4,8.740880052130178E-5,5.918118044486057E-5,4.3650047131548634E-5,3.4559873314713276E-5,2.8639610249203348E-5,2.3727440225238927E-5,1.811284746338987E-5,1.125956030343784E-5,5.405067350312113E-6,3.8165350845886375E-6,6.27458251503017E-6,1.034434221092184E-5,1.4899085833006575E-5,2.0404136542510425E-5,2.8302316725735443E-5,4.162534094188334E-5,7.250444351298037E-5,1.9779293450134243E-4,3.6170205696086293E-4,5.397241689984499E-4,8.757861950140132E-4,0.0014789987934234463,0.002534344825974847,0.004422873415311635,0.008130237712617694,0.016787583372527337,0.04401786211068771,0.18447612304107322,0.3439180358803984,0.0633659290092344,0.8195307023360139,0.23736563501941876,0.251414015665534,0.12791213511174013,0.3261971530659712,0.15375657155445024,0.14826419992045398,0.1775434162978509,0.11606726959534257,0.08155266787754462,0.0596368306414875,0.034709812922401745,0.027996225254316272,0.03637259269032083,0.048824054648157394,0.03442859163135421,0.01875262322938882,0.010945798557656879,0.007501135469823854,0.00637038746233501,0.005934529293966729,0.00556883468468776,0.005144482774262387,0.004513220734555458,0.0037171326403058684,0.0031624610897002022,0.003113666555892235,0.003622334234174152,0.004867486267351801,0.007181723689380093,0.010320009331025393,0.012519373111795452,0.012607392872011097,0.011629402947727772,0.01074917578036099,0.01051406546247651,0.011357360856310233,0.013848757684329681,0.018707181944683734,0.027007942708271292,0.04076767183173659,0.0638225518063875,0.10224158921301521,0.15786368408142884,0.20179120924009297,0.1939121196404308,0.16447684802766463,0.14649380425424,0.14184977467643983,0.14327478229110488,0.1422727386424122,0.13334317018875316,0.11834051169805193,0.10472996285993838,0.09978486108301508,0.10914571326336128,0.13735944781328233,0.16727345420806447,0.1429876522971643,0.09367804235977174,0.06328646360561464,0.04818436034504265
51,0.014295049023179872,0.02258244251727115,0.03486233937152482,0.04845864807161834,0.05730291815056422,0.05867487266050934,0.05649916270204069,0.05626996278507825,0.06258782264138696,0.0825048974480326,0.13558298850913644,0.2800556849867155,0.5392723619815388,0.53307790376893,0.4363350013122328,0.4515987294567562,0.4453169021183815,0.24786638142840545,0.11430901521873413,0.06215265795373894,0.03973757892192577,0.027035083551420074,0.017245293745140135,0.009368809804472657,0.004329327659542574,0.0018427535120761399,7.884224704806172E-4,3.5831837821405496E-4,1.7738008796593156E-4,9.636303081629061E-5,5.7368532396846366E-5,3.71950988602167E-5,2.5993206772023718E-5,1.9261021617957754E-5,1.4719877797082537E-5,1.1046891846678377E-5,7.516661335834225E-6,4.500196604183866E-6,4.284980285247296E-6,9.103611158026231E-6,1.7035659376099784E-5,2.4506367732286813E-5,3.084718635342364E-5,3.7577442716700806E-5,4.698365233320916E-5,6.581843302097975E-5,1.4390997272311972E-4,2.8752614806555984E-4,4.455341723946441E-4,7.287163416082305E-4,0.0012652911249454958,0.002290080440616586,0.004306570651075525,0.008641866608033002,0.019911465133009634,0.06366933620784809,0.3492008562846781,1.225392912911816,0.18541528283662054,0.08086550126248171,0.3408682332947026,0.10524544300130378,0.2979471412817146,0.3185341208879433,0.14673475710952566,0.20874133093568611,0.16457424056246328,0.12048696464386181,0.10609754701650495,0.05309596956578798,0.027438956374079976,0.023277091811117787,0.03069535022743473,0.03330128766670729,0.024358238989174507,0.01618295161207867,0.01119488055636226,0.008721975303838541,0.007873381182123954,0.0076142860361642405,0.007524668150042645,0.007160649397451435,0.005976254527172896,0.00436871433986416,0.0032638395041522674,0.0028173352034500856,0.0028858513201242744,0.0034815196757549288,0.00475718678602822,0.006709429763818142,0.008892582518804143,0.01084102893437664,0.012550882867553516,0.014262087906611551,0.0162081426871449,0.01872986430401955,0.022492085676513767,0.028394606556825935,0.03747041544919347,0.05112984265611133,0.07166452573268008,0.10292192734911329,0.1479342462145283,0.1876688262240178,0.17377844590021443,0.1307388728674948,0.10378827130051291,0.09640696936917291,0.10381422078203671,0.12226351736327018,0.14512556167190716,0.16186448631980735,0.16641587495728227,0.16388084302329028,0.16553310719569791,0.1799305856824465,0.1978190171523223,0.17265576693567763,0.10927130761344855,0.06413235831029954,0.040969929995431274
52,0.011609128299297684,0.018381937388011027,0.030173101173453603,0.047924267753800424,0.06755206758134412,0.0802422937630229,0.0829243352004886,0.08195838308644218,0.08569327230517647,0.10270638309001068,0.15017302340057387,0.2761486008166213,0.5334883314375765,0.5896721694658221,0.45803488509062207,0.4389891204203862,0.4528850312512016,0.25587032008224914,0.10285136163913061,0.04905830104765338,0.029140776187352623,0.020200939130196417,0.014886678956757092,0.010389696540293144,0.00619814007701753,0.003086192908664973,0.0013691936420368435,5.923059481915116E-4,2.663462271936873E-4,1.2851371323254496E-4,6.725150656581216E-5,3.814053323367294E-5,2.3268648873610507E-5,1.5068258641544248E-5,1.0135413998575566E-5,6.831538236333785E-6,4.373727511200648E-6,2.696004839126906E-6,3.028032427813685E-6,8.643275067298813E-6,2.232960347083014E-5,3.9952657864353474E-5,5.375652299134617E-5,6.221051317199909E-5,6.843706459397062E-5,7.767829702999952E-5,1.278636277084788E-4,2.511438745145493E-4,3.937688999562392E-4,6.302678394356231E-4,0.0010795520785831167,0.0019760673079788488,0.0038743469926397637,0.008399404332360796,0.022332581673264,0.1058609280570848,0.037390738573434945,0.057031090493335386,0.30252799308494865,0.2301439918905712,0.2532886661468903,0.15164602655570775,0.3868522981448508,0.2294449955241907,0.22487379458165832,0.22030063989238857,0.15925168091429004,0.16568552271514211,0.13273391339062837,0.050543863477186396,0.02507800509507392,0.02174283974942679,0.02416984286473879,0.021045094264299298,0.015522354594099664,0.011231807682517322,0.008632673145615322,0.007782147960953185,0.008064224566513626,0.009002665127951075,0.010488566562353458,0.011428425160772259,0.009768338693425669,0.006690859506934522,0.004535648680527919,0.003457250446053327,0.00307074035088914,0.003207980379198332,0.0038309782632944107,0.0048493388285324466,0.006110414960414411,0.007566235481557065,0.009361240646644162,0.011854609126732332,0.01572005249209806,0.022028067064780842,0.03196198837901717,0.04624392975411481,0.06486379554977349,0.08699224788528517,0.11162376536426283,0.14004810607346918,0.17654827571072151,0.2125767064332124,0.1988861956372882,0.13832971250420167,0.09377492202227118,0.07386825674722555,0.0698296016370952,0.07736311776387425,0.09582100289696427,0.1251183340832394,0.16278263850136923,0.20304195348201295,0.2393873305893311,0.2665534525758177,0.2744882404342943,0.2402705823376643,0.16451838928101992,0.09557112216143986,0.05487629280458294
53,0.00951913879840226,0.014595988491644628,0.02414438896583508,0.04132483563969369,0.06788685494854121,0.09763401806937409,0.11723865608639528,0.12303445048515094,0.1255685003929426,0.13875352439070568,0.1803666910496827,0.28993780766807753,0.528636604298686,0.6652486877644317,0.5179191515396827,0.45244282853935774,0.4669609624021263,0.2841868021086746,0.10237571478718689,0.04219542624021641,0.022232722374985515,0.014319970602285978,0.01061497188714815,0.008399937061091772,0.00641681057835111,0.0042496402169938385,0.0023147601156135065,0.0010804538532412325,4.72638770990674E-4,2.0885082745408863E-4,9.71372593772884E-5,4.8284008315048364E-5,2.564543155619194E-5,1.4408191483724677E-5,8.397258940227983E-6,4.916066366776442E-6,2.763851893295903E-6,1.541244394006196E-6,1.6730214068463827E-6,5.2047495275656775E-6,1.7181023557239574E-5,4.389824655004421E-5,8.169448561782648E-5,1.1266443289699431E-4,1.2533192042054188E-4,1.2225391233213766E-4,1.4455857548361284E-4,2.546587197885917E-4,3.9507873791943756E-4,6.09567373207537E-4,0.0010042406335468957,0.0017975787779151164,0.0035499230547762044,0.008148705426522424,0.026288546026968337,0.29745291981416483,1.3711050427332017,0.1606167308978785,0.046810173267762475,0.383332702888996,0.1366013963187202,0.2611688100946641,0.3223303867046509,0.20487815216717115,0.270626444228745,0.19235797891914075,0.1668555306698079,0.24004040170974636,0.15683777350206038,0.056536851286089644,0.02784093464138197,0.02303738821146376,0.020495905703693622,0.015927672188420117,0.011766715231103427,0.008570976399050662,0.006483005883043276,0.005739922773809046,0.006053281424825522,0.0073973960117579415,0.010206309769145779,0.013817007085865996,0.014352653926130162,0.011134308022714975,0.00782670848028634,0.005695541381688776,0.004546500534271738,0.004143611110842763,0.004307016756362165,0.0048324389201511355,0.0055584629066502515,0.006428849821960148,0.007491259359784902,0.00894104306711608,0.01129727067944329,0.015745651883364513,0.024705217869044997,0.0426816366760546,0.0763066206524078,0.12872533011866022,0.18796204787053283,0.23499195844814957,0.26914481691622155,0.29564478786420983,0.2829429685755884,0.20496674440639523,0.12794161015654956,0.08579784085968768,0.06769967094217472,0.06326433719958188,0.06830102920266531,0.08244511652145306,0.10788306166852318,0.14832124062736596,0.2043448407055324,0.2601230046089217,0.2798819738308098,0.24982811945948794,0.19417557315690218,0.13691931420195433,0.0898642425060144
54,0.008050923288024594,0.011697776247380918,0.018730855021374157,0.03245757954197982,0.05821768534741885,0.09953934785495784,0.14686467688913427,0.1789498691485821,0.19119571870685512,0.2018483364293937,0.2356696914112977,0.3281822672355206,0.5353784140455841,0.7400577557439305,0.6246598253142274,0.5043962187469556,0.4956987790152001,0.33619492797244704,0.11454556740387094,0.0408773186211391,0.01876789363023781,0.010750574485018717,0.007336517929728556,0.005702790223532228,0.004772981935378499,0.0039612103279005485,0.0029327863488200975,0.001783882874122567,8.938881852539528E-4,3.9896911231203537E-4,1.7283439794707746E-4,7.671010877686542E-5,3.566180360824059E-5,1.7372032057776497E-5,8.734611470047352E-6,4.39820806820166E-6,2.124892593992007E-6,1.022336805736751E-6,9.72731379936833E-7,2.7651931291566123E-6,9.120088337158834E-6,2.710693960019361E-5,7.003582747968092E-5,1.467915527873061E-4,2.3041519419706499E-4,2.4885760370195285E-4,2.1196847205580215E-4,3.04617489615889E-4,4.5833562164457965E-4,6.805011071494202E-4,0.0010700859354602467,0.0018450014273478463,0.0036070854979977306,0.00877660562337225,0.04145549085505148,6.644103320598362E-4,0.05864227885017144,0.11516569929626537,0.10110833429776316,0.27166953996005594,0.16518296553368988,0.27170829499153126,0.1907868154884675,0.24379561215929113,0.2444819710162535,0.14744843838836716,0.1806728677357627,0.2697604437195912,0.16939395873855154,0.06909380913072595,0.03560917432715333,0.02672811037514525,0.020851899214715374,0.01602653007079995,0.012166656424725943,0.008609990027865963,0.005880805449430501,0.004583644373443555,0.004352573940403735,0.00503568624035078,0.006904354160132681,0.009811193776095944,0.011945162697878807,0.011935885772482125,0.01067308149638699,0.009181533890167756,0.007891322461278442,0.007074345373977031,0.0068391882517739875,0.007036115203489467,0.007453572463504559,0.007933554679646323,0.00839056272040586,0.008890145698799807,0.009775574151328003,0.011766027623862342,0.01619931455527608,0.02592788519365533,0.047557133375121484,0.09440100702184513,0.17912301247952053,0.2820178884089256,0.3599336668844097,0.3988562591149899,0.3936039762491556,0.33071085041370246,0.23376389671163086,0.15401031051060618,0.10732800094839631,0.08465586192597911,0.07659515805604981,0.07850328465939095,0.0895709787510887,0.1120451384585051,0.14986286673062874,0.19850569892112555,0.2195846584669688,0.1818824952257772,0.130126050811247,0.09530929943794787,0.07513223497245193
55,0.007131391424890756,0.009702880961466489,0.014675570012662998,0.024582212289956794,0.04480657775410335,0.0847511361641623,0.15169910341665463,0.2299947063609219,0.28362200456935366,0.3070323298936369,0.33269531382050005,0.40317897037293143,0.5678881594689844,0.7941631688388805,0.773430561058522,0.6103777351158884,0.5537622397309114,0.4150447601755791,0.1448977558758564,0.045520562837030584,0.018141482467776145,0.009099564813654586,0.005509094323480643,0.003890269691152087,0.003105699887331207,0.0026946277203322524,0.0023883666613691234,0.0019696729113181893,0.0013641342738183219,7.571454784470896E-4,3.5253790399772573E-4,1.5056692145564544E-4,6.327308937754286E-5,2.702525305217671E-5,1.1746475130148969E-5,5.076716932529956E-6,2.0958556798155233E-6,8.590502598907068E-7,6.959067261098825E-7,1.6940271113197348E-6,4.887114728100696E-6,1.34165061355056E-5,3.5897176832237044E-5,9.448151165331716E-5,2.3781953969610712E-4,4.7989902361578944E-4,3.9042217381234567E-4,4.170999804252542E-4,5.970386251812991E-4,8.637216041267508E-4,0.0013100924434747278,0.00218452428496853,0.004249167132160962,0.01153220833850014,0.207276345866164,0.5581737707489017,0.1440060928166389,0.025083078751642434,0.17177254363813602,0.12948551721138712,0.18959808030837572,0.19115350239797893,0.13896936941197827,0.24430629050177552,0.1890163198054629,0.12059028543282624,0.17992608367238908,0.21430742774825493,0.14054653401546016,0.07287529608090808,0.043695934467855635,0.031868938894222605,0.02514938487515971,0.02122737437314971,0.017467211236349745,0.011785159860188353,0.007050643839275723,0.0047412656538661346,0.003901092434612076,0.003969928597635888,0.004792603271654838,0.006020333376651777,0.00700308119931094,0.007494085972955505,0.007747025911877477,0.008092237194457275,0.008772188670332689,0.009852487584985315,0.01116816396191123,0.012514190838148106,0.013683688434267417,0.0143372217195832,0.014172568160396505,0.013369342730350377,0.01265110310229461,0.012838070626580331,0.01471790564429273,0.019586051497311307,0.03047038853333961,0.05455489647380158,0.10574076564462408,0.19395478126513535,0.2882706220264865,0.3390153434656123,0.3463209705575334,0.330321507007718,0.30018308698593005,0.25886529721168333,0.21266686146174177,0.17186487086777985,0.1433508813635409,0.12800897730104394,0.12440775585476588,0.13209996541924468,0.15242087012733818,0.18424721150646994,0.20388346738209728,0.16624637272925086,0.10275016600060272,0.06150496162718459,0.04100174798761621
56,0.0066892321300590606,0.008473720444638948,0.011953796789011376,0.01883852932860942,0.03311177734292708,0.06384534746560859,0.12822171433378865,0.24074721101084354,0.3717793861688057,0.45691507489829125,0.4925956234191721,0.5350915920243047,0.6434278804370255,0.8325232800443207,0.9214491962517163,0.7801248478339431,0.660778676190498,0.5228976664128734,0.20536204931669588,0.05905794739044037,0.02051214755792971,0.008973756466991455,0.004765195587629159,0.002972853333108258,0.0021269970325166593,0.00170878738698725,0.0015020092720318262,0.001384910367482538,0.001246454928768071,9.881422132073624E-4,6.293647959083213E-4,3.179085399235036E-4,1.3653885286149368E-4,5.419008533640122E-5,2.0827521546418058E-5,7.776730319279495E-6,2.7434307014428595E-6,9.55023180034578E-7,6.541658147163492E-7,1.3420134650189867E-6,3.260639473844083E-6,7.58805309932995E-6,1.7620546341198896E-5,4.280083117568463E-5,1.1603769471557736E-4,4.112923729794736E-4,7.201995940786133E-4,5.87068565793328E-4,7.915916839017919E-4,0.0011503095487451482,0.0017415501735525492,0.002887200318533648,0.0057785548358012025,0.02097005982003235,0.0033325657075214494,0.04820383942753527,0.09239493720319326,0.038371519985059895,0.13948182835033934,0.12036838855922186,0.17025334364391753,0.10822413351448815,0.1479549473334272,0.2193477209698327,0.15043347947094432,0.12374959704435978,0.16278730293466828,0.1454550969571583,0.09393628398818071,0.057657689491088404,0.040240103506008915,0.031579208257998995,0.028657277519254173,0.03030303312610238,0.03038945204000016,0.020948597878111243,0.01152305978886281,0.006834574704625405,0.0048441726700095104,0.004211042737852218,0.004305055526689817,0.004610374365981331,0.004790558991641791,0.004812285589097084,0.004788615659035579,0.004891326096386381,0.005393391635890461,0.006676721969339857,0.00914088460872513,0.01314039659587791,0.018784773927898315,0.02503142627686662,0.02893955936876214,0.0283800901582146,0.025211977463443013,0.022503440570428728,0.021807985879476105,0.023916215805011104,0.03028241580068698,0.04446707558573681,0.07408764213462107,0.13007230291449423,0.20577829340771067,0.2485700744237395,0.23679116906635905,0.20993527879111112,0.1929739720432412,0.1909275947699143,0.20277456666619809,0.22393812635400795,0.24540487450525336,0.25806471131473324,0.26009034897614286,0.2571734904056893,0.25686741154494064,0.2629190782458593,0.2643668316070405,0.22287140672243635,0.13697454637490372,0.07081035687786909,0.037955491653038805
57.00000000000001,0.006702117529004798,0.00788442223018309,0.010315137915510347,0.015093896842889625,0.02484191214668591,0.04604135543235509,0.09460873135529939,0.2028194668444037,0.3954296495506097,0.6028755923633814,0.71408378909049,0.744703892955887,0.7827483533827735,0.8864695289808788,1.008539233639259,0.9758401429623037,0.8295374511090188,0.6631261734204292,0.31438559507322156,0.08967640652093742,0.027576849072396364,0.010529654118711672,0.004890591273059327,0.0026765765827169307,0.0016852794457673632,0.0011998057313666152,9.520041812434556E-4,8.282114369840973E-4,7.696755377372446E-4,7.283479353578683E-4,6.460943845323901E-4,4.812206285170922E-4,2.7738928987813935E-4,1.248556302920907E-4,4.7239567636834475E-5,1.5967267101685596E-5,4.89254026487424E-6,1.451482006990205E-6,8.394803469938452E-7,1.4457124007729469E-6,2.9343172715295308E-6,5.678265048671641E-6,1.0920295388620025E-5,2.189790003797288E-5,4.900156551514169E-5,1.6118176548603717E-4,7.659579273347247E-4,6.997461947291713E-4,9.114546961573656E-4,0.0013850001792990868,0.0022113997688651943,0.003852401761972595,0.008581464126592275,0.10149373765320353,0.31062021443494886,0.16402696192375074,0.026309349759454165,0.06565185677257786,0.07440769808488137,0.130755184667703,0.11916157131143541,0.07487560127093153,0.16637265829915932,0.1997033197296407,0.14176068825272412,0.14472580317684391,0.14827972034173434,0.11034808791164037,0.07028906714884979,0.04369826057896118,0.02872229059808973,0.022547632091243237,0.022898034065445057,0.03021246300794162,0.039566155309083854,0.034216271618646384,0.02133501590705481,0.01271442594251333,0.008241410437887403,0.00619167722710717,0.005383542857198668,0.005015175482717328,0.004712007451562303,0.004373196708974351,0.004001088548324678,0.003677301172368358,0.0035712734995215715,0.0038881120102598867,0.004859218415738671,0.006885295732079141,0.010773485366803327,0.017796521947510326,0.028567329882347642,0.04021758180125564,0.04735120231619878,0.04877844881984158,0.04785658036140624,0.04802190441488168,0.05184141994738689,0.062389861683864414,0.08488517814081231,0.12711987398451843,0.18964593227911397,0.23453977120719846,0.2176219831820448,0.17245761195192733,0.13689174772099827,0.11774921795412996,0.1135376871236392,0.12460931869031866,0.15522092569309498,0.21273003420317496,0.2993433616313855,0.3937383774582031,0.45545012120191697,0.4674962440786215,0.43947604268235235,0.3740747104634909,0.26548090554674,0.14854488328164048,0.07286982292528876
58.00000000000001,0.007228617456516564,0.00788701922977184,0.009547866320464933,0.012902240812448822,0.01961779873682052,0.03386046728678558,0.06665958418168212,0.1472630380597426,0.33609668746775445,0.6528633510497492,0.9212181092332294,1.0111794656292006,0.997392211612151,0.9907248733474557,1.040631576236247,1.0854671394221456,1.0127831499683924,0.8312347963243542,0.48194634259050356,0.15605269651105313,0.04456273889793096,0.014970533755261488,0.006079635227431793,0.0029138577252008162,0.0016089712123422465,0.0010052452694372168,7.013225512851448E-4,5.406814087987819E-4,4.5576462108487943E-4,4.136849620956907E-4,3.93068835948228E-4,3.7018525878604574E-4,3.145134288037502E-4,2.1370919301379944E-4,1.069805844963441E-4,3.980726906180981E-5,1.1683218607888398E-5,3.072703391765024E-6,1.5186116606532916E-6,2.197847329720218E-6,3.7167953379337616E-6,5.95407706603401E-6,9.404022229796082E-6,1.525886295621791E-5,2.661438264146829E-5,6.297274832950502E-5,3.996909640532434E-4,6.175623462999256E-4,8.279627614232364E-4,0.0013367918564169206,0.00233727828319503,0.004549974006809995,0.013205248160852752,0.0032488980790760977,0.027448840810246025,0.20811427354648973,0.033339144802065186,0.07398167900677094,0.07922586445876538,0.13629882683780573,0.06852310024397301,0.07858342244199919,0.19083305138884174,0.19664080079787966,0.16229704745819806,0.17108887737186465,0.14693363452463312,0.10540736366368945,0.07001620233148846,0.039303199944210686,0.02147418102028665,0.015178976171453338,0.015013843721755757,0.019850395939414133,0.026695063697591028,0.02779730726256263,0.02321638126468579,0.01784213197924881,0.013515019219160696,0.010519638199501554,0.008741880718115987,0.007685446428930933,0.006898801626766264,0.006106146219804214,0.005194490224276093,0.004274755472259048,0.0035913132812566352,0.003296501108795136,0.0034328366688110993,0.004080478640042818,0.005487332389870075,0.008163791375806735,0.01288466165940399,0.020443089345280076,0.03127195525281009,0.04544825076306741,0.0630055467929094,0.08378016522456821,0.10705698878404986,0.13286688115149375,0.1648516824595377,0.2097287640282191,0.26803471671596674,0.3135889838326264,0.2996298498052132,0.23430397765883862,0.16835622166918707,0.12346687286995833,0.09822500292851301,0.08788737687504937,0.0905294600906672,0.1086954737535417,0.15146928614309146,0.2343747262714813,0.35308765492048316,0.4305773853418618,0.41973083843273923,0.3743964422930621,0.3227387139593186,0.25785583281350355,0.17883580998174217
59.00000000000001,0.008459984633571952,0.008551186212083842,0.009568119057035415,0.011917393700145919,0.0166562371966926,0.026410603286849365,0.048133631358223156,0.10170647731878787,0.24330976737654975,0.5731843254775235,1.0021733995282247,1.2201065238891404,1.237018741399058,1.1570604070189605,1.0821959108715498,1.066053941767141,1.0597804952016021,0.9532667175443791,0.6669871143812388,0.2846924017794186,0.08538527425431786,0.026151556966234953,0.009340643401140845,0.0039171311307078,0.0018942743400070035,0.0010373036426079318,6.340286703379454E-4,4.278718975021297E-4,3.160702718537345E-4,2.535608705141133E-4,2.1875750019330017E-4,1.9966667587110958E-4,1.867024273551339E-4,1.678697293078917E-4,1.2995156848086913E-4,7.496377959471335E-5,2.907227914169614E-5,8.277898861580532E-6,3.842103504088736E-6,4.8407563825595456E-6,6.881841381385702E-6,9.12006605611182E-6,1.1794533343030153E-5,1.5442441558615588E-5,2.090696124689168E-5,3.4230642995757254E-5,1.7930020277320545E-4,4.4803744950436063E-4,6.496642524374688E-4,0.0010916705920413201,0.0020616782413041593,0.004626364893638348,0.02820604432452937,0.11127727781689566,0.06425196649026918,0.04527099353846489,0.044457318408457236,0.037307858034942756,0.10316588232599166,0.11956680888572407,0.05090787183634897,0.10670362189976745,0.22036609013501282,0.21445048210055592,0.20600149359877695,0.1974026852563195,0.15826970137513688,0.12442077717635966,0.09062432095885423,0.044748745398050425,0.02053706149584222,0.012758259603312921,0.011411562900117458,0.0130867970140714,0.014782483682226661,0.014393904927933618,0.012693567199877138,0.011004237618705155,0.010014422464190815,0.009921995259499643,0.010415762118745025,0.01109359192238777,0.011671353461739207,0.011610908070085458,0.010299792858494455,0.008069749818089748,0.006023984929810208,0.004714302449329334,0.004084207529244897,0.0039898470477164015,0.004401249229890938,0.005410694140921367,0.007196652819362989,0.01000413455529902,0.01422438820558094,0.020653024107435206,0.03102694106662318,0.04913802657814156,0.08293945684362228,0.1462848764895774,0.25101755056305186,0.3802631351480794,0.48498321632992053,0.5313823307669182,0.5159553694884705,0.4470068703919554,0.3453281137841727,0.24513440012416302,0.17100295863645304,0.12601085445582566,0.10343139168867642,0.0976914393349587,0.10811062667256198,0.1404991375308004,0.20554794010951927,0.28545466623348315,0.28816229512344743,0.2204060437731421,0.16377011858168866,0.13159294860428888,0.11464792452261907
59.99999999999999,0.010839797214046218,0.010134791944896535,0.010468643900026104,0.01200648278436356,0.015400153569409472,0.022327907724881853,0.03714531888020092,0.07222999927482185,0.16596628374883401,0.42649032749340404,0.9301122658160276,1.2752580209030153,1.3585493049378612,1.3250162557124752,1.1741095769604475,1.0160967706276656,0.930293044299776,0.8749765266770229,0.7344954668242836,0.44615192671250525,0.17514777597296627,0.05521729743387219,0.01800352775086949,0.006651554187529401,0.0028137944838385032,0.0013480641083077939,7.214389034706033E-4,4.260785078893915E-4,2.749565414122613E-4,1.922811792664902E-4,1.446208534369075E-4,1.1601095612800535E-4,9.805986185304107E-5,8.549186853427004E-5,7.373403560522468E-5,5.799698357180861E-5,3.630836013786275E-5,1.6644352410862914E-5,1.0384818056448033E-5,1.4125012286214634E-5,1.8609495373622996E-5,2.1113000712507496E-5,2.2531643090784124E-5,2.38036636602723E-5,2.5021633731287103E-5,2.8019143593741997E-5,1.0088530223974118E-4,3.3207187503251674E-4,5.272806011524766E-4,8.994054086385116E-4,0.0017767093901328301,0.004721338969693698,0.15175488707638496,0.006298958721790095,0.15348778424402215,0.03133360649323734,0.03846992480199179,0.027221194434217312,0.11431542022796393,0.09304616371825522,0.07154742273666607,0.1541018489213952,0.24313377171122047,0.2513098849690118,0.2506549565459311,0.208198304983572,0.16704948055877034,0.15861598269931887,0.13638601725101304,0.0662101721052577,0.027183171514125505,0.014793261519986448,0.011529574946760534,0.011038447412715523,0.010363376428175778,0.008911412510388904,0.007209348163904686,0.005708010687469568,0.004737258107205546,0.004545244432443076,0.005185193956740877,0.00669442583778795,0.009345137488715186,0.01331105393761714,0.017150997116700106,0.017633323794538365,0.01463631915064899,0.01110186701828145,0.008544506663939548,0.007042758955000647,0.006387340831274905,0.006430082813600599,0.00709211655215216,0.008349675459249212,0.010270713511901158,0.013102639747204093,0.01745506903833255,0.024761920336097577,0.03853896769468995,0.06779778842157451,0.13450431307894517,0.270526958147186,0.4350834477830351,0.5180055011608614,0.5465351961469666,0.5668768934929181,0.5704525793037905,0.533429033925559,0.4497488259004072,0.34503008213745645,0.2559392154721733,0.19884214198492284,0.17215944948220624,0.17218211267398342,0.20003826868818456,0.25270344610817286,0.27562724002291084,0.20652368261631315,0.12603485349594076,0.07913147872108875,0.05502109636015051
61,0.015357724189216151,0.013259995663171766,0.012620307377780861,0.013309090252733902,0.015651257753045853,0.020719620693630442,0.03132064033011398,0.05518106531245989,0.11615041661613004,0.29290508214085187,0.7520324667086441,1.2229446079128194,1.3097227635463407,1.3525071535383686,1.2823372526129295,1.018237119916533,0.7792357748796878,0.649856542392164,0.576267167655646,0.46968027291029363,0.2875382221566719,0.12198717502027204,0.04210359207512101,0.014438792634230683,0.005408544167246529,0.0022657531444382393,0.0010586782499366928,5.463700563293573E-4,3.081551769231569E-4,1.880797786372099E-4,1.231068116050898E-4,8.564664511447192E-5,6.269231236964053E-5,4.7622305428728505E-5,3.672839905834034E-5,2.768725385066704E-5,1.9181866475626327E-5,1.2117822934832047E-5,1.2672841773345269E-5,2.9270195204572683E-5,5.4014344910935094E-5,6.713336611555056E-5,6.603006344396928E-5,5.858595757654116E-5,4.8418790828088084E-5,3.652149937774155E-5,7.959381033647309E-5,2.9133111733932666E-4,5.038339380821487E-4,8.644809732111582E-4,0.0017657348708193597,0.006351951715979978,0.05143665605749289,0.01072542891994315,0.03928325940272934,0.028406919665534516,0.01683436084814956,0.022559112228312757,0.0961606368135973,0.08751462772137623,0.11467270846541867,0.1957440405941495,0.25013814682404983,0.28737942475994793,0.2577647987498722,0.17664088501225145,0.1409305717975275,0.1645702485052953,0.1807628428281254,0.11054052883103137,0.048313543970581685,0.023908375534072487,0.015925127289525866,0.012777600329628545,0.010423592240840844,0.008169753801063714,0.00607970000391041,0.004306667584189238,0.003083995149564385,0.002502270714037691,0.002445569473499974,0.002840621574791312,0.0038203308245263775,0.005752078437091589,0.009009089550838742,0.013202791995099869,0.016822822231708192,0.018606213901476074,0.018525055000504272,0.01720491973569958,0.01543985807235051,0.014000512431623941,0.013318636866475934,0.013437645224297535,0.01426227438194188,0.015769890561914874,0.018145978792328307,0.0219898879470969,0.02880173951515408,0.04225729654951052,0.07165552325815122,0.13809377353027866,0.251117819654602,0.3103107350004076,0.28877478168874293,0.27582887951693214,0.29606120012850273,0.3477765719917926,0.42127858733668083,0.4947979981725789,0.5396149451642286,0.5384414362452759,0.49980475989201895,0.452509789867631,0.42391907995291506,0.4229610318760354,0.4209537128265216,0.3438594448122344,0.2093386710629759,0.11282124481538554,0.06314572884774255
62,0.024288437781018628,0.01936851873053816,0.01694709483637099,0.01639314555919709,0.01764268063069208,0.021300828955256108,0.029214096237060852,0.046394048156287185,0.08769865040034523,0.20302930568422303,0.5474065600600547,1.116044674935037,1.2165332038389576,1.2184214404255842,1.2897925094194829,1.0802147898352683,0.7005842357520123,0.4677259001499055,0.36146488525674475,0.31203381646485784,0.2655816415460233,0.18553858901299541,0.09402057036848642,0.03700835093902391,0.013424258904198332,0.0050522539458963,0.0020677577735433187,9.292579519583326E-4,4.5647576794411094E-4,2.4289289653787595E-4,1.3857613128140888E-4,8.386340969941036E-5,5.3198309816168035E-5,3.485471758809886E-5,2.3102843258151664E-5,1.5007726519767456E-5,9.145682114603509E-6,5.4078168751940625E-6,6.089246111494184E-6,1.9118035369953388E-5,6.079151530399615E-5,1.379084378449939E-4,2.0559304218981008E-4,2.0934670280717588E-4,1.580372234818855E-4,8.296059107328506E-5,9.200892992296402E-5,3.2105792697205985E-4,5.968621844106325E-4,0.001035974296380956,0.0022304414135195538,0.036326018510195644,0.02200719170738514,0.020925709918363775,0.0195273802538694,0.02698443094167403,0.008225638018939186,0.019679675582468772,0.07175521900222707,0.09115069969406851,0.14404839438611972,0.2024374523517361,0.2360878201399852,0.2939215962177779,0.23533492702380904,0.12758706186637217,0.09364012788949215,0.11344820833607284,0.14034555968512794,0.11919875853212994,0.07494808693814456,0.04303570239635205,0.027259576370998614,0.01967165248253205,0.014988824713046037,0.011358112935057417,0.008107667836042231,0.005282243260842643,0.0033384027474441962,0.002320862376958711,0.0019057795416812765,0.001858437276465275,0.002119012489081309,0.0027306926413883897,0.0037383108696801464,0.005091109489169122,0.006676497523710854,0.00848606304435921,0.010727983480098608,0.013816834511102499,0.018176766432860418,0.023665119664284247,0.02915303862685555,0.033424693994909146,0.03618104813926664,0.03776789918595483,0.03880163002964839,0.04026965908252514,0.0437723444376845,0.05200876500931209,0.07030769155639915,0.11014894491777197,0.1863517836558536,0.253231440428929,0.22273804278468545,0.17099251219185785,0.14482024971147722,0.14069673470791447,0.1542961269140474,0.18688312475091898,0.24486152843326986,0.33810583194017835,0.4715589037075381,0.6256897478745913,0.7508819981267013,0.8057388921059783,0.7811568292909903,0.6800214042824879,0.512908722928682,0.32650641640045697,0.18304798150527793
63,0.04298666021383609,0.031924411728018305,0.025674095601256827,0.022711041021528936,0.022295998850190415,0.024489065608351242,0.030421409740767794,0.043458126076225165,0.07324504572042594,0.150864729558788,0.3846083826179554,0.9462607031541457,1.1769246918666296,1.0751060848235001,1.15332173157385,1.1407250132718252,0.7059529658042365,0.3739518915815169,0.23059149681394134,0.17196756417552161,0.1482339224903142,0.13511317490802047,0.11279904120125525,0.07349412338120546,0.035568525633288495,0.014254103148457197,0.005455173461562468,0.0021708664251177258,9.277370283085426E-4,4.2804847682369413E-4,2.1196681768931948E-4,1.114701743870357E-4,6.142769974417338E-5,3.488186270496536E-5,1.995123447653762E-5,1.1117555469143278E-5,5.7776750180539174E-6,2.908659153064388E-6,2.8240878798350254E-6,8.032043504848062E-6,2.6239768898985704E-5,7.758832360443462E-5,2.0257341636441617E-4,4.263734873937904E-4,5.945918875088814E-4,3.4857567983326396E-4,1.6305091062378895E-4,4.414464449249245E-4,8.563043813489273E-4,0.0015292546170159022,0.0037006103111454896,0.015578365314586558,0.006704669201478585,0.01807282004787484,0.021362927231121886,0.020103453876697503,0.007288834526013891,0.019839016909025998,0.0557424935970856,0.09525937423186093,0.1515992316051056,0.1846240127903844,0.2180863566970284,0.2680983885331962,0.2159293804033603,0.10217626906235915,0.06862445211130258,0.07296629163717538,0.0770826980452417,0.0668045619327195,0.05152762041194883,0.03930184923213766,0.03109335895277381,0.025716147330088507,0.02223472752232412,0.019482236452846576,0.01578933169026115,0.01071247590048917,0.006369545547350873,0.0038924956341314346,0.0027028473021145994,0.0021941531234224974,0.002080616648144876,0.002236964106497651,0.002571274781065024,0.002986381507847076,0.003412899387917187,0.00384474605927567,0.004350156635408877,0.005096741083397369,0.00642813745888526,0.009019952896843972,0.014150513040117833,0.024044856561782017,0.041734675406105204,0.06859533546837657,0.09893955539154045,0.120954500625397,0.1301150021851493,0.13431631739067856,0.1452362542111085,0.17431602732409954,0.23325177143119505,0.3082620699603887,0.30563111022528444,0.22128361261493965,0.15361421316177484,0.11812774711984257,0.10282930725990164,0.10041068872780634,0.10905877602107883,0.1315049432038474,0.17621927432836781,0.2590310203483841,0.38806901579109904,0.49584932026914175,0.48335966859404994,0.41435118657255526,0.3636458282775165,0.33629256449795897,0.3134070712365977
64,0.08300028180977526,0.05945285572615196,0.04440024606796658,0.03590200481504351,0.0320228770168392,0.03185745564969329,0.03571765921116319,0.04577669341375983,0.06855467199680002,0.12402283848571534,0.28093857872045247,0.7324753588002106,1.1826845239234796,1.0285685424425046,0.9996240209819394,1.114490451150558,0.7863906339230884,0.3506336487527686,0.17083038519334764,0.10338520622042166,0.07600080749794114,0.06518506523561374,0.06185941465567888,0.0595137683780953,0.05060542955095727,0.033110344375249415,0.01629104298204813,0.00673188909434334,0.002654286941143736,0.0010756121028546778,4.6054472545439454E-4,2.089088034947274E-4,9.945403949187642E-5,4.886427936538146E-5,2.4181163295690894E-5,1.1631762863653838E-5,5.193823534631661E-6,2.2312790284451017E-6,1.8340258505817896E-6,4.388936353806453E-6,1.2105297224183247E-5,3.11822569723981E-5,7.82712603629303E-5,1.998967798718668E-4,5.338986016790433E-4,0.0012048940344098107,4.400584162733343E-4,6.894714334751391E-4,0.001309204441090991,0.0024712389566669025,0.008271340568759786,0.3225945644579839,0.009347587236260469,0.012763599157558916,0.038028377154225926,0.013830790231460239,0.010097856219492819,0.024080542973257284,0.05405718568912181,0.10620494741384662,0.15137017530740862,0.16330391847935727,0.21412035991759754,0.24902277771364464,0.20658357112362544,0.10149382294733103,0.06626253895449137,0.060680297985461165,0.0529053492614605,0.04032139358970505,0.028347342900314678,0.0198700515084933,0.01538004178325361,0.013788414303110381,0.014169445730211717,0.016504543296979528,0.020301851948793588,0.021665040773402672,0.017300551698100797,0.011379242954402003,0.00728263531148344,0.005005467368149683,0.0038795641774646917,0.0034084426455617245,0.0032651913812924544,0.0032437178556697006,0.0032356927395669906,0.003203800979558324,0.0031605185766093837,0.003164286979420034,0.0033244242548464325,0.003813501313033914,0.004921545695180578,0.007223657861101145,0.011998232392795708,0.022180150690885525,0.04409817018260722,0.08832644478014859,0.16227232946009654,0.25410997652151474,0.3391196430912664,0.4068811092180953,0.4643035448069716,0.5160545203617593,0.5357641853751814,0.47180806459211905,0.34720700766085466,0.2399482017432008,0.1734710365561124,0.13711602084799693,0.1197519985565949,0.11590134661190873,0.12502242102075334,0.1515864973051502,0.20531606588244913,0.28362064537111836,0.3041248398042516,0.22108216648884968,0.14380665706905515,0.10283582125031493,0.08457318326741892
65,0.15732584546927517,0.12041417520851061,0.08746683067224212,0.06556496552021351,0.05312057378892379,0.04761788727191962,0.0478988810027779,0.05479579267117904,0.07261258042393046,0.1146386182907238,0.22408998803920277,0.5432703746244132,1.136757076544768,1.1071149080799418,0.9404379022458274,1.0234091151633238,0.9111109187739257,0.39128080530000386,0.1539046739905789,0.07546274087308333,0.045812114628373764,0.03317893787130218,0.02781503424073582,0.026228475682322186,0.02668807578336356,0.027164602617569897,0.02439991768487219,0.01690929023930946,0.00874147180008577,0.0037146409185979342,0.0014685641103574635,5.825170772375305E-4,2.382414312476679E-4,1.0028266001605533E-4,4.25969767938517E-5,1.762596502590492E-5,6.773964327879155E-6,2.5001210410983803E-6,1.7574382253536724E-6,3.570271937604743E-6,8.277673139286413E-6,1.77247553414115E-5,3.6632431471617316E-5,7.694957883498931E-5,1.749801506651488E-4,5.254002798814818E-4,0.0010950614889864263,9.823467613359468E-4,0.001696066097708979,0.0035068269774354618,0.1623808694169474,0.02206494763694189,0.013225272347133527,0.019424133422047626,0.07775491344573492,0.016352760138483666,0.019258554164092934,0.03645913200597364,0.07508350988883676,0.13659283984114906,0.15316903055923706,0.14490503331181265,0.21829985248128972,0.26504925360345377,0.2150299116460618,0.12123643768835399,0.08219627481798121,0.06824174036099873,0.05339605221667906,0.03763770915873012,0.023813987310748838,0.01390388412916141,0.008615741680615581,0.006401972499722518,0.00584620429872245,0.0065650099110617175,0.008754791210454688,0.012254939712396258,0.015526395924220757,0.016852552584727957,0.016107790859426936,0.014055266451676563,0.011561174120112039,0.00941583482818834,0.007912792600774082,0.006881159132560062,0.006070934188297908,0.005328324246294974,0.004616052342212016,0.003990952509209385,0.0035498771500490104,0.003377247526775552,0.003546714065008632,0.004179991788158936,0.0055502988838627525,0.0082700155830627,0.013684320240092909,0.02470946181707246,0.047436866979064844,0.09301733712442518,0.17407062028709025,0.2826731830555765,0.3777625849837696,0.43890772872117056,0.48423442164751307,0.5253406656821275,0.5506861628108454,0.5405461776818264,0.48961463197028277,0.41430920427039697,0.339269341832411,0.2808904677503434,0.2446714830976372,0.23159317318566178,0.24375299936182115,0.2833354159509641,0.3229254512764659,0.2688719629145831,0.15529419948201567,0.08406968660731194,0.05044430732913284
66,0.2307635057957625,0.22852926293338677,0.18476295546837432,0.13700111652173788,0.10296846086763041,0.08323807184790774,0.07463500696964757,0.07560956912504585,0.08803051750161447,0.12051186320011947,0.2004894452771149,0.417620336202377,0.9605795205665785,1.278900105461436,1.023590170191214,0.9777213119583431,1.01711761949077,0.5137011118241311,0.1719423307206233,0.06901337522623703,0.03479714661927721,0.021134883297674233,0.014951968161486265,0.012050380782929738,0.010885009876929507,0.01083059381728179,0.011529810510429716,0.012381767715728503,0.012041951867192034,0.009231691201205879,0.005182791798789578,0.0022671967025793254,8.727166603596906E-4,3.2157874903056743E-4,1.165826984308255E-4,4.096235786842063E-5,1.3392184341910045E-5,4.217126781588467E-6,2.5330333595528962E-6,4.392710446508072E-6,8.657859262271247E-6,1.5634931975458446E-5,2.6891856029849023E-5,4.5909071887840194E-5,8.031543673512004E-5,1.5816433693606124E-4,7.521465536624235E-4,0.0010289303923766958,0.001653000458812761,0.004015662791567383,0.008015607809604076,0.009668296841991336,0.007401091894050649,0.02582920302946327,0.09280437910195626,0.026267878218649093,0.03623736027982289,0.06554240043461809,0.14777142467362514,0.21212111416274199,0.16449609636302037,0.13210652854207727,0.2069188804143998,0.3028026102781489,0.25705578908168814,0.16685172425002753,0.12356470744445802,0.10020992107406938,0.07765021132081608,0.055193706191370505,0.0331913329962087,0.016617826416745588,0.008404650035294484,0.005096801271653579,0.003882081852155231,0.00371847591394146,0.00425292499386082,0.005187009464127843,0.006136378329079495,0.006883177984129653,0.007506057130744612,0.008262802336011841,0.009453923489064934,0.01123244729220014,0.013359351319471347,0.015252306823189064,0.016252224671632374,0.015796897248746014,0.013814892053029637,0.011056926657441728,0.008543386600090588,0.006797449919302837,0.00584298871209438,0.005564247802098014,0.005925472301284233,0.00705854294067319,0.009346610407429477,0.013602413014283773,0.02147534555130048,0.03633637707504811,0.06468095454514544,0.11435710978256278,0.17329262082863037,0.1949667656125648,0.17968366372029843,0.1659729184317901,0.17066260288238766,0.20005556107032024,0.26181854806274407,0.36178136900582253,0.4869766324880282,0.5975345584952257,0.6603976723026932,0.6737939085387603,0.6532167905994506,0.6220646105791395,0.5962502320995696,0.5478811290912678,0.407514192687609,0.22641349556554452,0.11214678056643686
67,0.20794375542624735,0.3024524056825751,0.3384310858180291,0.29674311968888756,0.22749282422123512,0.17156050885849625,0.1376410477933753,0.12254445706015735,0.12408062365718076,0.1459220143262559,0.20460032756493932,0.35298026540073807,0.7398776207734022,1.3493911584043996,1.281285835882602,1.0674437596138806,1.0904238225342693,0.7477633100489866,0.2414846218030365,0.08054244086949516,0.03393915132750895,0.01744377673436744,0.010494532955097837,0.007190225552717915,0.005513715043713389,0.004679444025516767,0.00435847143929006,0.004412534900697597,0.004770242939514521,0.005294484510648713,0.005559751401681116,0.004834880479477446,0.0030644748380706777,0.0013962153144865216,5.03237595759928E-4,1.5703308856439881E-4,4.362502537376449E-5,1.1535419595874844E-5,5.82086344399395E-6,8.51078681496595E-6,1.4181994941325886E-5,2.1652909297416143E-5,3.134738952048983E-5,4.4466793117260924E-5,6.23026821589304E-5,8.535347437673488E-5,2.6884833558206146E-4,8.536116167521415E-4,0.0014424321760218566,0.0054183018879969845,0.04767198677164534,0.009477221092311685,0.004446950605596663,0.02110071433907184,0.05073139052995156,0.030445352662180732,0.04130111381480911,0.08157075329390018,0.2721996568120764,0.3544417410618991,0.19440383108996448,0.13622357212779132,0.1907932887388301,0.28572756783265585,0.30463084337685015,0.24294388670222858,0.19591744081725396,0.1637883123997547,0.13920575176303418,0.11486271490364279,0.07608784939738639,0.03580896009553965,0.015320334901288712,0.0076260719818150875,0.00477822458079002,0.0038225303883274732,0.003685771292585464,0.0038192733255956414,0.003908240074871153,0.0038489534891765313,0.0036726498099507567,0.003471511972969151,0.0033748278480900122,0.00353545516630334,0.004126126715352402,0.005388465181470565,0.0077347542270838,0.011789257517523197,0.017912688092038696,0.02463144537862849,0.028192739216423294,0.026824197726433647,0.022874538717310978,0.019075860139782755,0.016560568841475866,0.015537104701116014,0.01604762722727473,0.01830980076786284,0.022930872004213124,0.031235358549719008,0.04587061319961119,0.07130035224261327,0.10956248305898764,0.13969643690264086,0.12819089701291178,0.09772819259478563,0.07634582608222854,0.06720206542551727,0.0684845028772676,0.08112134065803522,0.11101972077780524,0.17185012467158245,0.28249421449611595,0.4292788269901086,0.5266800516428816,0.5463900232681518,0.5481106386353668,0.5618553363801975,0.5737675564158168,0.5464880876743144,0.4501405217837463
68,0.12298244186335096,0.23081052977271763,0.38306826436918423,0.49651406974773393,0.4874751245612822,0.39470856549259636,0.30003139906755255,0.23734891271422237,0.20743221819422683,0.2070425409602093,0.2419429710258728,0.33975406346978293,0.5840581382328817,1.1287001867187365,1.5848805435355493,1.370769331652364,1.2338910996114512,1.0693548284537233,0.4235470222022154,0.123020275505602,0.04335723378548623,0.018900705278489777,0.0097483758490867,0.005747847835395264,0.0037876488878889974,0.0027488011847053005,0.002176041667155479,0.0018671376795665157,0.0017281870160041196,0.0017162658950898994,0.0018107199240644624,0.001983546749846635,0.002140380948455189,0.002045636042009066,0.0014751774306981222,7.031658603090933E-4,2.2135599334808208E-4,5.467934373710287E-5,2.3595001516372006E-5,2.8634795071156994E-5,3.941310512456824E-5,4.986567357500963E-5,6.0029275096109525E-5,7.067729723897587E-5,8.063392155610939E-5,8.163580712589554E-5,1.3591233374388856E-4,7.293277195367624E-4,0.001452597900262081,0.0772406645244764,0.013890011949087953,0.011575548281488619,0.0036699616418244116,0.015037695203470298,0.02391818881782539,0.025084693081875848,0.029591345275416438,0.05512968418970431,0.24533360981329377,0.3955658086723855,0.22388675350918494,0.16442588821140547,0.20342921436255057,0.25811112348823395,0.28588988352653405,0.26675446295170585,0.21886045016520494,0.1835099690796756,0.1749570439079466,0.19066401692174514,0.18902495057291746,0.12296854649761732,0.055601824596742025,0.024113922189695713,0.012162770290604542,0.007755056854922468,0.006124008469789546,0.005392919119506678,0.004840429106394664,0.004243471500900761,0.003580575718410129,0.0029209280980134673,0.002371141012728351,0.0020103536533152056,0.0018616815058586382,0.001928126935718773,0.0022447202400861636,0.002921740881181056,0.004187480132984804,0.006424021140993156,0.010156857941404251,0.015962049519505132,0.02428729310992438,0.035100124712571484,0.04719649185891843,0.057769441395068365,0.06407915296130769,0.06643587083495976,0.06791271103383117,0.07162030571472609,0.07984025682169289,0.09480628005219958,0.11879346954816354,0.14919166369858133,0.16422694130010773,0.13906741842377154,0.09836009501345395,0.0696596911118885,0.054600200694644246,0.0489305335604286,0.05051666582173732,0.060137282805647126,0.08229592243434064,0.12670186265070552,0.19890680242165887,0.24796419923473081,0.212706271647824,0.15705282983457403,0.12200645221322703,0.1057194150621482,0.10260556092073715
69,0.06267831202512009,0.12164542715192933,0.24473943205178622,0.460277514438443,0.6980639890106282,0.7875685896163082,0.6927549972783493,0.5369185937717242,0.41614725571774125,0.35115788649607854,0.33793468094840917,0.3815889599534642,0.5168620412055198,0.8395836613064701,1.437671751627466,1.7844258176938448,1.5909858457210335,1.4118046738035164,0.837827458096108,0.25211680826742416,0.07529310514241569,0.02762773365888124,0.012178081390259528,0.006202877415750169,0.0035481081047725946,0.0022352355091789337,0.0015302182231217547,0.001127746325171862,8.887268592885258E-4,7.450783974653182E-4,6.615677974185228E-4,6.189326598794007E-4,6.050320963838092E-4,6.076755022135638E-4,6.044797968944338E-4,5.502891749409388E-4,3.958837843558393E-4,2.0019792049921293E-4,1.280496812317903E-4,1.6776345006546577E-4,2.0669817335232927E-4,2.1655994796548582E-4,2.110640474549282E-4,2.0045701184429816E-4,1.82531276215193E-4,1.3597634151976033E-4,1.1443301439144408E-4,7.640001926765101E-4,0.001975343272965587,0.001999056425731867,0.007135376176926674,0.008651842572755017,0.0037513129892913126,0.01075434729553477,0.015312883183262889,0.020832900493394847,0.020006170834976068,0.034094994403709944,0.1400173259305294,0.2684161431151804,0.2013537676296138,0.1892461382537687,0.22717220185956083,0.265210927668213,0.2881514321011742,0.24948632465875822,0.1649334502123233,0.113495693576669,0.09630986672466996,0.1061062233411232,0.13663285608105882,0.15918516168829444,0.14280450677096443,0.09971465676407897,0.058914405915863985,0.034230601327983654,0.0224363789180854,0.01665486658606775,0.01309022959329174,0.010249624144020648,0.00768249165182459,0.005451062476807128,0.003763408139079888,0.002667160380146044,0.0020366901416272146,0.0017212527689248495,0.0016259426288872945,0.0017169370784733424,0.0020056447740978006,0.0025336916509506547,0.0033652391746856404,0.004597674586752732,0.006406327780115732,0.009146273996556646,0.013571683808490373,0.021321668882882727,0.03590464210167951,0.06383761739101333,0.11183308057638153,0.1729420478231928,0.2228323028093188,0.2484124738951383,0.2555267229890045,0.25549169592459237,0.256977126664591,0.2583566194188785,0.2421235261879126,0.19564246305980856,0.14104795397568687,0.10184584766179873,0.08020320628885888,0.07147867246724575,0.07299401169634204,0.0855514618504466,0.11322338219000126,0.1548847143887424,0.16922808632019426,0.12196365740204071,0.07271792350960982,0.04493026932061472,0.030666182140948378
70,0.0333369043324129,0.059812864364243414,0.11799200421860356,0.25001273630291815,0.5232483929561804,0.9187269051873564,1.1910403615454874,1.1617733786518047,0.9372379913755229,0.710564189468693,0.5676932240531191,0.5115167992276084,0.5381624616233953,0.6732883521305608,0.9934507606975194,1.5511992770484424,1.951095440116989,1.8444064499250075,1.454975548115541,0.6493072508379861,0.1863151058352298,0.05754776917534474,0.021349827125163024,0.009296337344525066,0.004601400976440077,0.0025261418846895404,0.0015111251820855316,9.72209642102495E-4,6.660816403783822E-4,4.820955106078741E-4,3.660477666963928E-4,2.89554553086901E-4,2.3670607546163517E-4,1.977682760213439E-4,1.6594579231926347E-4,1.357496718191692E-4,1.0351256354490385E-4,7.536236462388627E-5,9.969946525422152E-5,3.2737148823236607E-4,8.84937060595231E-4,0.001403147768868068,0.0014492824082214127,0.0011908761426825153,8.527171155715837E-4,4.3729572446238785E-4,1.599724782805306E-4,0.001025686923715378,0.003952494701489378,0.006894252893496454,0.012757229754089756,0.005958405695976425,0.0052070970813352276,0.00860359254100267,0.015219614405427169,0.0213446077194578,0.016710065059838596,0.0269466736676247,0.08585269784079799,0.16907373934035258,0.1669100882597696,0.19612446378214266,0.24180432225410015,0.2841540849952604,0.3274799773462908,0.2900080727137137,0.15426741188296106,0.07932960157475653,0.05229494719846192,0.045788061560624906,0.04817250685967657,0.052334119976164946,0.05489703981095985,0.05672457220753157,0.05950931323382699,0.06225063029026881,0.062189533689951115,0.05952864544207453,0.055544460437737836,0.049315290483804126,0.039255238468248264,0.026898644382493033,0.016436304245202735,0.0097971929358798,0.006143205270806259,0.004206065673713989,0.0031940854592849145,0.0027129954742064776,0.0025751151795123215,0.002686155700546414,0.002993937715606308,0.0034719658469756502,0.004121640567766697,0.004986786590208927,0.006187083692539078,0.00799449047029203,0.011013666810631142,0.01663653306579684,0.028233038713180725,0.0537706778872631,0.10506115913464129,0.1652663573342481,0.1863097891703094,0.18763598597330386,0.1992470114152228,0.22617493517271356,0.26157653292851657,0.2932165457724696,0.31241049598116216,0.3164778110081497,0.30213539262450223,0.2694814686793425,0.2310389233831693,0.20238343558703822,0.19094212761239704,0.1972790563720677,0.21261285142826875,0.20264743942118027,0.14209743297124336,0.07945668225249049,0.04320082016282606
71,0.0198482066023737,0.032128581190168655,0.05741427271126221,0.11421699823758262,0.25110444278216837,0.5722932865385619,1.1314956216285408,1.6195732374942113,1.7269883953416254,1.485449276679083,1.1143778650552634,0.8294212230931786,0.6786063229464895,0.6414314519684735,0.7142677018798521,0.9342843928253742,1.3546380109277276,1.8275230280474355,1.9015206380987424,1.4153660752454789,0.6068164923416866,0.18198013091265808,0.05693001843513478,0.020718704704243085,0.008697991019281207,0.004108516388269427,0.002136269275792811,0.0012019900171587922,7.220737141478833E-4,4.5803016188580376E-4,3.0379241111334795E-4,2.0865939735590906E-4,1.4682410761578517E-4,1.0439591328479742E-4,7.353987767084036E-5,4.9790073418344364E-5,3.110766192157572E-5,1.8686473674335216E-5,2.1557480188411807E-5,7.277873623925554E-5,2.824173557172679E-4,9.87065343935813E-4,0.002950282436389781,0.006482660584158271,0.008211919291032606,0.003684756052938229,3.8229729796244213E-4,0.0016465931570610556,0.013883263883231101,0.009897123565721939,0.046025323180959775,0.008425845002078661,0.009677388639247426,0.011341969026773925,0.02519000457755907,0.029791395308206365,0.019891630692769564,0.030332967522141915,0.07192467674632275,0.12560112310000424,0.1560727185165186,0.20882776928015928,0.26555399147078956,0.32808913311086724,0.4051284089809465,0.4121574878748956,0.2253345195605124,0.09207329872671553,0.04764745888970676,0.03380828790321969,0.029064191368835195,0.02617482224794061,0.023286616448852975,0.020621747137156064,0.018812480188352562,0.01837977414567676,0.019573708457529267,0.022591669423206805,0.028123105437553166,0.037663809976475095,0.05273960607477202,0.0707683533187032,0.08015462502988265,0.07160833469081739,0.05277996230507814,0.03521770520348173,0.023000163414321487,0.0155824019069139,0.011433382065262471,0.009260006941949912,0.008205342010710848,0.007765757009993313,0.007668741958146538,0.0077879520627071605,0.008104790246709705,0.008706332509806746,0.00981695124237037,0.011894666911171128,0.01590156870039158,0.02403953542053709,0.0414725871594868,0.07653946607819656,0.11556557843774103,0.11203480762703558,0.08987569636556184,0.07674796317568759,0.0738694022736818,0.07968391400676099,0.09489447901686705,0.12250614657347406,0.16599817944928372,0.22165577630587704,0.26876231056298355,0.2883321695246591,0.29073770477649,0.29373389817576684,0.3005938956116834,0.3031802690315664,0.29114496016731334,0.25607339260523476,0.19499917464963396
72,0.013422146157514466,0.01970445128357468,0.03162832210430832,0.05625895719241075,0.11254508568908958,0.2546230901280132,0.6208134156042002,1.32992325174071,1.947556619469249,2.140433949273201,1.9862550021451362,1.5152430664887058,1.0421408152921683,0.753336803593073,0.6207751098682872,0.598391282340279,0.6766173096141228,0.8794846750647425,1.2147355225708862,1.491203567846074,1.3107294159006542,0.6948606908142292,0.24095301132735278,0.07657279313908899,0.026684655292627455,0.010518066625646997,0.004633595231570475,0.0022397394184473624,0.0011679155753592226,6.474794050442381E-4,3.7671732015772796E-4,2.271805255946808E-4,1.401138864275246E-4,8.694880992547897E-5,5.3088171947544044E-5,3.085202208611859E-5,1.633548450936266E-5,8.18589785902008E-6,7.737941725294695E-6,2.1051037929906824E-5,6.55003106136691E-5,1.9019803976383438E-4,5.457659935497618E-4,0.0016757617043888344,0.0063547667520239375,0.03581593721586418,0.0016688314343567523,0.002577357171551396,1.0932672203667964,0.00886845772859591,0.16030872590702283,0.015867335950251502,0.017782676352390003,0.032165410395076886,0.07318562592002359,0.06213013568047749,0.03633693096772351,0.0508115933844958,0.09208432947521404,0.13341216654743066,0.178171792816347,0.2373607310280337,0.2971355862671749,0.4005515466550604,0.5735506618036165,0.6427593750536138,0.4713796335906744,0.19316215574332263,0.0811829459235841,0.04743845408733119,0.03480275450755082,0.027475557013291137,0.021688672670831723,0.016787406489563218,0.012841380821218783,0.010056148440248646,0.008424272076119127,0.007723763493544141,0.007781856502985521,0.008616137554370767,0.010437702260296689,0.013587700502095663,0.018429052197602238,0.0253133244310398,0.03476163393767192,0.047630240749161085,0.06446457829209805,0.08300310041279506,0.09580964459670384,0.09588861075869795,0.0854834627583122,0.07169167276075601,0.05884770516509953,0.0481975008593669,0.03985757472612315,0.033766447377571285,0.029884699176954327,0.028255600463015767,0.02917775918240671,0.03358480640142356,0.0438293027832634,0.06500109602483008,0.10268372315675994,0.13549450535732038,0.11837277608779401,0.08418253996539243,0.06213353561360883,0.05087009022330419,0.0462747681371578,0.04645708457964576,0.05137890410136164,0.06280753443797095,0.08478698542368678,0.12108067024882632,0.1538869226678628,0.13802091603112174,0.09670468490585743,0.06835626526461042,0.054347769856495046,0.0495053149863697,0.051225268162037416
73,0.010290912259900796,0.013846558171946396,0.020160242647525466,0.032141725955159045,0.05703105129305059,0.11494525367803872,0.2674063245201896,0.6895736304941988,1.5204007058112123,2.066057669741603,2.1932005956911995,2.183026600211977,1.732507076613194,1.0883560239693397,0.6780977740590656,0.478195703015243,0.39381522606626895,0.3788275127238699,0.4222079899050476,0.5331159043522081,0.7130293786440429,0.8604634743907202,0.7372988254768884,0.38708744955492813,0.14353295012773168,0.049113939138941035,0.017851459804806402,0.007131648348769861,0.003117931791903859,0.0014708223355318583,7.369907557153965E-4,3.8615147838962435E-4,2.0811837983472785E-4,1.1319714447783259E-4,6.060368188129776E-5,3.0819318327185965E-5,1.4213953476576973E-5,6.1589375068389776E-6,4.9818023549169896E-6,1.1435219290824809E-5,2.9472964849650884E-5,6.922359327339712E-5,1.5571585548442382E-4,3.581552625745419E-4,9.367408690293101E-4,0.004385284453133476,0.009131506146917974,0.0031196464157798045,0.004534423625359399,0.007985015424113973,0.11077107501206275,0.01729524557387595,0.014428119552552358,0.07362675386335403,0.24247348574798452,0.17716444155632605,0.09115656117228718,0.11434586974295297,0.18261212653264297,0.24406923922702842,0.2775688090568848,0.29343069593055465,0.3021823816709811,0.38019087904262944,0.6515241971376046,0.986880924257773,0.9601423643160215,0.5970141520743649,0.2648371590151567,0.13470437967396165,0.08661408987976887,0.06217171193173381,0.04538962150034602,0.03195543978943507,0.021272431148519653,0.013848800602537332,0.009397230014207295,0.006932766641309006,0.005634078304625257,0.005052877565072999,0.004978176309823043,0.005298339262454377,0.005930760901323254,0.006819406503089629,0.007972748896493439,0.009511091518168554,0.01173151461818316,0.01523492767129854,0.021180852293065714,0.03178249197594615,0.05122111428857543,0.0869194737460789,0.1490891313175631,0.2407035774185162,0.3348319154112574,0.3807786682284282,0.3602581709458422,0.3033434859351138,0.24682146790402626,0.20766720483543746,0.18862225965972135,0.18934897934983555,0.21125324806523127,0.2539193449806166,0.29315217776234787,0.2719357231062433,0.19935297773411295,0.13616249988184,0.09746705276628763,0.07593874919892905,0.06489607137139701,0.06104913691703357,0.06369272354927849,0.07440793488271955,0.09635758654929415,0.12265653407079072,0.11010807482227082,0.06431442175567668,0.034406947087184545,0.020245846044957858,0.013476637158989295
74,0.008911470783623839,0.01108808105941223,0.014804478865515343,0.021410177664809932,0.03399215151762002,0.06039518811133249,0.12324682657589751,0.29610384507224263,0.799690686522863,1.6813578452519715,1.9448667298229803,1.9585991855158753,2.070811553554918,1.679453320330054,0.9278114675390172,0.49070295080947174,0.2977560545359546,0.2121164157396963,0.1754644132033586,0.1665814588035379,0.1798489358268788,0.21793656944983544,0.28615833518159267,0.3702001702600058,0.38964070283276675,0.2708139650851767,0.12394353785723553,0.04613328510084338,0.016794610700806456,0.0064530467563991304,0.002655632638006207,0.0011604881673706918,5.294166355672602E-4,2.466983578614545E-4,1.1417310930021813E-4,5.049215825537187E-5,2.0316984958148655E-5,7.6854259801278E-6,5.416412762862259E-6,1.0781394760401E-5,2.3905728228106485E-5,4.7717342371565266E-5,8.949906013668649E-5,1.659008574429734E-4,3.222006059832769E-4,8.074415894296947E-4,0.007506882626508885,0.0030801622774703644,0.0064555723358691005,0.004857086110027417,0.02627478200023832,0.009993205599271172,0.006598409747020057,0.034276923784524106,0.18792506263002826,0.25464751571258015,0.1578442117358008,0.18851653404074778,0.32432411356656576,0.618726078638373,0.6390663386790613,0.4544126248349614,0.31658043983341405,0.28790661963269004,0.37566216394971624,0.5758925753861026,0.8192547977358929,0.9192062645590113,0.7395196828515357,0.4991486280256233,0.3536596878080736,0.27288760679694,0.21562969434286777,0.15817463377174665,0.09925037911963198,0.054966114514024667,0.030153993606081356,0.017773763578277774,0.01157209007539652,0.008390856521407612,0.006786909865862059,0.006047057371958797,0.0057718737704910905,0.005728321814217439,0.005793791901784147,0.005924322560809054,0.006137052535356248,0.0065069022044822004,0.007171716075408333,0.008348952679199792,0.010389957598046957,0.013920939623878683,0.020160743720715316,0.03161603547310316,0.053580530029032784,0.09705915638833339,0.18236924912842548,0.3337941255346006,0.5434734694033384,0.7437132959870759,0.8836180001747342,0.9728808366011782,1.0217708874176699,1.020530706507118,0.9727761019016442,0.9078023691619713,0.8491380233615963,0.7910835056232347,0.7063076842532541,0.5814962635177846,0.44393935835948223,0.33044466746426643,0.2539666147579851,0.21036704848866297,0.19307138720621414,0.197977077978057,0.21505103600881192,0.19824389540234805,0.12084280824461612,0.05813482564227424,0.028628776882323997
75,0.008705207786835931,0.01007340481620288,0.012431134045790448,0.0164754703352857,0.023695192570135616,0.03754890207589261,0.06704862243106993,0.13925198024371105,0.3470505008501254,0.9622636795385289,1.7448468688878982,1.6848927604651813,1.6630538138157718,1.8464414513881173,1.4118063201956077,0.6496949013903983,0.29659724602201437,0.16020222588412694,0.10204820363328687,0.0748292022950033,0.062023803892092035,0.05747730370312698,0.05919527368060799,0.06746242735395262,0.08430996986287842,0.11224366255962692,0.1468462871881587,0.1595605828130668,0.11800837716160385,0.057716585316794744,0.022242564368772758,0.00803179258217822,0.0029396811817495472,0.0011056214837956214,4.1953871341332907E-4,1.5460339822473654E-4,5.254977688763415E-5,1.696797872849839E-5,1.0281658444546574E-5,1.7669256698182296E-5,3.386210393663619E-5,5.8286611601937806E-5,9.362809007133997E-5,1.4632446411978243E-4,2.297975258608073E-4,3.9246174275822324E-4,0.002117281891972092,0.003427092148983612,0.00953586222877661,0.0036440760243888247,0.008673153054564408,0.005924715939102783,0.003810698014603843,0.012947235271493369,0.056828885985652985,0.11164900744602078,0.10870083740185722,0.1360103762783956,0.23746435724142184,0.6758911390335623,1.1730045737480885,0.8711555389039372,0.4271052310522229,0.27084554560555607,0.2451903918520267,0.25529940683521446,0.26804549222219676,0.2820556332827682,0.2995691317380786,0.31099831271865624,0.3210484552477861,0.3525218243334526,0.4290381385844626,0.5554393425947932,0.6466687579943589,0.55548054185896,0.3446236645050568,0.18156657402304824,0.09477708929554532,0.05306757779566805,0.0331792418805338,0.023425860143735086,0.018321930560608754,0.015336936388882335,0.013317526474418495,0.011755369266790628,0.01046257968518389,0.00942075427031998,0.008687119662533181,0.008332051160429151,0.008422845521300551,0.009051978991483993,0.010392989604485104,0.012783985493441112,0.016871537294709665,0.023898042135783084,0.03632673123679621,0.059254241973156915,0.10344451265001466,0.18945628177305848,0.33582997671422465,0.4834502394498191,0.5142267584774697,0.4723322624949124,0.4458102646657283,0.4642331290613686,0.5399138684881617,0.6874115900414431,0.9033760281354016,1.1061283539007352,1.166393515638024,1.0997886479771484,1.0209356176467117,0.9863139602243082,0.9896990165935808,0.990272600727498,0.9445188343463785,0.8518532456288251,0.7413927987018883,0.6095571803918106,0.425733604329258
76,0.009624595809667052,0.010378822143928572,0.011885177469138223,0.014525301380828644,0.019090829521396794,0.027293776653795194,0.0431779149794865,0.0775496219353466,0.16409891188838974,0.4230732672892275,1.1575959833891303,1.6861453315965502,1.4447512293839966,1.4551621165177673,1.6413397231524232,1.0429495550391326,0.39643676513309506,0.1642529928730777,0.08240662488541305,0.04858155975432823,0.032586840934323624,0.024331012764040323,0.019946399307616557,0.01780991691774669,0.017249887707352984,0.018098387029707085,0.02056446910459837,0.025248739749787905,0.03309532304094089,0.04446270990196923,0.055105088021318346,0.052063428957103815,0.03171664889238187,0.012965248116588744,0.004231047429131587,0.0012353190999784113,3.2885558286749404E-4,8.422950753554302E-5,4.122500900682008E-5,5.8193462266485524E-5,9.284055637745297E-5,1.3427650585249115E-4,1.820570571986157E-4,2.3946337454947955E-4,3.0964462906054414E-4,3.8911035921514566E-4,0.0010014153515532885,0.006781957739787072,0.003680154328293979,0.0037428716515353773,0.005225511916133021,0.0049067803875331465,0.003320790173096408,0.0080010760518703,0.02382882071521643,0.04513087651495899,0.05735920139810087,0.07401943457831552,0.12032839555531227,0.3692985492480836,0.9023049438585644,1.007985654839532,0.6271001325904341,0.3450111665345326,0.25027074255059556,0.2044537781078528,0.16703396452584118,0.13477894500374685,0.10942889859262674,0.09123118428764374,0.08015436511122301,0.07658902096666502,0.08212605364426157,0.10034960919840151,0.13641214988926886,0.19408696918756072,0.27272336971890737,0.36733354347955044,0.4617854563648213,0.5112674008010821,0.4704212236384077,0.3689742078813098,0.2704832020481524,0.19778641986883544,0.14619642052917195,0.10808433978973786,0.07926260218393602,0.05799432159455589,0.04311903474632366,0.03327423425693609,0.027074056490239504,0.023428854374454848,0.021650469041317524,0.02141506535396101,0.022710838342769168,0.02584088943005085,0.03153291739634615,0.041249744676473694,0.05792343769858084,0.08761214789856418,0.1426891988305021,0.24221867190555943,0.37161555561070236,0.4039646089514,0.3193901061773445,0.23814480932406887,0.19266376684577616,0.17529470865104527,0.1803462828179061,0.20987626569612358,0.2757506646109078,0.4015610437043314,0.5937126404258011,0.7115124937573685,0.5959540298315634,0.4219605667509572,0.30782625228919863,0.24670057829760073,0.21896765753601902,0.21420689228983658,0.22928631359252585
77,0.012159251906442268,0.012192020391737455,0.012951400268744818,0.01462064904238693,0.01763138524442947,0.022897377191920483,0.03241729701702586,0.05096944437908918,0.0915466891421012,0.19563754297156308,0.5128118064209494,1.3288671948428075,1.603711921976157,1.3185754589228509,1.3724567729546786,1.4639133919526814,0.7100142597625305,0.23690081801552584,0.09345068832854359,0.044824997852649665,0.025018440819971108,0.015696605594999604,0.010820378523662681,0.008073827992849603,0.006457310459134255,0.005500456559674473,0.004970914873715797,0.004756495491267557,0.004815903283249155,0.0051605716218623265,0.005852309813438263,0.007002811054041336,0.008728399987724532,0.010883347724090388,0.01221618286298653,0.009994592895667556,0.004696013618954598,0.0013254201086585024,5.444513943611061E-4,5.856966023124097E-4,7.028905296795278E-4,7.762703374028237E-4,8.196451244072348E-4,8.512539648438269E-4,8.638799762235962E-4,7.724829965270298E-4,8.595286640554587E-4,0.06168529832974336,0.003098366347012426,0.004954509893229725,0.00593978106964939,0.00632829236208603,0.004517526598056254,0.008450032465181693,0.017143577348425247,0.02825218772146307,0.03889058026991208,0.04832881546433521,0.06984950669475486,0.18339021165568056,0.592717872728779,0.8396751238562434,0.6812255889711851,0.46814361862573245,0.3504045295476294,0.2783495062161126,0.21697725182863603,0.15906348971443443,0.10634871672145982,0.06818742527222106,0.04612313373858377,0.034587304166936304,0.029214023378399408,0.027692089306200044,0.02858751628428165,0.030764081965364853,0.03356856827734928,0.03713823565831942,0.04242989921790353,0.05122352921001823,0.0662854264379713,0.09171540389950242,0.13396384538817244,0.20437848223516308,0.32245348215685715,0.5114691676273515,0.7624060025555767,0.9717903188786495,0.9960437091708253,0.8317345126542959,0.6082444505448183,0.4240304626352207,0.299423439724099,0.2214608317122137,0.1746132397261464,0.14813192878893444,0.13568473743623224,0.13408951209654252,0.14260340765306714,0.16297090964651068,0.20046999287712772,0.2664110611855844,0.3807178973381862,0.5551573822917417,0.6919807458751237,0.6053883502586241,0.41859147044864087,0.28791674851334154,0.21739229551021252,0.1842373441813143,0.17573426326032843,0.18889877357944396,0.22929303151041666,0.31133029645084986,0.4369588918544432,0.4857019244983822,0.34217644714245044,0.19479944192728896,0.11432449461553149,0.073582786524903,0.051919422383390375
78,0.017884170567181983,0.01654345995784454,0.016211686284828167,0.01684721878770316,0.018619310295723578,0.021995787567577887,0.028000010778294438,0.03888526555794991,0.060035148324620057,0.10604926034473315,0.22331778901670116,0.575645447961973,1.42392723903712,1.6230767584633623,1.3360333634678285,1.4009930065685434,1.3128661178345697,0.5066011824629101,0.158442158563992,0.06067958486396202,0.028078844088105365,0.014967221311417507,0.00888143655413915,0.005735362841079582,0.003969211161973703,0.002912272261669719,0.0022477041792893153,0.0018140734034299143,0.0015238665155172606,0.0013270795102792233,0.0011936840371037575,0.0011044738827786548,0.001045638234424276,0.0010046510162798614,9.659534190719833E-4,9.06247592081841E-4,7.978637575159805E-4,6.79319412231961E-4,0.0010634148134083701,0.004048290701888698,0.011457502204733228,0.016593323312600397,0.01498975974705959,0.01117237433305316,0.0076628191643165165,0.0039836937290513505,0.0012666302052592134,0.016953677023757212,0.006836984261013603,0.009488977516701578,0.01470107121863937,0.014603619318606558,0.010170227812210665,0.015784392568314338,0.022978576137837516,0.031292832932585446,0.04042873041579508,0.04463235451709335,0.05534129518228433,0.110411404555139,0.30425922223739166,0.6834536302269327,0.7266085091954521,0.5931636146510607,0.5190661785344586,0.4815898264261642,0.45298173242648704,0.39918445517519935,0.2752763572630734,0.14635068069207008,0.07587155225210984,0.044136812644897376,0.02970788045589326,0.02294931326248828,0.019630512704074714,0.017721821581592866,0.016329874754550385,0.015192562045792512,0.014333608203404543,0.01388378942827787,0.014009418678321417,0.014882619798832748,0.01670606793669858,0.019815795434014166,0.024849416774927555,0.032987689165507636,0.04632953242051319,0.06851953611495465,0.10589642856290418,0.16980908984915796,0.28131759150474867,0.4792378169494199,0.825933755363869,1.3781884914615838,2.0741059728745985,2.6691130105630205,2.942000298518349,2.851168568255773,2.499775530146055,2.0682665346372833,1.6977274006520264,1.4408933579397099,1.3001567017534568,1.2693328544220095,1.3525838316475662,1.562605244142622,1.8697047082877436,2.056518612618863,1.8159449504824736,1.3282649979605552,0.9364992192414152,0.7041850652810071,0.586595531342376,0.5476801285960469,0.574225182515599,0.6657786394912836,0.7851308334683024,0.7443554045044631,0.4748098626820809,0.2478740889553236,0.13104580786346176
79,0.03167627579711598,0.026585988137157006,0.02371914883145811,0.02246160663440536,0.02258323051271939,0.024157629748169814,0.02761412557123203,0.033974717101423704,0.04550073105234345,0.06748341310577911,0.11377235692083845,0.22632030053573807,0.5471865987065236,1.3668319563418567,1.8036715480237948,1.5220932240749963,1.5266350404274618,1.2819159009684162,0.4491468268519047,0.1347376994658121,0.049588919660599445,0.02193100301734778,0.011113461069364063,0.0062372374442290195,0.0037891429851579735,0.0024523398003751785,0.001671333281352394,0.0011887456394633394,8.758701656786244E-4,6.641005029869155E-4,5.147813146888471E-4,4.0499955888796674E-4,3.2048744440187906E-4,2.519255157048089E-4,1.9304689374362907E-4,1.3999704277451586E-4,9.23183487249078E-5,5.775076771007254E-5,6.865988615187738E-5,2.3819535679412416E-4,9.654204817480546E-4,0.003755442661035061,0.014799281877235228,0.06058982603204919,0.21661651265323564,0.15816211990107737,0.0031975121639989017,0.04732990127952221,0.01640777373857554,0.03732225237433902,0.09289661700285724,0.07135164676490319,0.03902828195876146,0.05400560565753645,0.07104989515275736,0.07309418619193439,0.07406352818598984,0.06451150193293305,0.06482362471852714,0.0956045575899192,0.1747385334987023,0.33059481186580564,0.5085866808352666,0.5744910109352283,0.6076232837454948,0.6812880080068412,0.834099095014562,1.0669841293924183,1.2163704917686264,0.9537157978284879,0.465015659717982,0.2033372072004255,0.10166486106708174,0.06092699179073553,0.04253749813042673,0.03269969321303121,0.026368630594225347,0.021701745692712885,0.01802914684178203,0.01512787184975816,0.012947047245593458,0.011459189334067317,0.010601733786789004,0.010304212133658695,0.01053442635504607,0.011320104794078505,0.012748450422089401,0.014962248282904387,0.018176397794415378,0.02274243918833952,0.029291807777176233,0.03901836129043237,0.05426727467601425,0.07987503800720211,0.1264469377305817,0.2188134877953565,0.41751740559222195,0.8555822391579508,1.640133719604999,2.2844050498294655,2.321862752574815,2.225629701640159,2.3068504710887536,2.6318432936126706,3.1877310402022156,3.8009523094282303,4.084622199812451,3.8558221044319283,3.4009110580811877,3.028220048129275,2.8481877326263696,2.873262105419334,3.09121268783109,3.4551697798578727,3.8224479164627874,3.961269336696342,3.7716673816793813,3.4185225797898835,3.1042803913840156,2.8730845446173983,2.5700396404633956
80,0.07184504600923636,0.052984937798257185,0.04193451564982885,0.03544428739582806,0.03189506971901687,0.030517385478048893,0.031066396905739493,0.03374021029098757,0.03930284423003104,0.049532130587777896,0.06844709456800449,0.10583021922252596,0.18853119241358737,0.40017766668192606,0.9835555016534469,1.9013604704663958,1.9330773876453782,1.7884715810965186,1.5200215373204642,0.5894947170129464,0.16921658526236746,0.05762496980327548,0.023625065945902423,0.01114454868980038,0.005835931077032129,0.003309213795346211,0.001996486094358922,0.0012648284192317075,8.326615352119548E-4,5.644635515999159E-4,3.906388098691406E-4,2.7345593897494996E-4,1.9151409025278224E-4,1.322438858611791E-4,8.814265757513941E-5,5.489245952620223E-5,3.0581005823815135E-5,1.582822147630067E-5,1.516133644738882E-5,4.0969828823730466E-5,1.240183064641322E-4,3.4308728767996465E-4,9.202090190968573E-4,0.0026096384378355734,0.009331603282901887,0.110562598235927,0.01374104614122842,0.039004728812309514,0.012625956275214434,0.019689111643306747,0.20065044951762973,0.35744980802462206,0.13361496173224946,0.15788019628247701,0.40632498103174197,0.46278670512264575,0.2993075534757069,0.16674683151088565,0.12071335053669122,0.12926297583086238,0.1604887541035515,0.20108930392301136,0.23803454760584916,0.25594036977375983,0.26604959613330187,0.29259003911955456,0.3730725648070561,0.5954747790465218,1.1370577080849973,2.020177131281264,2.5964433508866893,2.3713559610627453,1.5535360530233042,0.8342280805621257,0.464360236538315,0.29050010726539954,0.19842920363494937,0.14130715288030424,0.10139006315712061,0.07224173626874374,0.051512488974516046,0.03755518917303539,0.02854885920659382,0.022863825246093646,0.019352252902132914,0.017311447046640737,0.016332791654408308,0.016174692533871007,0.016693149591111598,0.017821673440069984,0.019580965189041538,0.022107379738189662,0.025709469051814402,0.030984578385952217,0.03906312889090889,0.05214160006111951,0.0747325935875725,0.11682916348039783,0.20227020322712608,0.3881038080682365,0.7603067163088472,1.1251562419674168,1.0233624776961654,0.7781676256263333,0.6289705614560783,0.5684479885024929,0.5735612816626687,0.6421102474029065,0.7952352293801482,1.0838802802072587,1.5736700128979646,2.144406559196216,2.1786656409724072,1.609927107375474,1.0842628501063827,0.7688496567720935,0.5960230434303484,0.5058215296360281,0.46722420519567015,0.46724959266429916,0.5042711919054227
81,0.23268247745391568,0.14270486110776714,0.09541308939596017,0.06916917182286288,0.05398147469028994,0.04508836976029711,0.04014978910470689,0.0380444152537795,0.03836736322011317,0.041277919078370674,0.04760873067832761,0.059347689286304246,0.08096699358282626,0.1231538826279736,0.2142897362437992,0.4379451440401386,1.0190971500037327,1.9891656645226443,2.2663658477446256,2.060293254444056,1.254000696948479,0.39563320348414827,0.11820382215916421,0.04202910216930204,0.017520234669187163,0.008238692752064217,0.004240111044725305,0.002336436225687569,0.0013558345632264865,8.176057511051641E-4,5.063465210007124E-4,3.183229636910178E-4,2.0052684899063734E-4,1.245287694105821E-4,7.451263107321728E-5,4.151709871887301E-5,2.058727917685538E-5,9.416905918128287E-6,7.895719885864465E-6,1.8442009647212195E-5,4.744684145137566E-5,1.0900746228312409E-4,2.3465179846012815E-4,5.033422006245395E-4,0.0011788647578841811,0.0044522319427522765,0.0693864054993242,0.022139380875255445,0.0052190022406789875,0.004490288906711897,0.03159301402820269,0.12450922562819206,0.07682918017414421,0.06890843634604525,0.18944133908423613,1.055660457713029,1.4917060462536347,0.716707963306026,0.3413488987675568,0.264545996166886,0.2476005562946047,0.23623590928035307,0.20827080853743477,0.16370162604879196,0.12634347387247805,0.10410163597017567,0.09681442733054894,0.10486599201051859,0.12875474472753812,0.1682981972428159,0.2262626851956699,0.3145005687472847,0.4546283209035772,0.6608713814773638,0.915163553187871,1.1944501470505189,1.5119990709995579,1.8784574804650507,2.2147622790670956,2.3117666296352257,1.976424966560271,1.3501293755447488,0.8055666023252422,0.47287606176246005,0.2914511918100743,0.19283986885977528,0.13767872106281695,0.10584682863493895,0.08698097980658308,0.07558155845125235,0.06868706723433363,0.06473549836959695,0.0629934701893446,0.06328427388695314,0.06588933462666988,0.07158200633251527,0.08183903141068287,0.09939631811278553,0.1295576731144742,0.18326065842554398,0.28416197519075975,0.4812282410278786,0.8298750939091971,1.149621668343163,1.0385164821188495,0.7520068387768626,0.5538249258952679,0.44608751352966974,0.39636142783336553,0.3877345471772817,0.41805284187444613,0.4999234647141135,0.6671602466955441,0.9692542182234578,1.2928316473804333,1.1097198726928128,0.6412660526327013,0.35349199780159574,0.2125692025982672,0.14106450425046504,0.10198034804474623
82,1.0572769111264717,0.5813443554972315,0.3127201246639974,0.1816171670567449,0.11584676745985105,0.08065827544662463,0.060715983026086516,0.04901815746236705,0.04220263781847047,0.038615387954722455,0.03750009277863615,0.03867640130089337,0.04248387836550613,0.04996613622562033,0.06345674237554856,0.08812582823424595,0.13624260144927067,0.23988046741623067,0.48900336588933846,1.093861691737248,2.01700883388384,2.2927578178371935,1.6441013616590219,0.6280313449600639,0.1857126533982547,0.06093425469669565,0.02326265271132939,0.01004918868475507,0.004762747533846065,0.0024157155205335075,0.0012852905339769936,7.049063851032825E-4,3.9170186104175704E-4,2.1626743179162892E-4,1.1566920229978496E-4,5.779787393401359E-5,2.574128253326706E-5,1.0573284090460856E-5,7.946292257642701E-6,1.6575679968346067E-5,3.7866319362472516E-5,7.658344254292706E-5,1.4321597800065562E-4,2.608433978948026E-4,4.920399120673526E-4,0.0011929722290549317,0.14030070618400936,0.012860454251563033,0.0027425481510759586,0.0020090449873584057,0.008219049700841393,0.02517982425038511,0.022551072999828482,0.018568041655336993,0.03231933982878287,0.1624196564149185,0.6883376925111407,0.8542541930884123,0.5785990450025931,0.45556694406597725,0.4258332143171879,0.4355537923574548,0.4032183049904114,0.2561586798038664,0.14007136647785093,0.0842429712713803,0.0595117184533206,0.049306822085872816,0.04532407950169583,0.043211837260613985,0.04148643327167696,0.04037458398887978,0.040603675385316305,0.042688865136863575,0.046753058859936934,0.053003815694793954,0.062459114818236496,0.07750953614180679,0.10263427379637012,0.1456839405965806,0.2200635152228742,0.3488818951364823,0.5738609208031438,0.9715730553199743,1.6630551781857745,2.7341685625099714,3.968694213168996,4.830248935881832,5.044287593117766,4.6918775556801995,3.944398768495341,3.039992258749923,2.213860524918183,1.5833767569422197,1.1510415607194722,0.8714707073681855,0.6971957579657052,0.5935493273348796,0.5391212620276042,0.5228252107517463,0.5416539561301352,0.6002466654527892,0.7127745762669776,0.9076096789168908,1.2325621212791606,1.7394555669968714,2.364155937616651,2.708196919903111,2.440628103092392,1.9076741090146005,1.4726892287870508,1.2022310748391014,1.0657671254366305,1.0386361025800317,1.1228089674042976,1.3501529100725012,1.7418406230576198,2.016728618268268,1.546234941780194,0.8421426010260524,0.43913343422041895
83,1.4482689768965928,1.587201507458553,1.2887592886485815,0.702693736941411,0.34810719328302026,0.186700901931875,0.11147853868086757,0.07334353474613658,0.052418484862690067,0.040230636158794755,0.03288280451360611,0.028462664651146122,0.02599995427128848,0.025023438902697023,0.025375042910489504,0.02715707309846173,0.030782582126386175,0.03716720247702669,0.04821126495659463,0.0680045393957088,0.1060409831701664,0.18641908574860266,0.37377782307443885,0.8130522515640449,1.5010408021631134,1.6197246693400995,0.8664641938111645,0.2802519935230069,0.08524383370792142,0.028971894080809378,0.011063153605589788,0.004611687266403203,0.0020339260703521865,9.203588286345809E-4,4.131467813665429E-4,1.7635790254834743E-4,6.798019365443001E-5,2.4397427335409667E-5,1.6125919683955045E-5,2.9703525994065605E-5,6.002015961566807E-5,1.0728547514931333E-4,1.766142075310094E-4,2.80436895219495E-4,4.4950430716975554E-4,8.273599524582685E-4,0.17679037714585774,0.006876338823779035,0.0020854310150386557,0.0015718594759642562,0.004329675884031782,0.009560751753760094,0.009621190733114083,0.007815576684370877,0.01089563455674789,0.03247150850824372,0.11336659641558884,0.27735721225169957,0.3236814981391288,0.3379770484805624,0.3873020849435391,0.5152314933612544,0.7647325641101455,0.8722079972847521,0.48059219930350777,0.20392473859878754,0.10370666766609689,0.0662410378075139,0.04917282964767607,0.03886006752017835,0.03131270367893137,0.025564909634114875,0.021318959573003164,0.018333642950894003,0.0163498687436149,0.01515093589728216,0.014619728609427856,0.014738039726184432,0.01554481155442858,0.017080397163692418,0.019351856731323114,0.022367131014252317,0.02624219131868308,0.03133393831152598,0.038390019326427646,0.04878978146298238,0.06501456956598192,0.09162899014268718,0.13749291314915116,0.2211112089538369,0.3841596825886333,0.7252321945713853,1.4626658090211113,2.8492379450493237,4.275122048541823,4.560716358780037,4.287792675236994,4.201397017515724,4.493042649936696,5.204930148995842,6.254312698344677,7.099448794803094,6.790568704206792,5.396172615525964,3.9442209949474782,2.9147447868369927,2.273407064567554,1.8951965335525067,1.6911733045131987,1.61368759089515,1.645299249608209,1.7930772615100734,2.090474663193816,2.606299322755961,3.4543169554073163,4.7634775000441305,6.477765011131993,7.961754807373194,8.353714917001597,7.8243871912922796,7.186941385661362
84,1.0555858852464906,0.9840497220933924,1.1179952279348355,1.3893362514238383,1.2111000998530919,0.5958957541727607,0.2638319032338162,0.13109975849442873,0.07397977145268428,0.04635965812065905,0.03160996436339563,0.023104646491233057,0.017915038124431067,0.014628430206156506,0.012515137578908028,0.011180340713082881,0.010407647665869733,0.010085799131226607,0.01017554056933198,0.01069975299519641,0.011752573668977615,0.013532976214139944,0.016422712812496666,0.02116074509088755,0.029251609579166296,0.04399262332395757,0.0732587869585638,0.13730646478105762,0.2864019793052823,0.579185384823477,0.7490824427540087,0.4157396598247368,0.12550871191234608,0.03320014187090441,0.009147914773509538,0.002594241407030759,7.109485232043547E-4,1.9108819298706213E-4,9.833898370834836E-5,1.4514842590300506E-4,2.4000759279127243E-4,3.5628206784708166E-4,4.915200481864968E-4,6.555668811423761E-4,8.725466533907642E-4,0.001234992966088166,0.33778468218124946,0.005026793320655224,0.0023929446841739754,0.002040843972160148,0.004034420183006944,0.006484332804139176,0.006479572039518585,0.005187956221562018,0.0064571647807323196,0.01306637395492372,0.028814583825292256,0.059090646178118086,0.08652390066795188,0.1084670686103093,0.14318204828230005,0.23710979012699854,0.5568123661198549,1.1903189195874857,1.5122172813189156,1.3666052664947084,0.7556641790862465,0.3731779223168981,0.21774785663617013,0.1439810881915102,0.10066886553076983,0.0719285349812838,0.05174988046096975,0.03747422029875902,0.027716301955382227,0.02131783796376961,0.017236845227185348,0.014710728415393627,0.013242359271282245,0.012494110330760264,0.012213249461992681,0.012218406016542458,0.012411882017104829,0.012778201422018399,0.013368420207248002,0.014289309759575956,0.01570523804221734,0.0178544006442083,0.021089946527765746,0.025970831678226555,0.03344529888271201,0.04521370855715303,0.06447517109630471,0.09756659304078845,0.15779771687882196,0.2746947377040339,0.5135008508034226,0.9776679319840301,1.55299628485341,1.6222675760419094,1.2853932931289211,1.0023654830690187,0.8497070450247342,0.7984145082492959,0.833744967834258,0.9707781779903821,1.2684680741080574,1.8586912638673474,2.865432843871873,3.5275249700962843,2.5965886073633566,1.486885792301698,0.8786547397579206,0.571180580845891,0.4062093262508242,0.3113765948708525,0.2540432706538011,0.21859055325018353,0.1971053669758976,0.18546961537319093,0.18164392955726996
85,1.1291933458120889,0.8073515269281494,0.6487204754574953,0.6673891594283613,0.8733085276743174,1.1624817734439996,0.7502869691539893,0.28659724864887914,0.11922854475033574,0.058519733401596156,0.032765284752321995,0.020265195031810488,0.013540882692287917,0.009628233525994423,0.007209502563519029,0.005642752523321379,0.004591525908087952,0.003868813860387257,0.00336574962446467,0.0030167814925017595,0.0027817371736174944,0.002636237071270116,0.002566517613301112,0.002566793090783175,0.002638302331275546,0.0027897792401534818,0.003039570004804978,0.003420244424045267,0.003987681542322116,0.004839041780112732,0.0061497437072712,0.008253746674932446,0.01182747078346298,0.018319511059631026,0.030794903513644854,0.05326364345519154,0.07016985519241316,0.036203295136700196,0.012607810960242194,0.009211758851417689,0.00795312729496352,0.006859796243927395,0.006008595362986007,0.005411714873123708,0.0050122820630932674,0.004676173991055447,0.10012615462188165,0.008383037048351165,0.0050697935897377755,0.0046644227349771005,0.006740189808718323,0.007770763087885101,0.0068145525842724835,0.005172150539837826,0.00580283954967884,0.008522903460874419,0.012538794839028483,0.01792389861301393,0.02205794852685628,0.024300229010664566,0.02683336488536702,0.03360381697284911,0.053434756216071924,0.10544708481498923,0.23611036066112814,0.5461046356373012,1.025163680862076,1.2693471938549747,1.2610680332427286,1.2294365112401842,1.2399730575182417,1.2850652130316116,1.2878905940839862,1.0735796826288548,0.6752200758681944,0.369659585172946,0.20819598667739714,0.1282586901120696,0.08710571213499446,0.06461804611175734,0.05148695537020839,0.043215537275834257,0.037588892784205595,0.03352774301197664,0.030517558236972865,0.0283276447806732,0.02687763877024372,0.02616946203949146,0.026252922891213754,0.027221590694402574,0.029236738470724548,0.0325729027295223,0.03768601006014074,0.04532321866081901,0.05672396916085286,0.07402122666697003,0.10108474896597802,0.14536798031477222,0.2220776258056584,0.3631987558941135,0.6293386998870905,1.0583239806725546,1.3626267633301612,1.180396118839457,0.8629537207400255,0.6507607005110585,0.5377967825913127,0.4913536061954766,0.4960531307187475,0.5542456032502369,0.6890225164776853,0.9551703078347973,1.4178747562588605,1.8190621173924548,1.4308111136533164,0.7967591561849371,0.43575501292319224,0.2589558471322973,0.1677806460268292,0.11691580064951822,0.08649651937315848
86,0.82556322134444,0.9061059264933446,0.5608888055901156,0.4189606972830993,0.41479916856803145,0.5467082013378021,0.8520353062828188,0.6409909420510829,0.214665301967904,0.07931433463965899,0.035864497775303796,0.018827212568340607,0.011002200715892484,0.006966786633841863,0.004696787879329712,0.003331060200744963,0.0024642756386258884,0.0018897901075134499,0.0014952261152327902,0.001216127247930924,0.0010138336426708614,8.642588311802684E-4,7.518956330686324E-4,6.664692047463656E-4,6.009931337140741E-4,5.505984262381243E-4,5.118012971411351E-4,4.8202423506663934E-4,4.5926122438071765E-4,4.4181691208875363E-4,4.280672543731593E-4,4.1619395726018397E-4,4.038439635233739E-4,3.8767816572741353E-4,3.628830577807747E-4,3.2328218794484815E-4,2.65301863267803E-4,2.1146208784047967E-4,3.3334285443798654E-4,0.0016372363181003542,0.010429182332730446,0.07296589624061003,0.47673520923135315,1.0510122619808333,0.4802880891755703,0.12122663720577714,0.012612493864048637,0.10268637561280718,0.029227124626968592,0.020751239853354597,0.022820225586912275,0.01863599129615149,0.0116358160784728,0.00754293466924648,0.007210901171150096,0.007831371262367867,0.008105896426828461,0.008298544680282535,0.00806048174170874,0.007395457939715071,0.006845303263950889,0.006915023305268459,0.00789809426004055,0.009652956384639194,0.011971027454139305,0.015036390631419568,0.01925298175773598,0.024614044374683768,0.030739579838022904,0.03801153330006977,0.048224827838605724,0.06526866925127718,0.09741292895976984,0.1627187878888861,0.3020672043246875,0.6117113825064843,1.2986917571935355,2.545995688360521,3.697720861921942,3.931627029818745,3.7664378880591656,3.6515646430153392,3.6320676665134513,3.5887062723570433,3.3036942061318846,2.651140978230085,1.8522678015887457,1.2110733054199463,0.7986044221815942,0.5524759888925198,0.4057655178307527,0.31611603980288094,0.2599228514062831,0.22426988830379116,0.2019559534185979,0.1888756510739283,0.18270445314184972,0.18225548774387088,0.18718913248775132,0.1979381853616394,0.21581486749670514,0.24333860221332929,0.28491336076529616,0.3481507058776539,0.44647496906257755,0.6043096954645687,0.8671046274578814,1.3173021481038694,2.0760782968683,3.1649622302595852,4.073946679579048,4.061966152829154,3.4356213635347848,2.8253267542302325,2.4238878348477586,2.2193390133594075,2.1802649873715465,2.2998718975242167,2.602198896252263,3.1340239699076595,3.8918020573403234
87,0.34100178266664166,0.8285777844497093,0.606287136842571,0.35071551211946883,0.2718048393498397,0.2849276854355724,0.4091344966634655,0.6742160600166494,0.37769269169456887,0.11068605784979045,0.04032216045177046,0.018158995863161827,0.009454372993604698,0.005452055056685973,0.003391848028723847,0.0022380701815819764,0.0015482453676700513,0.001113636362309098,8.277853312285875E-4,6.328663728300641E-4,4.957899661523022E-4,3.9677123073168547E-4,3.2352574153723094E-4,2.6817026967152147E-4,2.2549447496139838E-4,1.9195979285988542E-4,1.6509954111255045E-4,1.4314811699451738E-4,1.2480501361259488E-4,1.0908045147187946E-4,9.519211533325203E-5,8.249606087725454E-5,7.044468241871574E-5,5.857521717052021E-5,4.6550325148308106E-5,3.431290685517677E-5,2.2520778493474855E-5,1.3711029599645319E-5,1.54835765603378E-5,4.969764891115771E-5,1.8138822156182387E-4,6.214031596844204E-4,0.0021610598462134282,0.00860310576947604,0.0495684254373363,0.9869832924101052,0.019044781069921808,0.3206256325768917,0.4008582067233761,0.11089872887066875,0.10336754585932706,0.1098489442433964,0.033722150806525075,0.014998102073199024,0.011104410552359618,0.008984307993926263,0.006930375774614049,0.005414381558569221,0.004238792953551352,0.0033002260197625474,0.002687097819103697,0.0023989383037892964,0.0023204184637272214,0.002278774944085342,0.002204577399613759,0.0021334223953169977,0.002114696495498376,0.002155468410408602,0.0022254452538432398,0.0023126261848143872,0.002441466532738632,0.002653572137467809,0.0029875068158687706,0.0034620758854334677,0.0040781074305215465,0.004847621866733782,0.005826530052688913,0.007134320170312869,0.00896928475744269,0.011632055608345815,0.015584775816235729,0.021612620267366774,0.031209616246598786,0.04746942494411878,0.0773142808687906,0.1377473197690551,0.275352777435056,0.6268271954292428,1.4521247862874234,2.001815190782759,1.4303094535498315,0.9572183991067669,0.7306924383930506,0.638052337548835,0.6275711633109748,0.6905277047497752,0.8537157825199003,1.2036383068551497,1.9542183285159942,3.2594859064644464,3.2582739190552643,1.6906808674102085,0.8196639666243992,0.4491205917303796,0.27636772208232235,0.185943288431972,0.13391446771740637,0.10170440768772306,0.08060806482012961,0.06617901754188268,0.05597978671592769,0.04859486262802085,0.04316314629900489,0.03914161359205175,0.036179089937889194,0.034045655029411405,0.03259175737028955,0.031724144086801805,0.031392006730252345,0.0315800147952358,0.032306831567644204
88,0.164038754510308,0.5149103319486199,0.6632324789810871,0.3383434326963118,0.21824056897103777,0.1943047692370407,0.23749379329934206,0.4051288615224508,0.4891354088584226,0.14833885355106838,0.0450091070521411,0.01782992313212068,0.008480507078261642,0.004562773775300076,0.0026810352708137083,0.0016834207308761837,0.0011134618383906692,7.68106821466687E-4,5.486291460227987E-4,4.0351322558451747E-4,3.042851998079734E-4,2.3443391750955478E-4,1.8398757350751498E-4,1.4670873196140027E-4,1.1857403797418043E-4,9.691624998298974E-5,7.992266998076627E-5,6.633269149583364E-5,5.525040071769913E-5,4.6025797749824486E-5,3.817835800892027E-5,3.134798072629186E-5,2.5265276442887403E-5,1.9738167326995707E-5,1.4656891164723904E-5,1.0027263177380929E-5,6.05746713940677E-6,3.358780402594518E-6,3.4077522949434843E-6,9.650550164945562E-6,3.031204402149774E-5,8.620511685224799E-5,2.3538936817338652E-4,6.681109913690323E-4,0.0022326435587858824,0.013919567715958548,0.03310626968109872,0.017541085615693147,0.21498612268662592,0.09099442775443337,0.07439498446907676,0.30014365568214696,0.13209019051479204,0.032970875904059574,0.017757094555105577,0.011095408018722878,0.006891112972726689,0.004475444212940102,0.0029696279689002624,0.0020276963212574883,0.0015021364727926024,0.0012366918017740923,0.0010857096930950673,9.500308767979396E-4,8.147252115925338E-4,7.000494386180159E-4,6.198274651414595E-4,5.722833594062783E-4,5.449308714209036E-4,5.294206174956595E-4,5.25700629379882E-4,5.361248622784617E-4,5.602370752952952E-4,5.932390054633967E-4,6.294166818775238E-4,6.670201747553248E-4,7.094368032438297E-4,7.636845235191122E-4,8.391161142657831E-4,9.466396183418339E-4,0.0010986228522561997,0.0013109961063264817,0.001608367773259329,0.002031845548147458,0.0026507053592870976,0.003583020563674734,0.005038129900908384,0.007414695232767081,0.011549074435593932,0.019412453911331378,0.03634110369567347,0.07903727649855122,0.19528890628300113,0.3145203289919591,0.19618979458388666,0.10880396725263541,0.07179432027433826,0.05540634277847643,0.04842105821097163,0.04704417590270516,0.05050727263539519,0.06023424662559651,0.08127279673337344,0.12852174357653037,0.24611224671168314,0.43916650597363455,0.27864350467653937,0.10927537848809665,0.04990586182850615,0.026906056767268247,0.016334843253226098,0.010803046445315422,0.007621263885998,0.005657621987874276,0.004378817972228597,0.0035105532156687706,0.0029016265840780277,0.002463923362583912,0.0021437327807973207,0.0019071300309043257,0.00173212952314926
89,0.10606010811387698,0.33552643488486866,0.6550983014120924,0.3394127747337547,0.19514166175483325,0.1576653731630864,0.1751242297901742,0.27655094615870357,0.46040130281010183,0.17760317142501125,0.048197614514945586,0.017519912285509854,0.007862958644162086,0.004053095978186242,0.0023013523258213465,0.001403580818664444,9.046903283374483E-4,6.09464079503121E-4,4.2571066119512707E-4,3.064767664072192E-4,2.2634403285826368E-4,1.7083986923599324E-4,1.3136583302958454E-4,1.0262377074966301E-4,8.124394982924108E-5,6.50224252421793E-5,5.248130942821652E-5,4.2606996865913226E-5,3.468992587300192E-5,2.8224159612466747E-5,2.284335862224205E-5,1.827976742080643E-5,1.4338677965446121E-5,1.0884605456986612E-5,7.838461843170416E-6,5.188560711854989E-6,3.0241567747344376E-6,1.6122333397013794E-6,1.5658170881921632E-6,4.220860847600919E-6,1.252563743243727E-5,3.331206729075489E-5,8.380267536783873E-5,2.139361678155846E-4,6.13023086394155E-4,0.002772549592228864,0.024090378991736883,0.00540029074510825,0.06191568673083953,0.038812541978458404,0.03342719481601748,0.14755306193417828,0.2107470730460873,0.055121217159736384,0.023932264489839417,0.01273019173213887,0.0070167723693787655,0.004160029720132335,0.0025080754960629284,0.0015742990183460833,0.001096307332608384,8.555644315453203E-4,7.082018480763874E-4,5.829158236752175E-4,4.7245935616102656E-4,3.8599701576624954E-4,3.265280331281342E-4,2.895475828567093E-4,2.664183281436603E-4,2.514611165872457E-4,2.4332132913183033E-4,2.416845975008544E-4,2.4497690759131075E-4,2.503064146368529E-4,2.5533729392287856E-4,2.5983731788002033E-4,2.6535542334165296E-4,2.742729454867018E-4,2.893219020741098E-4,3.1335453973238515E-4,3.492288774766643E-4,4.002265607289918E-4,4.711277909797308E-4,5.695750350486991E-4,7.076229237470868E-4,9.041052455268855E-4,0.0011893639697357899,0.0016157502759154008,0.0022816268691573673,0.0033889700010929567,0.0053962656404232924,0.009484394534734332,0.019198735547215438,0.04612221781133571,0.09914844682438526,0.07961330608132863,0.04163989580420603,0.025337617319297977,0.018335841110312893,0.015184189989459774,0.014024754944671656,0.01427437491681624,0.01599441380121724,0.019940334466038257,0.028375604368290498,0.048083830415434854,0.09633656182805864,0.12544539157452916,0.05630076645751121,0.022790727542369243,0.011104302432950804,0.006277555417550105,0.003943915206930902,0.0026776134277120616,0.001929779612735306,0.0014590817566986008,0.0011479338402347339,9.342583276947668E-4,7.831272549610943E-4,6.738621412308276E-4,5.937209945378792E-4
90,0.08992293001308994,0.2812442899346928,0.6235172774484049,0.3336500381569196,0.18451578805337202,0.14431222147004208,0.1553980947191183,0.23797383488857463,0.42249803011009585,0.18412606799557132,0.04827838706896343,0.017025872334835625,0.007489535469496759,0.0038050452761693786,0.0021359874401261506,0.0012903023777518757,8.246940364986203E-4,5.513234832511429E-4,3.823454243302035E-4,2.73380093715599E-4,2.0056750448295592E-4,1.5040421504901088E-4,1.1491085500917423E-4,8.919494657101375E-5,7.015903834599209E-5,5.5786089873095766E-5,4.472927844066019E-5,3.606881673738219E-5,2.916366461398977E-5,2.3558918792897593E-5,1.8926922287550474E-5,1.5029560777767527E-5,1.1694630493991658E-5,8.80257159957026E-6,6.28246251824523E-6,4.118953809894804E-6,2.376117464180077E-6,1.2526351209295454E-6,1.2016644304337112E-6,3.1949890127495596E-6,9.33450232627102E-6,2.438066940414778E-5,6.0030007981076194E-5,1.4922215895576754E-4,4.125300366166119E-4,0.0017475247921432998,0.011022108316534409,0.003993698613058262,0.03881980293957649,0.02539027673227906,0.023475119969311377,0.11103021962629078,0.1868049043766164,0.06142525928657861,0.02497707051789317,0.012605034790120144,0.0067719552074916416,0.003978969169056319,0.002349308935954247,0.0014359091274012117,9.76952355128049E-4,7.436126008264236E-4,5.981681120483253E-4,4.801894477049997E-4,3.826351821731404E-4,3.0954517369908695E-4,2.603884115755699E-4,2.2982033042345882E-4,2.1027963966606833E-4,1.971693246770561E-4,1.8935583760896148E-4,1.8634938823707792E-4,1.8668647968600482E-4,1.8818839083578276E-4,1.8940738629909116E-4,1.9047116857654245E-4,1.926103654780488E-4,1.9746756747538846E-4,2.0682348699376638E-4,2.224808734040034E-4,2.4620221122904456E-4,2.7999065335732856E-4,3.267748840077271E-4,3.912124768262588E-4,4.8052272516302185E-4,6.057466449518493E-4,7.843484913241505E-4,0.0010460108470788474,0.0014455272147821698,0.0020925435343691306,0.003227113455722363,0.005438903568304934,0.010404995013707926,0.023605693770924162,0.057584307078876226,0.06777766720505976,0.03648584457237472,0.020783990988925336,0.014222474254326059,0.01127180986810694,0.01002760970023651,0.009847657715831992,0.010623159931836072,0.01266487193924064,0.0170133076980197,0.02671363552207768,0.05077942925438404,0.0905239922814735,0.057358858849493356,0.022295469014665763,0.010112603496983659,0.005428643715395797,0.0032884396180057466,0.002173738951340435,0.001535027725169818,0.0011420897503846778,8.868704948753838E-4,7.139740805634486E-4,5.929536209750793E-4,5.061208678014852E-4,4.4274013141271145E-4
