% Model,spaceplate_double_3d.mph
% Version,COMSOL 6.2.0.415
% Date,"Jul 30 2025, 09:49"
% Table,"tstep=1,fstep=250,wp,PA - Surface Average 5"
% theta0 (deg),"freq=10000 Hz, abs(acpr2.p_t)^2 (kg^2/(m^2*s^4))","freq=10250 Hz, abs(acpr2.p_t)^2 (kg^2/(m^2*s^4))","freq=10500 Hz, abs(acpr2.p_t)^2 (kg^2/(m^2*s^4))","freq=10750 Hz, abs(acpr2.p_t)^2 (kg^2/(m^2*s^4))","freq=11000 Hz, abs(acpr2.p_t)^2 (kg^2/(m^2*s^4))","freq=11250 Hz, abs(acpr2.p_t)^2 (kg^2/(m^2*s^4))","freq=11500 Hz, abs(acpr2.p_t)^2 (kg^2/(m^2*s^4))","freq=11750 Hz, abs(acpr2.p_t)^2 (kg^2/(m^2*s^4))","freq=12000 Hz, abs(acpr2.p_t)^2 (kg^2/(m^2*s^4))","freq=12250 Hz, abs(acpr2.p_t)^2 (kg^2/(m^2*s^4))","freq=12500 Hz, abs(acpr2.p_t)^2 (kg^2/(m^2*s^4))","freq=12750 Hz, abs(acpr2.p_t)^2 (kg^2/(m^2*s^4))","freq=13000 Hz, abs(acpr2.p_t)^2 (kg^2/(m^2*s^4))","freq=13250 Hz, abs(acpr2.p_t)^2 (kg^2/(m^2*s^4))","freq=13500 Hz, abs(acpr2.p_t)^2 (kg^2/(m^2*s^4))","freq=13750 Hz, abs(acpr2.p_t)^2 (kg^2/(m^2*s^4))","freq=14000 Hz, abs(acpr2.p_t)^2 (kg^2/(m^2*s^4))","freq=14250 Hz, abs(acpr2.p_t)^2 (kg^2/(m^2*s^4))","freq=14500 Hz, abs(acpr2.p_t)^2 (kg^2/(m^2*s^4))","freq=14750 Hz, abs(acpr2.p_t)^2 (kg^2/(m^2*s^4))","freq=15000 Hz, abs(acpr2.p_t)^2 (kg^2/(m^2*s^4))","freq=15250 Hz, abs(acpr2.p_t)^2 (kg^2/(m^2*s^4))","freq=15500 Hz, abs(acpr2.p_t)^2 (kg^2/(m^2*s^4))","freq=15750 Hz, abs(acpr2.p_t)^2 (kg^2/(m^2*s^4))","freq=16000 Hz, abs(acpr2.p_t)^2 (kg^2/(m^2*s^4))","freq=16250 Hz, abs(acpr2.p_t)^2 (kg^2/(m^2*s^4))","freq=16500 Hz, abs(acpr2.p_t)^2 (kg^2/(m^2*s^4))","freq=16750 Hz, abs(acpr2.p_t)^2 (kg^2/(m^2*s^4))","freq=17000 Hz, abs(acpr2.p_t)^2 (kg^2/(m^2*s^4))","freq=17250 Hz, abs(acpr2.p_t)^2 (kg^2/(m^2*s^4))","freq=17500 Hz, abs(acpr2.p_t)^2 (kg^2/(m^2*s^4))","freq=17750 Hz, abs(acpr2.p_t)^2 (kg^2/(m^2*s^4))","freq=18000 Hz, abs(acpr2.p_t)^2 (kg^2/(m^2*s^4))","freq=18250 Hz, abs(acpr2.p_t)^2 (kg^2/(m^2*s^4))","freq=18500 Hz, abs(acpr2.p_t)^2 (kg^2/(m^2*s^4))","freq=18750 Hz, abs(acpr2.p_t)^2 (kg^2/(m^2*s^4))","freq=19000 Hz, abs(acpr2.p_t)^2 (kg^2/(m^2*s^4))","freq=19250 Hz, abs(acpr2.p_t)^2 (kg^2/(m^2*s^4))","freq=19500 Hz, abs(acpr2.p_t)^2 (kg^2/(m^2*s^4))","freq=19750 Hz, abs(acpr2.p_t)^2 (kg^2/(m^2*s^4))","freq=20000 Hz, abs(acpr2.p_t)^2 (kg^2/(m^2*s^4))","freq=20250 Hz, abs(acpr2.p_t)^2 (kg^2/(m^2*s^4))","freq=20500 Hz, abs(acpr2.p_t)^2 (kg^2/(m^2*s^4))","freq=20750 Hz, abs(acpr2.p_t)^2 (kg^2/(m^2*s^4))","freq=21000 Hz, abs(acpr2.p_t)^2 (kg^2/(m^2*s^4))","freq=21250 Hz, abs(acpr2.p_t)^2 (kg^2/(m^2*s^4))","freq=21500 Hz, abs(acpr2.p_t)^2 (kg^2/(m^2*s^4))","freq=21750 Hz, abs(acpr2.p_t)^2 (kg^2/(m^2*s^4))","freq=22000 Hz, abs(acpr2.p_t)^2 (kg^2/(m^2*s^4))","freq=22250 Hz, abs(acpr2.p_t)^2 (kg^2/(m^2*s^4))","freq=22500 Hz, abs(acpr2.p_t)^2 (kg^2/(m^2*s^4))","freq=22750 Hz, abs(acpr2.p_t)^2 (kg^2/(m^2*s^4))","freq=23000 Hz, abs(acpr2.p_t)^2 (kg^2/(m^2*s^4))","freq=23250 Hz, abs(acpr2.p_t)^2 (kg^2/(m^2*s^4))","freq=23500 Hz, abs(acpr2.p_t)^2 (kg^2/(m^2*s^4))","freq=23750 Hz, abs(acpr2.p_t)^2 (kg^2/(m^2*s^4))","freq=24000 Hz, abs(acpr2.p_t)^2 (kg^2/(m^2*s^4))","freq=24250 Hz, abs(acpr2.p_t)^2 (kg^2/(m^2*s^4))","freq=24500 Hz, abs(acpr2.p_t)^2 (kg^2/(m^2*s^4))","freq=24750 Hz, abs(acpr2.p_t)^2 (kg^2/(m^2*s^4))","freq=25000 Hz, abs(acpr2.p_t)^2 (kg^2/(m^2*s^4))","freq=25250 Hz, abs(acpr2.p_t)^2 (kg^2/(m^2*s^4))","freq=25500 Hz, abs(acpr2.p_t)^2 (kg^2/(m^2*s^4))","freq=25750 Hz, abs(acpr2.p_t)^2 (kg^2/(m^2*s^4))","freq=26000 Hz, abs(acpr2.p_t)^2 (kg^2/(m^2*s^4))","freq=26250 Hz, abs(acpr2.p_t)^2 (kg^2/(m^2*s^4))","freq=26500 Hz, abs(acpr2.p_t)^2 (kg^2/(m^2*s^4))","freq=26750 Hz, abs(acpr2.p_t)^2 (kg^2/(m^2*s^4))","freq=27000 Hz, abs(acpr2.p_t)^2 (kg^2/(m^2*s^4))","freq=27250 Hz, abs(acpr2.p_t)^2 (kg^2/(m^2*s^4))","freq=27500 Hz, abs(acpr2.p_t)^2 (kg^2/(m^2*s^4))","freq=27750 Hz, abs(acpr2.p_t)^2 (kg^2/(m^2*s^4))","freq=28000 Hz, abs(acpr2.p_t)^2 (kg^2/(m^2*s^4))","freq=28250 Hz, abs(acpr2.p_t)^2 (kg^2/(m^2*s^4))","freq=28500 Hz, abs(acpr2.p_t)^2 (kg^2/(m^2*s^4))","freq=28750 Hz, abs(acpr2.p_t)^2 (kg^2/(m^2*s^4))","freq=29000 Hz, abs(acpr2.p_t)^2 (kg^2/(m^2*s^4))","freq=29250 Hz, abs(acpr2.p_t)^2 (kg^2/(m^2*s^4))","freq=29500 Hz, abs(acpr2.p_t)^2 (kg^2/(m^2*s^4))","freq=29750 Hz, abs(acpr2.p_t)^2 (kg^2/(m^2*s^4))","freq=30000 Hz, abs(acpr2.p_t)^2 (kg^2/(m^2*s^4))","freq=30250 Hz, abs(acpr2.p_t)^2 (kg^2/(m^2*s^4))","freq=30500 Hz, abs(acpr2.p_t)^2 (kg^2/(m^2*s^4))","freq=30750 Hz, abs(acpr2.p_t)^2 (kg^2/(m^2*s^4))","freq=31000 Hz, abs(acpr2.p_t)^2 (kg^2/(m^2*s^4))","freq=31250 Hz, abs(acpr2.p_t)^2 (kg^2/(m^2*s^4))","freq=31500 Hz, abs(acpr2.p_t)^2 (kg^2/(m^2*s^4))","freq=31750 Hz, abs(acpr2.p_t)^2 (kg^2/(m^2*s^4))","freq=32000 Hz, abs(acpr2.p_t)^2 (kg^2/(m^2*s^4))","freq=32250 Hz, abs(acpr2.p_t)^2 (kg^2/(m^2*s^4))","freq=32500 Hz, abs(acpr2.p_t)^2 (kg^2/(m^2*s^4))","freq=32750 Hz, abs(acpr2.p_t)^2 (kg^2/(m^2*s^4))","freq=33000 Hz, abs(acpr2.p_t)^2 (kg^2/(m^2*s^4))","freq=33250 Hz, abs(acpr2.p_t)^2 (kg^2/(m^2*s^4))","freq=33500 Hz, abs(acpr2.p_t)^2 (kg^2/(m^2*s^4))","freq=33750 Hz, abs(acpr2.p_t)^2 (kg^2/(m^2*s^4))","freq=34000 Hz, abs(acpr2.p_t)^2 (kg^2/(m^2*s^4))","freq=34250 Hz, abs(acpr2.p_t)^2 (kg^2/(m^2*s^4))","freq=34500 Hz, abs(acpr2.p_t)^2 (kg^2/(m^2*s^4))","freq=34750 Hz, abs(acpr2.p_t)^2 (kg^2/(m^2*s^4))","freq=35000 Hz, abs(acpr2.p_t)^2 (kg^2/(m^2*s^4))","freq=35250 Hz, abs(acpr2.p_t)^2 (kg^2/(m^2*s^4))","freq=35500 Hz, abs(acpr2.p_t)^2 (kg^2/(m^2*s^4))","freq=35750 Hz, abs(acpr2.p_t)^2 (kg^2/(m^2*s^4))","freq=36000 Hz, abs(acpr2.p_t)^2 (kg^2/(m^2*s^4))","freq=36250 Hz, abs(acpr2.p_t)^2 (kg^2/(m^2*s^4))","freq=36500 Hz, abs(acpr2.p_t)^2 (kg^2/(m^2*s^4))","freq=36750 Hz, abs(acpr2.p_t)^2 (kg^2/(m^2*s^4))","freq=37000 Hz, abs(acpr2.p_t)^2 (kg^2/(m^2*s^4))","freq=37250 Hz, abs(acpr2.p_t)^2 (kg^2/(m^2*s^4))","freq=37500 Hz, abs(acpr2.p_t)^2 (kg^2/(m^2*s^4))","freq=37750 Hz, abs(acpr2.p_t)^2 (kg^2/(m^2*s^4))","freq=38000 Hz, abs(acpr2.p_t)^2 (kg^2/(m^2*s^4))","freq=38250 Hz, abs(acpr2.p_t)^2 (kg^2/(m^2*s^4))","freq=38500 Hz, abs(acpr2.p_t)^2 (kg^2/(m^2*s^4))","freq=38750 Hz, abs(acpr2.p_t)^2 (kg^2/(m^2*s^4))","freq=39000 Hz, abs(acpr2.p_t)^2 (kg^2/(m^2*s^4))","freq=39250 Hz, abs(acpr2.p_t)^2 (kg^2/(m^2*s^4))","freq=39500 Hz, abs(acpr2.p_t)^2 (kg^2/(m^2*s^4))","freq=39750 Hz, abs(acpr2.p_t)^2 (kg^2/(m^2*s^4))","freq=40000 Hz, abs(acpr2.p_t)^2 (kg^2/(m^2*s^4))"
0,0.0031535871707732005,0.0035250527580126386,0.004053444583891853,0.0048081455864045644,0.00590518261857902,0.007547951346666526,0.0101145254244598,0.014360570202807938,0.02194077602819619,0.03692859709365442,0.07099607016732513,0.1643728829377732,0.46686323041698463,0.9889706924586071,0.7627043829278571,0.5577335698843344,0.5959333966879208,0.9211382241378369,0.6315908732005586,0.14465248253978333,0.04173772019044659,0.015615026371183765,0.006912344478416941,0.003424326591477142,0.0018357898634633403,0.0010418825208278922,6.161761049216513E-4,3.750634919033918E-4,2.3249897241199374E-4,1.4532387130662095E-4,9.064299098998799E-5,5.572499117131196E-5,3.320488427818804E-5,1.868349566235243E-5,9.471035970375271E-6,3.902479541088036E-6,9.50777082024764E-7,1.8288526652109628E-9,7.218712277850237E-7,2.981647589491106E-6,6.8196126189323805E-6,1.2436542647161771E-5,2.0220425419335257E-5,3.080598533380993E-5,4.5179985722009614E-5,6.48543930465883E-5,9.214909409965713E-5,1.306626744960483E-4,1.8608177246815956E-4,2.6762657540296006E-4,3.9074461586158005E-4,5.823738654710293E-4,8.917936545527389E-4,0.0014144536388719948,0.002348457304956793,0.004141790333221967,0.007925614320934464,0.017010850287279743,0.04331347620772844,0.14400581831457504,0.626099374976142,0.8979322179537345,0.5293075525374572,0.4592660668818622,0.6049391768975378,0.9773548537942645,0.5944878175375964,0.18517243979852693,0.07124507246944568,0.034158978088544456,0.019077007080041057,0.011869557006766528,0.008002224783730036,0.0057407531385475965,0.004328658478160219,0.003401160121011493,0.0027679776684472143,0.0023233658366835974,0.0020053961810017097,0.001776163649990365,0.0016115964220518207,0.001495967944649303,0.0014188446163780695,0.0013733641377854488,0.0013552841448055666,0.0013625092515165956,0.0013949443080311656,0.0014546037550973209,0.001545971262803631,0.0016766764467022299,0.0018586596377939868,0.0021101676929588605,0.002459243230827504,0.00295002421609028,0.0036546192110769485,0.0046967622175655525,0.006302295318998323,0.00891665565216418,0.013510547725173207,0.0225026383011821,0.04318581204941937,0.10495056758178926,0.3869124689026596,0.9388998690883767,0.28551003217903986,0.11991055632164911,0.0710754846254634,0.051623973143842615,0.04308499410719073,0.04015237697311689,0.04139163595383328,0.04744298068358558,0.061820150642033,0.09641033997564197,0.2020153225850876,0.6784541516530541,0.5989752211661624,0.13716275559451907,0.04998681626213276,0.024200566035077486,0.013784277693790915
1,0.0031564701325837944,0.0035276646908877604,0.004055691038373563,0.004810108570403172,0.00590722117094173,0.007550822277732585,0.0101195391162241,0.014369815406212206,0.02195747196961391,0.03695759100173862,0.07104379347802124,0.16443962767650672,0.46687880036407997,0.9888666618000596,0.7625527741084636,0.5574177493093916,0.5953255804342166,0.9202700196617531,0.6333032782944725,0.14513755009028936,0.04186738380616944,0.01566076791811171,0.006931409962977659,0.003433101232318623,0.0018401325391341407,0.0010441929431319712,6.175124427643189E-4,3.7590724523615693E-4,2.33070926595766E-4,1.4572656605009286E-4,9.092749727888794E-5,5.592157641407979E-5,3.333571215211264E-5,1.8766674306548562E-5,9.521116084815296E-6,3.930131562174656E-6,9.6289103602836E-7,2.3435088674252904E-9,7.130866020148331E-7,2.965507317741468E-6,6.7984208465160095E-6,1.2412794068646536E-5,2.019581196645502E-5,3.077998905300887E-5,4.514836616681724E-5,6.480757181677128E-5,9.20855838822221E-5,1.3060601591605693E-4,1.8604023093506445E-4,2.676201560692977E-4,3.908149939663686E-4,5.825897720352991E-4,8.92264331831193E-4,0.0014153634304504053,0.002350160562827205,0.004145093316378564,0.007932712978179449,0.017029005830275223,0.04337318524994181,0.14428051726496308,0.6273301019064135,0.8971982570122464,0.5289588891522886,0.4592203606709274,0.6051027653899662,0.9774964749512653,0.5942464873830593,0.18513308086925623,0.07124340762707429,0.03416227326757435,0.01908068135472221,0.011873019088349692,0.00800545648637182,0.00574378309671296,0.0043314939116694115,0.0034037938661752344,0.002770402786827854,0.002325585932192262,0.002007430336147516,0.0017780471142659455,0.001613378575111936,0.0014977088801512548,0.0014206113167039112,0.0013752269007207543,0.0013573138595007097,0.0013647763225880473,0.0013975203663271786,0.0014575676184394194,0.0015494209278045883,0.001680749523402663,0.00186356626798535,0.002116243757400989,0.002467039661200726,0.002960465335417473,0.0036693018379428846,0.004718562977159205,0.006336712854162376,0.008975098308002326,0.013619498532948105,0.02273395761764762,0.043783867496187734,0.10708668131192321,0.3989769132733046,0.9250559908117756,0.27838417779221386,0.11791460267552595,0.07022978884212992,0.05116304788442831,0.04279356658318781,0.03995423917417482,0.041261738354919905,0.04739223987419846,0.06192880760741925,0.09702717932873564,0.20516243317580782,0.6970731533209167,0.5750630278094941,0.13199372410992838,0.04839466890713547,0.023484453376354696,0.013377769867201711
2,0.0031651655603303313,0.0035355566644147984,0.0040624853843685155,0.004816035856908742,0.005913338724562029,0.007559380428597309,0.010134459101119897,0.014397382209457445,0.02200741945717949,0.037044645826898204,0.07118765534451314,0.16464196133641307,0.46692844016500107,0.9885521951893744,0.7621032301014032,0.5564731554179977,0.5935023233133627,0.9176437965791625,0.6384461305837243,0.14660083685323644,0.04225836179769762,0.015798763485366834,0.006988979184008748,0.0034596146360192687,0.0018532547535266783,0.0010511682134968865,6.215402023950732E-4,3.7844586448698063E-4,2.3479010204416678E-4,1.4693725072064315E-4,9.178388213210918E-5,5.6514304836581116E-5,3.3730825553709924E-5,1.9018203550648643E-5,9.672686312796785E-6,4.01391284952021E-6,9.997630226465397E-7,4.272544241595645E-9,6.87011678584921E-7,2.9172101101732003E-6,6.7347658886358314E-6,1.234132591588267E-5,2.012182766764593E-5,3.070227232697385E-5,4.505451297860818E-5,6.466877828822048E-5,9.189586837537333E-5,1.3043536544843994E-4,1.8591355573995073E-4,2.6759692015135175E-4,3.9102028815338587E-4,5.832313929554585E-4,8.9367399163436E-4,0.0014181014480532882,0.002355301855760943,0.0041550755151528234,0.007954156656295642,0.017083772710337005,0.043553107520291214,0.1451085349159897,0.6310297407896243,0.894980301607374,0.5279081822411056,0.4590795512207573,0.6055926278342438,0.9779174746321626,0.5935182019722294,0.1850150059435225,0.0712387078091157,0.03417230524118237,0.019091734382823872,0.011883377674666778,0.008015105820163721,0.0057528319215105535,0.004339974959991196,0.0034116889147485655,0.0027776894098228097,0.0023322707118768843,0.002013565400272182,0.0017837334319774167,0.0016187606342409886,0.0015029648878812979,0.0014259419458446802,0.0013808446337640315,0.00136343473699977,0.0013716164891480686,0.0014053008722246893,0.0014665320062309983,0.0015598711950616006,0.001693108041973551,0.0018784762644910367,0.0021347325912222494,0.0024907940343974417,0.002992320988243553,0.003714171871049618,0.004785329738188904,0.006442426446069156,0.009155311772366578,0.013957264149808735,0.023456544939060495,0.0456737393850926,0.11396703605399061,0.4383881184562337,0.876789129643579,0.2580663386456051,0.11211337318792165,0.06773650380667948,0.04979094266357322,0.041919993972472556,0.03935778972201847,0.040871701716089386,0.047249182719752335,0.062299511018041306,0.09908336503070136,0.2159106528116434,0.7590903971236547,0.5015619165864993,0.11649863036048073,0.04346227826447395,0.02119630088816535,0.012035252024337506
3.0000000000000004,0.0031798133321545353,0.003548898581118617,0.004073995264166793,0.004826046706680806,0.005923546761757652,0.007573468135076133,0.01015892604616264,0.014442761630191843,0.022090185043677598,0.0371899603574964,0.07142971944696971,0.16498624794027764,0.46702138702191415,0.9880207620663937,0.7613721229339047,0.5549091464702094,0.5904650903338592,0.9131964163045034,0.6470354890121075,0.14906691897670316,0.042916648771883066,0.016031337057473113,0.007086180818667177,0.003504443785664579,0.001875445117668093,0.0010629442246308175,6.283178901050524E-4,3.827025746842368E-4,2.3766688224366453E-4,1.4896382013217802E-4,9.322073804250815E-5,5.751211688528577E-5,3.439818556133702E-5,1.944415464945193E-5,9.929813820247209E-6,4.156346885750492E-6,1.0630040230590434E-6,8.778969516472182E-9,6.444955347068453E-7,2.8371523512123653E-6,6.628441465405989E-6,1.2221495258372042E-5,1.999805017738309E-5,3.057366593972374E-5,4.4901518839807844E-5,6.444327361027646E-5,9.158293890944292E-5,1.3014946261018058E-4,1.8569662090020593E-4,2.6754626078234295E-4,3.913446114589748E-4,5.842824825501572E-4,8.960184743277168E-4,0.0014226988404141337,0.002363986439188022,0.004171980234072588,0.007990442606167852,0.017176183385447002,0.04385598631714556,0.14650284319469217,0.6372241920066658,0.8912372989478579,0.5261453138601089,0.45883584663295013,0.6064104936542286,0.9786142369849509,0.5922948673505961,0.18481972704468327,0.07123250851403051,0.03418986490219858,0.019110470942905182,0.01190068965937477,0.008031131003691327,0.005767844191915048,0.0043540759352618105,0.0034248657783599768,0.0027899038676479156,0.002343522540650292,0.002023926209811802,0.0017933565989530398,0.0016278753227590217,0.0015118614153104889,0.0014349539214141142,0.0013903315487345806,0.0013737680877268582,0.0013831734124863308,0.001418471180782744,0.001481746620868435,0.0015776621316186416,0.0017142137974078325,0.0019040153355350115,0.0021664884588843405,0.002531699530761101,0.0030473265132585936,0.0037919032181922417,0.004901492468762699,0.006627425601644125,0.009473202686783349,0.014559633180018025,0.024765552239445543,0.04918097958990502,0.12726014961766105,0.5159792868596059,0.7805944393542837,0.22752836774567636,0.10304409280852783,0.06372770994408801,0.04754257035723494,0.0404692210379417,0.038359869827671755,0.040225000772879875,0.04705222518785185,0.06310469066013029,0.10338788256474309,0.23978173436818923,0.8800731655476469,0.37805448326633767,0.09084982218692852,0.034667714998555386,0.016809667146237748,0.009237552682500193
4,0.0032006458424120115,0.0035679762938553065,0.004090506655966492,0.004840350947131915,0.005937879596027024,0.0075928379447007845,0.010192346267177872,0.014505084226701916,0.022204982440865537,0.037393754056764754,0.07177329220974117,0.16548308143614202,0.4671738214845282,0.9872618871003807,0.7603871325814877,0.5527427707477646,0.5862181073516608,0.9068263485071479,0.6590936112454274,0.1525775123804235,0.043852233885854026,0.016362351646707223,0.007224907963426436,0.003568567110148989,0.001907198322665354,0.0010797565680195195,6.379482075056711E-4,3.887184015938446E-4,2.417190661457278E-4,1.5181906974136934E-4,9.525189856564825E-5,5.8929667912542E-5,3.5351094814679004E-5,2.005483160901188E-5,1.0299475459573653E-5,4.361775447458383E-6,1.155363439424998E-6,1.7827676488397763E-8,5.869870385105676E-7,2.7260541240416584E-6,6.479154328769875E-6,1.2052199772543542E-5,1.9823610240740525E-5,3.0395278128369568E-5,4.469428366380496E-5,6.413988926541263E-5,9.11524603190557E-5,1.297470894872847E-4,1.85381846530623E-4,2.674512491145827E-4,3.917613192474185E-4,5.857139925071535E-4,8.992864510475113E-4,0.0014292010723666185,0.002376383788559803,0.004196214765239953,0.008042427121000313,0.01730805717531945,0.044286689426008614,0.14848600057568742,0.6459541159316801,0.8859035259841213,0.5236538607390419,0.45847543346295055,0.6075578292803145,0.979580019872511,0.5905617148500614,0.1845491666777966,0.07122728441935056,0.03421631828696843,0.01913746217410632,0.011925097001866771,0.008053488390376003,0.005788735805879968,0.004373750580572861,0.0034433496091638882,0.0028071470854423275,0.0023595051605893713,0.00203871840381019,0.001807142284978563,0.0016409503229611617,0.0015246169541392024,0.0014478538551701958,0.0014038890699200153,0.0013885264207941562,0.0013996960498922264,0.0014373500932950726,0.001503640503415344,0.0016033806777536934,0.0017448701084325016,0.0019412823007136139,0.0022130266395385977,0.0025918936821187405,0.00312862077039721,0.003907379398077312,0.005075228606045391,0.006906653797435113,0.009959049739948963,0.015496414568469237,0.026853238353813046,0.0549996021836084,0.15082485572752827,0.6517883581907324,0.6353672209221489,0.190998802614709,0.09151554248542235,0.058416403830577,0.04447889599263386,0.038453311488852185,0.03696037829938108,0.039339538287998264,0.04690649510250375,0.06480652802066772,0.1123079953532985,0.296075224368195,0.998786046238475,0.2197408391550254,0.05585638343923783,0.02086630438607103,0.008792890919258882,0.0033157161603788784
5,0.0032279865079118705,0.0035931953310447185,0.004112433493816696,0.00485926537677431,0.005956417304586075,0.007617176801683278,0.010233902336616205,0.01458309207121406,0.022350578343852283,0.03765609435174593,0.07222270722304514,0.16614723209843998,0.4674099709783168,0.9862617796743438,0.7591876892139128,0.5500008490865252,0.5807710836177455,0.8983994614191725,0.6746414564056146,0.15719275002481412,0.04507909933681371,0.016797184849470157,0.00740783150865639,0.0036533882990801964,0.0019492355639361926,0.0011019544705952913,6.50586192304771E-4,3.9655597964428517E-4,2.4697284768430527E-4,1.5552025772826863E-4,9.789569989918778E-5,6.0786903835319255E-5,3.6608200834652625E-5,2.086502994811666E-5,1.0791858015960627E-5,4.636573723982827E-6,1.2808349973413016E-6,3.422745446439563E-8,5.16581679691984E-7,2.585046790780987E-6,6.286609969923117E-6,1.1831851889362597E-5,1.9596959839675277E-5,3.0168074007709703E-5,4.443909277306029E-5,6.377104081095974E-5,9.06137061652635E-5,1.2922838099334915E-4,1.8496071464678632E-4,2.6728996461209076E-4,3.922331124048725E-4,5.874815033859783E-4,9.034529970224737E-4,0.0014376578181469787,0.0023927172103767195,0.004228350199780925,0.008111362808038442,0.01748214645216551,0.044852673616155136,0.15109169788598478,0.6572709492027503,0.8788929222056023,0.5204119822394546,0.4579774163306732,0.6090337099830356,0.9808038017140557,0.5882955149277117,0.18420470851644544,0.07122627522688818,0.03425365515842431,0.019173632351514452,0.01195689749921349,0.008082175037721262,0.00581541067321966,0.004398930307249578,0.0034671585074906616,0.002829540495043099,0.002380432664739404,0.002058223546767705,0.001825410095070959,0.0016583171135338038,0.0015415569121805454,0.0014649544399781055,0.0014218237131791906,0.001408030826434171,0.001421555221569153,0.0014624071259742339,0.0015328439399717093,0.0016378940285162787,0.001786277037217278,0.001991941426235939,0.0022766764448354914,0.002674711832373796,0.0032411745477368306,0.0040684517901221,0.005319907528375805,0.007305051113230293,0.010664788197725664,0.01689198420889499,0.030081514298867643,0.06455065013770324,0.19359321827709705,0.8563694017121799,0.46732548158886134,0.15297755527321327,0.07849025694837386,0.05208347311557017,0.040689567779936014,0.035897283190304205,0.03517344275662327,0.03828104540766113,0.047114581276594576,0.06880824010881992,0.13465326191595733,0.4875020733834895,0.5280949017673204,0.07012580388894028,0.014690548881651774,0.013352092549362378,4.980203397066795,0.28814788121142176
6.000000000000001,0.0032622468643911987,0.0036250854906059926,0.004140330645250193,0.004883236345872405,0.005979318082949741,0.007646142139016944,0.010282573453968165,0.01467510723209396,0.022525164799771628,0.03797664591405296,0.07278299133187603,0.1669975015683008,0.4677635030764201,0.985004250073296,0.7578252962498647,0.5467226901472976,0.5741430800899187,0.887757646336822,0.6936865138481288,0.16299328668320082,0.04661522700438265,0.017342676866226404,0.00763840907089459,0.003760766499448375,0.0020025328128571098,0.001130020818933314,6.664512997885024E-4,4.0630553805896504E-4,2.5346467984698135E-4,1.6008873066132194E-4,1.011739533811592E-4,6.310836007109113E-5,3.8193399520724675E-5,2.189435409180495E-5,1.1420780725656215E-5,4.9894730641486254E-6,1.4448243772407648E-6,6.169564947388748E-8,4.3608007771070875E-7,2.415790805237123E-6,6.050650019935936E-6,1.15583837451374E-5,1.9315584644328545E-5,2.9892280917961227E-5,4.414295122079663E-5,6.335259052224047E-5,8.998069468435636E-5,1.2859661012293755E-4,1.844260027198846E-4,2.670377420908568E-4,3.9271289167182067E-4,5.895224815594385E-4,9.084710802002348E-4,0.0014481081343308813,0.0024132465024947567,0.0042691153674303045,0.008198942128511254,0.017702336246525688,0.04556467316300768,0.15436719863165807,0.6712308355632052,0.870105686959255,0.5163941153074937,0.45731272954756513,0.6108318913190487,0.9822685544634938,0.5854623989515789,0.18378578925595526,0.07123315193708893,0.03430450962939893,0.019220362316859703,0.011996642154140768,0.0081172943334074,0.005847792304146933,0.0044295287595413155,0.0034962913935581326,0.0028572075514967585,0.0024065529887958904,0.002082789979239682,0.0018485742042295087,0.001680421427206487,0.0015631323071158552,0.0014866988804979563,0.0014445745000650776,0.001432739104203206,0.0014492716082844252,0.0014942920870801774,0.0015702250700014998,0.0016824036496972943,0.0018401196098182374,0.002058370907373406,0.0023608317363997405,0.0027851122126256703,0.0033925292782660977,0.004287287818144809,0.00565674755089497,0.007863374837875955,0.011678638495229657,0.018969295158308162,0.035152185779710306,0.08094553574714973,0.2784765823940904,0.9974750148809371,0.3146017364129121,0.11723557459385071,0.06494564581633203,0.045055591976486724,0.03629337294300608,0.03284834394178642,0.033057503987118084,0.03728351652842935,0.0487666691767029,0.08149245051120604,0.24183798399382125,0.6247202489540187,0.02265975908574011,1.2949047829134601,6.690155229499066,2.4036358351979032,0.49051156196659307,0.40203950266281724
7,0.0033039213646961977,0.003664305615143801,0.004174909735850806,0.004912868095022459,0.006006860080140555,0.007679411700350365,0.010337170835006522,0.014779005221076618,0.022726204536770482,0.038354335455529034,0.07345938035903468,0.1680564140171737,0.4682790496357131,0.983471950322316,0.7563634368151217,0.5429632120227859,0.5663674956540702,0.8747308451423558,0.716203803206514,0.1700836171026924,0.04848263828307345,0.018007034505564276,0.00792087834117393,0.0038930487883402304,0.0020683562354992524,0.0011645986666670176,6.8584405855786E-4,4.1809369964651176E-4,2.6124454206405444E-4,1.655499126993255E-4,1.0511068916920384E-4,6.592209519018081E-5,4.013552813112225E-5,2.3167533145829517E-5,1.2204233332243811E-5,5.432010909859213E-6,1.6543998359735173E-6,1.0495464265125082E-7,3.4905259995766373E-7,2.2206153731027626E-6,5.771452480247449E-6,1.12293236760753E-5,1.8975707842175594E-5,2.9566628163480668E-5,4.381260981471261E-5,6.290341108070769E-5,8.927334007779384E-5,1.2786035139754083E-4,1.8377477330083002E-4,2.66670641320699E-4,3.9314605785673674E-4,5.917543582401135E-4,9.14261795428617E-4,0.0014605606958575052,0.002438241229231769,0.004319379016745638,0.008307337349896794,0.017973888282075037,0.04643764202690699,0.15837695286133427,0.6878858810961103,0.8594375138900349,0.5115738777712131,0.4564434738144593,0.6129372538409052,0.9839489127940746,0.5820157076265356,0.18328800909109041,0.07125144443048806,0.03437210317445464,0.01927958655241261,0.012045252894202656,0.008159147691887124,0.005885877266565786,0.004465459965409404,0.003530720758214705,0.0028902533538427986,0.002438125827235589,0.0021128175789733826,0.001877139883295377,0.0017078331262924899,0.0015899420777801784,0.0015136931499905315,0.00147275194566023,0.0014632884647940581,0.001483560596342328,0.001533883670959954,0.0016169491798449884,0.001738530108453779,0.0019087042474761234,0.0021438939943788293,0.0024703493081013406,0.002930372447376714,0.0035940509473053597,0.00458275212014296,0.006119724368996638,0.008649535842598019,0.013155545312585205,0.022149932715992037,0.04354620225710326,0.11198365650475424,0.47104002497364017,0.7613677172115783,0.19904263528922822,0.08618602270625755,0.05173822312489189,0.03767063245823682,0.03143253923298199,0.029396146996209314,0.030836084661395684,0.0374454819323576,0.05931721355586247,0.25385491776347674,0.046184878686550274,2.712759885274779,2.0945881686985723,1.7351301027820754,0.5488554983990186,0.5946106568093329,0.1766028472798853,0.11309225208152592
8,0.0033535786264791024,0.0037116475556200302,0.004217057124089528,0.004948956280618969,0.006039492558353563,0.007716748853958022,0.010396394354795158,0.014892205069269257,0.022950260661852104,0.03878692785306379,0.07425664417630756,0.16934964623088225,0.4690136487528676,0.9816479882727727,0.7548766850299389,0.5387961501496588,0.5574980223560285,0.8591531910214925,0.7421065950014412,0.17859720193166936,0.05070752607631308,0.01879967343704233,0.008260218888126957,0.004053098156501292,0.0021483032170373077,0.0012065245362470232,7.09168041591232E-4,4.320958718277507E-4,2.7038129824623976E-4,1.7193412105693634E-4,1.097308310254362E-4,6.92581833513729E-5,4.2467697804350786E-5,2.471463502436436E-5,1.3165005902417442E-5,5.979128681296436E-6,1.9186552039417276E-6,1.698766672882048E-7,2.5990604120729727E-7,2.002665367781452E-6,5.449799343388183E-6,1.08419929500742E-5,1.8572058709945926E-5,2.9187454747503722E-5,4.345321717211875E-5,6.244447132135593E-5,8.8518372787635E-5,1.2703584119993396E-4,1.8301206858681654E-4,2.661704028314154E-4,3.9347508104527873E-4,5.940748584255744E-4,9.207048910491749E-4,0.0014749695600920847,0.002467942171512899,0.004380112746256584,0.008439222729086994,0.018303712588108475,0.04749197537860504,0.16320774145099542,0.7072718012495832,0.8467916818141407,0.5059285960567306,0.45532331315489316,0.6153220140941273,0.9858083245038445,0.5778945169567464,0.18270081758550802,0.07128364938064588,0.034460045789010164,0.019353848614610772,0.012104146566475732,0.008208351618360966,0.005929817057308964,0.0045066790860499315,0.003570398277723283,0.0029287473237603954,0.002475396415695566,0.00214873505722721,0.0019116930079528629,0.0017412524044706007,0.0016227568694008104,0.0015467457351336102,0.0015071907011057358,0.0015005576762473147,0.0015254017327491058,0.0015823676558206102,0.0016745743156086578,0.0018084469689724036,0.00199517105562693,0.0022531410207026195,0.0026121880429093958,0.003121246843760395,0.0038631038940108316,0.004984741853097176,0.006765030275358333,0.009781993123247493,0.015385727526863548,0.027307975310704447,0.05885064531153762,0.18182752851018194,0.8828505728948554,0.38864757445377635,0.12108706044760205,0.06079024264452928,0.039488263100437244,0.030221128270900934,0.026254452961474,0.025785515247724246,0.030058836504344093,0.0644387621349054,3.119373347554264,1.6013181586254106,0.5793877601958539,0.8734430596915326,0.4508975215535037,0.3295295677963698,0.35589481280869045,0.16419085381491394,0.6484215351759005,1.8130767302660067E-5
9,0.0034118474340315962,0.0037680379185569225,0.004267853091001848,0.004992525955039978,0.006077895902905515,0.007758084698250463,0.010458917043660778,0.015011691000956475,0.02319282937902971,0.03927051590474935,0.07517817493636249,0.17090507159024254,0.4700378327902651,0.9795179649465051,0.7534485747835712,0.5343169297129294,0.5476152337070141,0.8408839375432847,0.7712017187051585,0.18870427268377918,0.05332059738057463,0.019730985380298653,0.00866206115491491,0.004244306320635403,0.002244345935958359,0.00125686852305402,7.369579410527917E-4,4.485531212195052E-4,2.8097099065760794E-4,1.792788687970202E-4,1.1505912733459191E-4,7.314675052423874E-5,4.5226084054101065E-5,2.6571022850754028E-5,1.4331353997708709E-5,6.649933262739001E-6,2.2492229842806584E-6,2.6370407956950497E-7,1.739535715336977E-7,1.7660344325137277E-6,5.087401863561193E-6,1.0393871102031906E-5,1.8097811025148515E-5,2.874776437831149E-5,4.306654905883179E-5,6.199723986710511E-5,8.774972683737318E-5,1.2614924660896064E-4,1.8215510741228228E-4,2.655309966393011E-4,3.9364715973516125E-4,5.963664287764964E-4,9.276321490272255E-4,0.0014912072813678047,0.0025025093527889586,0.004452326088469986,0.0085977597181038,0.018700638504981514,0.048755023117495286,0.16897577565534064,0.7293905061563182,0.8320938365948145,0.4994457714482818,0.4538997344121631,0.6179424213448983,0.9877959713272143,0.5730237574249795,0.18200497957609005,0.07132996025114564,0.03457192114926843,0.019446265644808617,0.012175339792142121,0.008265972152520623,0.005980031791244995,0.00455325518121187,0.003615284000299542,0.0029727173807766677,0.002518569515416861,0.0021909699840825764,0.0019528798367182592,0.0017815084410415275,0.0016625409484154641,0.0015869134641634912,0.0015490175446208967,0.0015457544210704685,0.0015761434172890285,0.0016413608520191951,0.0017452059447025698,0.0018950961430501867,0.002103832601887842,0.002392632162388238,0.002796465749143948,0.003373958558593531,0.004226985543093634,0.00554251582120049,0.007690588619982538,0.011482473225404499,0.018968167430059486,0.036526966322057826,0.0918387920025862,0.39097101899690234,0.780439593106677,0.17709805140397977,0.07144298566256647,0.04083738595552923,0.028461593620030028,0.02282576251346597,0.02099479499601561,0.03459286079363677,2.377068491004886,0.9645626489033055,1.7026953271017038,0.47141109214338733,0.4345600142502827,0.14583751736502262,0.36091653869276985,0.14692092183960265,0.5509571218503451,0.5496388070334207,0.05822822567630439,0.40479307109293816
10,0.0034793952714858123,0.003834535622435576,0.004328590972857487,0.005044873102416,0.006123049637011407,0.0078036173824313285,0.01052350348218147,0.015134083499201277,0.02344820394198259,0.039798938683420104,0.07622479164338837,0.17275126185863607,0.4714360276056644,0.9770724636830271,0.7521677349577088,0.5296446810779109,0.5368332314912001,0.8198334500684733,0.8031225990223939,0.20062353356836485,0.05635783975721666,0.02081203199161385,0.009132516835917438,0.0044705752236639355,0.0023588718597113206,0.0013169805239860739,7.699144913765617E-4,4.6779449555758927E-4,2.931490398166501E-4,1.876335279956565E-4,1.2111990099951864E-4,7.761567821866867E-5,4.84479912892903E-5,2.8776826530443548E-5,1.5737586786315523E-5,7.468620625521291E-6,2.6609819735482905E-6,3.953861113917288E-7,9.74998667450495E-8,1.5158594930513811E-6,4.687251573167263E-6,9.883162311876123E-6,1.754482691352981E-5,2.8236379509949015E-5,4.264881483514433E-5,6.158118385984792E-5,8.700804730654837E-5,1.252384398025267E-4,1.812375787782908E-4,2.6476657763503507E-4,3.9362556515502433E-4,5.985068694170657E-4,9.348274069642659E-4,0.001509039427779115,0.0025419572960112564,0.0045369652749900815,0.00878652071578911,0.01917564181591654,0.0502628845423342,0.175836226417152,0.7541854125597123,0.815308635065927,0.4921315254672867,0.4521190555370442,0.6207370745224452,0.9898440359609674,0.5673170756390215,0.18117025166996062,0.07138662283092193,0.03471058312856886,0.019560339569651433,0.012261495179503803,0.008333657505857739,0.006037352159587256,0.0046054830903470585,0.0036654115062147268,0.0030221681551511983,0.0025677924421835504,0.0022399150553398524,0.002001375794884366,0.001829546403069332,0.001710467659687993,0.0016355505625622374,0.0015997355827962914,0.0016005343747885399,0.0016376570285200431,0.0017131049880440103,0.0018317481241906628,0.0020025422173746733,0.0022407336300240745,0.0025717541366637154,0.00303828709629014,0.0037138109211412892,0.00473050011585942,0.006341946432113581,0.009080303281115582,0.01421027660611063,0.02532913319162943,0.05597170950079324,0.18864218451324688,0.980612459009517,0.25946090387017656,0.0809575431394012,0.040202719301338855,0.025196639424722923,0.01822892919078695,0.031052116425621817,5.245362049452937,0.8035604878321099,0.842345713059514,0.30106975786819484,0.3041802284215913,0.07742474388460416,0.18796217508016938,0.08316171852188907,0.1723838929456815,0.6346790335227059,0.008859398956693534,0.9416980746345688,0.3460488730562423,0.12406236986551736
11,0.0035568965723964015,0.003912322500879304,0.0044007944569845,0.005107608643221882,0.006176307249903655,0.00785392785669534,0.010589166394667598,0.015255778969990447,0.023709409329660803,0.04036316447336547,0.0773932238617395,0.17491525799244145,0.4733058603163976,0.9743099547652041,0.7511217994708004,0.5249227917957016,0.5253055239489162,0.7959935647184185,0.8372325232827785,0.2146393749020959,0.05986206463596729,0.022054199953554482,0.009677903752835733,0.004736244114166651,0.0024947113821477663,0.001388540554717031,8.089467810951565E-4,4.902657900253866E-4,3.0710739419987374E-4,1.9706741234712776E-4,1.2793847669670283E-4,8.268834565528008E-5,5.216907281874783E-5,3.137562822406471E-5,1.742437773104289E-5,8.465521536256137E-6,3.1730049661453152E-6,5.760896566741937E-7,3.79708317355586E-8,1.2583554623767805E-6,4.253938490942878E-6,9.309555777752793E-6,1.6904355799940623E-5,2.7637447045772447E-5,4.21881438587549E-5,6.121013491088881E-5,8.633893450281561E-5,1.2435377282919404E-4,1.8031339916703504E-4,2.639202419656072E-4,3.934047318160839E-4,6.003881241276398E-4,9.420381713249706E-4,0.0015281077022704103,0.002586082571853085,0.0046347699049991845,0.009009322569078,0.019741965940875808,0.05206243841293999,0.18399568030880845,0.7815062832884948,0.7964564970048219,0.48402057712502117,0.4499349663873077,0.6236284289959751,0.9918662012520076,0.5606836731752197,0.18015399211939098,0.07144403722458288,0.03487711432521445,0.0196995450678776,0.012365854558754111,0.008413735118691066,0.006103174672579365,0.004664034931667249,0.0037210003373495076,0.00307713929305264,0.002623161875864131,0.002295899788892953,0.0020578456545843815,0.0018863998367594091,0.0017679230683263487,0.0016943565023455115,0.00166132440702942,0.0016671593468376494,0.0017125595482652405,0.0018007668440557568,0.0019383131112374475,0.002136569136014393,0.002414612868331742,0.002804480467170971,0.003361093484724101,0.004182192297099502,0.005451773630513871,0.007545052603816493,0.011318294763111598,0.01906952973432546,0.03871155100692961,0.11205817923301561,0.6718908013083951,0.3554711907179099,0.08375038701938141,0.0355768479758369,0.019227941397846126,0.03653983076996533,0.44363594179222327,0.7340913830982692,0.5998376411328173,0.21832003966868008,0.1978793770960842,0.04918219889298568,0.10765355790773982,0.04550012970272684,0.05933504443420499,0.22995997540428634,0.0211155349536935,0.43796082425210575,1.186679325190495,0.39338625227568835,0.36100492263421796,0.3890491247989298
12.000000000000002,0.0036449872802743182,0.0040026831184635375,0.00448623046721803,0.00518270355981906,0.006239476415539942,0.007910109921227116,0.01065536267678076,0.015373175988171795,0.02396825839563811,0.04095070536170365,0.07867426495446422,0.17741939226041986,0.47575589971562215,0.9712399457106405,0.7503886672611317,0.5203173286554579,0.5132291027882261,0.7694699861541698,0.8724937561545977,0.2311266003147352,0.0638857708618875,0.023468910396585822,0.010304345802951392,0.0050459314901482085,0.002655136496660641,0.001473608605422679,8.552219757447146E-4,5.165657475381151E-4,3.231176947117713E-4,2.0768244947033586E-4,1.3554545059614532E-4,8.838215268354586E-5,5.641977779923088E-5,3.441201594006878E-5,1.9438472790714232E-5,9.67815460869692E-6,3.809780080550441E-6,8.199587912891362E-7,4.141954315657985E-9,1.0007846666731558E-6,3.7938554353310116E-6,8.675106008290258E-6,1.616831007181508E-5,2.693066444448168E-5,4.1662044439115516E-5,6.088732869671093E-5,8.578950080474028E-5,1.235572725025701E-4,1.7945909252914367E-4,2.630724896428839E-4,3.930282880619314E-4,6.019443452827926E-4,9.490043159035716E-4,0.0015479326003097402,0.0026343959587253364,0.00474608913839547,0.009269940288046622,0.020415053501385592,0.054213514948041525,0.19372800322113917,0.8110593848538729,0.7756276589572821,0.47518660382832306,0.4473209736479057,0.6265293790278917,0.9937584745407539,0.5530401230469337,0.17890173025232378,0.07148491393393025,0.03506945696312094,0.01986662993968826,0.012491992862459392,0.008509223099539581,0.006179599597701826,0.004730139694871384,0.003782620873201999,0.0031378205749681754,0.0026847752197609468,0.0023591850255641924,0.0021229044980650203,0.0019531493759254023,0.0018364931687538703,0.001765417128625118,0.001736355016185832,0.0017487034743103285,0.0018045314969157757,0.0019089007955952716,0.002070894295588279,0.0023057102380451503,0.002638628820515419,0.0031125837368780333,0.003803258676204267,0.004851399498721895,0.006539043529247129,0.009494045526502471,0.015344001374858737,0.029420206600341725,0.07783108208649293,0.4394131860682914,0.4135326926145376,0.07302706550190576,0.025242830780374967,0.036543776854717075,0.3523877962824427,0.6609743727102199,0.6354298663230752,0.17711474772543895,0.15644021181165185,0.03523145017243391,0.0711847753804754,0.02945931245083394,0.02676901636828175,0.07665670723760959,0.03764186494306577,6.560841540353286E-4,1.011031387602914,0.9177633205108026,0.5946395288595087,0.9236305066308486,0.4130958913298553,0.1441150803074972
13,0.003744201875133764,0.004106968561110161,0.0045869138218334665,0.005272533341530979,0.0063149031276814125,0.00797391127881376,0.010722225897710472,0.015483000979845491,0.02421558825412958,0.04154517161124118,0.08005064140628315,0.18027693121334687,0.47890127500787627,0.9678859828314345,0.7500248525550953,0.516012630646205,0.5008456012149384,0.740512275296318,0.9073099674273685,0.250584903653713,0.06849611372225485,0.025067566984903256,0.011017252356160556,0.005404255573231464,0.002843805472518581,0.0015746650643245533,9.102213217631836E-4,5.474906013246899E-4,3.415615161794071E-4,2.1963161434689012E-4,1.4398520019466942E-4,9.470903420656162E-5,6.122147549510793E-5,3.792771183045297E-5,2.1831319664000492E-5,1.115204145544346E-5,4.602699858044336E-6,1.1452111858171726E-6,6.549985630209478E-9,7.513868742338428E-7,3.31520264229759E-6,7.985072029547461E-6,1.533113675964015E-5,2.6092682709773202E-5,4.103543522625043E-5,6.0599063936036844E-5,8.540275396231193E-5,1.2291962561636438E-4,1.787737999082563E-4,2.623478411437762E-4,3.926081168318258E-4,6.031886288924139E-4,9.555084863432546E-4,0.0015679497881065658,0.0026860817808029916,0.004870674033599278,0.009571679491329825,0.02121218354118838,0.056791053453800706,0.2053940171889962,0.8423383536272542,0.7529898301808629,0.46575100617465154,0.44428629789631274,0.6293567811074036,0.9954033276735299,0.5443274102166873,0.17735091169828807,0.07148304405267816,0.035280840293324386,0.020062593785520548,0.012643322695910918,0.008623691096144765,0.0062695029231893875,0.004805762025086614,0.0038514038251944538,0.0032047352416077132,0.0027528506188509477,0.002430007190966601,0.0021971000330845546,0.0020308772568078015,0.001917934211854207,0.0018512343091536053,0.0018281186010075535,0.0018493205437572833,0.0019187712948845245,0.0020441660652762215,0.002238489034942892,0.0025230822411378136,0.0029336165519899746,0.0035320712560818063,0.00443230773175539,0.00585983063779062,0.008309996573734678,0.013046284280976376,0.024128802088070524,0.06108186087573116,0.3455989215937869,0.35878788490268043,0.04658840598144071,0.028536285041792186,0.6216224707016296,0.619642452342549,0.9867195883682264,0.16243823953154962,0.16086030836825124,0.027820988561577106,0.04876245714969598,0.024445229247144123,0.015515738696563012,0.03159486805953404,0.033663988777143376,0.004166072432650856,0.016377370767483884,0.7766146919248452,0.6048513226764092,0.8753027713124807,1.0020478325110034,0.5090187945225877,0.24526079327914646,0.2493797893170226
14,0.0038548890127781477,0.004226537237903693,0.004705097935723805,0.005379919081869053,0.006405558392069558,0.008047881703894946,0.010790827628009187,0.01558273633668016,0.024441735608260108,0.042126120949352135,0.08149474173121245,0.1834863364391801,0.4828565401278941,0.964287788666941,0.750050966495636,0.5122033600137988,0.48843850896756286,0.709534983904543,0.9393769435097494,0.2736850711058236,0.07378305517049108,0.026862050948765176,0.01182073154579251,0.005815399032972712,0.0030646173582658492,0.0016946253889125954,9.757989048018976E-4,5.840875814622686E-4,3.629687744026461E-4,2.3314419992056753E-4,1.5333008867301942E-4,1.0167964170516934E-4,6.65833123156319E-5,4.195624100311354E-5,2.4656010186542113E-5,1.2940832824091565E-5,5.591720666830549E-6,1.5756602371464387E-6,5.8206658582276365E-8,5.193425299239053E-7,2.8277349010248743E-6,7.248474506714118E-6,1.4392106153062073E-5,2.510011316320522E-5,4.0260267697451985E-5,6.030729989913758E-5,8.520923864724822E-5,1.2251427643322738E-4,1.7837583676595032E-4,2.6191773835670875E-4,3.923414418091307E-4,6.042552968387891E-4,9.614497281588712E-4,0.0015875951491094885,0.0027400187627320705,0.0050074880410757115,0.009916811971988118,0.022151699130573806,0.05988700941870141,0.21946520371438352,0.8745327420443925,0.7287854296666877,0.455887322656537,0.44089352554643674,0.6320531535952766,0.9966775047007428,0.5345320162763256,0.17543890677125307,0.07140351576660031,0.03549831059906732,0.020285382685031918,0.0128222936518608,0.008760896623916863,0.006376476118045857,0.004893730447384647,0.003929266320963,0.003278988570698303,0.0028279359099743413,0.002508706792897419,0.002280951557278201,0.0021206424037159897,0.002014136441887802,0.0019547447386380574,0.001940772037147421,0.0019745953254967836,0.002062655976010202,0.002216463500111324,0.0024550289850773887,0.0028097978583839604,0.0033346453869563548,0.004127298625359674,0.005379510958702686,0.007510167027485985,0.011586811389032519,0.021071140809917586,0.05330516201763173,0.3536965391644598,0.18532896282984718,0.024728220544691287,1.124418152482627,0.7778473023447068,2.155018772473299,0.1707913205315964,0.22123839368657577,0.02499616085467095,0.03162120324546848,0.02649081377327062,0.011599185084014339,0.016657444687815427,0.026270802809288545,0.006373465410345925,3.598030471791028E-4,0.038702976524871195,0.2412454829877025,0.8634196778255372,0.7505057081061223,0.8488750089082147,0.5502050576568209,0.48623050160173326,0.444991105917384,0.14587870497698863
14.999999999999998,0.003977102812255097,0.004362663834191318,0.004843243003812901,0.005508160921275072,0.006515126234263451,0.008135524784395593,0.01086345589193668,0.015671139676854788,0.024637295909177823,0.04266940033728115,0.08296649582402864,0.1870240478978257,0.4877250916025181,0.9605014356225393,0.7504348439003954,0.509082287822297,0.4763257013020261,0.6771226495325223,0.9656237536142526,0.30132731285441944,0.07987211695679794,0.028866215478458357,0.01271707671908846,0.0062825034039954535,0.003321429277018677,0.0018368013399049851,0.0010542349394505538,6.277171592796355E-4,3.880654762565571E-4,2.4855890123048305E-4,1.6370163713088495E-4,1.0931314595687651E-4,7.25016339261967E-5,4.65167085478343E-5,2.796193283029167E-5,1.5105012285469927E-5,6.826911920056881E-6,2.142720476849051E-6,1.7576590260203418E-7,3.148991997634862E-7,2.342262423419158E-6,6.4781025802294285E-6,1.3357563926886715E-5,2.393429111954924E-5,3.927817376645912E-5,5.994231329005445E-5,8.521534119959624E-5,1.224078796117537E-4,1.783946440502746E-4,2.6199772502885307E-4,3.9252217413711095E-4,6.054418218899733E-4,9.669362392692385E-4,0.001606449024910267,0.002794905714732446,0.005154613651544357,0.0103059353305955,0.02325173309967433,0.06361168570087752,0.23655120376045613,0.9064171231050246,0.7033150644402264,0.4458180979563686,0.4372748122532015,0.6346163001081111,0.997462551533606,0.5237077973032049,0.17311567318559418,0.07120538083235599,0.0357019128968093,0.020528471028419953,0.013029276966056493,0.008924126934347758,0.006504554415653643,0.004997744408103888,0.004019101396598499,0.0033625543314104184,0.0029112108548777346,0.0025959747040019874,0.0023750951388855713,0.0022235233909301787,0.0021271130316418553,0.0020793438098133826,0.002079515167711768,0.002132024379328815,0.002246738930155347,0.0024408142414636676,0.002742871103831431,0.0032017514762198987,0.003905482221645297,0.005026085028918148,0.006940180434610727,0.010621127490998075,0.01935282365220728,0.05167524412240814,0.5782795534496281,0.04393079458039257,1.1706117586983202,2.1329447395017307,2.5003282526293336,0.21832092182598312,0.3110860946796304,0.028349842034072124,0.020636181787224723,0.03429915568991606,0.010973584795599244,0.011311161037012732,0.02019036468317527,0.006850468597036767,0.0022233087180950854,8.449973312992716E-5,0.02684028746222523,0.09670702918348266,0.8564570740783226,0.7134672157706987,0.6625069002303611,0.5497630402192464,0.6015833157785461,0.615713357944039,0.23455756773301256,0.0952278056919174
16,0.004110469302022524,0.004516405907863391,0.00500394910475156,0.005661056574037808,0.006648091502066193,0.008241451146903254,0.010943897108565406,0.01574882639372308,0.024794179024433274,0.04314819668846879,0.08441189156595635,0.19083594197035603,0.49358445456145744,0.9565961045506259,0.7510734916497608,0.5068230753955097,0.464846932002354,0.6440127446585164,0.9823807250254105,0.3347072849719867,0.08694360492806597,0.03109896817505276,0.013706584154417906,0.006806930084252766,0.0036175857228842043,0.002004765328233908,0.0011482667426964733,6.801216135336848E-4,4.1783205004570394E-4,2.6636574951358186E-4,1.7529957956470955E-4,1.1765449704066448E-4,7.896453242905944E-5,5.160828338300716E-5,3.178688824819544E-5,1.7708146352182503E-5,8.369290112078169E-6,2.8878519526915716E-6,3.813183842477379E-7,1.4985203086520235E-7,1.8700200785902234E-6,5.689775905452582E-6,1.2242438053743843E-5,2.2587331569107672E-5,3.802766927340921E-5,5.939793911142243E-5,8.538792912428448E-5,1.2264625601148197E-4,1.7895683842516136E-4,2.6283684701173724E-4,3.9354254788958123E-4,6.072423784216424E-4,9.723859489592849E-4,0.0016244384366305227,0.0028495337960610678,0.005309372827571302,0.010737417342781875,0.024528440808996695,0.06809410551651539,0.25742991124166936,0.9362368688237094,0.6769058621401548,0.4358011788192391,0.43364203638615356,0.6371341671145733,0.9976553233701573,0.5119930515792455,0.17036003870042882,0.07084763537532147,0.03586531572776858,0.020779709008255504,0.013261227480615301,0.009115206588940787,0.006657651437481341,0.005122172554815121,0.004124852013089815,0.003458539954041926,0.0030048565236228783,0.0026932324384402874,0.0024805893811669505,0.0023408022878317245,0.0022590815572029257,0.0022289641855703884,0.0022508465739826304,0.0023317236121061513,0.0024863496723481105,0.002740672907098822,0.003139624762782445,0.0037645420337569114,0.004775176710978969,0.006525820002640345,0.00996162869025287,0.018536688273451812,0.05761007795209944,0.5182311943494311,11.408709803292238,5.340600688992656,1.120960152921186,0.40870978564576893,0.3191734836578201,0.04839244858610482,0.01680158994563445,0.03950898523086739,0.01243909717361126,0.009513343341465861,0.01615589358712458,0.007347767983419308,0.0029037010379461482,0.0010567651787434518,8.047691139680584E-4,0.00969166458533744,0.0485552414588037,0.5055957580761984,0.7079272371524917,0.5445654303988048,0.5356921584755883,0.5095290201474683,0.6126316099821788,0.364197111365257,0.197910071585729,0.1629676250488013
17,0.004254032478366093,0.004688417110402632,0.005189836416284115,0.005842892657343132,0.006809824526065382,0.008371533433844364,0.011037709515955172,0.01581887300003745,0.024906923100771944,0.043534982169065595,0.08576283248541511,0.19482807434003035,0.5004669164832287,0.952645836283254,0.7517758535412702,0.5055573287412548,0.45434628256443116,0.6110546985338647,0.9859217327068768,0.37537270032618003,0.09526084569447014,0.03358962451695703,0.01478809184318566,0.0073875214035429545,0.003955226216209215,0.002202056482478029,0.0012610659035328475,7.434924748010964E-4,4.535731106228696E-4,2.872583051987044E-4,1.884394233579718E-4,1.268003692747274E-4,8.5964356079091E-5,5.7208329169987185E-5,3.6147417004568535E-5,2.0809537446212904E-5,1.0289833461980925E-5,3.865155852104812E-6,7.049771703669338E-7,3.8627007649580605E-8,1.4221348465958302E-6,4.9008589840141465E-6,1.1070221998298454E-5,2.1068116489442782E-5,3.64566938636136E-5,5.853379805064598E-5,8.563606328286817E-5,1.2323505217850638E-4,1.8016481786186327E-4,2.6469697816554116E-4,3.958812702382546E-4,6.103644432455162E-4,9.78617274394528E-4,0.0016420777255667864,0.00290322594129808,0.005468802911107926,0.011207227990583699,0.02599399618287527,0.07348114376490969,0.2830769483746686,0.9616291473514808,0.649866450515756,0.42610336442529506,0.4302855158819573,0.6398190902540094,0.9971739688711388,0.4996153148909252,0.1671965544425676,0.07029868319195436,0.035958758023087296,0.021021070057985515,0.013510394926225808,0.009333210106531917,0.006838636058337464,0.005271545815894071,0.004251368827157192,0.003571338047687751,0.0031124236914745807,0.0028031235899718733,0.002599418457959827,0.002474378725380546,0.0024127522749732505,0.0024083211961976087,0.0024630172012926866,0.002587581766844293,0.0028043808489729856,0.00315433514633781,0.0037131472870335813,0.004631850998582255,0.006253864767577611,0.009546603431994889,0.018598998007692408,0.09364824885224486,1.0733370427734412,1.1614063389836309,0.8313187389369125,1.6717953511553556,0.2660708775439405,0.15500603803428897,0.020702045542165027,0.02823481640192087,0.016163601740995827,0.009272517241303716,0.013212885402055938,0.009063619549223264,0.003162656138868783,0.0017595016296861883,5.612456303639397E-4,7.257928594570662E-4,0.004902051194690265,0.026518813579949677,0.21980708414382613,0.4765776271563737,0.5627997800727084,0.5094408618511517,0.4260368387448816,0.47956654705568014,0.40055665330468915,0.36563189941264534,0.30689272584214206,0.14024572926182355
18,0.004406092721175859,0.004878698237521042,0.005403348587209815,0.006058388515857588,0.007006655953386136,0.00853306577509292,0.011152482107734988,0.01588739183953309,0.024974165952183283,0.04380443298440916,0.08693920845728159,0.19885804365928994,0.5083354626438233,0.948715017820712,0.752249228938412,0.5053453754014063,0.4451496414635255,0.5791488813427917,0.9734113072320155,0.42522323708580756,0.10521112120028887,0.036386257415928845,0.015960724420639914,0.008020137180443646,0.004334397375280909,0.0024316554787147853,0.0013961078606093144,8.205190058213074E-4,4.969976358026064E-4,3.1219815834431517E-4,2.0359930169253543E-4,1.3693413168750683E-4,9.35204216046316E-5,6.327827097179651E-5,4.1029918418572106E-5,2.4452633784702748E-5,1.266496773499889E-5,5.143339547805212E-6,1.1883214414141469E-6,2.6629623961213817E-10,1.0095212663392336E-6,4.128290338176973E-6,9.870928547968196E-6,1.9406059321375483E-5,3.453919501335389E-5,5.719030479950056E-5,8.579316164434362E-5,1.2411498235959082E-4,1.8206621702699627E-4,2.678190844682589E-4,4.000743469282215E-4,6.15720920594541E-4,9.869099792061947E-4,0.0016607087001419478,0.002956419361148967,0.005630606917264922,0.011709610644787755,0.027655069660881285,0.07993565942639612,0.31468744090331247,0.9796456965422572,0.6224344197350651,0.4169610715735573,0.42755616389385026,0.643032366849847,0.9959539471303169,0.4868760825127605,0.16370789028074523,0.06954808909062407,0.03595488544924045,0.021230125161635072,0.01376361496077212,0.009573079982521337,0.007048049897531949,0.005449656427612845,0.004403935321103182,0.0037065424081532583,0.003239086631864699,0.002930035516316895,0.0027351780019289978,0.002627488950710717,0.002591979044536781,0.002623533200195102,0.0027269526712689423,0.002919375419064714,0.003236702471431874,0.0037490699638695374,0.004600978351740669,0.006134370509850632,0.009400926813593941,0.020366276822273065,0.5507564630494766,0.9585114271643012,4.18960482158687,1.4496371979015692,0.3598570225307661,0.5850391501882858,0.04179107689097951,0.021126137042040374,0.024063173812347308,0.010041496327292556,0.010911738746169002,0.013590239799475637,0.003812816372621601,0.001899724149599997,0.0013469869419038066,1.9419348885594824E-4,4.3429377865883325E-4,0.002994035690809854,0.016028687260083614,0.0859995780634986,0.18797348189791407,0.5020331815814291,0.5498932130062517,0.4026570710631537,0.37622471914190214,0.34046494097504953,0.40738578942829723,0.4801545555097919,0.23807828559092947,0.11829965562216652
19,0.004564062353441442,0.005086284755023098,0.005646449575440857,0.006312560236338477,0.007245927186975988,0.008734931521448292,0.011298083175632086,0.01596403409938239,0.025000116681483185,0.04393720721023844,0.08785405062316379,0.20272929095477227,0.5170559497697548,0.9448374747551008,0.7520927980204128,0.5061408078252339,0.4375369482154031,0.5491747221225843,0.9440037007776124,0.48634124080877916,0.11736495643018122,0.0395678215964134,0.01722732181190303,0.008697895985559197,0.004752120655002642,0.0026951702575844505,0.001556851762426514,9.143804425640825E-4,5.503029759946811E-4,3.424941392559954E-4,2.2147786228081582E-4,1.4836962637310852E-4,1.0171262208606782E-4,6.978135105213117E-5,4.6387517823153803E-5,2.8650276214405167E-5,1.5566450763366347E-5,6.805414311078005E-6,1.8884612212993565E-6,6.164271776989283E-8,6.436080629440324E-7,3.386630095282218E-6,8.677128489756493E-6,1.765044198200458E-5,3.229132293160677E-5,5.5220924372668196E-5,8.560781425692149E-5,1.2513374968762945E-4,1.8461316888565156E-4,2.723723666560321E-4,4.066634110218492E-4,6.243914622706196E-4,9.99019043156795E-4,0.0016826906519556229,0.0030113090851067634,0.0057945988830831385,0.0122391066589388,0.029513182258760755,0.08763528483164422,0.35367597500102904,0.9869623892347255,0.5947264972418825,0.40853012701255786,0.4258274054071829,0.6472878378483747,0.9939290281729287,0.47410966598581605,0.16003681469607448,0.06861769234056644,0.03583711571112957,0.021383969945391487,0.01400296738647852,0.009824613621401704,0.0072826116955235585,0.0056582214306404545,0.004587339051447153,0.0038704802525866776,0.003391625183637548,0.003080502915014102,0.0028938440664929193,0.002805735493431293,0.0028029277025218703,0.0028834372779748107,0.003058202313768236,0.0033571194093815642,0.0038443459015439366,0.004659489315189354,0.006154267545262887,0.009589812196000875,0.033845210871962884,1.9634212086703313,0.9998735467945609,0.749653899213484,1.8503947823881524,0.4398503511387602,0.14785430786337517,0.028305677093798314,0.03507175922128451,0.01234978682798495,0.009387144366248636,0.016382232401016012,0.006257142422974052,0.0022113105680310625,0.0014403803646288662,0.0010626832279687984,4.6197082444800185E-5,2.744731815129216E-4,0.002021953038130567,0.010095122998684116,0.030442112091632723,0.0672004832187412,0.26322260035430073,0.5891667077179897,0.42594840645632337,0.33905033027531756,0.2946218884870614,0.3198048819483651,0.4800071170110349,0.38220996466622337,0.20616950345549503,0.16660441005087967
20,0.004724377987182174,0.005308885339099582,0.005920182037566336,0.006610456036927607,0.007535987293312843,0.008987780013494186,0.01148691461026199,0.016062400711193893,0.024995843580473867,0.043924212188643535,0.08842232203578446,0.20619170243682985,0.5263681226439169,0.9409912685446042,0.7508017901827795,0.5077502700812455,0.43170819870725075,0.5219193206556119,0.8995474808972355,0.5604214771828577,0.132562516964772,0.0432610829318909,0.018599880010669756,0.00941263349517066,0.0052017598270918414,0.002991751838102777,0.001746125464911879,0.0010286124975495596,6.162429169206838E-4,3.7989716805514166E-4,2.4306662898200014E-4,1.6160412412877676E-4,1.1072480690799281E-4,7.671460577355051E-5,5.214937234187713E-5,3.3371224199919314E-5,1.904431677457002E-5,8.943325457903141E-6,2.881755305546879E-6,2.6217076681653494E-7,3.383633458608166E-7,2.6867530384093168E-6,7.518915126551754E-6,1.5864297029212918E-5,2.9780269537793102E-5,5.253939172252112E-5,8.475747259763717E-5,1.2602167611415992E-4,1.876134062680859E-4,2.783818943649724E-4,4.161131715702089E-4,6.375451149672283E-4,0.0010171301962101705,0.0017114962961918263,0.0030724269544593515,0.005964497693306146,0.012794294352638604,0.031569024318926435,0.09677636828566347,0.40162821657218045,0.9803412091009571,0.5667058942662134,0.4008301482882496,0.4254356599162076,0.6532229722714359,0.9909937376037354,0.4616148630094538,0.1563727813980711,0.06756783443134938,0.035608702208231716,0.02146565763086763,0.014208623492311478,0.010072594424656755,0.00753392960559907,0.005895206906642269,0.004804395796721847,0.004069185811169553,0.003577927719620834,0.003263269065115539,0.0030844100106531226,0.0030182898613914377,0.00305581109565952,0.003201978131597579,0.0034809742380331405,0.003951127171178861,0.0047481324220281255,0.006246696284563148,0.010339119510496866,0.07038770060583203,0.8563802935549705,2.3056197548056647,0.6807721403402526,0.4534373837962142,0.6535585086677637,0.06191742539571957,0.036228543607704056,0.01979973490498859,0.009079386378066368,0.011722028139345718,0.013403700622078926,0.0033994653573655633,0.0016520599643414795,0.0012864854459659352,6.254734711896111E-4,1.5848529552567068E-5,1.8213179758881518E-4,0.001448159409275807,0.005867701690077565,0.011468885748271011,0.026893404616063408,0.10619380946636818,0.400629264643709,0.41985885102173387,0.3656121757973384,0.3009038247038379,0.259997959543241,0.34853285177124976,0.43801315108380795,0.334501317996416,0.3001869651257455,0.21516954476415023
21,0.004882523569701722,0.005542513361861666,0.006224062598147655,0.0069566941971459855,0.007886082652773968,0.00930420220537561,0.011734198293016784,0.016200377829488764,0.024980220673674444,0.04377074940426089,0.08857314793724123,0.20895256729099032,0.535860427917805,0.9370747284171799,0.7477852488868079,0.5097926995835541,0.42774142839444096,0.4980155372865692,0.844382682140779,0.6474246983370897,0.15203980363739203,0.04766415441352489,0.020107102156639613,0.010157991187983119,0.005673235088564221,0.003316938950154451,0.0019651246406228694,0.0011667341537882616,6.981329030598717E-4,4.2670504054588494E-4,2.6974177619098084E-4,1.773830893519423E-4,1.2089616227435147E-4,8.415393649130354E-5,5.82482313678174E-5,3.853663436862801E-5,2.3104694196950972E-5,1.1643861685168223E-5,4.264775820775101E-6,6.599420548321533E-7,1.1416695251426826E-7,2.035812609613915E-6,6.419085717160157E-6,1.411393015678565E-5,2.7119506411975558E-5,4.9167617262638476E-5,8.290154769745072E-5,1.2638603841359908E-4,1.906830498407247E-4,2.856338543169681E-4,4.2868575378289346E-4,6.563092499336708E-4,0.0010437467576633278,0.001751688869917404,0.0031470330701119805,0.006149757653448902,0.013383162857175708,0.03383307844180537,0.10759204050444426,0.46015567035922317,0.9573262555241867,0.5381845617405153,0.39369386298805314,0.4266017735861274,0.6615286563062917,0.986945566306513,0.4495644159342211,0.15292097648705186,0.06649452256623126,0.03529926108357837,0.021471881175409817,0.014364185209032522,0.01029898220971791,0.007788214291149944,0.006153203390401754,0.005053956168548023,0.0043066289424387345,0.00380572544069906,0.0034886574127757303,0.003318994935335939,0.003278856128131286,0.0033668853313322347,0.0036017954692728633,0.0040361255888291545,0.004800420157468016,0.006307229511400564,0.016414986533089915,2.319553532257088,0.615161224764018,0.5908063774658772,1.35719330103745,0.4550207133691269,0.24928249806919517,0.04796210026346196,0.048268525797496444,0.011822187368554142,0.00831710060001638,0.015783732021039505,0.006979967977262935,0.0024109728490280527,0.0014890377848873254,0.0011512840889559624,3.287158607857538E-4,1.0108434419982738E-5,1.2465740242732367E-4,0.0010625095241409198,0.0030245384748616906,0.005050183300235753,0.012116223803869144,0.04422985439900739,0.17434725430476086,0.27982480247674035,0.38161450615111014,0.38075835637236594,0.26392018226553166,0.2743400851970807,0.3597696878708086,0.407724144975411,0.45632386732203045,0.37267553107104023,0.18865993068237555
22,0.005033225013136292,0.00578119261295089,0.006555315621032156,0.007354715929741457,0.00830604736451221,0.00969887011762363,0.012058323407955918,0.01640045762515471,0.02498046441680541,0.04349980751722995,0.08826416463905559,0.21070153589740975,0.5449561833458816,0.9328934619496059,0.742399461774509,0.5116664818152901,0.42554091066289707,0.4778922438302937,0.7842186699942513,0.7431614225354586,0.17760942389185447,0.05308015343140881,0.021804057065538347,0.010934210691012873,0.006154696988305516,0.0036619154892709852,0.002212047150699164,0.0013314806031261763,7.996971402439761E-4,4.85853271052988E-4,3.033791040684008E-4,1.9678295943779289E-4,1.3278081345885782E-4,9.230806667038334E-5,6.466732478977703E-5,4.4037359864159216E-5,2.76906467884833E-5,1.4963409951125595E-5,6.147939960583615E-6,1.3381666411508576E-6,4.1319517071487965E-9,1.4390881456867226E-6,5.389758829510296E-6,1.245706742578736E-5,2.4449426973153044E-5,4.526005143190233E-5,7.977966498012661E-5,1.2574688916424574E-4,1.9322481078855823E-4,2.935704159854579E-4,4.442606810093309E-4,6.815570409246967E-4,0.0010814840499960578,0.0018087696546923158,0.0032452517681229396,0.006367077905009374,0.014029454657454523,0.03634415833676739,0.12039866534726336,0.5305652393239898,0.9170165028912888,0.5088784066515136,0.38673879504325587,0.42934153786287876,0.6728351479095871,0.9814076837280751,0.4379047901903063,0.14985518145260243,0.06551511520387909,0.034965157537623234,0.02141918589931666,0.014463567178493966,0.010487649215733015,0.00802802262552088,0.006418688087401529,0.005328737692562958,0.004582084392133026,0.004080132925247653,0.003766618873435292,0.0036115753752417553,0.003605231067698042,0.0037590730918668725,0.004117017204429353,0.004796416956174849,0.006299351713620542,0.04901465237167239,0.5908699307752908,2.044294218226338,0.3447420705172485,0.7485471834407189,0.5862542545619714,0.11665381612233262,0.06558111462346748,0.029371739939627082,0.00916725716664237,0.009165336604717527,0.013442984475940936,0.004293472766110816,0.002056434113992152,0.0015166631409924427,8.778920088226408E-4,2.0793675280116386E-4,1.0888259491936903E-5,8.519888738072868E-5,7.541561140476239E-4,0.0015635648068102886,0.002576132329456846,0.00603623448489562,0.019900347992518677,0.0687242090813833,0.13007981734988888,0.26066966902414646,0.4874234785114778,0.3418753648659175,0.2744992867458939,0.30454343228355957,0.37709322322495753,0.49365342505818594,0.5512114680613958,0.34873697552980193,0.17547747908246608
23,0.005170867529837031,0.006016863630138548,0.006908004686284145,0.007805660361814074,0.008805648328836931,0.010188557587318322,0.012481270038436092,0.01669014409005756,0.025032331325971872,0.04315388909447691,0.0874954832122288,0.21115093616404335,0.5529204934688868,0.9281716204193743,0.7339989154501314,0.5125381713071998,0.4247760377058708,0.46173171990692063,0.7246628029296168,0.8365283324464018,0.21190070838076164,0.05996760780854519,0.0237842934599843,0.011754253385905732,0.006636016336724994,0.004013943618727997,0.0024806660020548,0.0015235065862307987,9.245915741491232E-4,5.609275950389713E-4,3.4648687080050025E-4,2.2132121519036769E-4,1.4722087288298065E-4,1.0157755435780773E-4,7.150080207512412E-5,4.977898903722886E-5,3.268146105264897E-5,1.8895219476744654E-5,8.635481119013247E-6,2.4083936359435443E-6,6.321103682307701E-8,9.044792608652949E-7,4.431183130065613E-6,1.0932986237204506E-5,2.190963816748707E-5,4.108456237461349E-5,7.533081698662157E-5,1.2363499404472356E-4,1.9447088257610207E-4,3.012140491728101E-4,4.621073228747519E-4,7.13576032389403E-4,0.0011327148747031237,0.001888865125398576,0.003379948110605118,0.006641375389831756,0.014778979144718873,0.039195786611418745,0.13568895428534095,0.61318733324907,0.8606367819007551,0.4785264968233008,0.3793868773473102,0.4333836372108453,0.6875627888166783,0.973739265706995,0.4262681689114016,0.1472587031667499,0.06474267380870478,0.03468135690046168,0.021345374418712097,0.014516898576089501,0.010630853294675818,0.00823666761761143,0.0066733380962108796,0.005613842363652854,0.004886794584832602,0.004399382142059515,0.004102087053888573,0.003972985257683525,0.004013171442033899,0.00425202923417007,0.004775281670100628,0.007051124860029597,0.641281403760305,0.27913939671014537,0.7901928531347816,0.4250512528973725,0.30789438677323877,0.6046011904452291,0.08233384956955565,0.11028346884701938,0.020583328056955893,0.008740671324686929,0.011401757652996327,0.008341207207775082,0.0032549734204510234,0.002029535933295957,0.0015804348625853546,6.232326267668184E-4,1.6121607352889407E-4,1.5459561309790266E-5,5.2893637887392555E-5,4.909829978664659E-4,8.918064407709863E-4,0.0015050389626446634,0.003348418768719965,0.009725722652108486,0.02791212844422162,0.05519622613610154,0.12501670309350843,0.3666735425188561,0.47563500222414834,0.34182294228330795,0.3136687148840892,0.34485799500040365,0.42805890633951743,0.569752187312408,0.5451526853911911,0.3359188649673298,0.19890763257403918
24.000000000000004,0.005290151689186346,0.006239650125270514,0.007272219247638284,0.008306801689759143,0.009393373284172644,0.010791877503627098,0.01302908250281843,0.017102562890405112,0.025180201722127368,0.04279513795343436,0.08632009603541793,0.21008830717133123,0.5588969379727469,0.9226005823630045,0.7220079738109038,0.5113707548756022,0.42481756507354923,0.44942347253265924,0.6700902279039096,0.9095887323483943,0.25860980838129716,0.06901916998534492,0.026195868195104426,0.012650632082003756,0.007113819047888007,0.004358730807361703,0.002759590603917547,0.001739612255282049,0.0010753717504995998,6.559571728205118E-4,4.0232330994447195E-4,2.5310144893131464E-4,1.6544468752666548E-4,1.1262076143639938E-4,7.901832160702654E-5,5.575053162140388E-5,3.7926960389249175E-5,2.3344865618077565E-5,1.1787860428866444E-5,4.002962846437903E-6,3.790110479120299E-7,4.507940028059598E-7,3.5331228799240894E-6,9.556589361002331E-6,1.961312222995889E-5,3.696226387525027E-5,6.977408258577321E-5,1.1974717592831208E-4,1.9363064296947286E-4,3.071997829153447E-4,4.806693483638413E-4,7.51598400676627E-4,0.0011989683531096708,0.0019981454095009147,0.0035663275626752937,0.007006250429190951,0.015705232454631204,0.04256892617498391,0.15429096296143213,0.7061266022348209,0.7916267148006451,0.44706499606641237,0.3709609114352285,0.4381293639251754,0.7057646920353154,0.9629575416710736,0.4139308259187243,0.14506046750105053,0.06425097584119234,0.03452445754374419,0.02130369350442771,0.014552095399821673,0.01073484563295869,0.00840445077771227,0.006898097626768927,0.005887161360587988,0.005200476220503975,0.0047477521586512614,0.0044841239713285215,0.00439370426314832,0.004481846574673875,0.0047717657184184244,0.090355437957096,1.8866143605121972,0.6153563238482405,0.275638324085147,0.6397926079960055,0.2344261846982943,0.405800676348358,0.08689575331617788,0.10445774283281055,0.01843093842048839,0.009992994530556432,0.012705306807974217,0.005780012643552833,0.0029359962043451907,0.002280257555672333,0.001541140840101519,4.746569667503861E-4,1.427112133112148E-4,2.341444595986559E-5,2.4440208295164093E-5,2.8676602118961884E-4,5.545645898560055E-4,9.828450782136276E-4,0.0020754542710417997,0.005212534085525782,0.012326339628284347,0.024382359812305108,0.05589714025138163,0.16606146328711643,0.4198281364868184,0.4449731261557789,0.3847312430978703,0.35504053678896946,0.37732966882951435,0.48333606952987246,0.5871159726583197,0.5153640782386485,0.38103001161729344,0.2245350934338101
25,0.00538694277947244,0.006438635846587092,0.007633606303792843,0.008849599007719726,0.010074394191847311,0.011528440009416524,0.013732275280739207,0.01767737739704843,0.025477398899991156,0.042504098289997266,0.08484798603926673,0.2074321553986719,0.5619795051227179,0.9159304240364653,0.7060183086658387,0.5070099039631976,0.4246893035533623,0.4405035622020074,0.6231689453734549,0.944725136176932,0.32252858302745,0.08128699920413256,0.029264801171519635,0.013682732583805295,0.007597102411879805,0.0046849000445312195,0.0030333299960083526,0.0019710263177707466,0.001251717804178812,7.74732696259336E-4,4.748998862327917E-4,2.9498601263978664E-4,1.8920654037913112E-4,1.264385641841833E-4,8.772929673630161E-5,6.210149466608475E-5,4.3321031164193636E-5,2.8140776910613823E-5,1.5575106516890017E-5,6.245851563044948E-6,1.079185650086729E-6,1.211769420624449E-7,2.6795218247156153E-6,8.316253785554796E-6,1.7630023409887475E-5,3.319393027754826E-5,6.358980122998368E-5,1.1410608573091604E-4,1.9014444611015264E-4,3.100122253259058E-4,4.975131447965155E-4,7.932650358704774E-4,0.001279982143147095,0.002141738640999019,0.003821064618338452,0.007504062236553419,0.016914606714085356,0.046770612931246874,0.17761189957849768,0.8032635705508865,0.7151263939751588,0.414811566327821,0.3608737569033591,0.44270516378072433,0.7270157684890045,0.9477264947348784,0.39986467853665847,0.14297961246875993,0.06403308368302763,0.034548100844014044,0.02134928411065459,0.014609522955578701,0.010820921899659561,0.008533633212403049,0.007078706333893331,0.006121910944525693,0.00548775833644858,0.005082617561266347,0.00485629485663955,0.004769592802801469,0.004776370067774976,0.40980461397197365,0.26999803940229666,0.8172183599404019,0.20848367841972143,0.42796047487945543,0.20145100879755287,0.263016896474925,0.1389675290849562,0.08198472332668602,0.019309804245857883,0.013026253970982333,0.011305735394113807,0.004744659760746337,0.0030319636826417113,0.0028048150343339935,0.0014430931681473967,4.093295181275964E-4,1.3884441555864026E-4,3.414761877197871E-5,5.409654822859956E-6,1.4520987393465895E-4,3.470866953625455E-4,6.742958396613241E-4,0.0013885638425743868,0.003028037739461233,0.006084025195078567,0.011850089026440198,0.02665079747012006,0.07165478255470364,0.196762302185935,0.3742450705785608,0.4858980267680643,0.41911751135385744,0.36244756918528603,0.4107414615785793,0.5144387412568217,0.5501314853370577,0.5343247958243759,0.43560241936994315,0.20770519521003883
26,0.0054591943639524685,0.006603217397701406,0.00797366047757879,0.009417642296718737,0.010847448841306673,0.012416950930284299,0.014625882193683673,0.018462036484976664,0.02598714713417299,0.0423780010506354,0.08324292445919214,0.20327715310417915,0.5613190527291386,0.9080914469029766,0.6859146941785367,0.49834017877410675,0.42306847077348797,0.43407750649070914,0.5849129613307953,0.9362448655831419,0.4086589701535691,0.0983798483593126,0.03333258662188121,0.014945596325782639,0.008112318048551297,0.0049896382454559934,0.003286012603791674,0.002202992335653698,0.0014480923498099542,9.192986029569382E-4,5.686427195143185E-4,3.507409711120473E-4,2.2097958492358133E-4,1.4449956621373147E-4,9.845581565546092E-5,6.921244467033744E-5,4.889662287055121E-5,3.310087320082881E-5,1.985173538910024E-5,9.196773547492286E-6,2.3227411450832293E-6,1.4083316735576296E-9,1.8585406630921962E-6,7.174010867570007E-6,1.5981918946008357E-5,3.0006398883429356E-5,5.7395203837736494E-5,1.0713481172079595E-4,1.8396206488747245E-4,3.0846154521076006E-4,5.096717724040632E-4,8.343006075071647E-4,0.0013724527701419289,0.0023218158295913636,0.004160401323094494,0.00818535196670707,0.01855229466777777,0.05228287120293411,0.20799030019938383,0.8920410476738401,0.6369859630319143,0.3825803991540237,0.34888591691185294,0.44615954380370554,0.7504282281128787,0.9264959128051998,0.38292889015493903,0.14050536718142181,0.06395896385293724,0.034752209961096465,0.02151859014587582,0.014728894127496232,0.010918789816286063,0.008637396561861516,0.00720793972281776,0.00628746495756536,0.005689466630282586,0.0052989867372982774,0.004995511226876024,0.005415541186709833,0.6089274633264116,0.21706425314930597,0.44186929373735845,0.23281322636692964,0.2588051644349429,0.20290208903910906,0.20185068873421752,0.2245435137436267,0.07093629237356583,0.022413094174861543,0.01762934225132303,0.0094553366528856,0.00431202631149456,0.003352989932782815,0.0034923901058421295,0.0014115222485351494,4.0617037985485083E-4,1.4927796822852764E-4,4.766353318450444E-5,1.8549104977811476E-8,6.0743318883009704E-5,2.014662028150728E-4,4.489780620889954E-4,9.357893296426054E-4,0.0018232584567728027,0.003282255655282255,0.006335836241258137,0.014063621420299714,0.0349967407605099,0.08454254144800236,0.17017593918665985,0.36953170283419284,0.5484346470445708,0.3956560116419486,0.3635845698994182,0.4286582458436451,0.48988817255757294,0.525738442054493,0.5703390812291416,0.4293311757615791,0.1816075115054472
27,0.005507771524815588,0.006724926353578545,0.008271206869872505,0.009985147166787738,0.01170057297893042,0.013471557856922592,0.01574855782633597,0.019513200927772537,0.02678452864106756,0.042529841589123776,0.08171347759880161,0.197914585159222,0.5562568614319188,0.8993079731645995,0.6620183624668785,0.4845075866509327,0.41837994537259904,0.4287464170516279,0.554955398095551,0.8944865415426417,0.5189927434543596,0.12275303393835572,0.03891876172050452,0.016582985046514107,0.008707640474863125,0.00528375948382872,0.003507334063761361,0.0024172533948048766,0.0016518861039575953,0.0010874090807405617,6.872960066746623E-4,4.2498132138998976E-4,2.641843202561708E-4,1.6893160361122297E-4,1.1243949520063598E-4,7.776091028849538E-5,5.491309899897372E-5,3.814507778183998E-5,2.4396111231124343E-5,1.2789088106375132E-5,4.256781628682099E-6,2.3584969370744455E-7,1.082081190043777E-6,6.067564714807171E-6,1.4640901695650946E-5,2.753450104261756E-5,5.1781419410254754E-5,9.958374634357144E-5,1.7569479736330746E-4,3.022593728464327E-4,5.145381417398996E-4,8.689251583463065E-4,0.0014689630432988,0.0025347154308770353,0.004596252620881611,0.009106307773042131,0.020809558564789568,0.059833850484822274,0.24918841339478628,0.9534951380879952,0.5626287408986994,0.3516454510779917,0.3353476350680394,0.4478160877416554,0.7748684900384649,0.897853228396233,0.3622109883159651,0.1369553315836735,0.06374659416259519,0.03504875940664561,0.021802204743583284,0.014928293386378777,0.011050332692193413,0.008727615093568189,0.00727550993315061,0.006334265401723493,0.005678643833686719,0.0050652877097385,0.023255939832513655,2.449835575160812,0.3361057137417754,0.1962238355744943,0.32243179329480803,0.18443044025343344,0.2191960560075766,0.1883422621863446,0.28900479709601773,0.06893380794677208,0.02835448738594984,0.022538123073909434,0.008192606303959066,0.004042232309745147,0.003641725573859497,0.004004747649547434,0.0014667914617659448,4.5455971206330117E-4,1.7785488606239497E-4,6.56343983572944E-5,4.562575317936763E-6,1.9536750717578634E-5,1.0594040031048918E-4,2.8089342275415584E-4,6.073172343259304E-4,0.001086728042246145,0.0018192586501699151,0.003502029289072018,0.007832661040649122,0.019097690710352222,0.04222586914188367,0.0739284178182716,0.14938914689602403,0.431882461547383,0.52431341657105,0.3668181305218173,0.35967727766449265,0.40664996421423566,0.4509010115253525,0.5165920113174921,0.5773502998619168,0.3848070262796805,0.1694060097920923
28,0.005536998268636131,0.006799396118644492,0.008505306477144642,0.010517062337836471,0.012606148591786914,0.014695632480779194,0.017139659056833928,0.02089783147121664,0.02795962796357098,0.043089574744187537,0.08050206482939481,0.19181999633096564,0.5464719950727501,0.8901468579170885,0.6352119458408124,0.465179000434681,0.4090256813972878,0.4225899457062856,0.5317997890446019,0.8374454960395329,0.6459363593490742,0.15805983431228232,0.046825120730611576,0.018809851856519885,0.009457777197156805,0.005594816758127254,0.003698600344445158,0.002598006042898902,0.0018441674465457622,0.0012695260800606645,8.315493444757316E-4,5.22515740955444E-4,3.2334269283591495E-4,2.0279148686351146E-4,1.31519045957256E-4,8.880934408939695E-5,6.192345837052938E-5,4.3410481766942806E-5,2.9028311221882914E-5,1.6818965682784704E-5,6.9346159837285675E-6,1.0190124382558843E-6,4.1826907500105184E-7,4.918122587832089E-6,1.352491622392479E-5,2.582945473886329E-5,4.7198402502877285E-5,9.23389049534148E-5,1.6652739788229685E-4,2.923825657259369E-4,5.110991499407649E-4,8.914976782248195E-4,0.0015582434416386457,0.00276788156244183,0.005129477756014295,0.010321442787518542,0.023930325891570826,0.07051035253927952,0.3070222052877444,0.9685435134090354,0.49614289322044547,0.32352770994915225,0.3213043588985519,0.44770856080970506,0.7993796924202715,0.8610250693278567,0.3374339827107402,0.13165076400653056,0.06297659251713973,0.03523366303904915,0.022112191002849238,0.015173992088693576,0.011200764654806605,0.00878394900252174,0.007227142417699584,0.00611468499229112,0.005055029196677256,1.9280954548282687,0.9589451356859865,0.57426127958812,0.13399555351716905,0.42068414190964043,0.15925160690532444,0.24164179169259206,0.20566006311561089,0.3338625819587511,0.0740230823330627,0.03874617774429089,0.027207777500278325,0.007689997507991768,0.003861871720863589,0.003707886382567185,0.0039892384932499695,0.001524284937423266,5.35629722956532E-4,2.258695758752473E-4,9.012735582974368E-5,1.4435561645323348E-5,3.3666240388360523E-6,5.060304142185624E-5,1.6967319353940186E-4,3.8994451997750315E-4,6.51754882776747E-4,0.0010104102468348475,0.0018812423956259732,0.0041969236907037155,0.01042662011964334,0.02325621046140044,0.03829933086752161,0.06429051859598171,0.15966630724207334,0.47659153641421137,0.46964002206383987,0.3521289186643755,0.3456983190955551,0.3716510744648487,0.4193578540148327,0.5111086416980739,0.5459634797024617,0.34603410035726523,0.1728842302988496
29.000000000000004,0.005554826631213923,0.006827989678014168,0.008659321124392128,0.010972024019738793,0.013516735103589498,0.01607245426837181,0.0188325827063373,0.02269272745652011,0.02962167185981571,0.044208513005216346,0.07987704435342878,0.18561150659186434,0.5321222496807828,0.881444978513707,0.6069882712670698,0.4407736965294431,0.39375585075039626,0.41329425528123825,0.5129691315269804,0.779991231391918,0.766868071484109,0.20932285918769689,0.058302503200558985,0.02195219995497687,0.010472492304230346,0.005968653388620716,0.0038762849234624357,0.002739357961060363,0.0020049685895254968,0.0014475480982257271,9.953490117634702E-4,6.463929319463926E-4,4.038216473813058E-4,2.503601776215122E-4,1.584135633888102E-4,1.0396190448155858E-4,7.084575195973067E-5,4.933250239213742E-5,3.375959856838745E-5,2.1040588043983673E-5,1.0243070105291072E-5,2.5306366970723917E-6,2.7871203695098176E-8,3.656729099415624E-6,1.248316800110594E-5,2.486912030710028E-5,4.392586269953304E-5,8.62180484193231E-5,1.5792834159602837E-4,2.8096332972339525E-4,5.008494763958765E-4,8.991625694619467E-4,0.0016281676261433757,0.0029991621806647038,0.005741350854578748,0.011867929939884553,0.02820982502650243,0.08593477174729021,0.38985787854672804,0.9298881312610641,0.43983704197101553,0.2996770285088921,0.30838339768117273,0.4469362361988578,0.8236861065404297,0.8162669245846493,0.3092305769674257,0.12418612122401548,0.061186405224948344,0.034988353455349244,0.02225102259594064,0.015338635308824677,0.01126781557645206,0.008681835530419258,0.006829668615223241,0.005202455605910353,0.28555251167498585,0.3957772652374195,0.6197365231228026,0.1122964837458389,0.41075552951082345,0.1535614076537885,0.258940804113746,0.23144379079701707,0.3842118141983555,0.083955405307609,0.054880318304793584,0.033580389400906296,0.008216450700858653,0.003953643383247397,0.0036692631092910305,0.0035695803559075484,0.00150632531067108,6.15885044558229E-4,2.859966276094061E-4,1.2068324771507069E-4,2.7748293668254562E-5,6.89536031432859E-8,2.019267846403543E-5,1.0002027716896812E-4,2.603033677994757E-4,4.2230192584335124E-4,5.999033444267007E-4,0.0010217291520756044,0.0021347055662054395,0.005201480387672044,0.012188908035350016,0.021374040914325012,0.03381062324676781,0.06667119623848364,0.18324051224031537,0.46081357207347723,0.43739498083238915,0.3565383223317771,0.33541748608906163,0.3469754460688367,0.4026098067936091,0.4982756199122254,0.5027035002334974,0.3338162674897411,0.1827916307507627
29.999999999999996,0.005572656843791091,0.006818625781967527,0.008725223937026693,0.01130888290019154,0.014364438247850856,0.01755347483276224,0.020842050050873022,0.024980078617998728,0.031903176527457396,0.04606750595622482,0.08013242203655238,0.17999418537320094,0.5139476149993054,0.8740908071358073,0.5793745187885518,0.412570715919085,0.37211588163059245,0.3985188052928979,0.49512858522332326,0.7294459916177126,0.8524681807019413,0.28212331831627624,0.07529143101428641,0.026515898022121825,0.011913684564584094,0.006471871883952501,0.0040723521250440745,0.0028504151136535504,0.0021221276222719004,0.0015985854925694794,0.0011626431010234842,7.940105022840396E-4,5.104118192351555E-4,3.1721238162682306E-4,1.971067279054742E-4,1.256442743458033E-4,8.309564444273651E-5,5.670582964826751E-5,3.8903871553780565E-5,2.534302189857382E-5,1.393443684798301E-5,4.818442864479599E-6,1.6294821643376994E-7,2.2883670165270885E-6,1.1278320779258212E-5,2.4539203093616292E-5,4.2104858947119555E-5,8.184906986727394E-5,1.5132952544115368E-4,2.707650753557663E-4,4.8773675268066856E-4,8.941167906836224E-4,0.0016714852368201365,0.0032022727316272496,0.006388953745847548,0.013741701412333957,0.03397272508503123,0.10852858921734665,0.5076232182644829,0.8484809871286982,0.3942542350936228,0.2811706949094543,0.298493842707068,0.4477717062664001,0.8485431316904787,0.7647925856705976,0.27905819639931867,0.11465787420352623,0.05804164687107345,0.03394132336130582,0.02190172896627091,0.015147710025759384,0.010962279725783817,0.007992485693101448,0.0057961080177186975,0.20705727510748215,0.310237027444241,0.7342503549411443,0.10593101543320264,0.35828943846680233,0.14821470556765065,0.2601701405361724,0.22964338666279388,0.4514916176194052,0.09476168229665179,0.0740284571265092,0.04388827266139811,0.010198388648576856,0.0045746669351902835,0.0038050023223432402,0.0031822033100422065,0.0014636932574405071,6.879161593508927E-4,3.5376700463405936E-4,1.5641495367596013E-4,4.349912620555929E-5,4.233415222760277E-6,4.609286075103423E-6,5.266664124080392E-5,1.775476613834365E-4,3.069016945935321E-4,4.1222913511622643E-4,6.270582412964949E-4,0.0011545626896601097,0.0025339788273242543,0.005819087836932136,0.011110561306406535,0.01854620084412676,0.03370743812044399,0.07500607315161581,0.20104408124779352,0.4239135632642282,0.45161678089706964,0.38113567003945814,0.338999531972883,0.3453001335841446,0.3998295708756883,0.47686236661085113,0.4830900889305037,0.3446586433370281,0.18245528073756756
31,0.005604980764696126,0.006785592471249919,0.008706801050720013,0.011496074231175364,0.015067287265046704,0.019047562374439796,0.023143313109769394,0.02783471173419365,0.0349614693054977,0.0488885835592607,0.08159830058446398,0.17571220709079774,0.4932957596987511,0.8686864070520034,0.5547361573871785,0.38260368802849587,0.34480901879522685,0.3765297561513547,0.47437183515330744,0.6864583868907272,0.8887876731787046,0.37922744381078377,0.10068000312237109,0.03329866486502724,0.014027749184105676,0.007199087788009553,0.004333481874724837,0.0029555700217908623,0.002198762250318683,0.0017047082559212418,0.0013088774889970518,9.521960312748226E-4,6.436284830646891E-4,4.0934056669476594E-4,2.531681858493374E-4,1.57540899363065E-4,1.0085267308532247E-4,6.679196440502066E-5,4.5139656464967404E-5,2.990807646993684E-5,1.7799798413593313E-5,7.729663857369775E-6,1.0664381124685562E-6,9.879702172655408E-7,9.608262554739818E-6,2.4552382121162926E-5,4.177039865608197E-5,7.964380479714234E-5,1.4792867490307613E-4,2.6459484626316994E-4,4.771887315075961E-4,8.838923354439768E-4,0.001691425239024543,0.003359637675787633,0.007015060656882572,0.015878367526411925,0.041523849572828585,0.14188444470717199,0.6650045960639118,0.7457288998365053,0.35845256629280586,0.26850497060211187,0.2934691855414093,0.45347387974521325,0.8756516140704269,0.7081058251645478,0.24869055059076273,0.10366067959083072,0.05349045847414702,0.031784252064944944,0.02065806033322903,0.014108897430512786,0.009568264868811965,0.007078422325693239,0.24981241953756114,0.31203074188700836,0.6333706609897668,0.11093222067387858,0.2938277563346526,0.13925733230125537,0.24867990119882913,0.19805537232519593,0.5239225149219014,0.10594982062238037,0.08862328327508613,0.057301659175333426,0.014051254013042736,0.005995167427898154,0.004339761175709783,0.003076885498687458,0.0014987352329449545,7.912774519810433E-4,4.511612341851054E-4,2.0837007318173667E-4,6.312362148531975E-5,1.2943924607163688E-5,9.772250199620828E-10,1.966291164230044E-5,1.0738206336027542E-4,2.318317783737138E-4,3.246014359247369E-4,4.5924617127891695E-4,7.419964314199062E-4,0.0013967590503293444,0.00287535316846617,0.00551340110200449,0.009686757311362476,0.01754899424782753,0.03546744748695103,0.08179391436179442,0.20330140911619915,0.4278436450368339,0.5071420488577361,0.41560813842919203,0.36416787888471414,0.36877660076371555,0.4072289816638451,0.4617029667972305,0.49557820127137686,0.35819504426698967,0.16944611343373828
32,0.00566912206920011,0.006748530074041674,0.008620572380406968,0.011521148736786509,0.015544703831407545,0.020418548835813198,0.025644137887430238,0.03129663310667687,0.038971753184701925,0.05294790942170068,0.08466324681743152,0.17352840542141634,0.47203867027869373,0.8651753277663281,0.5355315706933775,0.35333720853822687,0.3137583903644627,0.34696078220019066,0.4468948026158925,0.6472947772024512,0.8854190681573155,0.49416135634122477,0.13828871418334313,0.043551167248866,0.017202363365797876,0.00828969495711695,0.0047230958544215796,0.003091650752737971,0.002254534046381688,0.0017634342596468467,0.00141081416528514,0.001095913198296523,7.935966213345903E-4,5.299069670579459E-4,3.333802284071256E-4,2.0510640191671615E-4,1.2752745566523265E-4,8.156606976615959E-5,5.359519472512248E-5,3.52918655410195E-5,2.1879475915933536E-5,1.1018802851272116E-5,2.80160201273263E-6,1.3118443381534754E-7,7.260494659423213E-6,2.4297449026908068E-5,4.281192469665092E-5,7.980155744794396E-5,1.486285316079065E-4,2.64963574460542E-4,4.7497687291036275E-4,8.795660741607807E-4,0.0017032195836338636,0.003476652087121074,0.007578792640047805,0.018170410686736676,0.0511031029948937,0.19129947894957613,0.8414091698392138,0.6401876468974743,0.3303458087582128,0.2614570686834247,0.2947630695160589,0.4679247485046916,0.9068056806057396,0.64699782874145,0.21948912041730356,0.09197589787077073,0.04774576711864582,0.028346221191700813,0.018046910674454162,0.011326641653528162,0.00900800173470206,0.2511317821893806,0.332532856800371,0.6259501278125723,0.12821858371898548,0.2368337889021426,0.12915375196054496,0.23740786629755514,0.1670154846704183,0.49775162433297604,0.12905434843287533,0.09817679426150346,0.06982250552698226,0.01959752105163736,0.008397366457329433,0.005417012698221168,0.003285182018765521,0.0016524819330511055,9.661071344860293E-4,6.220289494933862E-4,3.091075970290615E-4,9.663610178547724E-5,2.591472037303381E-5,3.1785150648413207E-6,3.110953968028833E-6,4.6372198862594566E-5,1.4827536634034232E-4,2.515588394251464E-4,3.691125125083835E-4,5.607949236416885E-4,9.277134627277612E-4,0.0016609593209808964,0.0029855149964036704,0.005231111764180161,0.009386099321152483,0.01791422388220842,0.036683879473184654,0.08093745238809993,0.2014692803038117,0.48296641031763027,0.5605100874155395,0.4492882324722325,0.4069344945600824,0.40916542264943373,0.42470112048168895,0.4660269325342858,0.5247932512751802,0.36408337098968885,0.15596018827991118
33,0.005785382809937828,0.006731114615459534,0.0084941429357385,0.011396673799684565,0.015739665516624413,0.021500811730894402,0.028158073552355948,0.03532241324312432,0.04410045969823061,0.05858377408331848,0.08980732685790876,0.1742424626304514,0.4523913468462718,0.8625905397816739,0.5241114152421509,0.32724706376187174,0.2817370635237047,0.31133480021333865,0.4101576088208902,0.6058697212365027,0.8602387560478912,0.6079152365188589,0.191794679238005,0.05913892391538976,0.022057243549205113,0.009960193017100064,0.005330312865407869,0.0033064700596425497,0.0023213226472582537,0.001791000438935719,0.0014603693835173806,0.0011971411036552754,9.357693738208881E-4,6.724069508087382E-4,4.43074351861338E-4,2.7563259823789265E-4,1.6841781150937635E-4,1.0420020149177294E-4,6.607290347821553E-5,4.24955677188557E-5,2.6589172569463015E-5,1.4589924686887426E-5,5.205533233014288E-6,1.1440188417041671E-7,4.424781039243485E-6,2.2758150747721307E-5,4.4773507436097976E-5,8.22329137750593E-5,1.5398224577529475E-4,2.740019473644367E-4,4.8660949384233247E-4,8.93541669414421E-4,0.0017309141239925457,0.003587535008860119,0.008094953835856416,0.02054965566716489,0.06295593076394473,0.26463734037265063,0.9669633012421559,0.5415691916664178,0.3070547095790769,0.25895541187919174,0.30319421138781266,0.495260232513038,0.9417501288848428,0.5807217754656494,0.19177835402990712,0.08008815366449375,0.04101542093248188,0.02344789523139196,0.013286699072145166,0.010971532557659014,0.32996722146134033,0.3346706230136115,0.6859017747504512,0.15750664946311568,0.19935337704497358,0.11746949866186562,0.23078284028644794,0.15616382083621416,0.3459080617398494,0.192270593357547,0.11457964207079148,0.08290290140643303,0.026509387069957674,0.011877952208514408,0.007154009091339356,0.003743151902025716,0.0018753723508300024,0.0011904353623500327,8.907169920065646E-4,5.164186154508602E-4,1.702960326737869E-4,5.0084778893250695E-5,1.2206098479511953E-5,1.950983017665852E-7,1.1833006057310271E-5,6.79422267956429E-5,1.5623087605517004E-4,2.670581586982855E-4,4.25368811102552E-4,6.771399217818382E-4,0.0011035996722532993,0.001848502496638343,0.0031662923167292624,0.005599278389768807,0.010253622924815482,0.019101346751713738,0.03589062977203178,0.07467030308302379,0.2030912947111454,0.5455137473755605,0.574015675748628,0.46545465193259156,0.4439694629075641,0.4472570311077982,0.45113399904986085,0.49058966876152976,0.5549557936325238,0.36789731281864885,0.15181255406053354
34,0.005977896620211387,0.006760122820820406,0.008362838763661673,0.011159780881635738,0.015639372319543925,0.022138162944747592,0.030399423401305567,0.039716530307388385,0.050440904905994205,0.06618456595656888,0.09763998305173165,0.17874894565975374,0.43669993619947195,0.8591508267824,0.522606325568334,0.30649761429528166,0.25168522862927883,0.27289258799140054,0.36425130682371226,0.5557132060392505,0.8241632199972213,0.6990397494762844,0.26159426386876566,0.08247396040999969,0.029563532907775917,0.012559796508756108,0.006290192511402639,0.0036632051527618528,0.002438910453612188,0.001816985555893092,0.0014709644334194025,0.001242094154523524,0.0010378880081390073,8.134484987800244E-4,5.789581138098074E-4,3.762135626169148E-4,2.311562217794695E-4,1.39834005609487E-4,8.554054338286167E-5,5.316735161926574E-5,3.279333782380229E-5,1.8693189370323973E-5,8.08952366008373E-6,1.0683177919607573E-6,1.8332535576988831E-6,1.895143018595894E-5,4.6449171024683106E-5,8.628375244607912E-5,1.6391955111903528E-4,2.9331880412401465E-4,5.172559763875522E-4,9.384952787818982E-4,0.0018031414899117115,0.0037503967946844003,0.008657014647626936,0.02311723254006174,0.07768796633567628,0.3736918607951592,0.9579717452545703,0.4528258513394378,0.2854382626931951,0.2590061778265843,0.318676425846679,0.5395565215019399,0.9739255192137591,0.5068283516757377,0.1645251184991591,0.06773025857913134,0.033021094054448405,0.01628409312814074,0.012176497102142733,0.5881064185117078,0.31405787295709897,0.7492969659777561,0.19321865779018027,0.18016283880416467,0.10114291161669517,0.21760509066986625,0.1689469222572028,0.244168400196886,0.33393640323048024,0.15458491291545517,0.10704508559997228,0.03656235161746656,0.017203791327093397,0.010082428579538717,0.004506957619121076,0.0020941537969959875,0.0013544933490080193,0.0011546343736466309,8.584629927264303E-4,3.340438373714148E-4,1.0547617027860033E-4,3.221521453799745E-5,6.0182469022422145E-6,5.892016261219627E-7,2.1688117283559454E-5,7.461436341996077E-5,1.5673011519682782E-4,2.7781040128462394E-4,4.568354989724302E-4,7.23728353354647E-4,0.0011699107190211925,0.002006297359323284,0.003620997948160747,0.006705705980918014,0.012132400474926527,0.020430068836998327,0.03415791371805971,0.06979944977562455,0.2044090249801719,0.5700351620428049,0.5475763006822872,0.450399511686762,0.44429288543418,0.45663280127030886,0.4720252427983991,0.5235509781580806,0.5739340681286608,0.37363273455965973,0.1599882290640984
35,0.006276483602561793,0.006865499025840808,0.008266216662456733,0.01086568160016084,0.015284075032272198,0.022236901459870794,0.032027126509574615,0.04406675233002582,0.05789203235840214,0.07612556748778354,0.10892579916692846,0.18812682030818145,0.4272939526664332,0.8529306426821388,0.5328440561372906,0.29285309353107186,0.22606569063116794,0.2356112183302745,0.31258882549748995,0.49258753706753994,0.77756425642765,0.7595679156976878,0.3408891787926702,0.11562387892681694,0.041113701303026405,0.016653373193686635,0.00782105153792422,0.004254086234286854,0.002656205127972999,0.0018772141519424596,0.0014714781932658602,0.0012417182582274147,0.0010803991750700556,9.16988349111201E-4,7.191229760441658E-4,5.064931669876131E-4,3.2429613764309155E-4,1.9635574012354668E-4,1.1699835050372597E-4,7.009682223690142E-5,4.1988572340799054E-5,2.4030045641438378E-5,1.1516467115924552E-5,2.8435262235079406E-6,2.906636932738538E-7,1.3098635789536616E-5,4.560602223041165E-5,9.023853699405611E-5,1.7702058602269276E-4,3.2324647379653083E-4,5.714434070244797E-4,0.0010274690585580799,0.0019516078388411183,0.004040184622990138,0.009436258863759869,0.026260907815897544,0.0970190174886561,0.5342949778826744,0.81877624057799,0.37454405323751816,0.2630202608423553,0.2589635841669521,0.34003877970176183,0.6045523038503284,0.9837185765362302,0.4220683978653778,0.13538550428563756,0.053517018322071994,0.02221619981005264,0.012539206361285764,0.8308361980493566,0.30284878614699795,0.8038065670909283,0.22946945772644,0.18296980745518907,0.08279312233089409,0.18197684614901763,0.1972024226520719,0.21496277512793263,0.4578148129761692,0.23857343359992808,0.15985294914945505,0.05423576476795581,0.026442663278918727,0.01597978644998475,0.006204164456852866,0.002447039782359184,0.001445345608224601,0.0012448402190710231,0.0011475261330170874,5.986672329575119E-4,2.2186379284330955E-4,7.867129259776362E-5,2.3643817829043813E-5,2.5105279953642775E-6,3.2428804168034802E-6,2.847974758928176E-5,7.981220795660983E-5,1.6234509325193156E-4,2.8130913075372646E-4,4.364604388868188E-4,6.676877705646876E-4,0.0011246538785398144,0.002105622608160561,0.004199393624494439,0.008264086639281385,0.01435583535829523,0.021678413709393735,0.034166926580215994,0.06982329404419269,0.20495409893172575,0.549462284204671,0.5082299921976915,0.4135299985066911,0.40383167768017436,0.4236496625248104,0.46447101913328087,0.5380968521658247,0.5672685202278188,0.3741834876255787,0.17660883778502742
36,0.00671985248881856,0.007081897005783037,0.00824602463415542,0.010578499554547418,0.014759000031583884,0.021807494707023152,0.032747680661138694,0.047743903659667866,0.06598437178220218,0.08860258043272656,0.12455553081853236,0.20373807197886418,0.426467124668,0.8430682433620633,0.5561268057669445,0.28782685842144373,0.2065784885890978,0.20294205585798625,0.2609186174430011,0.4176250290668633,0.7130608873359976,0.7959127735420154,0.417172976840614,0.1579943290553727,0.05825401323367599,0.023103256065724064,0.010284783348275171,0.005227612210016954,0.0030411217329119836,0.0020124281169506143,0.0014961635933837577,0.0012253165595904774,0.0010721043774492673,9.577180117722972E-4,8.239844324016018E-4,6.460566989444919E-4,4.5010927940991087E-4,2.8358103634796287E-4,1.6856309533505402E-4,9.816879570158108E-5,5.679843082701539E-5,3.192902647326129E-5,1.5982033810951543E-5,5.321686195231879E-6,6.367847813153648E-8,7.068237122110143E-6,3.9968058179747296E-5,9.10389267190678E-5,1.8944608529204026E-4,3.6088322450633013E-4,6.511086626178708E-4,0.0011732216893567383,0.0022121954328483853,0.004548930378282334,0.010680349678749352,0.030748053994655005,0.12503082716348093,0.752469683697006,0.6361964544283985,0.30767617258134106,0.23912501565802508,0.25652373317514443,0.365473012046945,0.6935528814602415,0.9332064033640561,0.32470917878384276,0.10127490218128019,0.034573829086913414,0.012569000614538651,1.2099455997922401,0.35014851002724207,0.8929501278305514,0.2668684043411465,0.22533132242482387,0.07219447410451413,0.1317708214526058,0.21722116310033307,0.21933100742691014,0.4340216098555385,0.3626506839610292,0.2713852221939979,0.08546433408454107,0.041682224774354834,0.028202005439540344,0.010678606718756423,0.003433411795998567,0.001687368313129182,0.0012715760196013726,0.0012135879406949886,8.147968455773911E-4,3.797466558198882E-4,1.6164967852975054E-4,6.254558164239929E-5,1.709779630733449E-5,5.817618774071712E-7,6.449820174963536E-6,3.516474941748498E-5,9.127091584810327E-5,1.7652066749850715E-4,2.7556322867395596E-4,3.859978027229387E-4,5.814104097029756E-4,0.0010210045118704313,0.002056415032387865,0.004472423215497251,0.009204807059240443,0.01559248664039958,0.02311481152903357,0.0370290707082795,0.07543563332106588,0.20752136451804715,0.5063393029526133,0.4812448463724787,0.38014007204931066,0.3524933600917629,0.3686913582015253,0.4250175033205187,0.5141789622273831,0.5297901569805205,0.3587497985537909,0.18843167745144865
37,0.007360629871817137,0.007452102807499615,0.008346657399856877,0.010363728241585655,0.014174091200733832,0.020968891633350382,0.03243976082521467,0.050040140200277985,0.0737314937484844,0.10330872043202591,0.14537142052519864,0.22727998336513255,0.43657716667899743,0.8309444769303826,0.592637704331588,0.29296529704476,0.19429579082192464,0.17705292176031595,0.21490855291148997,0.33853544860616663,0.6220642715491558,0.8156018365920727,0.4822394104804442,0.20401655185065803,0.08151732844152948,0.03299817771487766,0.014260723667501815,0.006835124284972249,0.003702027948572879,0.0022758867061878425,0.001580991590705631,0.001227070841120792,0.0010436792659275639,9.427993580707134E-4,8.625783222618998E-4,7.517205085759122E-4,5.894022896553632E-4,4.061168073514929E-4,2.5120800188743595E-4,1.4573582886534257E-4,8.200878961235585E-5,4.4838612813643316E-5,2.2605584792331426E-5,8.733731522545253E-6,9.647807780555586E-7,2.7306316628189424E-6,2.9821021320473274E-5,8.53820774042036E-5,1.9479080758182378E-4,3.973601221700499E-4,7.504357949744404E-4,0.0013830922735315943,0.0026236811954062932,0.005393146059015501,0.012740317818010613,0.037895839475351564,0.17042183269920688,0.9642812998202486,0.4785663745788807,0.2537248105926817,0.2153993785791562,0.25130493670096704,0.3944580569894158,0.809194707203286,0.7789428881030247,0.21795524787726223,0.05980557821802709,0.013363240504722118,1.1014796346745728,0.5335547871498706,1.069108740105791,0.30615710471018404,0.3328929825641396,0.07908262501229324,0.09457882500077544,0.21266366681681875,0.22530473482558294,0.3821433818179365,0.43880198274321564,0.4770842670078276,0.13758582360286295,0.06049652081153145,0.04710196547909364,0.022077032736563525,0.006227047738153415,0.00248304568943257,0.001507699009025143,0.0012685735814706998,9.344024331524991E-4,5.166172816921132E-4,2.5882693457116815E-4,1.2048615725965283E-4,4.6137456097785444E-5,1.0596866513324054E-5,1.3767128630009568E-8,9.342598407420097E-6,4.363154665309204E-5,1.1048159165956634E-4,1.9568538770804418E-4,2.681411828549504E-4,3.5378026307192133E-4,5.29182152909744E-4,9.318909086565577E-4,0.0018999907925268636,0.004167189201173608,0.008491427070681259,0.014728139415732753,0.023738500784969356,0.04107638833859787,0.08458628319832497,0.2128414835150983,0.46722640412976646,0.4765542881831068,0.3686096857777023,0.32135060903797474,0.3266720986100204,0.37945825606577277,0.4672669260666551,0.4839624443990542,0.33249418209369475,0.18192332800098518
38,0.008272889452665124,0.00803287617872318,0.00861862715854588,0.010285350127214288,0.013642685806373912,0.019912155512330484,0.03122287832398274,0.05044747161382212,0.07969301625323573,0.11898604897055882,0.17169829679660353,0.2606600940970037,0.46016099265558924,0.8204603660164492,0.6403804307789027,0.3101040845592165,0.1900596056155289,0.1588823128430699,0.1780972524321539,0.26601316150130155,0.5064368880794397,0.8118693502023009,0.5407282177527916,0.24552486160581613,0.10836923668747381,0.047020603626305155,0.02054592682781821,0.009495430304951587,0.004825933401636228,0.0027515566369867043,0.0017699408254615333,0.001280124087701778,0.001030212932130819,9.052191156766528E-4,8.412540228239677E-4,7.870733193655957E-4,6.949819438425704E-4,5.454600701789197E-4,3.7161334171522927E-4,2.2489625022134658E-4,1.262283179681014E-4,6.744006472412468E-5,3.3618843463138705E-5,1.3912792667177715E-5,2.883931132004386E-6,5.280603692077869E-7,1.8685406058993197E-5,7.254633899668125E-5,1.87123771530413E-4,4.1798195480867326E-4,8.488464381244483E-4,0.0016451483494928424,0.003213479082721969,0.006714196906159474,0.016132535075417436,0.050004271932627874,0.2512558008266754,1.0014147559784858,0.36558311660800363,0.21361670365666216,0.19505490145414914,0.2459928767254034,0.43165685485937466,0.944685935668801,0.5218732670428062,0.11234267208880365,0.017395986034936903,0.5181820515184052,0.9990617374210581,1.3227401685808189,0.3446161037226215,0.4699512057055175,0.12077730464029895,0.08269890740523936,0.19451906858326182,0.2248887840103116,0.3455220818858326,0.4300601638346914,0.6354757316270039,0.24357938695615722,0.0789843379885696,0.05999088119966872,0.04189263429610628,0.01317084173012401,0.004625609809796698,0.0022906818233955784,0.0015699319002413588,0.0011194676140683431,6.706165992223155E-4,3.7346702847982776E-4,1.9625088627451255E-4,8.826532581825661E-5,2.994176043665663E-5,5.917434991092435E-6,7.548518315224613E-8,1.1114767672308048E-5,5.16354282148711E-5,1.3124964494608303E-4,2.1481316290535422E-4,2.782674170278231E-4,3.6379288969811075E-4,5.350457338618021E-4,9.093432840034491E-4,0.0017560064070923907,0.003555311021837689,0.006823015114140291,0.01223084315213866,0.021849611487434455,0.04177543264703903,0.08990853877836727,0.21664454735906208,0.44893058090348975,0.49009129402641055,0.3833984535996484,0.3242753394166768,0.3187639600248775,0.3574459532783341,0.43076312286298674,0.4587698211620825,0.31729634386150457,0.16451158675380503
39,0.009562954490555348,0.008904112042456195,0.009125476359122878,0.010408669321868657,0.013268840072647921,0.01884707066429367,0.029417508537372166,0.04892712203020878,0.08243104457919771,0.1331323098413442,0.20246135567562748,0.3054368527225681,0.49984023616016865,0.8170294734384411,0.6941699327091069,0.3413461049053804,0.19495099707543403,0.148717220752525,0.15156975068659104,0.20776393432697804,0.3854045002807818,0.7549595865488462,0.6079660777661179,0.2796764364896233,0.1329151406460731,0.06390804959637196,0.029781406539626094,0.013823452824024637,0.0067359578299184784,0.0035872851262420216,0.002131550533119076,0.001422311606216725,0.0010630994688186268,8.815793236718315E-4,7.963104856767674E-4,7.589348048016654E-4,7.253912547420687E-4,6.496398859558128E-4,5.111743010800217E-4,3.441619121081499E-4,2.026966245725449E-4,1.0860719921347751E-4,5.3547766716004536E-5,2.2777213781433015E-5,6.224836089994864E-6,1.3628880801754077E-8,9.922310590575314E-6,5.583479287823625E-5,1.6630248170963538E-4,4.105170245205857E-4,9.12389053085238E-4,0.0019102383786442647,0.003958454420084581,0.008638398017786627,0.021600765744315343,0.07130792368197188,0.4033526675498453,0.8330572492647892,0.2919705545763785,0.18700890882487373,0.18143850652851737,0.2462826429667876,0.4934755057485243,1.0130353548975286,0.2466210362658068,0.028621665249266754,0.4416698046231723,1.86662717394762,1.2581251944084297,0.39543139723425336,0.5531141589198657,0.24289000742498926,0.10099720645760162,0.17891953988960121,0.226649983564511,0.32973042516510737,0.4236015882478281,0.4966581023910327,0.5345663021531393,0.1152809653454193,0.06364313563976998,0.055301150484731346,0.02428738760443912,0.008985451600798031,0.004096065955161692,0.002360950010785884,0.0015279994723668823,9.354837092542128E-4,5.601051344689746E-4,3.2569394034178404E-4,1.648441355339914E-4,6.394224790906359E-5,1.948851852563107E-5,3.5767489678417236E-6,1.9359045205941486E-7,1.1129131049625075E-5,5.375668535246424E-5,1.3876713833434326E-4,2.2941437187269884E-4,3.1128917849651354E-4,4.1861639321603213E-4,6.054973779002302E-4,9.713438502572591E-4,0.0017028403087365031,0.003075149765378498,0.005494670914674853,0.009846557674740816,0.018357141222093525,0.03695666893446306,0.08322404081279113,0.20914347556143612,0.45020926720053345,0.5054764988437792,0.41166128462176593,0.35920385885107653,0.35161478072034824,0.3763972718235097,0.43012860390616103,0.46657207965407804,0.3302777334633857,0.15599827665896757
40,0.011383752807905316,0.010182741029794771,0.009955044530568396,0.01080881752549829,0.013146978654927302,0.01796177246359197,0.0274261961534056,0.04595769659087488,0.08123853838769003,0.1424213189274336,0.23411427443529292,0.36149956926546867,0.557623747932847,0.8257197161606734,0.7461435549055732,0.38831186801682754,0.21068804227415047,0.1468793404571651,0.13494923967877906,0.16598220120505378,0.2826741027925394,0.6208817168147963,0.6961108466595471,0.3144727325492687,0.1505630835616841,0.0794378664602557,0.04127824354669333,0.020389342143652223,0.009932018217438878,0.005047529841558769,0.0027893348045093143,0.001712236065513719,0.001175929992890364,9.020299099875365E-4,7.661214639414119E-4,7.079553090508919E-4,6.897728760161914E-4,6.729353387303611E-4,6.120750465323566E-4,4.837432042488642E-4,3.215098037614475E-4,1.8276183702282343E-4,9.149305444511661E-5,3.95576480324293E-5,1.2392754403834848E-5,8.854027798252047E-7,4.36342033727732E-6,3.9875026596801794E-5,1.389788849232343E-4,3.76874032123034E-4,9.157191939440795E-4,0.002098998525906924,0.004737367042539151,0.011158549445987802,0.030071821747889617,0.10984686885858741,0.6747295911019554,0.6265326986733577,0.246672765826831,0.17252368781988112,0.1772505117028537,0.2608802359791853,0.6237005955054464,0.697616091915563,0.05880629420254665,1.200279708171898,2.488026115383555,0.7075378988593932,0.5403239340326095,0.5590567276336372,0.4625004039792041,0.16058220230272974,0.17189622477526967,0.23291159473936365,0.32417836589214655,0.45825235241860235,0.411781398971706,0.6705841480216418,0.25184887442492454,0.07971129686254855,0.061219733832742616,0.034536455230671045,0.014733924322448197,0.006932562116178414,0.003753393922068099,0.00221109546855839,0.0013393598066487277,8.512606772217056E-4,5.567539942853507E-4,3.320572031491429E-4,1.48914377386651E-4,5.090852007858849E-5,1.5225404266916474E-5,2.7577925514828294E-6,2.0565925702082426E-7,1.005983996672603E-5,4.813109120306905E-5,1.243101366377398E-4,2.2303699522965604E-4,3.3877044093660083E-4,4.908001657045997E-4,7.204744359319013E-4,0.0011064787503548455,0.0017822143767391135,0.0029528223763234563,0.004989218478888847,0.008668504815252371,0.0157424927268299,0.030781114764293658,0.06875384606565507,0.18530944627218895,0.4496223624327167,0.49744877673734084,0.4185184584464627,0.39804946883444037,0.412778228199024,0.4391271822012388,0.4780369691597493,0.5097187202352839,0.3763929066221289,0.1690921100235427
41,0.013950500728449057,0.012043096329447903,0.011237010532231622,0.011585290435310964,0.013372758714401807,0.017410481031462463,0.02561830202713943,0.04231579837148631,0.07660392412073207,0.14414689168506675,0.2603484990974331,0.42503731541248724,0.6331509185073008,0.8490598823586958,0.7887950494025322,0.45008409518876297,0.23974422343485896,0.1543104931494549,0.12761474107478,0.13917000291425366,0.20907860148627055,0.4493036123082958,0.7733465772151915,0.36855525824945806,0.16354932878200618,0.08924653058532368,0.05184196748858719,0.028770061538310056,0.014919828609018054,0.007559581450331468,0.003971961084841136,0.002258562597810049,0.0014210079119721711,9.971181499091233E-4,7.796816298396336E-4,6.74142298690275E-4,6.340605310208152E-4,6.29288228032034E-4,6.25809415775041E-4,5.787786859545928E-4,4.602866378016222E-4,3.0131502605666667E-4,1.6310560785000845E-4,7.342446349887197E-5,2.4991848594919748E-5,3.63840709559013E-6,1.3057892259152191E-6,2.724885102612418E-5,1.1310907363515832E-4,3.325792743602251E-4,8.677843823331139E-4,0.002160427186958608,0.00536053808280098,0.013997122037647513,0.04237266315977528,0.18098132015044338,0.99510259704942,0.46991710899035244,0.21936621114232116,0.1681776226154981,0.1849105974944915,0.3056372512089539,0.9196991569270956,0.1692417747845001,3.514152395030751,2.0125830709960555,0.6327839245875074,1.085005866695461,0.43778585758229915,0.6030330897637599,0.2555405321762106,0.18039752177268126,0.2344611219352434,0.295790277842572,0.4885157401099654,0.45463282099204405,0.45925090400288465,0.6181153339872035,0.15212782144919287,0.08030070410218515,0.04789554817197928,0.02227038302627252,0.010895673730918008,0.0058194557682587625,0.003123600504611002,0.0017493701205916876,0.0011190674103609207,8.110035270489259E-4,6.046089988299306E-4,3.628814803421308E-4,1.4854988475713145E-4,5.050202676875978E-5,1.5600333353337504E-5,2.961823236630618E-6,1.3433414690960083E-7,8.753328119308E-6,3.940755150416078E-5,9.94650316847704E-5,1.9029028807023598E-4,3.189558348300445E-4,5.041601154572889E-4,7.824790779805764E-4,0.0012261478499187883,0.0019655420499108396,0.0032165685059346947,0.005343010329263516,0.008967526469007229,0.015279838290596115,0.02746519313693778,0.057418001499701964,0.15686443849253756,0.43223573885246896,0.4642253725104992,0.3802865136837158,0.38990446709637555,0.44842999622000174,0.5089750822397896,0.556222355534533,0.5737815137406229,0.43924100134470345,0.2078527483453089
42,0.017547555284898635,0.014744296383724913,0.013169912796563517,0.012884575943657866,0.014063377252982224,0.017327135475960136,0.02427724001165299,0.03877133532686961,0.06996849890570957,0.13790620322518501,0.273911392500434,0.4870615502860499,0.7211245923029529,0.8845238723301923,0.818059617724709,0.5201047519976938,0.2846231269967314,0.1729854045179016,0.1295991176904829,0.12494973468390426,0.16249232767114202,0.30737144217766044,0.7209798415255959,0.47091213501493406,0.18115757145592395,0.09367836443239676,0.05766403815362438,0.0363693874856704,0.021388717972763985,0.011577182887173933,0.006062415503226077,0.0032696050645669725,0.0018988364678372398,0.0012155245301857295,8.653302533556719E-4,6.851261356821509E-4,5.992795663545053E-4,5.70452060880331E-4,5.741142471019132E-4,5.805727580999795E-4,5.461242878814132E-4,4.375898166204653E-4,2.808843049185785E-4,1.4130628942458156E-4,5.2776082577759515E-5,1.0512261107704162E-5,4.7036848402181736E-8,1.810582636970671E-5,9.311768259337085E-5,2.942535697467833E-4,8.056943277638828E-4,0.002127675519357746,0.005731733772189616,0.016723593866963964,0.05896234561261448,0.31410968192799865,1.0135833844395055,0.35992047287343654,0.20117289959657894,0.1713306787052513,0.20794787781813434,0.4269305134673969,0.7156744176808907,1.7904588896141889,1.484815561726985,1.0439117955471564,1.5130287199234,0.37124115237857713,0.5923738280959369,0.35530804624576395,0.21919844925578255,0.23497810310500586,0.23295986676795227,0.40925114365073767,0.4983664957298843,0.42772358596924687,0.5613672273214692,0.3924841291013782,0.14443068454068078,0.07973394620473655,0.03745605849462034,0.01860119761111607,0.01006653357368577,0.005048099694968131,0.0023616990504617017,0.0013052434457918125,9.030715965001488E-4,7.485014591012145E-4,6.294730578664895E-4,3.879780330205657E-4,1.6809462536413413E-4,6.293147185599836E-5,2.0835496262164994E-5,4.396478976779243E-6,2.6706798319049012E-8,7.4684433986113744E-6,3.2558237909435624E-5,8.024140326328349E-5,1.5537056447603362E-4,2.661813171899586E-4,4.2906857612800203E-4,6.863571323799639E-4,0.001142154432684452,0.001996511019764913,0.0035781833416560454,0.0063537565657263585,0.010813113364048835,0.01751440812890633,0.028724695079141913,0.054691755003635906,0.14015221794765687,0.40739771564899335,0.4438806534175534,0.33158341849272205,0.3335191657075148,0.40866870161985314,0.5114530886429549,0.5907031623150631,0.5953875603535105,0.458649298689597,0.24908124369130386
43,0.02249666639710784,0.018658631475398726,0.01606140652439822,0.014935574322465095,0.015388412676822373,0.017856754540026974,0.023613533945267672,0.03590352968031971,0.06300056917334537,0.12598298273746458,0.27040505948302435,0.5347054579713804,0.810374549238374,0.9223698864130009,0.8319393334180871,0.5848491535212598,0.34518544763262665,0.205874323733038,0.1421728563968685,0.12183977686612388,0.13663971561567456,0.21693523078091254,0.5199951327878134,0.6430654262461373,0.2190177264717898,0.09805691536478772,0.05861775320083895,0.03988756525620889,0.027063906614221315,0.016811755653445132,0.009472847947749686,0.005104345345762489,0.0028089800835834106,0.0016549231621997135,0.0010703928846757377,7.67758500283154E-4,6.113239057956998E-4,5.373282748647061E-4,5.142886392074582E-4,5.217644227245207E-4,5.342317994483144E-4,5.10399625585588E-4,4.1207284136674026E-4,2.569717977390947E-4,1.1391318121307321E-4,2.824745082891913E-5,7.707639529793462E-7,1.1465678961024055E-5,7.974558488528043E-5,2.716365427748968E-4,7.673286129404923E-4,0.002094857631710912,0.005975678251445083,0.019255832168970175,0.08082300456560058,0.5614428389082844,0.728641087285485,0.27758373398860353,0.1847794321182384,0.17859752044775676,0.2558430497602091,0.8537086143710736,0.05490826483228952,1.3284082029135107,1.516669956383957,0.7582375489710081,0.6150073920716836,0.5091415608991469,0.4490681022259968,0.28323359066485065,0.2717381679160078,0.19124485365910632,0.2508850847522165,0.4238087606121967,0.4285238280173994,0.4470620797894429,0.5572719739116868,0.31099684816592693,0.16300441896402124,0.0736304436558072,0.03598999170417526,0.020491209209645266,0.01085027858458422,0.0044162068036715865,0.0018902420772322938,0.001050395741553927,7.613443463319112E-4,6.773761045564604E-4,5.832286803117863E-4,3.7825084480545997E-4,1.9275242182132594E-4,8.558083877696758E-5,3.237091539142851E-5,8.064173349564056E-6,5.397151338440906E-8,6.16776753679756E-6,2.9068260196520742E-5,7.179602604738433E-5,1.3648510036656786E-4,2.2357894884750463E-4,3.3886426021798065E-4,5.188907334270369E-4,8.687788675243094E-4,0.0016259867394626238,0.0033022279848821164,0.006826821566082488,0.013147630876012267,0.022318105663058144,0.03562439196061846,0.0629563691069543,0.14438485186227562,0.39362152375539,0.4645547967117297,0.3180425557062459,0.28723569696835166,0.3365315856019072,0.4413731735132881,0.5466834507558018,0.5360706408437063,0.3892765688174192,0.2322114682818562
44,0.029022152482942418,0.024273166393040196,0.020381515658394387,0.018105370469029016,0.017617274904534547,0.01920115424738828,0.023818361385702407,0.03409044911921387,0.05700231350515292,0.11199141484880011,0.2513358381675977,0.5557093100656307,0.8881709065570067,0.9475050804894648,0.825509198666152,0.6276367739669199,0.4136436437277773,0.25541853319462415,0.16810158149445328,0.1300784827948488,0.12664380887234336,0.16726883164730474,0.33638230682390746,0.7539576894194924,0.3067663218209811,0.11019770729758671,0.05849066302980191,0.03924427727084527,0.029068781642562484,0.021123925592809,0.013869264507968286,0.00813844621814189,0.004502084447132943,0.0025160560657657323,0.0014946381184716018,9.702724811619776E-4,6.963839296321559E-4,5.537260467458594E-4,4.8551332700866144E-4,4.63681234433462E-4,4.7052798713293425E-4,4.8445379819108184E-4,4.683018081488772E-4,3.8039857269622437E-4,2.2536092099078456E-4,7.42903842280805E-5,5.798236447744455E-6,6.25682417360444E-6,7.179558880506632E-5,2.687874913324803E-4,7.791625316864136E-4,0.002161165846596975,0.006377850304374917,0.02227155465404717,0.11267284252858921,0.93731865472934,0.46134910414723784,0.2127604351241592,0.1664062014263364,0.18796799573824546,0.37783082501874843,0.22392163413928048,0.7426187141367537,2.4800541826056155,0.6894188917801302,1.191944901012688,0.395240620687814,0.5248005205968026,0.355601719368661,0.32636581031348133,0.2330676069442142,0.17223057574059988,0.2756933190781385,0.3646367173691789,0.38256959119910383,0.47309176078746695,0.4819792079926373,0.3459218336018044,0.15742527106312737,0.0702891118454512,0.04145035618603914,0.026949347995052282,0.01220655101287813,0.004303386790077993,0.001810154824888337,0.001005468403325921,7.380699247272158E-4,6.394434574676751E-4,5.107665561473912E-4,3.4044582813401133E-4,1.9879181910829733E-4,1.0427004752649453E-4,4.673674795926415E-5,1.4562075510226006E-5,8.241576066308607E-7,4.353257309052932E-6,2.7520751206413386E-5,7.260365466417528E-5,1.363364878947821E-4,2.0829042015101676E-4,2.875397870246752E-4,4.0551426049719477E-4,6.397952994939825E-4,0.0011662198806364076,0.002430491952676292,0.005517314277478058,0.012399814087613526,0.024964229780091954,0.04505051034389082,0.08213260721335806,0.17368319723171477,0.407102028969805,0.5182291016827961,0.35624995006447036,0.28619792814640005,0.29867542605472847,0.37328465542683187,0.47803966352796534,0.46760719601566236,0.3069281060535127,0.17425343940174617
45,0.03692934573567758,0.03208316873098197,0.026807717783769756,0.022982674536261422,0.021195630109625076,0.021685602718423215,0.025138877299397944,0.03360723106335484,0.05276240294125144,0.09911454253412846,0.22341317259023824,0.5436276575214924,0.9475035673377445,0.949535126521099,0.7906000718867827,0.6346063683084077,0.4713511017330868,0.3186620305185258,0.21079276451822246,0.15198110338024215,0.13066207716593015,0.14502014593280801,0.2317509850363982,0.5787250818538181,0.5002352006344277,0.14253061173227477,0.06204758180556795,0.03756748643609054,0.027601013797260647,0.02201665713017877,0.017117319715078568,0.011925949028897143,0.007313970204359316,0.004153979096263781,0.00234972244580722,0.0013998088359418995,9.062176122064925E-4,6.463259188830576E-4,5.094329644497831E-4,4.420014171306766E-4,4.1739744897137274E-4,4.194003279139032E-4,4.299855012732192E-4,4.1829550341589844E-4,3.414392207426462E-4,1.7411310580983834E-4,2.3070091176158814E-5,1.9953729950069435E-6,6.701584979608237E-5,2.874039079958214E-4,8.624838840315684E-4,0.0024194195514805807,0.007295990964797334,0.027283194768183902,0.1694349599008632,1.0634766089502754,0.29504535222567935,0.1638193000698971,0.14806329517571507,0.2075855716101205,1.1313933585924152,2.309172621044346,1.4064468902273581,1.259935651152666,0.8266088046347694,0.32996922614371793,0.5277211756496925,0.42637851581595476,0.3527721792923981,0.4285172251303212,0.20101291229244025,0.1882460008274131,0.2832134014978286,0.3257141999435032,0.3860039037715667,0.4683855263640248,0.5161768135044743,0.35979137898357727,0.1301490811069126,0.06584999918241974,0.04895549988965759,0.03390643817570345,0.01389164860735881,0.0049817950109118546,0.0021422737162638795,0.0011863398365886228,8.474547213694991E-4,6.6489050318429E-4,4.848319013476248E-4,3.2179597580312064E-4,1.9742126708791765E-4,1.1059940719108593E-4,5.420047225686473E-5,2.0507231490869722E-5,3.0719009388671783E-6,1.6750421526890874E-6,2.309018084347626E-5,7.494361806606643E-5,1.496116709629477E-4,2.2170837382239213E-4,2.861075236929669E-4,3.7429235519087717E-4,5.439712859283854E-4,9.106125393862313E-4,0.001761394856686886,0.0038276446723676037,0.008782234135731294,0.019874130112810744,0.04329049998399215,0.09377352675205573,0.2102867430147183,0.4400346760250924,0.555248629540129,0.4270633473699596,0.33433454915623967,0.31677115260386535,0.3592230445612006,0.4401497314698013,0.4373854781737561,0.2762062690962122,0.14204240663072565
46,0.04513815942118519,0.04221580449690753,0.03617235079138672,0.030479042975253532,0.02686835923346517,0.025865310275681556,0.02797864700160937,0.03476534189025848,0.050734686777289845,0.08930246113836275,0.19460999807406687,0.5016444130425635,0.9875145741708108,0.9343677227811691,0.7259786417659755,0.5987567002617566,0.49480912936823973,0.3799931138092446,0.2699700059995649,0.19138138608796884,0.15010187620097581,0.14308822175645833,0.18345509526868495,0.36592782560133036,0.734777521022022,0.22529607293857185,0.07510855351709739,0.03817739206115788,0.025462403179404982,0.02009742425456014,0.017122698608144336,0.014251918654486022,0.010606893587163543,0.00684713870111046,0.004005083334077415,0.0022896673541919345,0.0013617560172044507,8.737846598089564E-4,6.149259745126006E-4,4.766657065123137E-4,4.0553067483607144E-4,3.745779072590263E-4,3.679981164578233E-4,3.713857109946625E-4,3.639503541330703E-4,2.9360526063235034E-4,7.079985344759348E-5,2.7208724525200566E-8,6.167996875746772E-5,3.2621842668735274E-4,0.001040327674815083,0.0029835910253809806,0.009218288018773307,0.037065969998787716,0.292452469866843,0.7253660609415568,0.20299176368917288,0.13129802790640271,0.13684097621210056,0.3105574926450968,1.4805302163576848,0.6645582713105388,1.2119757642484705,0.6029043833443922,0.5230838098893728,0.3724489178531392,0.5088469959340044,0.40565311342901433,0.5026703064692446,0.3952988463417397,0.2075152806542987,0.237411844328025,0.29793264891246973,0.34567258967421854,0.41866349791625884,0.4682237196963587,0.6240826892136903,0.31121455253615515,0.10180236127514128,0.05852132864976406,0.049215752509473014,0.03317160381726565,0.014902978403556874,0.006257320761103313,0.002934619120768649,0.0016611132515039467,0.0011295162588318038,8.056468783394975E-4,5.548251341513658E-4,3.6209922272534257E-4,2.187283308988156E-4,1.1833427473218714E-4,5.67049983226781E-5,2.3338336163699744E-5,5.941436156320551E-6,3.0817114255664E-8,1.2243956564577725E-5,5.984876882741451E-5,1.4929960437735622E-4,2.477928849765134E-4,3.3152788405326205E-4,4.250339630404297E-4,5.786214842690692E-4,8.787331755069948E-4,0.0015149971456326827,0.002928225716349279,0.006124824569471926,0.01345647828857867,0.031020155312031693,0.07653600382782132,0.19881466338778786,0.4290601857336244,0.5145672208236239,0.4380319555803745,0.3827445043085245,0.37396638625853423,0.40537930516370396,0.45718971911328365,0.44411631763506015,0.2958486488391541,0.14918297196472707
47,0.05153378091929849,0.05366771702230487,0.04907084542711771,0.0418592879752072,0.035856390450365865,0.032704213433746264,0.03305144022536535,0.0380784337499134,0.051325356148479113,0.08349994335514474,0.17068673026867326,0.442644916839285,1.0045894131261408,0.922777221099524,0.6467498081225409,0.5264792962545549,0.46959166253100965,0.41183606158716224,0.33237435538543014,0.24947894619876007,0.18894767382114655,0.1605945322720733,0.17038173878191878,0.2576146304539552,0.6099940996668928,0.43569277266680917,0.11041997570317821,0.044257713770092744,0.02509682645729898,0.01794668684204831,0.01497857505862246,0.013524427987656164,0.012057042760975658,0.009664693767069424,0.006639402745937384,0.0040285574703317045,0.002330600012621094,0.0013793669104658918,8.722207812998159E-4,6.012802640101916E-4,4.5440570282154365E-4,3.750756168833092E-4,3.344373766890974E-4,3.1659189936707747E-4,3.131064832921445E-4,3.20051158785008E-4,1.5733875597597212E-4,5.495039109139861E-6,5.050772758463397E-5,3.7273464689681763E-4,0.0013251841530242466,0.00400540264781624,0.012955581070335766,0.0575052631731633,0.5838757407252969,0.4405056132246273,0.1553010748693411,0.11461675874149076,0.14694660860429787,0.26491774172956106,0.574368904908868,1.7953712208687853,0.5826200048457477,0.5667202056060404,0.18678174821759427,0.5538207672872879,0.4143053209917342,0.4465352895070887,0.6094445426383694,0.36113651255453144,0.25351951510304443,0.3100513291443846,0.35575779910327937,0.43131134603728394,0.46810145022709676,0.5032484576991557,0.711545582845821,0.267194457788612,0.08628059047625024,0.05274391521560833,0.04088155429791799,0.025520398645013386,0.013355366154869973,0.00692827631752828,0.0038448829829856243,0.0023882855419602826,0.0016281261562241121,0.0011381302009419952,7.833727064765256E-4,5.090489099473445E-4,2.9418489060562984E-4,1.46375782112307E-4,6.551693271373593E-5,2.7296727156155118E-5,9.003159667202201E-6,7.154620494191416E-7,3.2384881681059416E-6,2.9447981417016266E-5,1.0054254417072695E-4,2.192020108432332E-4,3.6322181298604285E-4,5.260050411970782E-4,7.361962697766754E-4,0.0010648341341688802,0.001660906976011856,0.0028339550363147697,0.005242221664185094,0.01042200407986974,0.022494306565994382,0.054235441356839414,0.147376803043466,0.35439631096304397,0.4169470233621155,0.34536559111108267,0.33096989041064123,0.3751022859195443,0.4487164181366752,0.4960359100340053,0.45697351575120626,0.33102305769253804,0.18941067142370419
48.00000000000001,0.05387423917966255,0.06362429978746086,0.0647757241779468,0.058379414294426286,0.050009921947384836,0.04385999337975817,0.041644308664760356,0.044496272607896584,0.05519993634659855,0.08228391136162326,0.15449722934139096,0.38311030128858303,0.9866340971080184,0.9382428900866082,0.5767053791123743,0.4404766933149585,0.40297875081462853,0.3927223622225891,0.3677494860794535,0.31369909602631585,0.24916049543543278,0.20118084634254313,0.18514908795183405,0.22029499485391013,0.3975449784037066,0.7290753533729847,0.20753125493808797,0.06208345288100257,0.028419988182004727,0.017357866227380076,0.01302518528251719,0.01132978033816919,0.010743658488093812,0.010240458854672436,0.008911302388962448,0.006610257527787048,0.004213176479677951,0.002479799953289278,0.0014589299158953076,9.044506572321168E-4,6.060667480634447E-4,4.4208365947931574E-4,3.494655477085173E-4,2.9603157668585146E-4,2.6724618628746506E-4,2.7167959773456897E-4,2.266297262839446E-4,2.4680933805853963E-5,3.1217123295309234E-5,3.9292519849571923E-4,0.0016645566522074601,0.00558724519092569,0.019810754127949737,0.10275522394577238,1.0343272310492684,0.2976292567810244,0.13340852223079247,0.11388110648140162,0.30962281943406267,2.6714736268083463,0.500074789512309,0.7035271836842066,0.4471144610599099,0.18490255096577643,0.2542904127168061,0.47742456159509844,0.4184992489534002,0.5527255405280715,0.53142862213096,0.34196232226518486,0.34860706652399104,0.38992775624473114,0.4768058087384359,0.569110868740344,0.5490499219206756,0.5668380085662361,0.7534984555773333,0.25962084448924067,0.0872277621717393,0.051403067326965826,0.033095037499684,0.01920823043036311,0.010833551933238733,0.006329637004234379,0.0039803961163553106,0.0027673230715959444,0.0020673914010788967,0.0015913235823889816,0.0012106762797519086,8.401488763876422E-4,4.80239356469962E-4,2.2399537239201523E-4,9.496781872514088E-5,3.923532587144149E-5,1.4600391994644907E-5,3.1597719655650354E-6,1.61448889883683E-7,1.0169505749401072E-5,4.69469568074388E-5,1.2857595904741613E-4,2.7180219638588046E-4,4.959479991283008E-4,8.325385425652921E-4,0.0013393917797413972,0.002136600681580765,0.003485705830452705,0.00594047460223475,0.010716116033737283,0.020802584181929828,0.04476833394244383,0.11055012554937965,0.27763277457605406,0.35881985083849294,0.26462058166313507,0.23358489039579622,0.27881590861420036,0.39147674850974634,0.4676770609770605,0.40239707058469454,0.2992951322189078,0.2087542953034413
49,0.051454278718375684,0.06830730868538486,0.07973564173780659,0.07984829331136445,0.07153262555574,0.06202302264550495,0.05606687006946429,0.05580248469041312,0.06366491113056826,0.08651668834058779,0.14722687117616987,0.3354336841932971,0.9243967720258225,0.99799055081861,0.5343723557211756,0.36597403478092977,0.32260432626125785,0.3292299184194149,0.3490829215685147,0.3499274872962971,0.3168879207737631,0.2668400980148374,0.22954901428559407,0.22890321494902516,0.30721147389396253,0.6181432741900414,0.47163198840932413,0.11113958821884201,0.03908637490955773,0.01954046095914369,0.012516131523135266,0.009678326669909743,0.00865004029217611,0.0085173137142606,0.00862760541181117,0.008188360552551293,0.0066672824868731495,0.0045492317833337285,0.002755664088841385,0.0016153833113159884,9.777983747640616E-4,6.315414739848567E-4,4.3913635152016483E-4,3.2686354642332E-4,2.5881393760388054E-4,2.3156890456869147E-4,2.3520099128566748E-4,5.4189643011310314E-5,1.1286197129767315E-5,3.523848624261176E-4,0.0018901817890105423,0.007489428806446257,0.031236620736972406,0.208644054055303,0.9369539296275632,0.2255451895880059,0.12654069711344323,0.13953041669876712,2.585332001683334,0.5947627741476242,0.5932060862409797,0.3475088082991146,0.3404413332313003,0.11325438897661701,0.3688568223649696,0.36186837556344237,0.45658740851226837,0.5533948391258559,0.4326329431607994,0.37210201992184877,0.39417240396385744,0.44531544634815307,0.6168663419513852,0.6993961305780033,0.6475549537295379,0.6541354047227872,0.7544702932094743,0.2893939733032507,0.1060039696991215,0.05623308948238976,0.03132601308077573,0.017460839632350227,0.009939858937159991,0.005778130111709565,0.003539488186749496,0.0024435308716765076,0.0019204564876564233,0.0016635018077337897,0.0015038250085958565,0.0012544912707247462,8.173550356725414E-4,4.0646993885041957E-4,1.7690983456870984E-4,7.412525502515769E-5,2.934552127097143E-5,9.142224577459754E-6,7.307564937732328E-7,2.4158756725967774E-6,2.0162688295326568E-5,6.531857385583248E-5,1.5485566483645257E-4,3.175138567693363E-4,6.093682919709319E-4,0.00114674052828406,0.0021639156020479555,0.004088887473679445,0.007651420722515144,0.014149212540659512,0.026200746139105335,0.05015789659556769,0.10457731266458072,0.2359189534093148,0.35880783651955034,0.2594729256258339,0.19333738848556037,0.20255170062866304,0.288357719201859,0.39914795682726617,0.32405142131173703,0.2084486229661552,0.14688839530181722
50,0.04568318435610664,0.06582331077045542,0.08796577016051563,0.10192703681973354,0.10113964648529108,0.0908087045929484,0.0802824733218916,0.07532597659062305,0.07929160561410237,0.09803516909981468,0.1499990848701909,0.30572264683323547,0.830780293360479,1.1064844860290646,0.5309006149797296,0.31655756307547006,0.25500677012319073,0.2532875984800487,0.2839217743796242,0.3263939925001672,0.35158556918104517,0.3397946843966434,0.304231169732766,0.2788301602477097,0.3009092532868452,0.44927534133787456,0.7512002935105072,0.2589440393495667,0.06855786725423044,0.02697142871072594,0.014244384026195933,0.009369343671890597,0.007347677904883479,0.0066520457135358525,0.006707883090338201,0.007137757498362038,0.007371327636935276,0.006682817931684591,0.005004539239370419,0.0031833355700572716,0.0018745542185698676,0.0011054650014927885,6.814404112016941E-4,4.4401447844301677E-4,3.0436507998224003E-4,2.294866848338279E-4,2.245244668315455E-4,8.459354472053929E-5,8.724651790652586E-7,2.667482651013163E-4,0.001858477552114973,0.009003182745292,0.04761974241254605,0.4626625224481472,0.5522966984814078,0.18014125007529933,0.1282469552583869,0.9058111769610003,1.053027726322914,0.6170141331164735,0.31375028210126976,0.4186909909460782,0.13769936560861865,0.15413319306547374,0.3530274410699406,0.36169404035584224,0.4977591220507323,0.48840503130153834,0.4000075484275336,0.40646972322664826,0.34892571535806,0.4287285532858253,0.6435044518031916,0.7151760731410932,0.6833883473650291,0.7087259568076865,0.704919379483553,0.3384912016592925,0.14358673013443685,0.0711077808705601,0.03779384800913291,0.02115016588386015,0.011876056525961473,0.006355565289835166,0.0034381779154106485,0.0021232658203440224,0.0015579546154494092,0.0013378786110231301,0.0012873867838825988,0.001239357206719449,0.001010352965322209,6.482961648948237E-4,3.4789929132462803E-4,1.6755550574497756E-4,7.366090906703138E-5,2.789669197756072E-5,6.602736234843815E-6,2.038350041110176E-9,8.184476874904738E-6,3.670062858387872E-5,9.471870814627641E-5,1.9713213981340321E-4,3.739094264891147E-4,6.986415370069967E-4,0.0013662651430103655,0.0028922632455108976,0.006590897898706216,0.015482432475728192,0.03501889510990692,0.07200810508042225,0.136087482714742,0.2508002593431734,0.38752925203394206,0.3334665397762848,0.22814969004315894,0.198386932157932,0.24070846417847908,0.3444493652294532,0.30732979459693127,0.166547836823958,0.09610307876060055
51,0.038845092224366155,0.05793401885803863,0.0855172377047062,0.11543628957116896,0.13359126411794514,0.13240880104787073,0.12009964097978378,0.10904866254539253,0.10706077642445075,0.12067444439684047,0.16535707656298282,0.2967026206808833,0.7375835115283047,1.240157080964487,0.577164729704692,0.29597121878687566,0.21080626915934128,0.1922812321772364,0.20960022162345754,0.2549390076869796,0.31742850029560193,0.36943851788411397,0.38338921854619445,0.3661427807610249,0.35696433785246356,0.4125693385771856,0.636966349255999,0.6114773158607062,0.15830434811452976,0.047723792627949346,0.020152680410924197,0.010965720734123881,0.007279918952760559,0.005707527389992413,0.005160758906218303,0.005246759985763951,0.005766130612941011,0.006401442252812104,0.006497660798756784,0.00548573626790376,0.0037786937750408345,0.002274744812830839,0.0013085891546818372,7.598555561752918E-4,4.5172781488925587E-4,2.8297888257784054E-4,2.3565493422880536E-4,1.1734031752765003E-4,1.8679496067918105E-6,1.8336883838250746E-4,0.0016607064146809964,0.009748986498793579,0.06885365610012717,0.9362290789204566,0.3119665252049282,0.1426195538063545,0.14942217833375362,1.202338290243631,0.5379964965676289,0.3302410171333315,0.3085221954692521,0.3783022102003712,0.13488187725700496,0.23262777299489001,0.28050100969204633,0.40885736564709785,0.5064275088565604,0.44393944409351394,0.45957398353568607,0.3875880807540976,0.28872416704622006,0.36281552461514455,0.5228525966638548,0.5789996045083058,0.5908776108200516,0.6370643911401352,0.5980562220374329,0.3693505597430177,0.18732917385878592,0.09688511554914674,0.05536388447729498,0.0336613854476083,0.019027244923565854,0.00916332075626855,0.004297067828044067,0.0023090120620582215,0.0014920704414799176,0.0011550416563731356,0.0010316122915985375,9.65940584167813E-4,8.475869439767715E-4,6.631355638797934E-4,4.665092607301283E-4,2.9884650883277433E-4,1.723029302068698E-4,8.555801393218487E-5,3.220304744413805E-5,5.134465715454604E-6,1.352752377337565E-6,2.231920657834746E-5,7.139579335370791E-5,1.5257890935387844E-4,2.7513659635278724E-4,4.704834440207581E-4,8.321265895078285E-4,0.0016214340549261142,0.0036080417114377726,0.009247358061415552,0.026509189324819552,0.07670597703931026,0.1854929342588212,0.32961233834799913,0.4407413880127591,0.43914229264710153,0.3480856886449619,0.2825775478157965,0.28317160173966033,0.3481299307864996,0.34619579523978344,0.1875262925544997,0.09003232094310475
52,0.0326607153130146,0.048258527349883756,0.07452338461354434,0.11303011142573977,0.15493901474992838,0.18042392692600767,0.18010697041735066,0.16630768793361986,0.15625999542719707,0.162135288383127,0.1990650681985025,0.3117973959261948,0.6733202674761605,1.3356749896713134,0.6910789496200186,0.3069071597039927,0.19012719164125313,0.15406224717813596,0.1536172739173883,0.18007161051204995,0.2354552225903874,0.31765433413665994,0.4019987761758051,0.45050839935438847,0.4594249060597548,0.47292667788477827,0.5666881735340582,0.7716694509192575,0.4259604195499049,0.1115167644617529,0.036915699802278885,0.01622653839447541,0.008920105452045121,0.005889895563556487,0.004557004206620166,0.004060165736856121,0.004094691850085284,0.004553012870638919,0.00531530632643903,0.00598197447336941,0.005805064486632893,0.00450641771529576,0.0028626109753586097,0.0016177683710231784,8.651821303609215E-4,4.5195844745949396E-4,2.973710075691068E-4,1.6689791813221048E-4,1.3173599730413815E-5,1.25001713189122E-4,0.0014952448364699011,0.010355370304110947,0.10108026079425667,0.9024396001355741,0.18311814912650182,0.11336538433184107,0.31717590395512496,1.970785829346503,0.6467805344063003,0.18986158274578555,0.539817028663525,0.24913262115663604,0.196838600539964,0.25833830112753514,0.3091836281934007,0.4871215788789363,0.4978628411466999,0.440228579110832,0.5815728707666107,0.3771850420670897,0.26060873574910143,0.30404968279701394,0.3817544523045194,0.41169505277621543,0.43945896620046115,0.48463576278463255,0.49708081009473964,0.3774436839768334,0.2021439056757345,0.11341758113092645,0.07677037585219765,0.05739770916583607,0.036578718635556236,0.017211522325459208,0.00735744520373032,0.003494308974888133,0.0019669850080520405,0.0013304952740434428,0.001048275918129526,8.826146401493358E-4,7.329311385531155E-4,5.827980686957528E-4,4.449697166039594E-4,3.291324123036273E-4,2.3609963976177218E-4,1.5991803254924536E-4,9.334917159725376E-5,3.726163705673285E-5,3.5674732596840746E-6,8.054192525248325E-6,5.970910825818628E-5,1.5305511555613105E-4,2.766618682765449E-4,4.3799710642026705E-4,6.885346259205107E-4,0.0011656827993464217,0.0022375274228348444,0.005034549648253726,0.013549557368899269,0.04334716610409923,0.14745393911761243,0.3569901143350166,0.4622663692530902,0.45697922004242203,0.4358675913879837,0.42052268025517037,0.4222553010342866,0.44518516236195455,0.4224866272419284,0.2662010841993527,0.12632290867685456
53,0.02789997136187919,0.0395650262335099,0.06072127485480336,0.09729645611941565,0.15233434706466117,0.21349204862679352,0.25216387280766017,0.25555914816225184,0.2419950506289129,0.2371489108710637,0.2631401773797793,0.35907462501568027,0.6546477189960916,1.3399643646610502,0.8966216787460436,0.35869372133918936,0.19231890947534455,0.13635564198445557,0.12053984423132261,0.1280417053704778,0.15883701823195795,0.22145993672368755,0.3238751384760319,0.4484930714390069,0.5442931675525864,0.5892027387619762,0.6274937570812341,0.7311397232596625,0.7589084186994796,0.3146891661160838,0.0896075799334283,0.03150974434099962,0.014088738795718057,0.007699927668823272,0.004992421763514048,0.0037674157090804763,0.0032665763694991598,0.003217653248324989,0.0035432080914205924,0.0042273485975793295,0.005134857259390922,0.005724930249260093,0.005214023473078978,0.0036763329581858363,0.0020686888977961664,9.610989803814622E-4,4.721734669243675E-4,2.631109560751873E-4,3.996232074003867E-5,8.859163473199179E-5,0.001486472464029948,0.011990849280868245,0.17155155433338992,0.4401974920671231,0.11790509144432253,0.1237413218251283,1.1842244681854988,0.48911773349119003,0.18593377218625126,0.2111672272293178,0.4914564345743735,0.22930728560530197,0.24414990536020362,0.2139614083927648,0.401570000745155,0.5570003024091573,0.4965582180268521,0.4963843525797204,0.692107456739596,0.4110571081617894,0.2704320103163927,0.27677062630596544,0.2992356781865743,0.30994971516612907,0.3272297681211304,0.35889896038717706,0.443830956933635,0.4121509162912399,0.19381011076944452,0.10360510399226686,0.07674274353535529,0.06961623539242241,0.05635944430476686,0.032463351595226994,0.015233353142535476,0.007116782598749242,0.0036609458517602523,0.002187738156699505,0.0015153149202025771,0.0011384981969862846,8.694134066258247E-4,6.544039962162866E-4,4.811074835066586E-4,3.462614201400917E-4,2.4715226516643785E-4,1.7732638123495807E-4,1.2535703860303625E-4,7.910154714983191E-5,3.342936482503639E-5,1.5326935515265544E-6,2.450171159432126E-5,1.4360375000409457E-4,3.414209907212836E-4,5.73398160741654E-4,8.544030289168571E-4,0.001285709452077006,0.0021085370679433725,0.0039604833316686785,0.008845268504307611,0.02421809616075066,0.08181097654139952,0.27258736815988815,0.4133485483683009,0.3678107161610215,0.3578821405176031,0.4017990529686481,0.47323361348300536,0.5074871822953919,0.44316486282520323,0.31091299952578,0.18501137371882706
54,0.02471179428928955,0.0329886664686703,0.04850884384484775,0.07739064763785047,0.12911443092028682,0.2099265275781116,0.3029653294455816,0.3655807270277028,0.37867681376632784,0.36997295864752267,0.38074368930167074,0.45613427001114126,0.6946819508329289,1.2878257720011181,1.1913828570809972,0.47493345308965734,0.22222541479985747,0.1371049098522784,0.10611040708986327,0.09936774272973367,0.11028459685506095,0.1428294517284782,0.21059214677963575,0.3336519018211524,0.5082730826698694,0.6654548761012691,0.7484213314939683,0.7925399560852664,0.8333851379335707,0.6653857950046198,0.2609756999189268,0.08128200523136961,0.029660138557342616,0.01325556733648468,0.007105439703921055,0.00447224322733924,0.0032567444958954356,0.00271720824512611,0.0025780473044032764,0.0027561521577313657,0.003262009607671011,0.004114511071761329,0.005133478704842791,0.005633209786902924,0.004748534023425823,0.0026149355037874663,9.645021256118569E-4,4.730375441086231E-4,1.0262714739834126E-4,6.41083567354263E-5,0.0017174066802825585,0.016355402805971763,0.37916140496256656,0.22859613612341834,0.09107583302406479,0.020275135769265692,0.9829965233764076,0.6128863947572197,0.09928007049619608,0.3223732633408448,0.2738221903057515,0.21161508527560505,0.17448863215213295,0.19525883489639587,0.4862764110704638,0.56082605040666,0.514319514574711,0.5932972081392663,0.7304020107946619,0.4703693963614963,0.31209279985986305,0.28606418208102413,0.2823722157672406,0.2840268580269578,0.2859328901875517,0.297801373499271,0.39948048874739744,0.50189789881425,0.2143224564505163,0.09597134681635038,0.06510205974561319,0.05707162582578625,0.049471909421746174,0.03602044301124851,0.022628458473743472,0.013289324852578041,0.007717312713823569,0.004678157241316048,0.003071426123603177,0.0021474436089251375,0.001536676506599829,0.0010894988580250164,7.488646964029041E-4,4.957827521736712E-4,3.215281349315771E-4,2.1096507257469901E-4,1.4248887630135043E-4,9.639959718333228E-5,5.8987471946645836E-5,2.378812712303185E-5,3.070168532952548E-7,3.7611468302500175E-5,2.3002437833379754E-4,6.391362562486532E-4,0.001236861446670416,0.002018258866756481,0.003152878165951787,0.005167952503440068,0.009538311797353132,0.02097681830978451,0.05750787545958988,0.18902705049357135,0.39969758659384547,0.3390551524751298,0.2805433746679149,0.2959383925557824,0.37609372871613134,0.44699206594309404,0.3476330973141836,0.2110754223930529,0.13545130980314649
55,0.02302823490803676,0.028641657238052853,0.039500760459145565,0.06020692226708825,0.10004008338389929,0.17460279435653137,0.29677042004658283,0.4435472690904324,0.5487307840685431,0.582564673507856,0.5885067917586149,0.63612454066861,0.8146183284805322,1.265445153879846,1.4788454773921278,0.6991588006198312,0.2966131788198292,0.15960470819199174,0.10769678543998482,0.08808813319053121,0.08555444506361351,0.09769637455045442,0.13049482063241424,0.20163897234202255,0.34526341271704336,0.5808191930455511,0.807835878566476,0.9003263216611546,0.8981769972716444,0.828226189000645,0.5762709975707668,0.2421124850090746,0.08263407025171886,0.030898731699908005,0.013626919911754916,0.007081221739590276,0.004281290170676782,0.0029787883529427115,0.0023670393602526975,0.0021368301377477864,0.0021799914479320105,0.0024913766605495586,0.0031332725090611434,0.00419484683439901,0.005657254930678208,0.0063015208213361325,0.002439982755184409,9.450889171110325E-4,2.5278811119436827E-4,4.165484691144703E-5,0.0023178839436118056,0.027286337135927815,0.8828119761003168,0.15139882793688034,0.12064944457014604,0.8837222462775265,0.5108107691649877,0.16999007919469947,0.10003020419664685,0.2569935469468814,0.1829359643558424,0.16768068612642023,0.08770033132468584,0.17046679311409912,0.4716814594029708,0.49754200823199124,0.5303466239276744,0.635985649859079,0.6528553808356857,0.47538507510663264,0.35916582563516936,0.3276783644167356,0.3247506508752106,0.3305939810565486,0.32198170400094384,0.3098958286137423,0.3759274209169339,0.5758850879869433,0.31287014064060403,0.1167564375752712,0.06601110571000555,0.04815604811641203,0.03637698007736505,0.026205941846576312,0.01838423767596454,0.013094599484004972,0.009741353897610454,0.007565926445045509,0.005974332906472264,0.004686273566256759,0.0035897868204905455,0.0026164192394994737,0.0017605426891318097,0.0010845207564438653,6.318672243961868E-4,3.6779022130197555E-4,2.2225624373201875E-4,1.397529152759782E-4,8.792229420035925E-5,4.96435920629796E-5,1.793308716077351E-5,5.105020873761623E-8,3.408883651819708E-5,2.175428624071751E-4,7.426301086662277E-4,0.0019325502219982207,0.00427389005190015,0.008507609724024848,0.016171395109000796,0.031730204020212004,0.06981215644153667,0.17878738111362177,0.41286792787260534,0.44148842516816966,0.325647038084181,0.2837035451243806,0.3148871571864635,0.39357193388051415,0.3313561613801405,0.1616751782298027,0.07989450044440906
56,0.022822153462718153,0.02631693275011208,0.0336798024500214,0.04793018384598831,0.07576943859968738,0.13155058230529867,0.24167035352419589,0.43200187809138996,0.6684548861927536,0.8424660615996238,0.9106558000555134,0.9433227102436714,1.0494100787228167,1.3391498685818493,1.6389408671223715,1.0641443196438451,0.45527133577021134,0.2179951649984765,0.12842636397848156,0.09152853003502508,0.07734775180706759,0.07667220865933864,0.08894252585983471,0.1211642236299491,0.19430040728775236,0.3579838867436468,0.6663931020406846,0.9526567116049138,0.9746847382871305,0.8764827365863969,0.7377858036141741,0.5086714536818168,0.2449461503085264,0.09330632373995588,0.03580072223130579,0.015471417570451534,0.007719312792102182,0.004438909356472518,0.002922446816259401,0.0021900300574870485,0.0018598597495290484,0.0017831100536782587,0.0019221683298182887,0.0023281516039817115,0.0032641149106014786,0.006147093754837168,0.005864788190418456,0.001872901485692335,5.715005046598013E-4,1.5521151880508762E-5,0.003461704492526576,0.0554719929352656,0.7512481079047615,0.12500933343656676,0.16069306940232406,0.7165838544083988,0.9274740922773996,0.097255271151096,0.13669193284850503,0.1612519626252813,0.15770582649360734,0.10425616377329869,0.05673471190973688,0.1438335989544773,0.38320756287885815,0.4298389362780534,0.5044979690415765,0.5616258584883318,0.49816488838272777,0.39204703160436066,0.3487733672688178,0.3533858897343842,0.3949677574014012,0.4434793736923397,0.4512234964597642,0.4180105358065727,0.4291641830170255,0.5843181778312715,0.5174071183002527,0.1987829891110846,0.0930540763818488,0.05500853932227004,0.03486141200478245,0.022390978913823113,0.014630208984742233,0.009963743611203568,0.007366508290718852,0.006124893904100895,0.005670250598301388,0.00559844645813225,0.0056287418103055185,0.0054227591781418095,0.0045887214919883386,0.0031929394716829953,0.0018745212300208876,0.001019447248826471,5.558842797241452E-4,3.143551694330083E-4,1.8377097647912617E-4,1.067311053337508E-4,5.520087090417856E-5,1.8186782538115106E-5,6.598299218611564E-8,2.7812061584266028E-5,1.742683404040405E-4,6.271286785388996E-4,0.0018989936837543137,0.005476277914000307,0.015728243950954516,0.04458690580565347,0.11899820569425536,0.2803218215470204,0.5197519409401083,0.6375816637424488,0.5491945927307738,0.4425690025400465,0.4021825194110371,0.4279086060379076,0.40951481206089774,0.21265361706766645,0.08459542943079512
57.00000000000001,0.024267827575928675,0.02588599075592666,0.03060000718959607,0.040229363458108396,0.059063631383067736,0.0970341732319556,0.1769543748880413,0.3448160656889977,0.649651148840241,1.0235326981325266,1.2772026227421696,1.372353191444902,1.420512764584421,1.5421586131946359,1.7242703953776322,1.471030798230236,0.7637373597233691,0.34949312886830375,0.18255752983306828,0.11357618818713634,0.08345074000171918,0.07164649962529361,0.07156321219530229,0.08342336770196165,0.11472190668946015,0.18901447846486416,0.37241498662626277,0.7669440686222692,1.0644117491879692,0.9163193111004349,0.733984470931427,0.6012548045522778,0.4471974689699865,0.2582865773055985,0.1145646776114158,0.046181139134771156,0.019619959621482098,0.009342068355664562,0.005062965015840942,0.0031230001595064,0.0021840081808683558,0.0017236738502364067,0.0015278875070789378,0.0015181859367250931,0.0017383278508723392,0.002913628859267457,0.0074427770310668195,0.003005580004457649,0.0010349777477907357,1.2940578991473583E-7,0.00504463775371068,0.13184276748099275,0.3794844279623522,0.13927693522949133,0.9653224727195248,0.5628152815225291,0.4342075282560669,0.11305004441466221,0.13609112413733707,0.1422826978765739,0.154957653701745,0.0603393507831758,0.05138658831629933,0.13187835032781195,0.3006432861090853,0.38381984115664947,0.46081366775029053,0.4634890146096822,0.38236542829408826,0.30373436485085115,0.2643184606158253,0.28456830242895215,0.3818105069009424,0.520778337054772,0.5953463778183792,0.5955220905764782,0.5821599644333166,0.6486333576513634,0.6842006212106911,0.3933588957920608,0.1784502057111569,0.09056984087636637,0.050110550011573815,0.028996197974264448,0.017176512836557686,0.010406674280503889,0.00667278329373252,0.004780248324234409,0.003935892292780371,0.0036994730370475378,0.003886855652808652,0.004406754541355264,0.005028282713254109,0.00519191565428474,0.004438097969992181,0.0031205138886806357,0.0019172709913452227,0.0011000057761436748,6.160717595566098E-4,3.431238060277185E-4,1.86239463510212E-4,8.967114024224742E-5,2.8425377642615085E-5,4.3675778950823896E-7,2.6530429290874054E-5,1.6702250475987687E-4,5.839841497730155E-4,0.0017640172413303985,0.005408674300602268,0.018559951978626327,0.07493003143095164,0.3096545567782816,0.6995997633098446,0.7967226741144526,0.778407064711514,0.7402396398074195,0.6913393907534526,0.6434908347905572,0.5772219176377071,0.39241430647354786,0.172927447671127
58.00000000000001,0.02791954509246074,0.027510927151647213,0.029982108557589326,0.03626437884039356,0.04894367956364428,0.07422332674221474,0.12726353167039048,0.24580661381214233,0.5126574107437812,1.0062081304967987,1.5254740470061603,1.769261263995038,1.8208778472007148,1.8271242435905262,1.842727980769685,1.7324539752053416,1.2172878085759016,0.6280614927644638,0.30966620646896337,0.1708828691764969,0.1094866639388493,0.08147202791788684,0.0701251871090883,0.06982751773316212,0.08103011100179708,0.11144145018974605,0.18679129587933194,0.390645209269257,0.8862534453044317,1.098346081356588,0.7508644286172168,0.5431068881144523,0.4481521866265304,0.37235454913146165,0.2650066217877462,0.1455121221447284,0.06533588116735173,0.02797560095304439,0.012744125203077177,0.006464256410765141,0.003696657419162077,0.0023818888939411073,0.001718378488709771,0.0013752865915841667,0.0012262694174877242,0.0014723200916316027,0.004710449215653309,0.0034705680316912744,0.0014005543021073615,2.910792267053364E-5,0.006274299181004854,0.35304818048592423,0.20142654843162933,0.06894728503633156,0.6933281873040147,1.3171787219620938,0.2222952867490767,0.1446903475989848,0.11863041154069418,0.16870018204894038,0.14275509204536757,0.05267277904877969,0.06273315993458374,0.13916313343886616,0.2619047559497163,0.36503319337330253,0.4310836522537502,0.41115566955168414,0.3483191649421627,0.26518796271192296,0.19126672144945264,0.1865028331919502,0.25868505147214793,0.4075548807365023,0.5331432238142559,0.5941273856111482,0.638559622470575,0.7012432368575686,0.7281843275907764,0.5773833804248655,0.339670019301152,0.18320967559082027,0.10152615338374413,0.057878435447338894,0.032650857483722505,0.01781228021803929,0.009759843609129347,0.005792494388375168,0.0039168389308722185,0.0030531171002598683,0.0027203964605175177,0.0027102385777973506,0.00289921412447615,0.003154402697393369,0.003325289079353478,0.003303312536677709,0.003057703973946796,0.00261040524185237,0.002019879810329854,0.0013971970836757386,8.671070887668458E-4,4.837641404898925E-4,2.2999273386006808E-4,7.43211567349883E-5,3.509849308861414E-6,3.20405619050606E-5,2.194183304458349E-4,7.387194092863688E-4,0.002135067845945739,0.006429253608096729,0.023069708481386023,0.11060800815312832,0.5141351278404144,0.6529754948300204,0.6338806737766167,0.7219182773367366,0.7599162309821833,0.6897477112821908,0.5896454927218231,0.4766133101846619,0.3324003093253315
59.00000000000001,0.0350629475017735,0.03187121047982682,0.0319850443414547,0.03554063842932123,0.0439421185641543,0.060924843811273506,0.09576012112621209,0.17270188322401558,0.35797837347244155,0.8042505624645627,1.5523901150759951,1.992926854741811,2.003368438594787,1.9557614433594237,1.9183152474322347,1.8362310147751126,1.5851842792314088,1.0832413215283474,0.5932442239250896,0.3110277960478736,0.17737140657330205,0.11494999864247858,0.0854250559115993,0.07289397957592088,0.0716827252787558,0.0821026906861641,0.1119649666666017,0.18911722837372696,0.4161789608528512,1.0278998841687352,1.0316268845292853,0.5600705517950083,0.37222580545826073,0.3069838923257312,0.2798060498949087,0.2434796622356747,0.17413332000197265,0.0959122370094369,0.0442933327156702,0.019790830688114137,0.00940079034217667,0.004931376034601984,0.0028750963492788634,0.0018416799598838624,0.0012715311129579548,0.001059347173888166,0.0027297506795329976,0.003308814789173759,0.00160086590167108,1.0562506337463951E-4,0.006736070282453307,0.8572218311034754,0.1138294360855877,0.894295000663622,0.29210728145494086,0.7914558170401553,0.18046345487201837,0.09834627836604096,0.10792290041108624,0.20137203432787817,0.13373088339099756,0.07892320873799222,0.10031139741972604,0.17274959257154604,0.2794727750688689,0.3866793659915586,0.42738500929618,0.3997781477921733,0.3782989878734606,0.2850613644261094,0.16948998621861164,0.13956588368468187,0.1693092479405638,0.2442700030069811,0.32191880851753674,0.38057135241817563,0.4417731166693352,0.5241808719782702,0.5953317966046562,0.542512787738425,0.3863457954524662,0.2575382783183707,0.17885481233108924,0.12808649426481764,0.08607453189078798,0.04919554787526704,0.02466422215530313,0.012384061443082107,0.006863602362265335,0.004348555139434912,0.003160242983861479,0.00259336843134181,0.0023221679762211525,0.002175764917778292,0.002067772350322916,0.0019698133878703864,0.0018880176064333537,0.0018417972390774382,0.0018463634140694117,0.0018888568879366512,0.0018953673986588956,0.001736860385340969,0.0013394765667815922,7.964762344736519E-4,3.070852345823648E-4,3.198405928920222E-5,4.684061220217303E-5,4.1890175747352136E-4,0.0013869215279569927,0.0038283857966642737,0.01118600982233826,0.040804624734598796,0.2093575646815891,0.5883959858960922,0.45437134037202226,0.4621185034310533,0.5909860275752097,0.5740453614807997,0.3763780466749124,0.24281202534117258,0.17763286236984122
59.99999999999999,0.04854685774659735,0.04064041611749446,0.03750158148865166,0.03824178954184203,0.04326919156936064,0.0546984647818356,0.07811605904417802,0.12811888567801505,0.2463483852009123,0.5587367390085416,1.3262809758043066,2.0998210656400302,1.9784899885574159,1.7536030965575662,1.6981269500030098,1.7117958203234274,1.668002761377354,1.4611165174491318,1.058826449947023,0.6317119521419677,0.3504608112777922,0.20401548185753068,0.1320338998343066,0.096868012251707,0.08112830541904326,0.07809787173341082,0.08757475836780071,0.11745135165106756,0.19803675502847293,0.4537483318596742,1.1900807567428333,0.8943262898182507,0.4035557605793778,0.24910725616590754,0.19954376616167918,0.18834783684558126,0.18846682059701816,0.17418614259891854,0.12904802908019317,0.07292420536909698,0.034524915279882586,0.015738551316988262,0.007521093491769601,0.003847616957892384,0.0020482720839084013,0.0011647973101750531,0.002043046813227687,0.0032702233442019643,0.0018792148161981275,2.286213951163728E-4,0.007408739773983263,0.4956693263897855,2.3870484330722186,0.7521149022693974,0.3973823025969721,0.26929914547913586,0.1420962358863294,0.05159820126066911,0.08092951343605678,0.18759183379139313,0.16049289499013808,0.14165712479749978,0.17774862231767574,0.2525661490680631,0.3748775996527503,0.4691375589806332,0.4619968655689965,0.41624029659402945,0.44041722796868193,0.37640485083945585,0.20413988735163502,0.14133263980133684,0.14146425410246005,0.16798985799913346,0.1942637759278963,0.21472618680571193,0.23823615869926218,0.2801764546075627,0.3686065754236433,0.4460435641202043,0.32279804547229546,0.20124903513096828,0.14985754082398345,0.13501661090054523,0.13204751204268042,0.11529523784332142,0.07735252452951923,0.041891341159578724,0.021391302585452656,0.011497066455354511,0.006848667041627091,0.004588892550781345,0.0034033782702837935,0.00270057889593783,0.002222276908140058,0.0018633228374283202,0.001585541051858719,0.0013789071382117168,0.0012451969055667477,0.0011903660387985436,0.0012195867811448575,0.0013308193134553023,0.0014984537296993561,0.0016342068955861524,0.0015408301433581931,0.001009942521662826,2.497613390985388E-4,4.882332830190084E-5,0.0011076242099228935,0.004032871438576884,0.010932387269886304,0.030656439792352712,0.10780073291959767,0.45426572368853846,0.609418993319946,0.44932798193303847,0.47455091639067454,0.5534800091055865,0.3799750639571253,0.1825109966932567,0.09672963790475275
61,0.07486731687105347,0.05768020445326981,0.048843451710417526,0.04563150790434744,0.04720059342361595,0.05436442382184195,0.07039694066940846,0.10412205803084895,0.18032686430675424,0.37800045205528165,0.9562258606934527,2.070388040867929,1.996623701861504,1.4654165609215855,1.2618459055332538,1.2703202439981116,1.3717167364487524,1.4451473258595244,1.3741502139905817,1.1077203895776389,0.7392173917630477,0.43913505031249966,0.2607940863392826,0.16731451076145387,0.12004649143939272,0.09775201315640976,0.09130506887087245,0.09940057957341011,0.12998002681058096,0.21652450541475649,0.509102998674635,1.3599913108425157,0.748321174161468,0.2966119085084286,0.17091159531425368,0.1296074059759673,0.11922251784113146,0.12455640111552566,0.1355538366121988,0.1348769023159469,0.10613455152864189,0.062363629787028044,0.02981115089527705,0.013113755988034955,0.00549034501133234,0.0020875001079277943,0.002175985819619084,0.0038603958997458754,0.0025809274260481675,4.6767801579663556E-4,0.01004431797356724,0.17384344504111504,1.0151822837349198,0.19036154182984796,0.41027954618210155,0.16371697108875663,0.08308863560977447,0.030163121531359898,0.05529566223922141,0.15408856282632738,0.17009015144055303,0.18410028113017718,0.22873078978511016,0.33388687012540014,0.5234358719828465,0.5813858833333269,0.527452684360617,0.46721991411693403,0.49602405608624184,0.5069214514605902,0.31883817101287415,0.19863736327317463,0.16335290749129902,0.15917036338439056,0.15877919623228443,0.15626717039063584,0.1524761098204357,0.1540604109359352,0.1842337951508228,0.29299982375815525,0.35973450670309776,0.1955967738544535,0.11170162345499818,0.08572519744007248,0.08141789155098948,0.08350277129226871,0.0814366532701444,0.07044252817407584,0.05350851690596899,0.036443666739145515,0.023159826003886514,0.014554540509172549,0.00950918085475336,0.0065593508197342954,0.004724229838148201,0.0034928765955598022,0.0026215425099276814,0.0019951161487433604,0.00155497448392815,0.0012636367142101989,0.0010908814334435867,0.0010118817023485006,0.0010082651977819793,0.0010652865275044222,0.0011592068516691001,0.0012254287714785256,0.0011067233349913994,5.893932973214839E-4,1.0643550955483748E-6,0.0019310450130110943,0.012786328930229076,0.043946103504521036,0.12499139275358875,0.35600584508790706,0.8173371379429297,0.8560891482499717,0.7071949165618808,0.6878908870462936,0.5857337658177085,0.2991779696538671,0.1287120235426541
62,0.12938715020941338,0.09218071031734495,0.0715637175799639,0.061103669936738915,0.05766085604432219,0.06043675476720002,0.07091973509854811,0.09444135788649992,0.1460382182187116,0.2723441250439664,0.6430331101847429,1.738701120151238,2.194819385848498,1.3246013698597023,0.9273140640935894,0.8233137425668601,0.8691644210882501,1.010659671670477,1.1831243612674154,1.2742949425993315,1.1826229690314953,0.9130498233461014,0.6009560386296373,0.37072219279989593,0.23627213538208158,0.16479650628461445,0.12932377811860593,0.1161096379158147,0.1215665679817473,0.15343759513626323,0.2493014092812498,0.5886485352545756,1.5182781767286861,0.6401091775006865,0.23215228558799264,0.12508799226385753,0.08848815318646078,0.07631762056269305,0.07681546403851956,0.08649329606712496,0.10168562053112698,0.11055909300203788,0.09493861528379505,0.05796119652515075,0.02481179780045855,0.0067721870697325555,0.0034543495872152697,0.005733314093046714,0.004345555220955684,0.001062574944708775,0.019129718022865755,0.09849317645820044,0.9334374546773648,0.15998171685823995,0.20382323660162988,0.1605867656738278,0.04262949866317394,0.022985400234457047,0.04702644899241614,0.12042162378136444,0.14730790273703945,0.1684036145435386,0.18274323391684152,0.2795236207935545,0.5413989804652599,0.5541777664297051,0.4917362476857672,0.494576571501475,0.5205389152535532,0.5332377060104067,0.4419626652160305,0.3180941871558894,0.24382491909879958,0.20944472898188896,0.18898265456595284,0.16977798134418573,0.14691977021257235,0.12539900024320283,0.12055153453311826,0.15643418686845256,0.27934289924316297,0.31546623130950896,0.1545020443452114,0.0865771074086572,0.06238567476218874,0.05121028860452482,0.04379524888615817,0.037793382879728,0.03309979374762656,0.02993498911358845,0.02808414256058647,0.026605750028920447,0.024284053457828896,0.020753676354392597,0.01660449304251959,0.01254014533575674,0.009003657753002365,0.006219050672477382,0.004227200625510984,0.0029150354299936876,0.0020993726855857795,0.0016107699734077806,0.0013282292703154703,0.0011756245880346586,0.0011051204111435084,0.001079186217389029,0.0010515347577838337,9.449016310464506E-4,6.399589859576061E-4,1.1324405746879039E-4,6.827715872710906E-4,0.013447443158860041,0.1027737831401388,0.42986332652121284,0.851690431192313,1.0711523760834532,1.1295960159284033,1.0822152857373148,0.9374985061847363,0.6697910156301975,0.3651075302032318
63,0.24715180175547177,0.16683976731301392,0.11948947579190317,0.09314793760837593,0.07994840548402304,0.07604991410106589,0.08073918819956198,0.09673675861621352,0.13335084501195116,0.2187994989175248,0.45263744564388303,1.2327931751411012,2.457435556116458,1.403683430476875,0.7728395016452073,0.5667861758814412,0.5209127502782687,0.5662365495469617,0.6915635325175319,0.8889645257634948,1.1019976322888942,1.209661637527061,1.1172139648401185,0.8589983761828702,0.5773167347033723,0.3738211536155032,0.25422228792790286,0.19104377699413622,0.16324573213071272,0.16253221491006475,0.19547983673725466,0.30442499897796066,0.6986609708949432,1.659761245709719,0.5900523673562074,0.20019789101459706,0.1007892024892044,0.06606327804713738,0.05251070472620539,0.04884329407355207,0.051998734907562134,0.06182170601822139,0.07833072712183546,0.09586941927328388,0.09262717435725155,0.03918434247322309,0.008583295113891463,0.0104971591565851,0.008627262267086993,0.0027298371577672916,0.05732798824443318,2.0136709023540287,0.9077736435171885,0.18604978858639087,0.17300612555510445,0.19498345755211577,0.03421327507401122,0.024551569069352498,0.05118797831498794,0.10472719927406694,0.13494062825557665,0.1432574824477025,0.1243149878304632,0.1762457138205998,0.40296099067331537,0.4451868399388243,0.3668702190359803,0.389058825534622,0.41363570546349354,0.4003935624978882,0.35851817018804555,0.3187631527768354,0.2930821829739017,0.2779744962644282,0.267313968862591,0.25004811469252536,0.21632664047667935,0.17211841331154495,0.13964578400771524,0.13649902377878897,0.17869105563312396,0.29524313215526005,0.3201921641152365,0.17285706604767814,0.09463862017603981,0.05949866781860597,0.040358483343938885,0.028488254442980514,0.020822363612630807,0.01600015699897948,0.013301112005475792,0.012309901366685356,0.01278605308122589,0.014607839664347434,0.01766862102303157,0.021513891137281083,0.02464138965304065,0.024561469610725386,0.02036251463905991,0.014430119791779106,0.009448698485118288,0.006158655779267501,0.004185266405005762,0.003030413438880617,0.0023513254396895548,0.0019434839032778633,0.0016821421632871503,0.0014787560107183042,0.0012514504028196508,9.052858709116934E-4,3.6216898330736533E-4,4.990287095114586E-5,0.005961051963110954,0.08801890981438798,0.5938836652012253,0.8796624435121613,0.9195327259747514,0.7474666477501722,0.5581924663171179,0.45505464466231915,0.4005227412224351
64,0.48390042339346384,0.3341574713343957,0.22819567516805994,0.16392853898106094,0.12788640547265787,0.1099977951149559,0.10527224046486235,0.11321411843430443,0.13897504435805785,0.2002030040219289,0.3559974945131047,0.8461965379156496,2.307818312334061,1.7743852302115088,0.7777502691858933,0.4612640985383043,0.3552546122777531,0.33233377038659206,0.3628659981706019,0.44893738318841087,0.6068181962335074,0.8434424101598154,1.1031425257078629,1.2491994053670847,1.1783390144566248,0.9305454782634931,0.6509001394709177,0.443658800935113,0.32041622268831854,0.25849647410177634,0.24152868450375395,0.2721502925443378,0.39646858284278313,0.8444794647703087,1.8056342978126252,0.61186287711866,0.19603974391053375,0.09186145158922032,0.055565593932126574,0.0404565647901811,0.034260704842803934,0.03317679605805653,0.03643518510500347,0.04530875939835366,0.06479725929965202,0.10150400255336388,0.03105977502377781,0.020820574364957243,0.01712558430868599,0.006946779068955137,0.3527495402792143,1.9265426644924843,0.35153124993590534,0.20278572235795767,0.2598713480273631,0.22695116758614928,0.04848735555593034,0.03777076028396394,0.06914574045993353,0.12072166402021225,0.1555842553796754,0.1375270712496663,0.09705144807986484,0.12155224227607721,0.2609355060258902,0.3593173000624311,0.30789138868219823,0.30942753351533037,0.30083726655561366,0.26143960221287355,0.21157958803023558,0.17480657891705548,0.16536289297256396,0.18386442816856244,0.22561069964089178,0.2768957380336927,0.3061960523240592,0.3000852611306553,0.2674676298545471,0.2343485076193701,0.22734244167455944,0.26324365737205563,0.34686412171628994,0.37053120537769213,0.24753867857247402,0.1374114565325083,0.07727988425452911,0.04529087935983897,0.027502698203740572,0.017346647200740323,0.011593725588348612,0.008474754532199785,0.0069559226389645816,0.006469755609388565,0.006780974021215799,0.007903827945080552,0.010049148763329359,0.013523905039205883,0.018399190238783204,0.02381376080122572,0.027535520600149924,0.027282648729457775,0.023145900670467408,0.017487459682149216,0.012474597821029863,0.008862621330886196,0.00648557820466331,0.004938894105985064,0.003871971235410411,0.0030277036903121144,0.0022016022176655358,0.001209747247982354,1.1756236472770231E-4,0.0025621389938584862,0.06778227107737374,0.5467988921297502,0.6563033870445579,0.6202683779980164,0.3335667998569722,0.17022489284204903,0.10964279302133259
65,0.8078031677376424,0.6630686029530306,0.47824774276136256,0.3322837860983393,0.23931103985127308,0.1862652912058247,0.16001829100517884,0.15373198992219073,0.16747498005991301,0.2114723923136977,0.32204085508748453,0.6355997573238777,1.708541711724787,2.4532868789488576,0.9745644733643666,0.46297271183558353,0.2960994155577632,0.2346778212426942,0.21944940590347412,0.23581725362558814,0.286514318342361,0.3873540370248921,0.5664941329115843,0.8460915604249551,1.1769312293166234,1.3994131162757617,1.3816639036709326,1.1496122631628765,0.8499433344493573,0.6117834735913944,0.46827300138885225,0.4058845774269417,0.4195242795689839,0.5534094566552281,1.0325092544679795,1.9774012100755167,0.7378591001217857,0.22486091353232307,0.09732199887109826,0.05402260093169372,0.03588959396733768,0.02752620680998428,0.023918727395865085,0.02336843785299074,0.026039116970391633,0.038412483164280024,0.0704966821828363,0.03426764983246752,0.026271452717944756,0.013537746448859989,0.5266817670693423,1.1497538070709918,0.27759359541178263,0.19790565022887363,0.46098605012415794,0.2796351905437933,0.10190012087153925,0.08169292569713231,0.12543880264414786,0.19947161466573346,0.24170854096612843,0.16687669780641592,0.10195785250141436,0.11256787480672277,0.1949424787042445,0.292748769033994,0.303454765938644,0.30705404513748497,0.2817876370904337,0.2274425990565965,0.16345863229259797,0.110365673097514,0.08247897147754153,0.07732048076839945,0.09159456675442067,0.13127721686052432,0.20040239434835255,0.2753344574979727,0.33007953679086144,0.3658243924466219,0.391508207441958,0.4136374362097622,0.4371921013426138,0.45793443545765783,0.44077123634012266,0.3541052443011842,0.23683119275356285,0.14096660798931193,0.07869931572239838,0.04266031312202939,0.023411006122162337,0.013667904726356825,0.0088307628676919,0.00643253654050015,0.005288355042185695,0.004861980161297143,0.004921904030101015,0.005378139090962361,0.006209796416688332,0.007442257854801146,0.009158822461373698,0.011534697549405106,0.014865974806214002,0.0195078504966438,0.02549100150605314,0.03160022267223563,0.03492574422877746,0.03321538569396545,0.02766838131846454,0.021164349114500706,0.015400977940266916,0.010628718875802952,0.006407397802218101,0.00221376144296599,4.960289492267937E-4,0.058202857050204365,0.5452202564075506,0.6316685539897159,0.4564617886080846,0.18505538998579577,0.07971741309015168
66,0.9389385573529789,1.0339244650425752,0.9321386858619026,0.7188036317188722,0.5150890033396142,0.37320130635269894,0.2892079170801315,0.24720552451673744,0.23759245464787412,0.26180296339907705,0.34082757688863186,0.5533344574208124,1.2151360842618057,2.7673219620606546,1.5248759599460802,0.5893495981241917,0.3101521125376312,0.20776892795127777,0.16612559807953564,0.15312040889034206,0.15976034398390096,0.1869275082085454,0.2438882528910936,0.3520593346339945,0.5506225940210148,0.884696365493961,1.3242991229344168,1.6769860136959371,1.7595737107696106,1.5735799087923135,1.251568525875079,0.9583882375043041,0.7773427642420888,0.7238458044962492,0.8328006219313229,1.281384362729049,2.154902141351722,1.0480197454373483,0.3128691430985548,0.12377347217860188,0.062393922414978285,0.0375271936150812,0.025868527018575952,0.019894974648931522,0.01670190663537413,0.015666783139140553,0.03992006492196466,0.03908927458436965,0.029173974912185284,0.018711474232544857,0.6171677544415458,0.7069078603406803,0.2081023548170402,0.16401437658142215,0.5153904634835668,0.2921059074479237,0.17445901292127747,0.17140921457443506,0.26604648908533324,0.41733065272646436,0.47481928760668013,0.2766336115119186,0.1606457406436806,0.15782936731418148,0.2082156962886266,0.2810689945126868,0.3393577558544697,0.3680341011929714,0.3482938053211097,0.28880257386639413,0.20092512465316228,0.11582918527958895,0.06849560103491677,0.05035390600499263,0.047845389646108766,0.05768252908426515,0.08138247595935763,0.11810726984257369,0.16352504240470106,0.21744319120888372,0.2865909208067705,0.3763584868304905,0.4657029748953421,0.49929063803760676,0.46806000530633607,0.4143872789025987,0.36207065258847493,0.3117389245526384,0.2534417060838209,0.179923610364815,0.10585550983615148,0.05500046971125204,0.028653808512173317,0.016289155535895477,0.010416503287425192,0.007503682624207292,0.006013872805993452,0.005255651518115163,0.0048959681162327635,0.0047677545533813615,0.004794625302031334,0.004961372748131416,0.005306215916378788,0.005932012760237837,0.007045508944919217,0.009048401016016498,0.012728362052052621,0.019609429383957665,0.032334977184252496,0.05386044900204803,0.08194668460166872,0.10090342663257405,0.09302099121146723,0.06353661966218462,0.029735719265327375,0.0029279049303085024,0.035985499469203396,0.4474401545129073,0.7091151800436263,0.4865761478286841,0.20626332441951356
67,0.7210075842748199,1.0573430673653723,1.2957285149452564,1.3054294934453872,1.1085217908231113,0.8410881962673689,0.6206056589000021,0.47933912815700047,0.4059106297739381,0.38795656000225837,0.42986899860943284,0.5739448225619033,0.983358762696071,2.1863660820424506,2.5823671221664743,0.9764632610754215,0.4196575930950067,0.23554928968683098,0.16096845727067954,0.12783168969151323,0.11497913519376089,0.11555321295276849,0.12894162790566827,0.15948053096571896,0.2187597246391752,0.3324079821279036,0.5524736032271079,0.9585163263239187,1.5592534554935078,2.103322025143727,2.32317800751546,2.2377895816708655,1.9490446041276013,1.6099181697054097,1.3810025652794082,1.356761414013499,1.6491768228043666,2.3032245497371195,1.6538360639438836,0.5451071618547685,0.19687365217023245,0.08860508087454627,0.04740086114692594,0.028715090291100222,0.01867591710207222,0.012022337262515323,0.017175819702560477,0.036632379531819206,0.02963314294566838,0.025434153160847555,0.8344313506790362,0.3433037348010776,0.13849293550561637,0.10864281275658663,0.3056212771389145,0.20428854093701443,0.15490238531521766,0.1610602962374435,0.3070080986871438,0.5957155620929538,0.7093714721657463,0.48059022553483904,0.3392031227687316,0.33483619003012094,0.37341301335942123,0.42152000359926345,0.483031818319204,0.5146676009939747,0.504098557838577,0.4643038397540538,0.37299507465599496,0.2159252128003804,0.10728710599800016,0.06260586574508614,0.04696973779446215,0.04526813743350794,0.05214488920099805,0.06406186814174358,0.07834866806852088,0.09470080929073532,0.11595719667224642,0.15017487405166158,0.21654227749947155,0.3381016607242972,0.4153315303410273,0.32133672037329847,0.22864168144506683,0.18836580416774712,0.18155884305418116,0.1922455575599438,0.20248635348042107,0.19064575559011449,0.14852761796254246,0.0957115886854357,0.05574604868157711,0.03261226670415947,0.020427113040345175,0.013975600557629085,0.010372537771337693,0.008207753435810242,0.006809089194819411,0.0058565563726028615,0.005201438339966848,0.004784208975948031,0.0045993804016249695,0.004686040234248536,0.005140594456752919,0.006163130260309313,0.008173800534956057,0.012100220289688057,0.020118526483782533,0.03760241462553303,0.07763668705094673,0.16414192794593574,0.29115399171030476,0.3114746730774699,0.10456769950864322,0.002052011797003781,0.11888112033607567,0.30704671663438327,0.41337009433698524
68,0.4140201483271882,0.7097679687689843,1.1401677015427492,1.5565521548989387,1.7539892257690248,1.6739911103911869,1.3970772620425962,1.0809662832469662,0.8408578233853283,0.7033987466438784,0.661892711098532,0.7265693004983942,0.9720895645039821,1.6626726282902982,2.998882441751639,1.9989728467099845,0.7608162396185474,0.35317355845417575,0.20409594590746896,0.13934973064171172,0.10856312402635417,0.09457724900034371,0.09111731311655816,0.09658439280264562,0.11256077758769546,0.14462340529177195,0.2059582785167894,0.3268751544117117,0.5764339215490496,1.0867779290659891,1.928352784871997,2.6839438198867698,2.936516165984481,2.9213264155052427,2.7884269783739715,2.537269578640918,2.2964843519579343,2.259367075827203,2.503785847422314,2.3837753328435785,1.1503336877835721,0.4087634360622122,0.16186601033545553,0.07423202183127069,0.03684148885398547,0.01674358881312406,0.011691509428003228,0.03716754863070985,0.03492958053782703,0.1233280668308798,0.560955275019444,0.3679176673529352,0.09139549735352721,0.08102517827687808,0.16372068067663784,0.1383366115785119,0.10943621507667928,0.09162443127614905,0.15647092844658214,0.34721088379961706,0.5144408998317067,0.4566443362777027,0.4547813708914053,0.5410404502412071,0.7015707189771345,0.8434332019413514,0.8576706348583532,0.8161177532842913,0.7761899921538411,0.733150161251718,0.6871593713606808,0.5634561819985827,0.3243960226367312,0.1655567137028436,0.09739318613704433,0.07248423949255164,0.06634886751016694,0.06738634482763543,0.0700859544483105,0.072340325611179,0.07403313477413957,0.0770470961053207,0.08645538666676485,0.11369560693294156,0.18591642222056526,0.31604506166445173,0.2810112368660001,0.1598613878785658,0.10433983221041865,0.08364069590377096,0.07771583045010853,0.07883913503367146,0.08364568965310101,0.09023333822921162,0.09649252518782955,0.09866860273707112,0.09220510364435384,0.07668667000430934,0.05782575818124879,0.04144370994375601,0.029407528807192582,0.021120019755197884,0.015508127564969583,0.011726758013506634,0.009215253661067966,0.0076156607980696995,0.006706345202363639,0.0063707820184749405,0.006595960535983357,0.007504661095292644,0.009453703891751656,0.013299467633960203,0.02115044334862276,0.0387090567495656,0.08304179665994865,0.20171225507340756,0.41761558852250885,0.4818292199227788,0.03572258888703917,0.011373143406070155,0.034395591936556155
69,0.22184801593102021,0.3750475158126336,0.6697719963004046,1.1702499836750782,1.775321056585999,2.19852938714755,2.32273931314098,2.185817145613762,1.862585602555325,1.5089454235809476,1.2561898158795999,1.1499970600000358,1.2173352045105539,1.5552473418087742,2.4107773165401016,3.220559561876641,1.7940813555665212,0.7338496972630575,0.35348981108849775,0.20449694310288807,0.1370843602873919,0.1036287690153171,0.08685346144541377,0.07991396403597723,0.08033105239237474,0.08814079392186418,0.10583990070150841,0.13996261976920144,0.20588725575870262,0.34132607671256465,0.6434512263603364,1.3370407270229554,2.5478563646279007,3.265485583202462,3.0998659882624278,2.928304414448522,2.9630210201658733,3.0385199003230197,2.9943795975760574,2.899963557182022,2.8041970652900057,2.2064576173054475,1.0655731483939455,0.39735116032945494,0.14459281029863355,0.04390488228967287,0.013621670754970096,0.04689678781142904,0.052778304608873644,0.4365742716380153,0.6677624550586364,0.5598097066580396,0.08843761950164132,0.07639896474679995,0.12059899736233641,0.1263804666892497,0.09329547854278643,0.06301716078165537,0.08323905717695455,0.15169749497074744,0.24819345210210467,0.2961932795441165,0.3573335991455433,0.4648617158022933,0.6820796959579836,0.9551620306699972,0.8790362600206714,0.7361128156852923,0.7178787909775409,0.790031003416774,0.8358783474775003,0.8221042498108236,0.7462639215889918,0.5846842639236092,0.39562373695685676,0.2619981550384944,0.19384555218513633,0.16099339586492395,0.14107684942793444,0.12381206114715097,0.10601456868709998,0.08924536108594538,0.0774492672864507,0.07444756518773399,0.08490550945220574,0.12068382172295539,0.20798297964047777,0.28743458676112615,0.19409218594520788,0.11043017078295324,0.07201503814485453,0.05318071172131232,0.04259946228639414,0.03613084000927304,0.03225559390974586,0.030510584145615353,0.03097541690337737,0.03411747064832783,0.04068883218459405,0.05132867495595554,0.06535605291814213,0.07885335376219049,0.08478221790880713,0.07846317720125194,0.06309801077020402,0.046362937316254314,0.033251081897940134,0.024608303628391,0.019481778472053783,0.016833888870780963,0.016050992552792125,0.017008003235529267,0.020171901824818306,0.027075124369182076,0.0419211844121791,0.0770066276004092,0.16760929720676981,0.32987877470727955,0.37441422431656574,0.27568239032492714,7.571019611028153E-5
70,0.12826924043871615,0.19750708596050773,0.3338575469213027,0.6118516189120626,1.148682582843221,1.9321999612310439,2.5688075590343624,2.8331992772120693,2.8935996846668215,2.7986366689121605,2.520584333814422,2.178781239624766,1.94791203739342,1.9341287208550944,2.2339086482337973,2.9494372249724963,3.334417535884906,1.9939584640434262,0.8830439890192866,0.428898356650895,0.2426266469107726,0.1570320987525987,0.11385403550190767,0.09109625434776182,0.07967911586071119,0.07579895281685434,0.07830540725036089,0.08800735127569054,0.10819702276942789,0.14696594847005115,0.22412802552082647,0.3929373598102483,0.812481653107247,1.909538661292194,3.4608171572821624,3.094073346850065,2.305615643716353,2.0086531957119083,2.0728397030510957,2.3752827720169942,2.7371038132198278,2.9169299107428563,2.8321594412728133,2.3359888638548503,1.2219851565883362,0.2716305539263462,0.027475733492557962,0.07345673211724918,0.09824788156732006,0.2436343679157442,0.6099981816148509,0.9021134811609012,0.1371472871454855,0.09325635683649093,0.14378304900400787,0.1764314414321751,0.11349125809892159,0.06674950707213549,0.06976444407922121,0.09630646074398073,0.1465230507926464,0.20260471115178083,0.2624112696941712,0.33398279720437496,0.4869912201007775,0.8564548588080104,0.8016121446062495,0.4832629907915709,0.3612787385197691,0.35263883497406073,0.38994420911815847,0.42878410848911525,0.4588423304317627,0.4931889254768043,0.5419193760712663,0.5866688828594442,0.5952369297233582,0.5712679735568216,0.5296964645451397,0.4681077757014599,0.3814894732044266,0.28315149391030175,0.20039114798997285,0.14744387085086733,0.12124699905679147,0.11616856433367333,0.13299478162508901,0.1824116243541656,0.26915802044149495,0.2972919890910659,0.2043141090843256,0.12055815135623785,0.07395697401031555,0.04835981112982825,0.03341877431101753,0.024289206899075336,0.01864834117508386,0.01529447923208823,0.013578533376966122,0.013191268764911876,0.014108248708592614,0.016629774225550766,0.02151867766859059,0.03024020734474523,0.0451354683257266,0.06870235239448862,0.10025950778111328,0.13097705995264963,0.14658532948635158,0.1407155893932326,0.12109336796264994,0.10022315770361998,0.08553145090880696,0.07919137805480753,0.08216668504765771,0.09776094827244243,0.13586651640971742,0.21777056317278415,0.3332411279818824,0.33661023842397847,0.33085261179592024
71,0.08411918670772338,0.11651025887513751,0.1769000503048013,0.2968708920251865,0.5514667099058908,1.0969116386537778,2.0410106390478377,2.856797271888896,3.042282694232958,3.0403183392489788,3.134687994108031,3.2462740721961767,3.193896002755902,2.984567893230679,2.82643756028095,2.905801959120893,3.2882523488741784,3.5574637483261013,2.6259522395763404,1.3328564109675523,0.6511951030662393,0.35379616475897385,0.21716408645428628,0.14884754535649808,0.11247413844266882,0.0928214294301088,0.08318344317382613,0.08075332421466931,0.08498544697821216,0.09737358086558322,0.1225326488254958,0.17195408069545404,0.2760964001374327,0.5288747658277394,1.2707806382885058,3.265975944556977,3.316680705780524,1.828083519647834,1.221726164561912,1.0389216906737,1.074152730830924,1.2983307394749917,1.74634333986545,2.404767404395809,3.0672032472786315,2.913421737461076,0.10195030929595723,0.12385862066976165,0.18337858511396218,0.281641827811293,1.003945252159896,1.3202777182552994,0.3164325143060264,0.17572080846675908,0.28970521842303015,0.3966412119715466,0.22668020457548316,0.12143950348346648,0.10250941845949739,0.1057957233047934,0.14390696663599045,0.201637093547917,0.2536199492789412,0.29034869218738796,0.3637788043425127,0.6414487820813805,0.9450981302200794,0.5210999696914366,0.2883328411679896,0.21983626654286878,0.2012945595187936,0.192036509370486,0.18217046549038438,0.17447798840173687,0.17586497620129973,0.19520740928017616,0.2422047227759859,0.32819075334565595,0.46673833293652234,0.6520320679035915,0.8131730897700395,0.8676078882571385,0.8203948823970748,0.7070445421870252,0.5695050277185565,0.45042947920495496,0.36955347928085935,0.3298282415223265,0.3304819532172565,0.3691954227004656,0.42626319834596865,0.43358504703753675,0.33757858397313834,0.21074893279718254,0.1209953771869466,0.06954244387037242,0.041548549420722884,0.026340491309402306,0.017978842043867835,0.013343179547951016,0.010823691203479749,0.009607036158106125,0.009309779199574911,0.009801625855346049,0.011136106613673495,0.013555836168230403,0.017578060723579026,0.024211700673070304,0.035431441749528336,0.055133044394898065,0.09061338578344796,0.1523293344635803,0.24235240062158467,0.33256201015578596,0.3883392015562942,0.40956125010400896,0.40850363510699733,0.3979056429313161,0.39452755075743245,0.40839868583799943,0.4262403467880102
72,0.06317112800157505,0.07930397845496027,0.10812642670639097,0.1616684865147416,0.26859124816228097,0.5023617774252801,1.0476644455259227,2.1474355602047734,3.0836770223207575,2.919858519450102,2.5815439363665225,2.524770053864047,2.743865140406363,3.132181744043423,3.470770282198336,3.5743716881570875,3.544106591447885,3.604934272542833,3.763895719727247,3.495295773061592,2.3648421678594436,1.2648270991608592,0.6665102783491546,0.3823835688099054,0.24326840949006354,0.17080247868570664,0.1312887096992582,0.10978173225880379,0.09950566409301623,0.09771089725727435,0.1042471785543215,0.12171761919149647,0.15765954107532773,0.23209301256643985,0.40553543651007584,0.9079804988414756,2.7049188940254365,3.8029058295778366,1.601323271578858,0.8308411868480375,0.5764610300047556,0.4960380507977703,0.510333701982856,0.6283667884934959,1.001435857443967,2.90488681036754,0.5690828340117932,0.1720906274103611,1.6529748395961257,0.7631406119067794,1.6963533658832528,1.2288123619487863,0.5261640049219515,0.4810039420254688,0.7637693516933913,1.135018405211517,0.7591309731875645,0.4041145046380935,0.2970225707920081,0.2364875467449313,0.2718710822970007,0.34806495958844846,0.39639288203741646,0.3897240490524357,0.3959152822105642,0.5444543309261822,0.9388889486581355,0.873553706043487,0.4371331098010149,0.2705043597903762,0.2091515680077477,0.17405703744369308,0.14524375472005038,0.11964722448324129,0.09875793583752944,0.08530875443012911,0.08087556693412042,0.08590598428400492,0.10224523636545606,0.13552451600441773,0.19624198298766488,0.29629749941192524,0.43777388891932423,0.6063588489464926,0.7821069222894871,0.9463422913041287,1.0766299861461948,1.1498385317127668,1.153648389615922,1.0964685321990526,1.0091407326250228,0.9242176548691431,0.8555389454471608,0.7955723342692629,0.7128506434604582,0.562056856750158,0.3598783887135383,0.1961303409449235,0.1032520969339986,0.05735897141392051,0.0348606012932325,0.02340091653672138,0.0173314477333456,0.014080411700647173,0.012438721747321132,0.011826215168883578,0.011982251313590236,0.012842941376610628,0.014515690360300499,0.017335581408441682,0.022054085605871417,0.03034372082315278,0.046190658650872504,0.07984610484473903,0.15571514846656534,0.2786689649038429,0.29064665544411983,0.21316036342858877,0.17009962181228833,0.16586519792428905,0.1987811474874707
73,0.054330597176871845,0.06240576125251356,0.07722112466312459,0.10367993693267549,0.15280659813686384,0.2515905499633488,0.47372973860359885,1.03324982266427,2.3197153126041696,3.2169522340781573,2.4842550207318164,1.8590647772776934,1.6265281050511102,1.6625819596323814,1.9255250314371772,2.4148890813293558,3.0574302096396004,3.6086541582128353,3.8708542494265457,3.9574819044133167,3.9921625724756793,3.7108842892721317,2.7564497185653143,1.6375432898410662,0.9120848990135629,0.5339396033776853,0.34118023193737523,0.23916874641182143,0.18326535587811535,0.15287534622998952,0.13855272535582874,0.13659200556780648,0.14726756347792883,0.17564995365793687,0.23680643862097503,0.37567413079122003,0.7580903416592913,2.1906211099348685,4.479091705634078,1.6239385659420345,0.6775132711616351,0.39508524208495477,0.2886775662129721,0.25104148012791877,0.26212248014059164,0.42330863544738995,1.0475794523012667,0.17031339509821533,0.8292054245974073,0.460319677768352,1.240045155413142,0.6298592234172448,0.29383165010408885,0.5660083072271612,1.053688343596933,1.6867888052609237,1.441332196440765,1.1274577063890552,1.091855318477956,1.0271236662862342,1.0058729184396387,1.093768590367972,1.1203698793802563,0.9697967051834289,0.7903901527444993,0.7956340481903416,1.008064307862716,1.254246202278977,0.9915452587753509,0.6282775973923004,0.4449779558374263,0.340595674821672,0.26214472066511035,0.19421126339595696,0.13711674669343696,0.09629076861578706,0.07191142096954631,0.05939203798581308,0.05471806863011566,0.05611238455676987,0.06349065758084718,0.07768615244764146,0.10013563678960054,0.13362238893984832,0.18450552039364113,0.26718697014872284,0.41259460236730056,0.6731447129311532,1.0418951638027136,1.2341781248886214,1.1072928198168157,0.9388663404086056,0.8569964298725602,0.8603286783735987,0.9259849719747064,1.0165243077336052,1.0780566375087446,1.0723847971491896,0.9892520833738725,0.8142331130196906,0.5663661193827293,0.3401378712617994,0.19467627584679967,0.11570025380758703,0.07436068057555466,0.05220617541297305,0.03986617089266081,0.03280974922356796,0.02884661044632994,0.026944745622127928,0.02672041386875811,0.028281560100519056,0.032352808807482356,0.040881605350297154,0.05900569396631986,0.10127286199817273,0.19745928181774583,0.24374373230473542,0.13078794400135366,0.06706319332754183,0.04232334986049948
74,0.05362953545533051,0.05671507232931267,0.06427169637321449,0.0783931458531161,0.1037621057043673,0.15109156182851544,0.24742676443635814,0.4713481364737445,1.081514941648083,2.627528333201144,3.1040342043540807,1.8555969820995095,1.2029279804702246,0.9504965482599206,0.887518727844685,0.9510617450801068,1.145552407180245,1.5176034148927329,2.128993544201845,2.948592828138144,3.7027542337428985,4.109852876159123,4.244600952624537,4.1962688303400135,3.709600194098314,2.673842032056832,1.6414567733134002,0.9776433110032887,0.6144856865991765,0.4199046214484255,0.31385456567875214,0.2564921102530487,0.22916642597591477,0.2245528959162352,0.2433985993803273,0.2970413977528901,0.4223268307736931,0.7485087637459131,1.8754465280087116,5.0137311690992,2.043132329259715,0.7018577460041255,0.34745556549528395,0.21752497449384975,0.16042024365131582,0.1456918106263727,0.4310762644860399,0.14283793367856024,0.45842174976071304,0.24935263910270072,0.5742805819621838,0.3061942458178866,0.15397745292114576,0.24047756407889972,0.4437250665587808,0.9227871379730632,0.8738063261393774,0.7902075917326171,0.9350689262663519,1.6414040636400642,2.341309310842328,2.4181532563340866,2.330155025628513,2.4066816582121953,2.28110894726646,2.070119549545051,2.027186953753878,2.019683352659265,1.8574882565753446,1.5677185467411066,1.316694011868417,1.135085117534713,0.9747798757591191,0.7757644497234201,0.5277592095806617,0.3150003270977229,0.18733960790578255,0.12115693024763065,0.08733265906869597,0.07041233708424782,0.06335256409757485,0.0627086030906223,0.06653895683358708,0.07384017881716243,0.08460137819560197,0.1001824405404603,0.12439756738182686,0.1665100026075431,0.24956222122117722,0.43244248855663786,0.8142603426593078,1.0952250813030366,0.7809725299924809,0.4892066509289427,0.3505782677259352,0.2918704287577932,0.27500906126949604,0.28590379000538413,0.32150569442396526,0.38496705402260367,0.4829948260146341,0.6198998769265572,0.7826019466659638,0.924452298749925,0.9833327526774172,0.9309130853726214,0.7876305908260214,0.6050787715193445,0.43705425099882667,0.3104656225828939,0.2253253167081095,0.17151200428664862,0.13947101321376598,0.12318096436751304,0.12044372520332154,0.1337196637406411,0.17384055467752346,0.2639545224414827,0.3494612634397639,0.21514952084505126,0.09319654493106243
75,0.06132481445650834,0.05979470601263796,0.06233606287436618,0.06960334457419519,0.08365799523494727,0.10925282868499947,0.15752182611815232,0.25759538654546016,0.4998017648661915,1.2178262064391736,3.0784949935560957,2.624408881904113,1.2683569748913486,0.754077032627082,0.5550975751760738,0.4797439010597704,0.4711136908412581,0.5164555363938029,0.6261330050541873,0.8342393203149943,1.2089856699254047,1.8530405406249555,2.8103648567151556,3.815446901402496,4.420142581732331,4.629868854167417,4.650959474971832,4.3334731989713084,3.4294174997394866,2.3042840252604937,1.4617348503140786,0.9612007188088337,0.6836159022168922,0.533338245838435,0.4589163430287718,0.4382101224157884,0.4701703522247691,0.5812385070230649,0.8702888572180658,1.7375816424910548,4.650927624681561,3.4171122827207876,1.0045334391716179,0.4087405969764233,0.20977017853184196,0.12044588927197913,0.15751354875242315,0.13118657624882205,0.572595465362216,0.18735581999492779,0.35904043400413366,0.22529751124179928,0.13430374286154514,0.13317590684380637,0.1880682547148039,0.33736458208758585,0.37022726205850326,0.34619279541389153,0.3618047508514118,0.5995978902097254,1.3988184357816305,2.4708875873336633,2.0607394237278536,1.6128639311441806,1.5460353220607117,1.5900536590172178,1.6865014131625202,1.8658041477050729,2.102129830322201,2.240129831896311,2.270933577654177,2.3186270367010806,2.4055837935170095,2.473954714150332,2.474169346193668,2.2332159031845196,1.6009684196370302,0.9516561932733867,0.5480756054720892,0.3367307746328284,0.23030650740103237,0.17707033244191872,0.15025075668548277,0.13642909244629145,0.12914205160366599,0.12568386390430827,0.12575063769516698,0.13110814122742995,0.14601848002812376,0.17929093970777896,0.25112578497329674,0.41232144726154485,0.7520560956518256,0.9956935308219695,0.6541472537496232,0.36428444321579323,0.22975422588460587,0.16578119170366115,0.13284306337360874,0.1154511807150267,0.10732640505192237,0.10610943589838216,0.11158912227589655,0.12535689970894748,0.1513898411884318,0.1978068674816549,0.2805900929172231,0.42957390990642663,0.6884709412051192,1.0661645067536734,1.4187926994705935,1.5604576996220332,1.543299755807534,1.4860519430041685,1.406136180681128,1.2741188258363345,1.1027623745016302,0.950667720474522,0.8611954966507023,0.8339322056091402,0.7904075540496399
76,0.08301345839799185,0.0742468819753163,0.07109358532962776,0.07280214480547015,0.07988602488961222,0.094451978317703,0.12159450800382267,0.17359398569218773,0.28379622574024393,0.5623345465246121,1.457146334136717,3.492980808600056,2.0062187295754197,0.8691980739580745,0.49528757706240767,0.34763893410968594,0.28296188330585054,0.2583103265316724,0.25975234732460006,0.2851073572361985,0.3403371610721553,0.4418016956600079,0.6245976652413497,0.960518337999119,1.5824582989476508,2.6429147164935847,3.975445966159626,4.8660614700579226,5.114336476687073,5.192887245457333,5.262948265096263,4.969147193825505,4.007298706580192,2.8262787451923246,1.9406581942606744,1.4085886212942187,1.1233691162430761,1.0032195217478785,1.0214332278796006,1.2216903337870075,1.8154352720846292,3.6041061242502512,6.026799017710909,2.2364677635450043,0.6726918488577924,0.2209848485812076,0.10582501656176987,0.1486576481964288,0.7310685927118924,0.20832427954627072,0.3755522300611591,0.2864097857272363,0.20502660492205566,0.1366118252738973,0.14104626431812867,0.2024305647134683,0.23012630224742495,0.2208035791895155,0.2053920181718929,0.248552380176971,0.4308797461486904,0.9136471974290837,1.4783610962430425,1.278011172245896,1.074601554296413,0.9647030933808016,0.8650607062843713,0.764870091051102,0.6800279754076823,0.627546399869111,0.6190733934570927,0.6702460106886093,0.814334383663405,1.0985192848726226,1.5293884844785954,2.0022252627936576,2.3989734104558718,2.698429150229729,2.8808791965223346,2.847412255934732,2.517715938911737,2.0090456689491933,1.5319000772751077,1.1704675111360692,0.906839909241233,0.708588824799395,0.5576088531976233,0.4472832366323225,0.37427771889872447,0.33510572728532134,0.32794870371075063,0.3568781104823627,0.4384260502568136,0.6121397041038499,0.924714711360059,1.1789077293213606,0.918120601306954,0.5380444670654483,0.31994219691458736,0.20801168999074027,0.14724786607081106,0.11191716299182121,0.09044767471554789,0.07739465567425294,0.07012723630219583,0.06748460443293439,0.0692869624250444,0.07632770645510921,0.0908452173742051,0.11786899286845932,0.1687118315913655,0.2702131917894705,0.48671419287650575,0.9197228780481136,1.330087182870304,1.1191389327898913,0.7677301040438935,0.566127790434011,0.47299136592041213,0.4450321435272261,0.4651144465532078
77,0.1390266838993796,0.11229506263932794,0.09773995552466262,0.0912411746068452,0.09121892355422152,0.09784704807490655,0.1132579969458293,0.14306076618094557,0.2012019668894536,0.32667279402655136,0.654187831350813,1.760315089388796,3.6368587967498702,1.5804573967317923,0.6573156300314053,0.364511189837331,0.24616110586335385,0.1906490662350324,0.1638978809821838,0.15358939871083158,0.155330744260343,0.1687068360132083,0.19653367425226756,0.24598610376504962,0.3322388630841661,0.48742954968957547,0.782079115848669,1.3707819670046184,2.527569326170814,4.2787092304364105,5.456107692314699,5.407442909135513,5.135686494842262,5.218750274232363,5.6503791675542505,5.989300565766293,5.529814142454134,4.3666974078166705,3.28066542618376,2.6088694750949033,2.3339348448485344,2.4491693067650635,3.1753663126329155,5.373892956996217,6.988638761214208,1.294161777129829,0.12954212748126442,0.3981020217628276,1.9555644633327847,0.35068125818895024,0.5812988103265971,0.5898779752865358,0.6385190577363563,0.2918358430981343,0.20488672296023158,0.23223056567738992,0.2645035442923875,0.2599835716194536,0.22346247030954305,0.21259966372496086,0.26514897992008085,0.4049575465929479,0.6504322994028082,0.8245881170515448,0.879035190270284,0.8962659430695341,0.8698972908210706,0.7659688368997722,0.5711056992772889,0.387798218767286,0.2794087245919294,0.22686784308214542,0.20907432724324365,0.21559564666284795,0.23931591749182132,0.2733433685783344,0.3146990017434332,0.3688325679609091,0.45214825516614066,0.597049971994282,0.8617245886409856,1.3349467758924944,2.0931647957617185,3.0347896828330274,3.7684518024268745,4.049958190436409,4.074643886733363,4.030498845047762,3.846531904384321,3.3898556205988837,2.760566503440741,2.18606090100448,1.7773409333946892,1.5364447174232871,1.4389737185355576,1.4695642647667762,1.6201262122229352,1.8476440611167233,1.9730729120717265,1.733637978360546,1.2246574311527867,0.7747425842445438,0.4861403085930029,0.31747713074364253,0.2195686307719269,0.16183256843158175,0.127482007094829,0.1075427509541596,0.09735878435611897,0.09486762068488709,0.09996482829340071,0.114785984704986,0.14544515345596953,0.2074917972417913,0.3423250518278191,0.647758677163307,1.0185094616115276,0.7027809110761049,0.34208190433683805,0.18535204705709762,0.11619487424022173
78,0.3148150960094763,0.2219566498171207,0.17108976359205796,0.14285851654772974,0.12844076934506574,0.12402368979158676,0.1287505912758622,0.14443941152648646,0.17703634670210017,0.24190144015652268,0.38231265179643614,0.748006983510474,1.970164214145922,3.7042528587718455,1.4808814893378222,0.5967584438235986,0.31918901569988883,0.2065628988837715,0.15242479161458855,0.12413661021811108,0.10952602220452211,0.10356410666787517,0.10431264443690098,0.1116040746389333,0.1268064378396053,0.15334213694541118,0.1982866391246403,0.27632421044200445,0.4198184615888245,0.7062204421537106,1.3340930860970748,2.7669708335212024,5.1669239647248855,5.901344357826722,4.700772962939241,3.8096217362736207,3.5365931061907694,3.7824076175689174,4.547084756597226,5.77034333263056,6.7874006632876815,6.547152871488785,5.49042676055778,4.741355223197085,4.968549808622108,11.224808569395003,0.29269217360906913,1.2133109489181793,2.40225598325219,0.9025054612345342,0.8929746425084089,1.092046873497259,2.839590716852485,1.5966075736964085,0.7229346449740242,0.5788737578427838,0.626702726442101,0.6453099575675253,0.531848519080029,0.4061286611158604,0.3787721934935437,0.4152478669304656,0.4991588345775825,0.5990953636209375,0.6977431185755248,0.8071720590898117,0.9563724322075224,1.1816565415790548,1.2218261332295466,0.7648402340946776,0.4066938580763097,0.2452024935862286,0.17411747589454793,0.14239188985280535,0.12822737012133464,0.1210600334644801,0.11631024414571318,0.11299483093691311,0.11196519711586243,0.11509685424162366,0.1251643381627673,0.14613395022247042,0.18440377041324774,0.2521440700421352,0.37462788034085387,0.6047469561918658,1.0424955980629993,1.8037519921985992,2.762818979323236,3.3621273244121808,3.392345143737951,3.209482624034422,3.0908595045359695,3.1352220532013235,3.3744267515392266,3.8041939453838243,4.338716158702292,4.762383872972616,4.848880894184519,4.607747094096886,4.258648382450569,3.997677062299467,3.9028955708172677,3.931212848159535,3.864626114267726,3.3645169992369195,2.464037056346469,1.6204614914175706,1.0582707223495982,0.7290952860572553,0.5429087548033593,0.44056032815490986,0.3911221657981496,0.3817727133304755,0.4134982930597325,0.5047494317565554,0.7070204973087441,1.1029462639003198,1.3833211047154828,0.8398674264359712,0.3734528515843533
79,1.0988449668039495,0.6599178173673285,0.4294694330018594,0.3072129465386583,0.24012097465723556,0.2035583064515939,0.1862893135735766,0.18385891768720086,0.19632926537704037,0.22882690115963872,0.2961633845800228,0.4393939965917702,0.7917785717538988,1.8724613709093028,3.922027678293864,1.8744219272624223,0.7142399005876339,0.3570845873686222,0.21733175369319177,0.1513310614963364,0.11638154492730364,0.09685678729870666,0.08617035001025657,0.08135495411260057,0.08117634493782823,0.0854597747138621,0.094961372426234,0.11164895138650634,0.13957588732203077,0.1870436738309466,0.2721649959323927,0.4387594461996976,0.8082713913856605,1.7668155101359664,4.343623557066088,6.444277808160119,4.083208943525727,2.4886497148954354,1.8377304997503008,1.617419500884685,1.6554514100078999,1.9514965158598574,2.662318769859906,4.292377081024171,8.390943328423477,10.85372679585381,1.2106294540171927,1.0980422941428594,1.622340371196027,1.394855406582286,1.8644282313119191,1.7638207836167552,2.2779639645684626,3.039313558899012,3.177819364486434,2.2099087919506153,2.0401238682698413,2.3468584462498447,2.939192623151948,2.287907221676727,1.6306177399709962,1.2746655772322177,1.0628802960659376,0.9818305172387763,0.9830614225753393,1.0188936191717115,1.0919692472301363,1.2829167140977318,1.7897426522439162,2.6014289637860233,2.103514421362657,1.0118191341917866,0.5173966968007444,0.31996534353473105,0.23128331884265266,0.18370130784378805,0.1527664475728666,0.12968174832441873,0.11144683611872644,0.09734347139704404,0.08755714878698781,0.08239703801847083,0.08204997953052193,0.0868932294846969,0.09802084169918975,0.11778793895264884,0.15051156806331653,0.20376069390918405,0.2912488583685328,0.43953515508881297,0.7019652631258902,1.173350683920212,1.8963595462014342,2.3878816349453817,2.0527064480041357,1.4785226264700935,1.093492575526684,0.8872118819713397,0.7964376556612027,0.7871158991383482,0.8514489649559518,1.0037706569063383,1.2845359840788173,1.7710802603769549,2.578665215721,3.7716851075295876,5.05727972476856,5.724197644213025,5.591596292807319,5.19702329345272,4.953658483940554,4.976469927144362,5.222102475397348,5.508733884040977,5.525656315656976,5.08826758837184,4.392320037743818,3.7673364900533794,3.38744332372653,3.290508953151971,3.425501324537158
80,2.3059350637652796,2.4029615286769506,1.7533579164911783,1.098348321239404,0.7088763035944029,0.49822287029529105,0.38343696081449985,0.32155638039333123,0.2926044666226773,0.28871797899160817,0.31020389985948155,0.3668636184079541,0.4877750511611759,0.7575408595568272,1.4590846721556312,3.3363920281505353,3.37312884306974,1.305429231252612,0.5750041341750715,0.3146621967452509,0.20088844444040904,0.14330785218394684,0.11134376162653903,0.0927707093252229,0.08210201789709108,0.07673241945324188,0.07549419632982454,0.07810673631998796,0.0850471339368356,0.09773865819880002,0.11919146436728194,0.15562579850022087,0.22074585176997805,0.34847657376576846,0.6384129149248837,1.4585666217517121,4.314557656626445,6.520478971720043,2.8149484273547967,1.3953536346928275,0.89937537576819,0.6992874405806584,0.6290769284076478,0.6490782887323979,0.8098778640495192,1.97299184460545,3.0764695863344027,0.5505429843450169,0.7018371501313897,0.41142897292587854,1.9976613225395805,2.633116430017123,1.869285316099369,1.7003866031732708,2.7981372848081985,3.5920609666049534,2.851268402156569,2.1422465870304905,2.1411576562589607,2.624637079049516,3.1614746166195364,3.8243462165410946,4.226575238481977,3.8307452267872066,3.4231941502213212,3.3075491915065234,3.2960772505861153,3.1077479612609946,2.866436738429885,2.8957690608251734,3.2885116063578708,3.903403289974853,3.966157277969806,2.947629607757629,1.9069129005923862,1.2800482174310088,0.9109035709960775,0.6678806977680904,0.4917257055571936,0.3605225136423288,0.26652874842629276,0.20338352306057264,0.16326609786588414,0.13907824936790253,0.12594939112485448,0.12115434676795536,0.12349726592994469,0.13283430976835892,0.14998394230131873,0.17715652247532385,0.21913841504594325,0.28601826092198573,0.3998760589561489,0.612021114147363,1.0401128723209265,1.8101312681552604,2.177757376922415,1.447648386348982,0.8348365397348125,0.5324909717549268,0.3847423746779755,0.30952062550420095,0.2723702044986386,0.2587375254764261,0.263020406648909,0.28478243825169075,0.3282204535636424,0.40420536035993365,0.5366081997411922,0.7790117845761513,1.2581582209565902,2.2548315875063207,3.9052405957290053,4.2727182668639125,2.831009872276199,1.760356174045705,1.2185040959965834,0.9501333922063782,0.822767696813164,0.7811589255952218,0.806540783439046
81,0.9895157906914691,1.2633803052413537,1.7521018787742286,2.4342714259201066,2.755371330787543,2.1959045093917084,1.4562699440144606,0.9758805416709605,0.7081339717859424,0.5627468543815781,0.48868353535496206,0.46274758526920506,0.47876503386366936,0.5456578684851983,0.6969874932293139,1.0286488509951346,1.8261981579126827,3.639576962958919,3.8323158595395217,1.6966678364198264,0.7666995999024333,0.4165632490171223,0.26174462480904226,0.18323666763639185,0.13953208789733013,0.11385569637722392,0.09862261108971486,0.0901676630980398,0.08674148663474365,0.08771490941258478,0.0933302839924949,0.10482371282555425,0.1250245338749972,0.1599699788414255,0.22333245916251934,0.3503463363318913,0.6521958635255424,1.6029243692969237,5.556727917072871,5.141445618389379,1.661526762148866,0.7761620936236241,0.47409609782584167,0.3442412325600119,0.2873396002644152,0.3129691739051878,3.0635898804494928,0.3137402090409459,0.3245275310561293,0.13717182906853748,1.3821046377726074,0.8563864431287974,0.7373743332624214,0.5150760642863126,0.5754649809092104,1.229328437697224,2.6212405108047405,3.083451614034808,2.0245235882077632,1.6903435945733831,1.5986197842587053,1.590603980004868,1.5429568330889856,1.3667260119362097,1.191017777200849,1.11623282180058,1.1992869893217792,1.5012755374050992,2.0457040461350338,2.7715832278775676,3.642531331922689,4.685594389613673,5.676223947825424,6.020710360063633,5.679981806705341,5.194579285870906,4.869523788343452,4.7805147881569825,4.951524865198564,5.306333661172173,5.362863022827468,4.43554184504454,2.9917192843621945,1.888376073540068,1.232352345624321,0.860984176270931,0.6485850987670175,0.5255048733897054,0.4546485951437444,0.4161080041454603,0.3995565172671383,0.4006969059372059,0.41997382508386616,0.46312385499771297,0.5442859406854502,0.6946042993312876,0.9844793599485752,1.569779843729871,2.6121848082927936,3.1239837401107704,2.0608322820023566,1.1444556112027064,0.6939638570029631,0.47339727400931675,0.35719231618104413,0.29275130065209837,0.25728830635240685,0.24062921990651026,0.23877888993187807,0.251777652813745,0.283914884625798,0.34670491386666774,0.4683289291719382,0.7233915256978971,1.3250870857585666,2.5839943337710296,2.5038261050909627,1.1416815793657122,0.5410425814227771,0.30411911068267616,0.1957216249593384
82,0.6161310569856453,0.6004397436982567,0.6396540237658597,0.7448084859812246,0.950367423247001,1.3286801537264024,1.9868573375871041,2.8470162673486894,3.1018279201890127,2.395900102791012,1.6339149424708561,1.1596080147960597,0.8982893043722483,0.7639667902181714,0.7121124946252567,0.7280104361422443,0.8215055831916219,1.0379566216454896,1.5029570310177118,2.535256153850582,4.3523771490396514,4.068424344013659,1.9998635321678104,0.9781133650317052,0.5531126332088607,0.3552985700612612,0.25219681388162574,0.19395946283165905,0.1595718139097509,0.13931354626240247,0.12847111098703656,0.12488678264413794,0.12801894601959735,0.13877639238524844,0.16004765150998435,0.1984684076085109,0.26952438442375054,0.4141888259319965,0.7673897135558794,1.9544785163367004,7.058262793495503,4.004259644010415,1.1853452506457922,0.5280373988768445,0.29690932463556047,0.19463708142767683,1.9943072421769223,0.2588806190357759,0.24556272724298864,0.09005406710596495,2.089456322251457,0.46392546995395645,0.3906767472897672,0.2679977794972273,0.23180419868635294,0.3065992712962762,0.48045309191555957,0.8484801039411362,1.0708271616600493,1.0690288003756174,1.1096524059580337,1.3397914165088485,1.7597294375463461,1.430324326105668,0.8362730313522778,0.5360517372120192,0.40861176870648125,0.36350462289454816,0.3523571525232397,0.34853316454044,0.3453301234064795,0.3487455034906233,0.3692444898713782,0.41738537761119465,0.5027275655833798,0.63992361949185,0.8639869331607719,1.2545216422716283,1.9697534978248517,3.2337771091322782,5.013440404236563,6.46997815621266,6.8519110939858185,6.563212145076967,6.206461169753505,6.053427175894478,6.189163473493055,6.615337581691631,7.232364309320655,7.763646224237765,7.770819520782348,6.985354644918297,5.672234080610348,4.355001472776963,3.3342353232853346,2.646291078614709,2.225940961295892,2.0059021586835497,1.9462220937232502,2.0388867188863466,2.310833140719237,2.8300433517266845,3.690107916031932,4.840610771097292,5.587314975479925,4.9643418681444285,3.5768778758039037,2.4351585019338358,1.71305343640959,1.281486525596183,1.0254407737156885,0.8786287518328769,0.8080405765778718,0.802448692374057,0.8702594550130003,1.0498372733808665,1.4462465952147334,2.3088106040871517,3.6267132313440853,2.928768357176837,1.306506349163563
83,0.6282825122548413,0.4741276732066973,0.3964100688408315,0.3618681470056132,0.35721762575559873,0.37951107589968963,0.4336817567366682,0.5347477396876106,0.7160348292425209,1.0485694028827255,1.6715262869849017,2.7172631082868626,3.608163908979495,3.165285646026535,2.2022387842593436,1.54512089316648,1.183408191826292,0.9996475160162382,0.9283089970560866,0.9460404887341153,1.0617347026023982,1.3255302887329334,1.8698605387306524,2.9911879348936155,4.820243475587063,4.923429540843582,2.807032597304356,1.4676399730351293,0.8557239878457832,0.5607939092185631,0.4051168955434301,0.31726914163495723,0.2663662618495161,0.23813476534557737,0.22600209817726488,0.22772424562850963,0.2445044467477251,0.2820267364224134,0.35483228107297954,0.5007337120766681,0.8368644049486819,1.860199965272453,6.4591964185879025,5.481421583696282,1.2225502254477036,0.3670996541363015,1.3396258867681696,0.27587552723749487,0.3084949182358671,0.11803549560499889,0.48144801867398035,0.5524822784328167,0.4291865031912176,0.33166472731396174,0.2775307814986909,0.25052393624572594,0.2713827277027786,0.34844153814003886,0.42571240599835836,0.4554726394162432,0.4749690203641398,0.5500914148987434,0.8526745607599243,1.8140134570900055,2.3436509255522626,1.1246624943453272,0.570847159436051,0.3731536238203764,0.2845837289168567,0.23001152327935678,0.1890453566596351,0.15756063178054994,0.13479749828727486,0.12003294909951841,0.11208482114487449,0.10982235404122259,0.11287706508755416,0.12188696574099926,0.1382879711362441,0.16390183224533128,0.20073833219220927,0.2517925468469322,0.3234497894048387,0.43004005757532765,0.603326323249228,0.9164113770917677,1.5480984944117184,2.921549070162507,5.418671629948703,6.503141454854008,4.683552324576927,3.1193523902106506,2.3033466131166316,1.9145682530327024,1.7660626280185878,1.7821662445578177,1.9474869661787806,2.291493064912924,2.8980358592055158,3.9361852218505247,5.684726359376469,8.317669100568558,10.779645227589072,10.556061640833137,8.156418115269986,5.9213766460668875,4.473158983195585,3.6244073848517306,3.162342221393421,2.9650292667037514,2.9815479313595468,3.213537317967471,3.71295913857548,4.592466053572594,6.0269609300843445,8.143884742071663,10.550787471553358,11.853869778758439,11.165807422206314,9.56872433231336,8.262972321961133
84,1.0342172760662138,0.5674189052251526,0.3641645740971581,0.2662073183999372,0.21507035066838065,0.18822586135087288,0.17625714410352528,0.17532579389803463,0.18459553570025017,0.20557850756161422,0.24265379370325726,0.3050530360330306,0.4118715320624588,0.6046608288265428,0.9798106713183821,1.7582213974004957,3.206211174458784,4.20327679768011,3.192894443529576,2.0439471291835947,1.4071774947826239,1.0831165454737173,0.9244155465958598,0.8655482387372933,0.8840865709997442,0.9853038874523324,1.2057083690190264,1.6398794215731485,2.5111013473008024,4.221212752842449,6.189454463750203,5.1051650162416475,2.8785442126897824,1.6507372627256904,1.0598916377397758,0.7583005374950426,0.5950112301745192,0.5061302910518923,0.46392049238773586,0.45798434114721953,0.48978190114324616,0.5761297679892988,0.7713230088291594,1.2812999259075304,3.6207308778932625,11.578116373075721,1.7227705959034478,0.3881389135057737,0.43565170640564993,0.45868493337315486,0.14970780954286575,0.8846196255953594,0.7192394556781103,0.7763364662506148,1.394868340514989,0.8684178867595365,0.5617128175302339,0.4720382811782786,0.457581107224053,0.44349013884201766,0.42243178574593876,0.4142934271598518,0.45699662713887695,0.6071722780302405,0.9764739822669642,1.7491463614831961,2.2263988320820616,1.5601495461925579,0.9998873173244486,0.6879907308857663,0.4925880398371401,0.3576824254058436,0.26097304895199513,0.19247279100426792,0.14631083989100813,0.1167187141176084,0.09847142716784019,0.08792393805627885,0.08280736273706474,0.08158704656506156,0.08307575667847893,0.0864513562773758,0.09144220436054154,0.09842983255161125,0.10851833171077105,0.1237829225360398,0.14792432826245464,0.18778716196729792,0.2571091462463718,0.3867010423151561,0.6548772781724114,1.2815808025957496,2.7537580537701265,4.03805831747957,2.675621836976037,1.4999630356642595,0.9499686068869461,0.6813580370334974,0.5378955171706458,0.4578255791652754,0.415148862448716,0.39880316696901963,0.40536672437324256,0.43699196890904424,0.5024438404221612,0.6221959455593877,0.8430824028805087,1.2820995575222605,2.270273393468388,4.732148743912117,8.13682474205643,5.280815925882737,2.449602760046913,1.3121634663422266,0.8184916367018666,0.5715186318643107,0.43407010604788565,0.3520716262697285,0.30141369705415194,0.2703297072866881,0.25278767687707965
85,2.1602674784767437,1.0325654301308018,0.4607931446950379,0.2580006796443099,0.1705173903693516,0.126456520651249,0.10211689268821379,0.08819535120554409,0.08057423111615827,0.07733764510154821,0.07767642049184134,0.08147948965140164,0.08924370928958748,0.10221485734352373,0.12283128932082918,0.15575850623000628,0.21032723521443192,0.30676990822644756,0.4941125021768669,0.9082179524066682,1.9586507195987575,4.203302233595795,4.164961065775319,2.2082420208267504,1.2508497036886792,0.8332567639651445,0.6326271662962141,0.531825977100566,0.4862515177279931,0.47880068694933614,0.5057345603877513,0.5735243941339929,0.7023941918234173,0.9400499487994829,1.4018691744850544,2.388522451493186,4.610867132460293,7.62577400719438,5.966388716274669,3.181292785823276,1.8445091059033645,1.2385607731495998,0.9471501233810815,0.8164974977309511,0.812920288650023,1.2129261641444515,1.323007773973907,0.5820369311422793,0.33180138447373964,2.7798277537726044,0.11070548972211842,0.3759366352815949,0.3328004309896123,0.28118504261557015,0.46040015843120685,1.0355321810251505,2.2028688645658336,2.8726592057379103,2.144763906745701,1.823696541599221,1.840681579420696,1.9530414970708736,1.6993123046359426,1.3134305049568107,1.1044352796757884,1.0374563686444158,1.0617225517491073,1.1308309472048255,1.209915290516643,1.308649611526051,1.4713964412681275,1.7807607688890985,2.362570314161723,3.0575847119182145,2.7092107549833515,1.606360037708272,0.9051336768331464,0.5614522838619173,0.3883068073878558,0.294620648824094,0.23997517100891816,0.2054812416623603,0.18205712221098252,0.16541279399887177,0.15365472754410014,0.14614433606845795,0.1429790020763227,0.1447656398382834,0.1526041319834015,0.16834165790104724,0.19521132587028056,0.23910098155219783,0.31112052943252927,0.4331865501856849,0.6507127882579026,1.0587749151493706,1.812945069517654,2.785624506265251,2.8138545081472732,1.9177763234484215,1.2036519366375695,0.8004940460677155,0.5770001485567999,0.448572566091281,0.37341845978971044,0.3312266430544261,0.31234120559891637,0.3131933751371231,0.33494617293881523,0.38456568912929984,0.4796887189535256,0.6633782906994599,1.0509342292356814,1.9745675356342323,3.8258238134754325,3.336396511998942,1.4408138833118875,0.6659869388612407,0.36238959646761626,0.22315220555400053,0.1503042382056158
86,1.0358041005938787,2.181767232022018,0.7921439268918283,0.3078918939698951,0.16131508621324683,0.10167153338721785,0.07226453569378045,0.055945787457308264,0.04623965618948896,0.04030172821598474,0.036753065228828805,0.034893183347687665,0.03438040577588272,0.03509713484221109,0.037102756727653764,0.04064285905270444,0.046216342220326,0.05473407689513412,0.06786281269418233,0.08880128963573672,0.12419517532580705,0.1895024142629911,0.3268694403002125,0.6805021979696552,1.9064561659572128,5.24140072720223,2.5591848397110595,0.9873647893814437,0.5200062683519825,0.33577490023839685,0.24764330552994943,0.20091280060560385,0.17560383589966697,0.16339959452094152,0.16082462783573268,0.16697982997182959,0.18296353574280533,0.2123309950928112,0.26296103059521375,0.35223471907549747,0.5224486826668967,0.8959339919603077,1.9352424735597968,6.072165083372451,10.9116062416413,2.65474402906312,0.1825829183753931,1.7680966931115272,0.523029559952672,0.6982186243644508,0.20747301299714702,0.27136495425484114,0.1815576879713492,0.1271493393170627,0.1359918180148139,0.15439466676574265,0.1624397400031056,0.17433191269418524,0.17907592700481778,0.171096811487865,0.16743669762181201,0.18540096387572497,0.23899539395928976,0.332288748875406,0.4726258810872579,0.7030216956918395,1.1226422113300798,1.8468211423930336,2.8926239175136867,4.159895560827738,5.169822720769909,4.840633480720132,3.4985166623351676,2.4270452075827578,1.8407665537323339,1.5536855165660797,1.4358833621883245,1.4305165714425039,1.519116593265115,1.7009462607053056,1.98750621944762,2.4116735238885947,3.0455012192808195,4.003676371819712,5.316005731719658,6.344327252134739,5.71538875976878,3.9535731338936966,2.5371304419871596,1.6971389005944832,1.2197371866021436,0.9403203424549955,0.7707625514540127,0.6657917397550807,0.601512091128001,0.5649123365995686,0.5489723719020111,0.5504193026881696,0.5688023095036666,0.6063785869804653,0.6687461030190289,0.7665083065177003,0.9187749575184654,1.1603526830533175,1.5565637945356923,2.2321556475590505,3.409422498061705,5.321706266807428,7.41699593130815,7.658400843174086,6.013463989007967,4.357676337438488,3.2681370745314178,2.618876237582684,2.2484502271224027,2.0613356216266476,2.012845273455449,2.0939169930917907,2.3288458109994754,2.7882075629295318,3.621164244108331
87,0.34465527914462896,1.2543526322519203,1.6606584272536256,0.4289217672958944,0.17053459406897914,0.09128454767218872,0.05795176460559132,0.041081319451167005,0.03150310670211243,0.02565731940928842,0.02194159311812651,0.019557807549149354,0.018082355074692667,0.01728611405041627,0.017053414394293396,0.017345738377312223,0.01818951421808638,0.01968145109940631,0.022013391292449336,0.02552839219392508,0.03083862538168497,0.03908276233574667,0.052536661688419396,0.07624706561153062,0.12319641232932672,0.2351149149124044,0.6053369077131607,2.8405032173685583,3.2886671090452957,0.7257828500427067,0.2963269510744736,0.16545383006761985,0.10985834536402841,0.08159537984165252,0.06571634477246413,0.05640395137996303,0.05106980329576543,0.048496266798244335,0.04816193981641054,0.04999859838728045,0.054364464121970484,0.06222151659682433,0.07571966308194578,0.10013195803134588,0.15311997155042534,0.3815655866095295,0.26170736877992773,0.30266169099489226,2.0687825610171893,0.721771398646953,0.5596359724865492,1.1564520509564298,0.30430274627609843,0.13831334299326958,0.10891964659558175,0.08908622324642938,0.06814374866246588,0.053584437213859575,0.04353018046440993,0.03548143653530491,0.030289550579604287,0.028358467030783003,0.028512027662480385,0.028710965767127658,0.02827087639207494,0.027873434999836112,0.028389168717568882,0.030142548416112434,0.03284677664299514,0.03640334171588378,0.041417183647720325,0.04911644720450988,0.061180427864501834,0.07963602377823709,0.10737013401292857,0.15028169561537696,0.22267774302836088,0.3627418298657703,0.6918148890001978,1.7264536442382326,6.180311665814216,6.370486815640762,2.0064432063201947,0.9063488144881303,0.5328714117935109,0.3684285740820576,0.28444756265603743,0.23805576846661372,0.21190699443942299,0.19820297857216296,0.19343967590182812,0.19642252280995873,0.20754131604276632,0.22874404132928366,0.26421241093534237,0.3222914330898894,0.42051612836041957,0.6000261705424385,0.9752429539607993,1.9600397166884946,5.777932660837685,17.01842474446632,4.975908479667911,1.613052557742799,0.7563340963604279,0.4344230595912359,0.2822134614852451,0.1990899310627205,0.14904336068230117,0.1167360800032819,0.09477577428228727,0.07925559828581055,0.06795896528493263,0.05955648805585229,0.053215401004390726,0.048396188095664545,0.04474059511086086,0.04200718040851671,0.04003310137388338,0.03871129738133475,0.03797742835325351
88,0.17084597122360862,0.5110566385553544,2.172637582773114,0.6410653206668518,0.18936293768579338,0.0871277106121087,0.05039456176659683,0.03340806813379898,0.024278418785747775,0.01887554198350355,0.015471885225509298,0.013246908338142663,0.011774672105145807,0.010820909157406362,0.010253846650405782,0.01000231843859226,0.01003594268558005,0.010357243505010723,0.011002081968765117,0.012048533992860565,0.01363819892409096,0.016020695843819748,0.01964798476812391,0.025388593445492755,0.0350682939494572,0.053050938490982164,0.09194685790585282,0.2012823362074,0.7308438189803533,5.800003934814682,0.7533992632710417,0.215733601034646,0.10237565274319142,0.06139916600947672,0.042244390716273415,0.031895089681025925,0.025809164253346322,0.02208000724589394,0.01980923155382817,0.018549823261035315,0.018090610472471333,0.018373865139920245,0.019487019090543182,0.021752967914792774,0.026207074402202025,0.03911432444473471,0.385727762987402,0.060159171468249714,0.16095027155738448,0.12700763218507,0.14489184928905216,0.28859761592871275,1.783031513076656,0.29692591669484114,0.14388537606965957,0.08772890643167856,0.053549305439463415,0.034454326592491945,0.02323030788347905,0.016487805106567485,0.012793806052734544,0.011001868882092813,0.009968890281380776,0.00889348956065474,0.007728709963339225,0.006720830589343204,0.006039597848269459,0.005702256673226277,0.0056016798368187515,0.005652254013468116,0.005855685057534933,0.006250307267572907,0.006849096757266803,0.007615548790623748,0.008506753140091956,0.00954524512139893,0.010853673249660738,0.012673500062570116,0.015428222814602245,0.019884729596561058,0.02756232590711386,0.04194591827665783,0.07276065502280399,0.15584186221994484,0.5037359641045129,3.0728426721739774,0.891092571203837,0.2523930349023495,0.11868174385817465,0.07080242478463152,0.04837937275420399,0.03617974779896074,0.0289446773409268,0.024468973441593232,0.021703938937595115,0.02011523768458954,0.01943492513650714,0.01956186307255154,0.02053150300812397,0.022535266831867257,0.026006686738518206,0.03185037453051615,0.04206317247914805,0.06167722164397001,0.1064936371202328,0.2492258554892848,1.2201886111045397,1.7399384719423636,0.2472944639143747,0.0836166139695126,0.040040227267856096,0.022928273162332036,0.014657529853132857,0.01010767210414293,0.00737304101953802,0.005620195878151136,0.004440582250539655,0.003616124815783713,0.003022484861477412,0.0025849722261582133,0.0022568296825064287
89,0.11529322317555414,0.3032961637776496,1.506021268358246,0.8895647220304266,0.20675154124514852,0.08503823736200553,0.04618976077251447,0.0293437293094403,0.020637661092235474,0.015610590648911788,0.01248680404284613,0.010450922010509584,0.009088893513921798,0.008175117554006914,0.007581315899399511,0.007234135263074554,0.007094498356851384,0.007147834061171138,0.007400734975096208,0.007882662546331852,0.008653467176518872,0.009820186425737544,0.011571893406831185,0.014254420324677792,0.01854370188214245,0.025896918459326377,0.03993170691856649,0.0717642603244991,0.170369922614493,0.8003072418138691,3.660046736757435,0.3420482319578199,0.11153049276337525,0.0556782197076137,0.034150577295249736,0.023720470077640568,0.017951107072164834,0.0144941809220155,0.012333598847123732,0.010978873826476748,0.010179535733638763,0.009811786479685364,0.009835300799327965,0.010296968470732484,0.011446098410254044,0.014839000771690432,0.20024500715661664,0.0326123121782216,0.05701078294352607,0.04150034884025622,0.06718495146352058,0.06781933400590445,0.2972059115719052,0.5118166510876142,0.19526442215032502,0.09837780410019815,0.052260349812888844,0.030146971228647405,0.017998827572573376,0.011563989458419362,0.008382674964459491,0.006808361544352263,0.0058034829529107915,0.0048697770113748364,0.004004813071284196,0.0033143832003272936,0.0028431838583767074,0.0025699152773743373,0.002427645017354281,0.002365602030844107,0.0023710586972248587,0.0024432354365960004,0.002569556045033044,0.002723605234446575,0.002885536428838245,0.0030604442500833636,0.003277330070492925,0.003583669243158672,0.0040497531518295824,0.004783035222422433,0.0059584639387769995,0.007896096420908577,0.011268870849804121,0.01770835305062737,0.03197225618244827,0.07265780641601398,0.261104343199409,1.0671977554195273,0.2274481492893356,0.07394877994052089,0.03624590976523605,0.02188680052924371,0.015010452536798344,0.011254574272484493,0.009040084877203515,0.007687313093314715,0.006869785110586711,0.006422382495616829,0.006265165157707744,0.006372333672672371,0.0067638032733143075,0.007515020600662215,0.008794111500952275,0.010961639478916168,0.014854160806728961,0.022745517488133304,0.04271392208113,0.12185154818438364,0.8750523030825526,0.1940271861539278,0.043187901075594906,0.017287910150144706,0.008968834158383602,0.0053830075961765955,0.0035520060352408297,0.0025078411752265982,0.0018641448749329049,0.0014436751497164976,0.0011565009231711504,9.533746381437E-4,8.056818979952025E-4
90,0.09931801728494441,0.2512483927290119,1.2170092104809422,0.9867850694501402,0.20947100485286757,0.082607797074698,0.04387717556180893,0.027468704214463898,0.019106992452274298,0.014321887056276909,0.011364714581114023,0.009442012807439542,0.00815412250578978,0.007284292714272013,0.006709266329243066,0.006357904302726133,0.00619099048839266,0.0061914396901856916,0.006360427411946148,0.0067178560601026,0.007307410552136025,0.008208494256101576,0.009561059855839498,0.011618157510792638,0.014865169666819517,0.020320693399572477,0.030417501217137436,0.05219947286518555,0.11362074011534093,0.4230629455881047,5.660197920626768,0.43007456584271087,0.11576240828191639,0.053491748600565096,0.03140719068264734,0.021176645164959554,0.015665702252044403,0.012411564514582597,0.010385342206378144,0.009100623350573784,0.008310034345077596,0.007887132620811617,0.0077796619078784575,0.008004384028654232,0.008723577882557537,0.010992834408856044,0.07884792813596114,0.0280929544254133,0.04155983983921437,0.027047949282427944,0.051513388123320916,0.0462841649497349,0.1621887710866301,0.4348075516779742,0.19969286959333024,0.09783034600257323,0.05047663244502366,0.02867800922238901,0.016582209069175076,0.010295444745043653,0.0072652348085356765,0.005742333233252363,0.00475019789217114,0.0038867332059956813,0.003144294080436821,0.0025786243401631163,0.00220052387417685,0.001979237856519087,0.0018576065579791444,0.0017958642546586376,0.0017833934509260884,0.0018167374692138773,0.0018834758206572164,0.001964019977693583,0.00204690683249527,0.0021384298754613413,0.0022589196281693337,0.0024382733210459783,0.0027184799588351777,0.003161394606813755,0.0038638930443490693,0.0049957611620521855,0.006896263657399965,0.010332222084597723,0.01731737138734702,0.03450329370387418,0.0942114919605857,0.4686857647762268,0.3559078798517511,0.08408921380456293,0.03502969427565454,0.019357246905831134,0.012552504044068524,0.009049920209727011,0.007057088262151495,0.00585959792300968,0.005131034310492175,0.004709957070701753,0.004515757436486698,0.004514273516083846,0.004705251232174682,0.005123548776550486,0.005856050977813939,0.007089408456581179,0.009240278026818143,0.013362213607674912,0.022763211693389063,0.05263379143639381,0.25239516145776547,0.33225778360527475,0.04907048520870016,0.016646494149904226,0.007964254087766385,0.004556005108175813,0.0029117528095149877,0.0020091690326705684,0.001467746436367494,0.0011212291662553637,8.882403385718084E-4,7.254319858303149E-4,6.081614093368028E-4
