% Model,spaceplate_double_2d.mph
% Version,COMSOL 6.2.0.415
% Date,"Jul 15 2025, 11:53"
% Table,Table 10 - Global Evaluation 1
% theta0 (deg),"freq=10000 Hz, abs(p2_scat)^2 (kg^2/s^4)","freq=10200 Hz, abs(p2_scat)^2 (kg^2/s^4)","freq=10400 Hz, abs(p2_scat)^2 (kg^2/s^4)","freq=10600 Hz, abs(p2_scat)^2 (kg^2/s^4)","freq=10800 Hz, abs(p2_scat)^2 (kg^2/s^4)","freq=11000 Hz, abs(p2_scat)^2 (kg^2/s^4)","freq=11200 Hz, abs(p2_scat)^2 (kg^2/s^4)","freq=11400 Hz, abs(p2_scat)^2 (kg^2/s^4)","freq=11600 Hz, abs(p2_scat)^2 (kg^2/s^4)","freq=11800 Hz, abs(p2_scat)^2 (kg^2/s^4)","freq=12000 Hz, abs(p2_scat)^2 (kg^2/s^4)","freq=12200 Hz, abs(p2_scat)^2 (kg^2/s^4)","freq=12400 Hz, abs(p2_scat)^2 (kg^2/s^4)","freq=12600 Hz, abs(p2_scat)^2 (kg^2/s^4)","freq=12800 Hz, abs(p2_scat)^2 (kg^2/s^4)","freq=13000 Hz, abs(p2_scat)^2 (kg^2/s^4)","freq=13200 Hz, abs(p2_scat)^2 (kg^2/s^4)","freq=13400 Hz, abs(p2_scat)^2 (kg^2/s^4)","freq=13600 Hz, abs(p2_scat)^2 (kg^2/s^4)","freq=13800 Hz, abs(p2_scat)^2 (kg^2/s^4)","freq=14000 Hz, abs(p2_scat)^2 (kg^2/s^4)","freq=14200 Hz, abs(p2_scat)^2 (kg^2/s^4)","freq=14400 Hz, abs(p2_scat)^2 (kg^2/s^4)","freq=14600 Hz, abs(p2_scat)^2 (kg^2/s^4)","freq=14800 Hz, abs(p2_scat)^2 (kg^2/s^4)","freq=15000 Hz, abs(p2_scat)^2 (kg^2/s^4)","freq=15200 Hz, abs(p2_scat)^2 (kg^2/s^4)","freq=15400 Hz, abs(p2_scat)^2 (kg^2/s^4)","freq=15600 Hz, abs(p2_scat)^2 (kg^2/s^4)","freq=15800 Hz, abs(p2_scat)^2 (kg^2/s^4)","freq=16000 Hz, abs(p2_scat)^2 (kg^2/s^4)","freq=16200 Hz, abs(p2_scat)^2 (kg^2/s^4)","freq=16400 Hz, abs(p2_scat)^2 (kg^2/s^4)","freq=16600 Hz, abs(p2_scat)^2 (kg^2/s^4)","freq=16800 Hz, abs(p2_scat)^2 (kg^2/s^4)","freq=17000 Hz, abs(p2_scat)^2 (kg^2/s^4)","freq=17200 Hz, abs(p2_scat)^2 (kg^2/s^4)","freq=17400 Hz, abs(p2_scat)^2 (kg^2/s^4)","freq=17600 Hz, abs(p2_scat)^2 (kg^2/s^4)","freq=17800 Hz, abs(p2_scat)^2 (kg^2/s^4)","freq=18000 Hz, abs(p2_scat)^2 (kg^2/s^4)","freq=18200 Hz, abs(p2_scat)^2 (kg^2/s^4)","freq=18400 Hz, abs(p2_scat)^2 (kg^2/s^4)","freq=18600 Hz, abs(p2_scat)^2 (kg^2/s^4)","freq=18800 Hz, abs(p2_scat)^2 (kg^2/s^4)","freq=19000 Hz, abs(p2_scat)^2 (kg^2/s^4)","freq=19200 Hz, abs(p2_scat)^2 (kg^2/s^4)","freq=19400 Hz, abs(p2_scat)^2 (kg^2/s^4)","freq=19600 Hz, abs(p2_scat)^2 (kg^2/s^4)","freq=19800 Hz, abs(p2_scat)^2 (kg^2/s^4)","freq=20000 Hz, abs(p2_scat)^2 (kg^2/s^4)","freq=20200 Hz, abs(p2_scat)^2 (kg^2/s^4)","freq=20400 Hz, abs(p2_scat)^2 (kg^2/s^4)","freq=20600 Hz, abs(p2_scat)^2 (kg^2/s^4)","freq=20800 Hz, abs(p2_scat)^2 (kg^2/s^4)","freq=21000 Hz, abs(p2_scat)^2 (kg^2/s^4)","freq=21200 Hz, abs(p2_scat)^2 (kg^2/s^4)","freq=21400 Hz, abs(p2_scat)^2 (kg^2/s^4)","freq=21600 Hz, abs(p2_scat)^2 (kg^2/s^4)","freq=21800 Hz, abs(p2_scat)^2 (kg^2/s^4)","freq=22000 Hz, abs(p2_scat)^2 (kg^2/s^4)","freq=22200 Hz, abs(p2_scat)^2 (kg^2/s^4)","freq=22400 Hz, abs(p2_scat)^2 (kg^2/s^4)","freq=22600 Hz, abs(p2_scat)^2 (kg^2/s^4)","freq=22800 Hz, abs(p2_scat)^2 (kg^2/s^4)","freq=23000 Hz, abs(p2_scat)^2 (kg^2/s^4)","freq=23200 Hz, abs(p2_scat)^2 (kg^2/s^4)","freq=23400 Hz, abs(p2_scat)^2 (kg^2/s^4)","freq=23600 Hz, abs(p2_scat)^2 (kg^2/s^4)","freq=23800 Hz, abs(p2_scat)^2 (kg^2/s^4)","freq=24000 Hz, abs(p2_scat)^2 (kg^2/s^4)","freq=24200 Hz, abs(p2_scat)^2 (kg^2/s^4)","freq=24400 Hz, abs(p2_scat)^2 (kg^2/s^4)","freq=24600 Hz, abs(p2_scat)^2 (kg^2/s^4)","freq=24800 Hz, abs(p2_scat)^2 (kg^2/s^4)","freq=25000 Hz, abs(p2_scat)^2 (kg^2/s^4)","freq=25200 Hz, abs(p2_scat)^2 (kg^2/s^4)","freq=25400 Hz, abs(p2_scat)^2 (kg^2/s^4)","freq=25600 Hz, abs(p2_scat)^2 (kg^2/s^4)","freq=25800 Hz, abs(p2_scat)^2 (kg^2/s^4)","freq=26000 Hz, abs(p2_scat)^2 (kg^2/s^4)","freq=26200 Hz, abs(p2_scat)^2 (kg^2/s^4)","freq=26400 Hz, abs(p2_scat)^2 (kg^2/s^4)","freq=26600 Hz, abs(p2_scat)^2 (kg^2/s^4)","freq=26800 Hz, abs(p2_scat)^2 (kg^2/s^4)","freq=27000 Hz, abs(p2_scat)^2 (kg^2/s^4)","freq=27200 Hz, abs(p2_scat)^2 (kg^2/s^4)","freq=27400 Hz, abs(p2_scat)^2 (kg^2/s^4)","freq=27600 Hz, abs(p2_scat)^2 (kg^2/s^4)","freq=27800 Hz, abs(p2_scat)^2 (kg^2/s^4)","freq=28000 Hz, abs(p2_scat)^2 (kg^2/s^4)","freq=28200 Hz, abs(p2_scat)^2 (kg^2/s^4)","freq=28400 Hz, abs(p2_scat)^2 (kg^2/s^4)","freq=28600 Hz, abs(p2_scat)^2 (kg^2/s^4)","freq=28800 Hz, abs(p2_scat)^2 (kg^2/s^4)","freq=29000 Hz, abs(p2_scat)^2 (kg^2/s^4)","freq=29200 Hz, abs(p2_scat)^2 (kg^2/s^4)","freq=29400 Hz, abs(p2_scat)^2 (kg^2/s^4)","freq=29600 Hz, abs(p2_scat)^2 (kg^2/s^4)","freq=29800 Hz, abs(p2_scat)^2 (kg^2/s^4)","freq=30000 Hz, abs(p2_scat)^2 (kg^2/s^4)","freq=30200 Hz, abs(p2_scat)^2 (kg^2/s^4)","freq=30400 Hz, abs(p2_scat)^2 (kg^2/s^4)","freq=30600 Hz, abs(p2_scat)^2 (kg^2/s^4)","freq=30800 Hz, abs(p2_scat)^2 (kg^2/s^4)","freq=31000 Hz, abs(p2_scat)^2 (kg^2/s^4)","freq=31200 Hz, abs(p2_scat)^2 (kg^2/s^4)","freq=31400 Hz, abs(p2_scat)^2 (kg^2/s^4)","freq=31600 Hz, abs(p2_scat)^2 (kg^2/s^4)","freq=31800 Hz, abs(p2_scat)^2 (kg^2/s^4)","freq=32000 Hz, abs(p2_scat)^2 (kg^2/s^4)","freq=32200 Hz, abs(p2_scat)^2 (kg^2/s^4)","freq=32400 Hz, abs(p2_scat)^2 (kg^2/s^4)","freq=32600 Hz, abs(p2_scat)^2 (kg^2/s^4)","freq=32800 Hz, abs(p2_scat)^2 (kg^2/s^4)","freq=33000 Hz, abs(p2_scat)^2 (kg^2/s^4)","freq=33200 Hz, abs(p2_scat)^2 (kg^2/s^4)","freq=33400 Hz, abs(p2_scat)^2 (kg^2/s^4)","freq=33600 Hz, abs(p2_scat)^2 (kg^2/s^4)","freq=33800 Hz, abs(p2_scat)^2 (kg^2/s^4)","freq=34000 Hz, abs(p2_scat)^2 (kg^2/s^4)","freq=34200 Hz, abs(p2_scat)^2 (kg^2/s^4)","freq=34400 Hz, abs(p2_scat)^2 (kg^2/s^4)","freq=34600 Hz, abs(p2_scat)^2 (kg^2/s^4)","freq=34800 Hz, abs(p2_scat)^2 (kg^2/s^4)","freq=35000 Hz, abs(p2_scat)^2 (kg^2/s^4)","freq=35200 Hz, abs(p2_scat)^2 (kg^2/s^4)","freq=35400 Hz, abs(p2_scat)^2 (kg^2/s^4)","freq=35600 Hz, abs(p2_scat)^2 (kg^2/s^4)","freq=35800 Hz, abs(p2_scat)^2 (kg^2/s^4)","freq=36000 Hz, abs(p2_scat)^2 (kg^2/s^4)","freq=36200 Hz, abs(p2_scat)^2 (kg^2/s^4)","freq=36400 Hz, abs(p2_scat)^2 (kg^2/s^4)","freq=36600 Hz, abs(p2_scat)^2 (kg^2/s^4)","freq=36800 Hz, abs(p2_scat)^2 (kg^2/s^4)","freq=37000 Hz, abs(p2_scat)^2 (kg^2/s^4)","freq=37200 Hz, abs(p2_scat)^2 (kg^2/s^4)","freq=37400 Hz, abs(p2_scat)^2 (kg^2/s^4)","freq=37600 Hz, abs(p2_scat)^2 (kg^2/s^4)","freq=37800 Hz, abs(p2_scat)^2 (kg^2/s^4)","freq=38000 Hz, abs(p2_scat)^2 (kg^2/s^4)","freq=38200 Hz, abs(p2_scat)^2 (kg^2/s^4)","freq=38400 Hz, abs(p2_scat)^2 (kg^2/s^4)","freq=38600 Hz, abs(p2_scat)^2 (kg^2/s^4)","freq=38800 Hz, abs(p2_scat)^2 (kg^2/s^4)","freq=39000 Hz, abs(p2_scat)^2 (kg^2/s^4)","freq=39200 Hz, abs(p2_scat)^2 (kg^2/s^4)","freq=39400 Hz, abs(p2_scat)^2 (kg^2/s^4)","freq=39600 Hz, abs(p2_scat)^2 (kg^2/s^4)","freq=39800 Hz, abs(p2_scat)^2 (kg^2/s^4)","freq=40000 Hz, abs(p2_scat)^2 (kg^2/s^4)"
0,1.3410029626973775E-5,1.3891735631626574E-5,1.458326362682671E-5,1.5517127652922196E-5,1.6737356078767064E-5,1.8301654657652977E-5,2.0283572029189525E-5,2.2773671894770646E-5,2.587744581885664E-5,2.9705319422282394E-5,3.4346331789402396E-5,3.981313427879915E-5,4.5948144687685675E-5,5.230487633626545E-5,5.8081574977276276E-5,6.22522466681526E-5,6.396957642998038E-5,6.302063135147436E-5,5.9930758496083125E-5,5.562525640530526E-5,5.0988167584257486E-5,4.6627590473258246E-5,4.286456138091913E-5,3.982068398533252E-5,3.7510052384115476E-5,3.590331401004291E-5,3.496475257490378E-5,3.4671681611256634E-5,3.502407417161596E-5,3.604894871020521E-5,3.78006222729498E-5,4.035400023169411E-5,4.378193077199867E-5,4.8097536822344495E-5,5.313088998471346E-5,5.831925754028781E-5,6.249121901244496E-5,6.397506266139288E-5,6.144239368009282E-5,5.5057351019242236E-5,4.652231998826588E-5,3.782603339767232E-5,3.0204234259315905E-5,2.4051666033503134E-5,1.9283251649101353E-5,1.564722793285935E-5,1.2881901003361215E-5,1.076927579769868E-5,9.142778568270232E-6,7.879706607903618E-6,6.890903259414912E-6,6.111725833899356E-6,5.495133770658108E-6,5.006684895074388E-6,4.621001848135514E-6,4.31930420094923E-6,4.087694506858315E-6,3.915975148219575E-6,3.7968423473452885E-6,3.7253545943731644E-6,3.698609309627819E-6,3.7155882684176383E-6,3.7771530390710246E-6,3.886189622525691E-6,4.047919513891661E-6,4.270415400982283E-6,4.565386769833696E-6,4.9493372443128425E-6,5.445244852451262E-6,6.084979553739174E-6,6.912740852112407E-6,7.989834551876078E-6,9.400993949198163E-6,1.126186900791467E-5,1.3725495733882531E-5,1.6980981723335932E-5,2.1228258984569857E-5,2.6599863960290713E-5,3.300271190411357E-5,3.992143112566458E-5,4.6381643068015235E-5,5.128954285886728E-5,5.3906716127826264E-5,5.379676843593762E-5,5.017868157829284E-5,4.193432608776765E-5,2.9803263840405628E-5,1.780375905866948E-5,9.350508978971732E-6,4.564795170851029E-6,2.133556020091205E-6,9.538432503006993E-7,3.9578881790818737E-7,1.4134689368278755E-7,3.531941867147657E-8,2.0458318458693648E-9,4.300040573702179E-9,2.36208278772598E-8,5.0869901545491656E-8,8.163066899803E-8,1.1392625297386821E-7,1.4707110938065873E-7,1.810896258950736E-7,2.164257079858035E-7,2.538067883824232E-7,2.941944305348877E-7,3.387888331434073E-7,3.8907361817982364E-7,4.4689894650769524E-7,5.146098906387389E-7,5.952360899014232E-7,6.927706757736362E-7,8.125846422263768E-7,9.620525670299255E-7,1.1515162378295562E-6,1.3958016789231687E-6,1.71666555018533E-6,2.1468439335774304E-6,2.7369392355093837E-6,3.56746514809533E-6,4.770461395766789E-6,6.568967130087048E-6,9.348665536375042E-6,1.3778339466844835E-5,2.0950572823516998E-5,3.2216971290955574E-5,4.7430587005890156E-5,6.079569478050808E-5,6.344097738273745E-5,5.638301731727857E-5,4.717377273321867E-5,3.9785674647288406E-5,3.482689364901226E-5,3.1940290147413754E-5,3.075539730417964E-5,3.1097476152969874E-5,3.301131442493316E-5,3.675452842099527E-5,4.272357022229724E-5,5.102953769726541E-5,6.000063137321981E-5,6.386953554159347E-5,5.64128139225905E-5,4.147173383506651E-5,2.7708318818376013E-5,1.820615723291842E-5,1.2218788162672958E-5,8.476761701371088E-6,6.0851628597382255E-6,4.508007366812388E-6,3.433952473563861E-6
0.5629,1.3410166627964265E-5,1.3892057177782232E-5,1.4583959572848564E-5,1.551834824403933E-5,1.673918455743179E-5,1.830407978442134E-5,2.0286463642219983E-5,2.2776765769567386E-5,2.5880348926693623E-5,2.9707552417669783E-5,3.4347427867597135E-5,3.981280020713825E-5,4.594643960666486E-5,5.23022717320045E-5,5.8078715527299414E-5,6.224944975086564E-5,6.396655448364402E-5,6.301688096317634E-5,5.9926221813961305E-5,5.562048903112225E-5,5.098395589250186E-5,4.6624511511215525E-5,4.28627902324736E-5,3.982002372052621E-5,3.7510058810719564E-5,3.590342745541832E-5,3.496440372672821E-5,3.4670368222429055E-5,3.502141511524191E-5,3.604472226460896E-5,3.779479284627128E-5,4.034673412444218E-5,4.377359729625292E-5,4.8088687481542225E-5,5.312221336561815E-5,5.8311539561765084E-5,6.248538976623515E-5,6.397231990760428E-5,6.144398025340194E-5,5.506362473076399E-5,4.6532082313808514E-5,3.783717391817119E-5,3.0214881919345457E-5,2.4060741946733418E-5,1.9290404863365055E-5,1.565256389828661E-5,1.288574202725829E-5,1.0772007291713211E-5,9.14476486261332E-6,7.881250879488463E-6,6.892233167707737E-6,6.1129938979274095E-6,5.496426276259665E-6,5.008035605522731E-6,4.622407661097603E-6,4.3207382759740735E-6,4.089099944412137E-6,3.917200338525306E-6,3.797764441927127E-6,3.726103984592379E-6,3.699260418344792E-6,3.7161658631515004E-6,3.7776819866034736E-6,3.88670185130566E-6,4.048451315648482E-6,4.271003647692128E-6,4.566065661559769E-6,4.950135863031361E-6,5.446185490988748E-6,6.086076712864412E-6,6.9140008110375785E-6,7.991255483997563E-6,9.402566624167187E-6,1.1263578012756431E-5,1.3727320300816073E-5,1.6982892257379832E-5,2.123019779585447E-5,2.660168653324099E-5,3.30040663709002E-5,3.992162324747879E-5,4.637967557036743E-5,5.128443432543214E-5,5.389763380286694E-5,5.378229438125638E-5,5.015583071037118E-5,4.190073447990759E-5,2.9764172112617854E-5,1.777046464539789E-5,9.328273250663539E-6,4.551726125003813E-6,2.1262457549116233E-6,9.49826796325058E-7,3.936261385139437E-7,1.4024409486701498E-7,3.483964477389547E-8,1.9441908589687115E-9,4.436036244677369E-9,2.391232159630277E-8,5.1268524575873753E-8,8.210835417501893E-8,1.1446765319841818E-7,1.4766923187399376E-7,1.817432983702259E-7,2.1713815107592667E-7,2.5458491512097593E-7,2.9504868486224563E-7,3.397334945993625E-7,3.9012758192257333E-7,4.480870626782826E-7,5.159650353434256E-7,5.968022640895633E-7,6.94607620423591E-7,8.1477477274015E-7,9.647115638525323E-7,1.154809565161239E-6,1.3999709858361672E-6,1.7220720197856093E-6,2.1540415535290575E-6,2.7468024511252925E-6,3.581418068603523E-6,4.790900487922223E-6,6.600052748461083E-6,9.397778485867929E-6,1.3858456789329967E-5,2.108224085684725E-5,3.241964984118296E-5,4.76722202768464E-5,6.0928780190224305E-5,6.336278840161336E-5,5.619277166349498E-5,4.6981568166214776E-5,3.962727144761299E-5,3.4703059402721155E-5,3.184455668659742E-5,3.0682505124176775E-5,3.1045248599130415E-5,3.298131086710487E-5,3.675282095936861E-5,4.276045854457531E-5,5.1110455179608276E-5,6.008691471849953E-5,6.382739527611113E-5,5.614811290933037E-5,4.111221980266792E-5,2.7395820641764258E-5,1.797340700864671E-5,1.2050524288413734E-5,8.352860591355342E-6,5.990698441051867E-6,4.43312676793514E-6,3.3722567873405364E-6
1.1258,1.3410574798543171E-5,1.3893013717894609E-5,1.4586035044736273E-5,1.5521995417796756E-5,1.674465603896931E-5,1.8311345139633383E-5,2.0295135474376896E-5,2.2786053655653615E-5,2.5889074586200178E-5,2.9714276587921193E-5,3.435074629516532E-5,3.9811826541638804E-5,4.5941343192136194E-5,5.229446186929732E-5,5.807012965426697E-5,6.224105197230853E-5,6.395749277324941E-5,6.300564417626203E-5,5.9912625320171727E-5,5.560618813719255E-5,5.0971305344429344E-5,4.661524641299781E-5,4.285744498056775E-5,3.981801757928909E-5,3.7510066936283886E-5,3.590377473502305E-5,3.496338220835319E-5,3.466646788316842E-5,3.501348685046578E-5,3.6032093486177746E-5,3.7777348446202916E-5,4.032496502180583E-5,4.374860598514399E-5,4.80621286665866E-5,5.3096161163843346E-5,5.828836625426552E-5,6.246789530583229E-5,6.396408784195714E-5,6.144871536547827E-5,5.5082394349501633E-5,4.65613146511507E-5,3.78705650481997E-5,3.0246827353331514E-5,2.408799735935119E-5,1.9311904450595204E-5,1.5668612955786398E-5,1.2897300444330324E-5,1.0780227895762884E-5,9.15073983579334E-6,7.885890652821497E-6,6.896222689237556E-6,6.116793273573681E-6,5.500297060366555E-6,5.01208155733587E-6,4.626621468692622E-6,4.32504091407995E-6,4.093321830293541E-6,3.920886020655774E-6,3.8005404784922667E-6,3.7283600291592154E-6,3.701220443584988E-6,3.717904160305144E-6,3.7792728453104236E-6,3.8882408082432595E-6,4.050047205013414E-6,4.272767303464338E-6,4.568100162279784E-6,4.952529160302009E-6,5.449005338674124E-6,6.089367582809329E-6,6.917782513408445E-6,7.995523400672823E-6,9.407293658560566E-6,1.126871802274669E-5,1.373281024789808E-5,1.6988641369913577E-5,2.1236029439031174E-5,2.6607162282806552E-5,3.300812607955028E-5,3.992218315340838E-5,4.637374850043414E-5,5.126908289115331E-5,5.387035907186999E-5,5.373882571456985E-5,5.0087189957789546E-5,4.179986630496921E-5,2.9646925461601952E-5,1.7670749230502386E-5,9.261755692988685E-6,4.512663446352522E-6,2.104411660257836E-6,9.37840735481832E-7,3.8718038061093083E-7,1.3696495646304203E-7,3.3421393289089964E-8,1.655066504462517E-9,4.856346661452773E-9,2.4796790945848343E-8,5.247279598238172E-8,8.354874014346031E-8,1.1609848479040271E-7,1.4946982011083713E-7,1.8371037101117037E-7,2.1928159626436452E-7,2.569256996659319E-7,2.9761838698956224E-7,3.425752361612691E-7,3.9329839124895055E-7,4.5166192495871445E-7,5.200431542974971E-7,6.015164345953245E-7,7.001381951409755E-7,8.213706617776829E-7,9.72722331788608E-7,1.1647355371136954E-6,1.412543403781402E-6,1.7383847861427331E-6,2.1757741490891343E-6,2.7766087516894305E-6,3.6236253059151964E-6,4.8527996724985975E-6,6.694316832276456E-6,9.546909518801849E-6,1.4101998771611701E-5,2.1482471352608558E-5,3.303353981031697E-5,4.839456620603153E-5,6.130797947038463E-5,6.310860742348897E-5,5.561643247223699E-5,4.640688300165484E-5,3.9155572365910005E-5,3.433471228884443E-5,3.155987413817081E-5,3.0465885267230948E-5,3.0890478862436436E-5,3.289352554514324E-5,3.675092919643855E-5,4.287619032138137E-5,5.135944978258839E-5,6.034498963021027E-5,6.367787789947266E-5,5.5321536968522734E-5,4.001858323371233E-5,2.6457107858830233E-5,1.7277985165246687E-5,1.1548615717379468E-5,7.98322103014225E-6,5.708559821741637E-6,4.209089803942726E-6,3.187255095272508E-6
1.6886999999999999,1.3411244569488551E-5,1.3894579712918255E-5,1.4589451448123588E-5,1.5528023543499918E-5,1.675372641624359E-5,1.8323417930582442E-5,2.0309575257830034E-5,2.2801550492239735E-5,2.5903667257694592E-5,2.972556208654054E-5,3.435637120591285E-5,3.981029119677334E-5,4.5932902600063884E-5,5.2281447308172276E-5,5.805578126304796E-5,6.2227016612569E-5,6.394238657651944E-5,6.298694642688911E-5,5.988999210016619E-5,5.558234034050262E-5,5.0950153005884375E-5,4.659969440926264E-5,4.2848414222854456E-5,3.981457351019256E-5,3.751002716240082E-5,3.590436036112981E-5,3.496174651723451E-5,3.4660083086492436E-5,3.500041846778549E-5,3.601119547249858E-5,3.774840073168775E-5,4.0288758557580645E-5,4.3706959228089155E-5,4.80177989836586E-5,5.305263217170379E-5,5.824963967508672E-5,6.243867086827776E-5,6.395030820925656E-5,6.14564792573005E-5,5.511346251118718E-5,4.660981448602969E-5,3.792608182474412E-5,3.0300049531702824E-5,2.4133491926534132E-5,1.934785118623115E-5,1.5695482959128403E-5,1.291666928469118E-5,1.0794004945361068E-5,9.160742203357845E-6,7.893638336310545E-6,6.902863528379546E-6,6.123102369423657E-6,5.506719148788423E-6,5.018797676112636E-6,4.633625986353277E-6,4.3322070162399295E-6,4.100370533089264E-6,3.927056502083395E-6,3.805194782758329E-6,3.7321421653103476E-6,3.7045055950144503E-6,3.720815939402956E-6,3.781933953701833E-6,3.890809583746325E-6,4.052704839459436E-6,4.275699180373641E-6,4.571479602768534E-6,4.956505028668089E-6,5.453693398829085E-6,6.094845104211181E-6,6.9240856632189204E-6,8.002647246233813E-6,9.415194887418832E-6,1.1277319886711994E-5,1.3742005021169334E-5,1.699827088270075E-5,2.1245787110460723E-5,2.6616300842115838E-5,3.301486329414364E-5,3.992304279905952E-5,4.6363768243250106E-5,5.124339124907723E-5,5.382479033854078E-5,5.366620724637986E-5,4.997248321313197E-5,4.16314365460005E-5,2.9451611422725502E-5,1.750511905725297E-5,9.151525878926915E-6,4.448040151071993E-6,2.0683432880752873E-6,9.18074475547782E-7,3.7657797471675876E-7,1.3159691609074867E-7,3.1127600822868564E-8,1.2256372142389188E-9,5.5977797639206655E-9,2.6304094825393445E-8,5.450787737233281E-8,8.59738390221299E-8,1.188387354793669E-7,1.524917161936833E-7,1.8700928820924542E-7,2.22874787392925E-7,2.6084889256179435E-7,3.0192506501115865E-7,3.473382547209397E-7,3.986139952421271E-7,4.5765661180129944E-7,5.268842794289117E-7,6.09428096271355E-7,7.094249316986761E-7,8.324531312168978E-7,9.86191931469226E-7,1.1814398150583908E-6,1.433722946415497E-6,1.7658986539692865E-6,2.212482148326585E-6,2.827039727843935E-6,3.695181347293541E-6,4.957984203251915E-6,6.854915713903338E-6,9.801669778525115E-6,1.4518933530054246E-5,2.2167483935479464E-5,3.40762766425553E-5,4.9588173526933715E-5,6.1872056565718E-5,6.262274418485958E-5,5.464031003043161E-5,4.545713959541764E-5,3.8382029687547105E-5,3.3732034533727056E-5,3.109450375891395E-5,3.011249690942098E-5,3.06398532081076E-5,3.2755854971509816E-5,3.676022904030824E-5,4.3088336934619546E-5,5.179796048346143E-5,6.077287622776821E-5,6.334811625007697E-5,5.383692329399302E-5,3.815113709186839E-5,2.4892843341221698E-5,1.613097863095247E-5,1.0723362954368914E-5,7.375197825635088E-6,5.243397324725702E-6,3.838416302695556E-6,2.8797705482293933E-6
2.2516,1.3412160580684303E-5,1.3896713111193775E-5,1.4594144750314158E-5,1.5536356509748804E-5,1.676632170677101E-5,1.834024266563648E-5,2.0329761481852578E-5,2.2823280080131035E-5,2.59242001129251E-5,2.9741525271063636E-5,3.436444281812059E-5,3.980832475350314E-5,4.5921197851368186E-5,5.2263230678407146E-5,5.8035611449677785E-5,6.22072829787055E-5,6.392122826913423E-5,6.296083080420922E-5,5.985836205017785E-5,5.554892524463863E-5,5.0920395805205695E-5,4.6577688598492786E-5,4.2835512089658925E-5,3.9809536597954646E-5,3.750985439399763E-5,3.590518907397075E-5,3.495959161591269E-5,3.465138285241304E-5,3.498242440082198E-5,3.5982250655170795E-5,3.770813779848056E-5,4.023822729011112E-5,4.364866464406337E-5,4.7955599019102744E-5,5.29914586538153E-5,5.8195195301545086E-5,6.239760665430091E-5,6.393088428980946E-5,6.146707569601598E-5,5.5156503474048936E-5,4.6677243858511475E-5,3.800351204232152E-5,3.0374508506508427E-5,2.4197321302777802E-5,1.9398411088348668E-5,1.573335333210366E-5,1.294400435987789E-5,1.0813452038966586E-5,9.174838096365505E-6,7.904516147327186E-6,6.912143081458566E-6,6.13188592902453E-6,5.515647739484814E-6,5.0281417858375585E-6,4.643391616448907E-6,4.342227093808126E-6,4.1102624140301794E-6,3.935751799622018E-6,3.81176784394663E-6,3.737482911914112E-6,3.709143130515288E-6,3.724922855632839E-6,3.785679655325108E-6,3.894413815781173E-6,4.05642077621706E-6,4.279787658878868E-6,4.576186389964204E-6,4.962043255286679E-6,5.460231066362232E-6,6.102497007508938E-6,6.932909093716532E-6,8.012641182013329E-6,9.42630268537773E-6,1.1289434565842375E-5,1.3754970329880646E-5,1.7011851057778724E-5,2.1259527367471643E-5,2.662912002504711E-5,3.302423362739795E-5,3.9924090057907427E-5,4.6349578993023827E-5,5.120719620777369E-5,5.3760755998394095E-5,5.356417671396056E-5,4.98112469426041E-5,4.139497465360515E-5,2.917839067486452E-5,1.727442776014601E-5,8.998533395155646E-6,4.358574560727631E-6,2.0185197867200185E-6,8.908410479909817E-7,3.6202773349342025E-7,1.242843434098812E-7,2.8062178020939356E-8,7.338065962848417E-10,6.721131035123946E-9,2.848356888516367E-8,5.7415360801880695E-8,8.942005395505341E-8,1.2272147786493815E-7,1.567661162182965E-7,1.9167061084391077E-7,2.2794881196506736E-7,2.6638729211385776E-7,3.0800452457845215E-7,3.5406286829986884E-7,4.0612105967548513E-7,4.6612647564903034E-7,5.365555539214852E-7,6.206204606012175E-7,7.225732121353049E-7,8.481587191843712E-7,1.0053016817112553E-6,1.2051697402743292E-6,1.463857015217826E-6,1.8051171739104793E-6,2.2649204206375774E-6,2.899268088281243E-6,3.7979774053148265E-6,5.1096227415809955E-6,7.0873545371760726E-6,1.017188170745716E-5,1.5126700638431616E-5,2.3165225624883258E-5,3.5575760779476584E-5,5.122858940465973E-5,6.251308732627105E-5,6.181980528753087E-5,5.32481473679273E-5,4.414675051804398E-5,3.732582226683265E-5,3.291161586778062E-5,3.0461840159005658E-5,2.9633716273082847E-5,3.0304545137508563E-5,3.258193472108078E-5,3.6800981222666365E-5,4.342865277590541E-5,5.246329626126569E-5,6.135715268513689E-5,6.269190255106588E-5,5.152950683081116E-5,3.5454968702840304E-5,2.2712219319950326E-5,1.4554787426912353E-5,9.593906302370379E-6,6.54221598688673E-6,4.603751094361185E-6,3.325858616564619E-6,2.451509040134858E-6
2.8145,1.3413302565382686E-5,1.3899356126787204E-5,1.4600025932627313E-5,1.5546887653566075E-5,1.678233736443083E-5,1.836173990826367E-5,2.0355661794873057E-5,2.2851273422926402E-5,2.595077362236927E-5,2.976232783079008E-5,3.437515739803468E-5,3.9806111512451296E-5,4.590634394788381E-5,5.2239819218249775E-5,5.8009540394632E-5,6.218176717108853E-5,6.38940076823719E-5,6.292735907809041E-5,5.981779400309977E-5,5.5505918315483285E-5,5.088189329722736E-5,4.654899757939917E-5,4.281847802091979E-5,3.980268688651742E-5,3.7509424431391064E-5,3.590626167288211E-5,3.4957045100391653E-5,3.464059996941579E-5,3.495980327806418E-5,3.594557162131317E-5,3.7656827097011106E-5,4.017353540534112E-5,4.3573740547299526E-5,4.787539579042488E-5,5.291240789497131E-5,5.812480019988713E-5,6.234454502320177E-5,6.390568134569092E-5,6.148023694646856E-5,5.521106801746235E-5,4.6763128930851265E-5,3.810255050727987E-5,3.0470138066662203E-5,2.4279611387218246E-5,1.946381238476468E-5,1.5782474469386227E-5,1.297952533503814E-5,1.0838731053509224E-5,9.193123448561201E-6,7.918558419213595E-6,6.92404629439374E-6,6.1430961662140736E-6,5.527020483180577E-6,5.040054072232518E-6,4.655875286180408E-6,4.355085781557678E-6,4.123018422807414E-6,3.9470268628994E-6,3.820316208595789E-6,3.7444280342531997E-6,3.7151717013306577E-6,3.73025595949586E-6,3.7905309581197203E-6,3.899062417439785E-6,4.061191168641581E-6,4.285017240094353E-6,4.582196307890625E-6,4.969115490791182E-6,5.468591728376457E-6,6.112305065492007E-6,6.944249753269432E-6,8.025523447783796E-6,9.440660903905589E-6,1.1305132398697772E-5,1.3771798024589545E-5,1.70294813540976E-5,2.1277331889799673E-5,2.66456483934857E-5,3.303617875498042E-5,3.992517062376134E-5,4.6330963067348036E-5,5.116026712529219E-5,5.367801090990852E-5,5.343235917586849E-5,4.960282503067774E-5,4.1089831442787685E-5,2.882751920321049E-5,1.697989070756299E-5,8.804107914379685E-6,4.245265115395084E-6,1.9556047287456102E-6,8.56573153450975E-7,3.438180160064183E-7,1.1522651840709105E-7,2.4368547297016483E-8,2.8712233501550705E-10,8.31036380353177E-9,3.14033868924586E-8,6.12527567677294E-8,9.393775656969842E-8,1.2779251127755444E-7,1.6233626069028616E-7,1.9773674731901E-7,2.3454687258691466E-7,2.7358656439413505E-7,3.15906735428857E-7,3.628054991780966E-7,4.1588509262512883E-7,4.771494787352319E-7,5.491518778349082E-7,6.35211560081295E-7,7.397330606052662E-7,8.68682522179225E-7,1.0303116477569517E-6,1.2362814814788908E-6,1.5034479887638737E-6,1.856771915381019E-6,2.334191324297404E-6,2.9950162915291906E-6,3.934809179223435E-6,5.312432038197086E-6,7.399884803306949E-6,1.067234347360623E-5,1.5951524712421323E-5,2.451661320168788E-5,3.7566750229280676E-5,5.326190961150053E-5,6.307100231190446E-5,6.059725211397529E-5,5.14296698994998E-5,4.2499352896897415E-5,3.6013724242369794E-5,3.189583165049777E-5,2.967986806943053E-5,2.9045052652766537E-5,2.9900357214103056E-5,3.239206391365173E-5,3.690474653912375E-5,4.394750642074137E-5,5.341029249579365E-5,6.205005803932374E-5,6.144716868301425E-5,4.816831734625365E-5,3.1881319534445936E-5,1.9945544170305946E-5,1.2588924477614474E-5,8.191206308340952E-6,5.5056372845459775E-6,3.803395580538129E-6,2.6793932477252604E-6,1.905665850701494E-6
3.3773999999999997,1.3414646590419857E-5,1.3902436345181265E-5,1.4606981654240406E-5,1.5559479700314777E-5,1.6801637351827464E-5,1.838780455316149E-5,2.038723076557973E-5,2.2885566381583325E-5,2.5983513538657598E-5,2.9788175515843026E-5,3.438876714899305E-5,3.980389090256886E-5,4.588849378094824E-5,5.221122831338126E-5,5.797747003301475E-5,6.215036316555838E-5,6.386071257781376E-5,6.288661310242959E-5,5.976836869021961E-5,5.54532949273709E-5,5.083447160010438E-5,4.6513327855029854E-5,4.2796976602796016E-5,3.979373646601822E-5,3.750856899761377E-5,3.590756918400835E-5,3.4954261772443834E-5,3.462802701901148E-5,3.4932936167272755E-5,3.590156209483488E-5,3.7594819352641405E-5,4.00949051898459E-5,4.3482223606184426E-5,4.777702913754783E-5,5.28151846208656E-5,5.8038150650442725E-5,6.2279276538074E-5,6.387452702209879E-5,6.14956305775305E-5,5.5276590503228066E-5,4.686685984121251E-5,3.8222791332476564E-5,3.058683549183613E-5,2.4380510092740098E-5,1.9544341038826053E-5,1.5843166706583397E-5,1.3023517097493343E-5,1.0870054885111414E-5,9.215727301544877E-6,7.93581483803172E-6,6.938558314204709E-6,6.156674440637808E-6,5.540757977233184E-6,5.054456420601962E-6,4.671018874070842E-6,4.3707597603775966E-6,4.138662088759695E-6,3.960950425321806E-6,3.830912284460131E-6,3.7530367383410476E-6,3.722641804956908E-6,3.736856400652618E-6,3.796516443386734E-6,3.904768594496262E-6,4.067012755999731E-6,4.291369350126734E-6,4.589478983239655E-6,4.977685256229425E-6,5.4787402523979425E-6,6.124244081029222E-6,6.9581012979288126E-6,8.041314752558777E-6,9.458323338179161E-6,1.1324501997952606E-5,1.3792605828641171E-5,1.7051291377778354E-5,2.1299309848642295E-5,2.6665928801109113E-5,3.305063024493745E-5,3.9926090788530865E-5,4.6307641505071505E-5,5.1102303843263835E-5,5.357623147055559E-5,5.3270259047652906E-5,4.934636156973312E-5,4.071518932721334E-5,2.8399379423335338E-5,1.6623104165673584E-5,8.569958611485818E-6,4.109382891790261E-6,1.8804388581994159E-6,8.15817669111839E-7,3.2231280440112567E-7,1.0467483806719099E-7,2.022762251448386E-8,2.128159717401559E-11,1.0471475104136162E-8,3.51496764257063E-8,6.609278474358406E-8,9.959070102073133E-8,1.3410986451219226E-7,1.6925700373801052E-7,2.0526157794799435E-7,2.4272396600285607E-7,2.825049883044645E-7,3.2569566800059977E-7,3.73638645326313E-7,4.2799061737069605E-7,4.908266666122311E-7,5.647968291859481E-7,6.533558377822464E-7,7.61101742401199E-7,8.942823470917407E-7,1.0615672433940546E-6,1.2752506208202768E-6,1.5531705076568133E-6,1.9218514236016516E-6,2.421794754877375E-6,3.1166461074000033E-6,4.109542979006498E-6,5.5729953389001695E-6,7.804127008375143E-6,1.1324023594114311E-5,1.703039347417753E-5,2.627686661143031E-5,4.008332935273479E-5,5.558260264709138E-5,6.333342212029785E-5,5.885440724749903E-5,4.918989821306369E-5,4.0549524434321417E-5,3.447950588617008E-5,3.071191477061702E-5,2.877045537699708E-5,2.8365865430490214E-5,2.9448147546793332E-5,3.221501476780289E-5,3.711891206966801E-5,4.472176458094175E-5,5.4710573872730176E-5,6.271590289384687E-5,5.917104939027938E-5,4.348358388637659E-5,2.7425107725612897E-5,1.666193110888207E-5,1.0297803187746094E-5,6.56229267956197E-6,4.297710824893661E-6,2.863686196856349E-6,1.9120821453450526E-6,1.2479998350526423E-6
3.9402999999999997,1.3416166654001219E-5,1.3905868171304608E-5,1.4614875157403632E-5,1.557396475358412E-5,1.6824053010231974E-5,1.8418303646705187E-5,2.0424407002957754E-5,2.2926196620316884E-5,2.602256823774771E-5,2.9819316417818176E-5,3.4405579966631876E-5,3.980195917914438E-5,4.5867841777497404E-5,5.2177486018513384E-5,5.793928752028135E-5,6.21129442211999E-5,6.382132921209104E-5,6.283869655512429E-5,5.9710192520043164E-5,5.539103559664439E-5,5.077792856882575E-5,4.647032712467357E-5,4.277059761258473E-5,3.978232596174515E-5,3.750706948539592E-5,3.5909085374793055E-5,3.495141655687183E-5,3.46140110727686E-5,3.490228406640633E-5,3.585071790936333E-5,3.752255332150494E-5,4.000262515511606E-5,4.337417869059688E-5,4.766032020340428E-5,5.269943454408003E-5,5.793486942644012E-5,6.220153484463998E-5,6.38372114842027E-5,6.15128679375408E-5,5.535239827877251E-5,4.698769129438628E-5,3.836371863012685E-5,3.0724448466879666E-5,2.4500176477723107E-5,1.964033460636811E-5,1.5915818663851332E-5,1.3076331284661199E-5,1.0907690830291026E-5,9.242815987253402E-6,7.956354611086807E-6,6.955667979645124E-6,6.172553555300177E-6,5.556764572917793E-6,5.071251720380348E-6,4.688747284299609E-6,4.389215100029486E-6,4.15721686770631E-6,3.977603420338633E-6,3.843644006266194E-6,3.763381857673754E-6,3.7316163146408195E-6,3.7447762911611525E-6,3.8036734086331798E-6,3.9115511498554725E-6,4.073884159194056E-6,4.29882342557705E-6,4.597998558713639E-6,4.987708038853169E-6,5.490632411398012E-6,6.138280647349349E-6,6.974452307027067E-6,8.060036183437571E-6,9.479351681540755E-6,1.134764870666053E-5,1.3817536825525976E-5,1.7077441914951893E-5,2.1325600781162744E-5,2.669002285446138E-5,3.306751452044313E-5,3.9926621199756155E-5,4.627927510057724E-5,5.103293424746174E-5,5.3455009317243526E-5,5.307724966894437E-5,4.904079162772203E-5,4.0270076494644954E-5,2.789452029984577E-5,1.6206068334932307E-5,8.298172255676453E-6,3.952461618981418E-6,1.7940307483207022E-6,7.692286601112958E-7,2.979467374184807E-7,9.292928655878062E-8,1.5855256079484875E-8,9.824095142396545E-11,1.333105996604667E-8,3.982539839745913E-8,7.202247357246469E-8,1.0645528040282733E-7,1.4174316394568148E-7,1.7759426431593106E-7,2.143099743354148E-7,2.5254646955578053E-7,2.932131235912184E-7,3.3744907639301204E-7,3.866508358716625E-7,4.425413902203216E-7,5.072827835015868E-7,5.83643878992543E-7,6.752462685039077E-7,7.869272674818812E-7,9.252843613102309E-7,1.0995082974620992E-6,1.3226868236554074E-6,1.6138956506338856E-6,2.001642118030162E-6,2.5296995763546458E-6,3.267287894726394E-6,4.3273583923558454E-6,5.900232882350941E-6,8.315997958386577E-6,1.215582927889654E-5,1.8413803914469893E-5,2.851610075134855E-5,4.3143556069115725E-5,5.800446692014823E-5,6.304885928630114E-5,5.651633002090112E-5,4.655670004991632E-5,3.834309300294833E-5,3.276267957294838E-5,2.93907392524015E-5,2.7758565595405208E-5,2.761923318262185E-5,2.8974868001129425E-5,3.209152547357273E-5,3.751515315664952E-5,4.5868318014188126E-5,5.643967181747251E-5,6.300785337208101E-5,5.517255213399333E-5,3.7252680108856665E-5,2.218049119042776E-5,1.2990086285317091E-5,7.779838478260522E-6,4.7760036227478355E-6,2.96631036024145E-6,1.817877357878582E-6,1.0456374422624905E-6,4.869401241894937E-7
4.5032,1.3417836642023336E-5,1.3909554637827125E-5,1.4623547451220175E-5,1.55901443853345E-5,1.6849381776128503E-5,1.8453073782670387E-5,2.046710963763537E-5,2.2973199817169814E-5,2.6068105369143137E-5,2.985603873813057E-5,3.442595898323459E-5,3.980067132561482E-5,4.58446282105268E-5,5.213863853577346E-5,5.789486951600619E-5,6.206936462724222E-5,6.377584295603629E-5,6.27837369601849E-5,5.964340214493814E-5,5.531913241916365E-5,5.071204028291745E-5,4.64195886089643E-5,4.2738856462482217E-5,3.976802060693647E-5,3.750464954052962E-5,3.591075763719555E-5,3.494869569489968E-5,3.459894692404078E-5,3.48683844560078E-5,3.5793627757942275E-5,3.744056116471671E-5,3.9897059650801294E-5,4.324971088434327E-5,4.752508217993956E-5,5.256474935675491E-5,5.7814502992748E-5,6.211099037809746E-5,6.379348701306433E-5,6.153151406939322E-5,5.543772361912428E-5,4.7124744456534557E-5,3.85246960886573E-5,3.088275927286863E-5,2.4638767053572962E-5,1.975217413351792E-5,1.6000884705621804E-5,1.3138387788686769E-5,1.095196449366093E-5,9.274598130136528E-6,7.980271563014971E-6,6.975372201447501E-6,6.190660775213765E-6,5.57492962307042E-6,5.090323258792914E-6,4.708966253081969E-6,4.4104040440566165E-6,4.178702798491647E-6,3.997076882900121E-6,3.858614300193647E-6,3.7755499837673846E-6,3.7421710442430526E-6,3.754079694569457E-6,3.8120492218388585E-6,3.919436067951516E-6,4.081807495201801E-6,4.307358314491605E-6,4.60771462761561E-6,4.999131542119633E-6,5.504214311322699E-6,6.154371733363941E-6,6.99328414840127E-6,8.081706623746615E-6,9.503812918377804E-6,1.13746925243938E-5,1.3846758577796226E-5,1.7108125902183972E-5,2.1356377832282985E-5,2.671801620284989E-5,3.3086758963291175E-5,3.992650171738546E-5,4.624546606215716E-5,5.095171161614363E-5,5.331384368019386E-5,5.285256027086154E-5,4.868483007507096E-5,3.975338583336157E-5,2.7313706408762775E-5,1.573121299818192E-5,7.99120914677964E-6,3.776284943380127E-6,1.6975453615044631E-6,7.17558946886219E-7,2.712191545672413E-7,8.033421127470943E-8,1.1499184080658914E-8,7.039525065404931E-10,1.703458973718002E-8,4.5549002102834975E-8,7.91420809500641E-8,1.1461963312613114E-7,1.507728733012106E-7,1.8742436425438535E-7,2.2495721687270144E-7,2.640916360376951E-7,3.0579340037491583E-7,3.5125822411908034E-7,4.019465662574945E-7,4.5966066128235403E-7,5.266670359849647E-7,6.058779262673296E-7,7.011170760449392E-7,8.17512934579643E-7,9.620905067342547E-7,1.1446810858249702E-6,1.3793535266877938E-6,1.686723756838229E-6,2.097784492988E-6,2.660443056099354E-6,3.451023074499282E-6,4.595095789281848E-6,6.306084833899198E-6,8.957067413819926E-6,1.3207158762805502E-5,2.0169302333977294E-5,3.131722837318276E-5,4.6720564202958685E-5,6.023157047940912E-5,6.196111045333155E-5,5.355755720240522E-5,4.358410269869996E-5,3.593552240421596E-5,3.0906575897813506E-5,2.7965408590822967E-5,2.6671532820718986E-5,2.6832241303326326E-5,2.851585458268406E-5,3.2081153886059704E-5,3.8205721968342766E-5,4.756614380415455E-5,5.861653691893971E-5,6.210058616345541E-5,4.85442255697549E-5,2.948037126554726E-5,1.6404625417306994E-5,9.137105041271353E-6,5.176933772598516E-6,2.9311951922348042E-6,1.5835798480878178E-6,7.198744364218197E-7,1.1866637548163823E-7,4.469949303629588E-7
5.0661,1.3419632642679737E-5,1.3913389593439688E-5,1.4632818817728812E-5,1.560778988764153E-5,1.6877385806172428E-5,1.8491918114818393E-5,2.0515234171293643E-5,2.302660510928991E-5,2.6120307756623477E-5,2.989866796601735E-5,3.445032180737402E-5,3.980044305389307E-5,4.5819144081587206E-5,5.2094756613320756E-5,5.7844087310692744E-5,6.201946180680064E-5,6.372423892337188E-5,6.272188791856658E-5,5.956816977065041E-5,5.523759672390878E-5,5.063656893549909E-5,4.636065657959888E-5,4.2701195273700486E-5,3.975030612803361E-5,3.750096663663972E-5,3.591249628011579E-5,3.494628614001355E-5,3.458326869269976E-5,3.48318466912141E-5,3.573097345905892E-5,3.73494741721662E-5,3.977865975418824E-5,4.310897960898168E-5,4.737113350938789E-5,5.24106735570904E-5,5.767651896824583E-5,6.200724291599768E-5,6.374306673209927E-5,6.155109876187508E-5,5.553171839737621E-5,4.7277010823984336E-5,3.8704956063183226E-5,3.106146645288022E-5,2.47964190732042E-5,1.9880273745448658E-5,1.609888119279968E-5,1.3210176004338002E-5,1.1003264074700601E-5,9.31133039079472E-6,8.00769014433182E-6,6.9976812821456825E-6,6.21092167822273E-6,5.595129321486145E-6,5.1115343581060574E-6,4.7315600019365675E-6,4.434261277626689E-6,4.203132421779113E-6,4.019469238381484E-6,3.875940268286321E-6,3.7896414795347454E-6,3.7543952963314015E-6,3.7648436975694102E-6,3.821702856407221E-6,3.928458366300047E-6,4.0907903207308585E-6,4.316954029812324E-6,4.618583491792577E-6,5.0118961694046465E-6,5.519421904628825E-6,6.1724631647630475E-6,7.014568534477899E-6,8.106339678817666E-6,9.531776103174817E-6,1.140576539913465E-5,1.388046172735153E-5,1.7143569154262177E-5,2.139185118489294E-5,2.675002453084197E-5,3.310829914315673E-5,3.992544749301227E-5,4.620576051008057E-5,5.085811195058273E-5,5.3152132431012623E-5,5.259526019944427E-5,4.827695863324664E-5,3.9163899648061246E-5,2.665797573703561E-5,1.5201424187838218E-5,7.65189592574382E-6,3.5828706686980237E-6,1.5922905074030953E-6,6.616502887655846E-7,2.4268721186993656E-7,6.727345219437668E-8,7.435503650585712E-9,2.0457504456773692E-9,2.174442191827737E-8,5.2452869093046934E-8,8.756384282575577E-8,1.241826085782449E-7,1.6128941324788514E-7,1.9883326009968668E-7,2.3728831560081088E-7,2.7744699990483273E-7,3.203396304584062E-7,3.6722755038119304E-7,4.196462098016726E-7,4.794914777505424E-7,5.491540153789426E-7,6.317171887515077E-7,7.312471339171416E-7,8.53223100947268E-7,1.0051880433548571E-6,1.1977540278628428E-6,1.446193968407679E-6,1.773028421067337E-6,2.2123495421173423E-6,2.817268172649778E-6,3.673140252218729E-6,4.921752321242519E-6,6.806500758154097E-6,9.75653618750222E-6,1.453152464207731E-5,2.2385532755031605E-5,3.476690922338629E-5,5.069332968951893E-5,6.18473367851863E-5,5.986572741891434E-5,5.001795800346279E-5,4.034989256423074E-5,3.3388436135897565E-5,2.8955939124829578E-5,2.6469825643398665E-5,2.55386328417268E-5,2.603718633185678E-5,2.8119717554835746E-5,3.227627870699942E-5,3.9376274136679825E-5,5.008541780815272E-5,6.096636831312724E-5,5.822670274619919E-5,3.8563254564946464E-5,2.0650808582873208E-5,1.055886266977037E-5,5.397524163531787E-6,2.684672353735296E-6,1.1718082043238792E-6,2.6909990987538026E-7,2.413419456905401E-6,6.52543777232995E-9,7.268328565241187E-6
5.629,1.342153561702579E-5,1.3917260291516028E-5,1.4642490689311245E-5,1.5626642757951568E-5,1.6907790586405792E-5,1.8534603040654497E-5,2.0568647707676116E-5,2.308642974151186E-5,2.617936848209413E-5,2.9947563374317347E-5,3.44791393476079E-5,3.9801752777819674E-5,4.5791736461984125E-5,5.204594281379729E-5,5.778681282176464E-5,6.196305880080441E-5,6.36665025551511E-5,6.26533314518753E-5,5.9484709143506E-5,5.514646794558346E-5,5.0551272215416574E-5,4.629303328700281E-5,4.265698485165668E-5,3.9728584720628093E-5,3.7495602842009215E-5,3.591416229847134E-5,3.494436308513148E-5,3.4567439622059543E-5,3.4793345977559716E-5,3.566352943448073E-5,3.725002851440144E-5,3.9647975166113924E-5,4.295221476026313E-5,4.719831372859539E-5,5.2236713555920696E-5,5.7520304283357786E-5,6.18898130344777E-5,6.368562209008108E-5,6.157112834731247E-5,5.563347163667768E-5,4.7443358819343514E-5,3.890358896792449E-5,3.126016426668323E-5,2.49732306222495E-5,2.0025067522832963E-5,1.621038113329182E-5,1.3292255529330587E-5,1.1062044847673755E-5,9.35332384787072E-6,8.038772321234147E-6,7.0226252183072876E-6,6.233264954491891E-6,5.617229306161392E-6,5.134728444206464E-6,4.756388889502859E-6,4.460699746482562E-6,4.230505918758684E-6,4.04488286459343E-6,3.895751997436244E-6,3.80577030145202E-6,3.7683923294590434E-6,3.777159509781946E-6,3.832706566049567E-6,3.938664193127168E-6,4.100847910391885E-6,4.327593891953337E-6,4.6305598110862764E-6,5.025935834104672E-6,5.536180692370521E-6,6.192488093258884E-6,7.038264830108928E-6,8.133940120755744E-6,9.563308475909277E-6,1.1441007770362352E-5,1.391885790333258E-5,1.7184030633164398E-5,2.143227145448995E-5,2.678620007968595E-5,3.3132087121217284E-5,3.99231563840116E-5,4.6159652047619216E-5,5.075153151167617E-5,5.296916187903477E-5,5.230424024867238E-5,4.7815411433880836E-5,3.8500321456176735E-5,2.5928705766563413E-5,1.4620069938150939E-5,7.283414187491247E-6,3.374451689712151E-6,1.4797012033143132E-6,6.02422251214619E-7,2.1295813466036237E-7,5.4164874730298554E-8,3.96471824242581E-9,4.3494130021880126E-9,2.7637559595348834E-8,6.068155984783097E-8,9.7410564512438E-8,1.3525260280466744E-7,1.733921709494776E-7,2.1191567811743177E-7,2.5139724252097766E-7,2.927097008634313E-7,3.369564436726719E-7,3.8547427739793976E-7,4.3988590505534283E-7,5.02197032630766E-7,5.749447952722986E-7,6.614154986530361E-7,7.659641668483774E-7,8.944904271141778E-7,1.0551617210076576E-6,1.2595380155218887E-6,1.5243654272426688E-6,1.8745152887093244E-6,2.347942609621162E-6,3.004313534941595E-6,3.940496162930522E-6,5.31919417347872E-6,7.422883027541077E-6,1.075412906849233E-5,1.620159181487939E-5,2.517559247274318E-5,3.893089647162692E-5,5.477485243116998E-5,6.235226189326798E-5,5.667468168613922E-5,4.600354778026086E-5,3.694780225445837E-5,3.0764913963357205E-5,2.6954394141590377E-5,2.4937502922318034E-5,2.4391348756602533E-5,2.5274726355975376E-5,2.7858952435218255E-5,3.2832633838221025E-5,4.1355465871823486E-5,5.377820325920668E-5,6.206611499031662E-5,4.850614218136613E-5,2.573417631034477E-5,1.1872259662565256E-5,5.28237447278419E-6,2.148825344172577E-6,5.760817241620313E-7,6.903733928461011E-6,2.0937940219102144E-8,1.603173195040171E-5,5.990910964232965E-7,5.589089196921036E-8
6.1918999999999995,1.342353442022075E-5,1.3921050398570443E-5,1.4652347950148869E-5,1.564641549978895E-5,1.6940283616389994E-5,1.858085462582325E-5,2.0627183588706697E-5,2.315267288785575E-5,2.624548507729711E-5,3.000311372729701E-5,3.451293409189391E-5,3.9805143413904303E-5,4.576281415660639E-5,5.199233958518404E-5,5.772292548358361E-5,6.189996716211926E-5,6.360262009772776E-5,6.257828033711195E-5,5.9393282123268776E-5,5.504582370312382E-5,5.04559142732787E-5,4.6216187495518846E-5,4.260552786976802E-5,3.9702171446573295E-5,3.74880550322322E-5,3.591555372365651E-5,3.4943075561154055E-5,3.455193987372622E-5,3.475361564427658E-5,3.559216105237824E-5,3.714307064786358E-5,3.950566677948718E-5,4.277973469750783E-5,4.7006502121451104E-5,5.20423495592356E-5,5.734516456268115E-5,6.175813258458567E-5,6.362077868966986E-5,6.159109775770727E-5,5.574203002712548E-5,4.762254392466569E-5,3.911953392977046E-5,3.147832040409752E-5,2.5169237383945873E-5,2.0186993220305578E-5,1.6336006761856822E-5,1.3385255960930209E-5,1.1128833603890818E-5,9.400950885162439E-6,8.073725293752527E-6,7.050261013462121E-6,6.257628268487833E-6,5.641088213253574E-6,5.159729767234359E-6,4.783287256768839E-6,4.489606133202657E-6,4.260805441799571E-6,4.0734197979361454E-6,3.91819088017587E-6,3.824063542450653E-6,3.7842796676121066E-6,3.7911335247856778E-6,3.845147646927811E-6,3.950113139100834E-6,4.112005866039781E-6,4.339267092912755E-6,4.643598715087543E-6,5.041179199973648E-6,5.554405736922978E-6,6.214365571492593E-6,7.064317198772264E-6,8.164499883764252E-6,9.598470873358E-6,1.1480564243983424E-5,1.39621767433776E-5,1.7229802006154383E-5,2.147793277468815E-5,2.6826738466504635E-5,3.315810072452013E-5,3.991931778684465E-5,4.610658664302024E-5,5.06312848106167E-5,5.276409538494916E-5,5.197819096930268E-5,4.7298159563922175E-5,3.776131642904132E-5,2.5127687037659228E-5,1.3991022853885136E-5,6.8892837720057965E-6,3.153453355560934E-6,1.3613219550061733E-6,5.408598304174195E-7,1.8268067492822204E-7,4.145435626877667E-8,1.4073856937602736E-9,7.855923802284504E-9,3.490317751521988E-8,7.038987654445433E-8,1.088140652246523E-7,1.4794627565691612E-7,1.8718841129937827E-7,2.2677416439356145E-7,2.6738608686252296E-7,3.0998573495115635E-7,3.557586570761995E-7,4.0612796406924206E-7,4.628174233895406E-7,5.279610679688263E-7,6.042682304536962E-7,6.952650718941606E-7,8.056499113557794E-7,9.418249331812049E-7,1.1127092600468971E-6,1.3310127185943832E-6,1.615284306230893E-6,1.9933008872324805E-6,2.5078452978162774E-6,3.226878159597107E-6,4.262029556120202E-6,5.803191660887346E-6,8.184217281584579E-6,1.2004343737983597E-5,1.8315899659762947E-5,2.867609553034249E-5,4.379829046932406E-5,5.8435626649920396E-5,6.127717790588542E-5,5.246053194807917E-5,4.167018108020496E-5,3.347637449005418E-5,2.81245386484968E-5,2.4942212789136476E-5,2.3400974265725624E-5,2.3265104158756993E-5,2.460138383087659E-5,2.7854394338993284E-5,3.404244271070828E-5,4.47648665301022E-5,5.8658191703505046E-5,5.6973836840274754E-5,3.142877615125839E-5,1.2743564185799331E-5,4.632768513789977E-6,1.2888312214548875E-6,7.541659620655593E-9,2.118366082616646E-7,9.188352300077168E-6,1.9511907279099183E-6,7.984443442451058E-9,7.06555675025116E-6,4.3900426257419825E-6
6.7547999999999995,1.3425629164423786E-5,1.392464343953165E-5,1.4662161716442047E-5,1.5666792829771973E-5,1.697451327459406E-5,1.8630354856657936E-5,2.0690635472613546E-5,2.322530861951317E-5,2.6318852742331694E-5,3.0065732081773482E-5,3.455227769695967E-5,3.981122384257886E-5,4.5732853529707654E-5,5.193413804514697E-5,5.7652320052356304E-5,6.182999029844589E-5,6.353257890556698E-5,6.249698028114961E-5,5.929420571585813E-5,5.493579104787708E-5,5.035027835307563E-5,4.6129564845286E-5,4.254606360176642E-5,3.967029143677338E-5,3.7477724864432414E-5,3.591639070940409E-5,3.4942530069205114E-5,3.4537252120168735E-5,3.471343740250731E-5,3.5517821450070955E-5,3.702956194618757E-5,3.935251951657134E-5,4.2591965848090755E-5,4.6795639296952136E-5,5.182705075693179E-5,5.715032537196685E-5,6.161153438920929E-5,6.354811002520464E-5,6.161050224094384E-5,5.585642138465889E-5,4.781322318111228E-5,3.935157183768788E-5,3.1715252625863395E-5,2.5384386040215703E-5,2.036647235590723E-5,1.6476419502450863E-5,1.3489875357617488E-5,1.1204232772543578E-5,9.45465241549494E-6,8.112809962137817E-6,7.080681007709128E-6,6.283965284962139E-6,5.666562375306837E-6,5.186345025379079E-6,4.8120617092851485E-6,4.520836147173863E-6,4.2939886357467835E-6,4.105176443972314E-6,3.943407316434982E-6,3.844660592522183E-6,3.80218916064853E-6,3.8068882614905752E-6,3.859130220471839E-6,3.962880717568056E-6,4.124303041596326E-6,4.351971705528589E-6,4.657658446104095E-6,5.057551463655174E-6,5.574002126631062E-6,6.237999379407553E-6,7.092651705894906E-6,8.197993670414224E-6,9.637312414333896E-6,1.1524578282536094E-5,1.4010661818484479E-5,1.7281206206477467E-5,2.1529175246980125E-5,2.6871885502476046E-5,3.3186353618388895E-5,3.991362292528281E-5,4.604596904869192E-5,5.049660331732295E-5,5.253596087546385E-5,5.161557785142192E-5,4.6722895337386815E-5,3.694556232771186E-5,2.4257202913621342E-5,1.3318676924946139E-5,6.473339621457363E-6,2.9224670436258366E-6,1.2387869976453877E-6,4.779999151091938E-7,1.5253584052532924E-7,2.9609274050510013E-8,9.940060178166403E-11,1.281795305911556E-8,4.373992871019644E-8,8.174075269506148E-8,1.219134861317234E-7,1.623871603656021E-7,2.0279210242401218E-7,2.435180642734521E-7,2.853641486026103E-7,3.293891483967471E-7,3.7687059112788354E-7,4.2933001849253945E-7,4.886080294439439E-7,5.569883518212971E-7,6.373824987847649E-7,7.33599847487833E-7,8.507464512199806E-7,9.958253246335879E-7,1.1786610777742923E-6,1.4133607473750638E-6,1.7206858345712773E-6,2.1320191461682308E-6,2.6962113377055984E-6,3.491795231161708E-6,4.6495036271908524E-6,6.3949478300039265E-6,9.130262418099741E-6,1.3582694187794678E-5,2.1006987480158866E-5,3.303256207648692E-5,4.917359515101562E-5,6.088504088082644E-5,5.835643423207932E-5,4.745217306223649E-5,3.719525835722924E-5,3.0027518539989724E-5,2.55191704389698E-5,2.295480888414724E-5,2.189239302307158E-5,2.2204248057770782E-5,2.4107869717142524E-5,2.833793550350711E-5,3.65327463857435E-5,5.075513941487302E-5,6.104050482683947E-5,3.712879903040084E-5,1.260885735344084E-5,3.2844310663231415E-6,2.688112259765065E-7,2.0065394999433817E-6,1.5856942916786133E-7,7.765715180339432E-6,7.159676186769909E-8,3.1280972847824866E-6,9.924747958275748E-6,1.4152548431004717E-6,3.2979046653303507E-7
7.3177,1.3427834909631586E-5,1.3927926692525829E-5,1.4671692649771099E-5,1.5687433389313922E-5,1.7010087987545528E-5,1.8682737828980142E-5,2.07587509087175E-5,2.330427800091198E-5,2.639965650590954E-5,3.0135849550155175E-5,3.4597787724706855E-5,3.9820669842005175E-5,4.570240430543402E-5,5.187158736468294E-5,5.757491533929207E-5,6.175292731298633E-5,6.345636749672443E-5,6.240971175153013E-5,5.9187859398852064E-5,5.481655881269006E-5,5.023418115359162E-5,4.6032600260850685E-5,4.2477774569418404E-5,3.963207833876225E-5,3.746390889899882E-5,3.591629956968718E-5,3.494277224461862E-5,3.45238447382465E-5,3.467362925506368E-5,3.544154641448196E-5,3.691058207895972E-5,3.918945495701089E-5,4.238946359439144E-5,4.656575173505205E-5,5.1590294361321565E-5,5.6934936086718895E-5,6.144924147456605E-5,6.34671286839061E-5,6.162884801694542E-5,5.5975680884679894E-5,4.80139748586758E-5,3.959832209277207E-5,3.197010524512766E-5,2.5618504416279888E-5,2.056388620184514E-5,1.663230668824624E-5,1.3606876848729701E-5,1.1288923873348627E-5,9.514945230983824E-6,8.156350028648601E-6,7.114022200016318E-6,6.312253937487545E-6,5.693511853012327E-6,5.214366167510537E-6,4.84249013228036E-6,4.554209848139427E-6,4.329981391333065E-6,4.140237148461276E-6,3.971557647152126E-6,3.867711798215078E-6,3.822266689173431E-6,3.824563089366406E-6,3.874776954365142E-6,3.977060951278663E-6,4.137794751380257E-6,4.3657181476818135E-6,4.672703594800032E-6,5.074976794774032E-6,5.594866050914976E-6,6.263277278383383E-6,7.12317353680854E-6,8.234374268039633E-6,9.679864466389609E-6,1.157318580689231E-5,1.4064565243475064E-5,1.7338594678825882E-5,2.1586386373327724E-5,2.6921943634612464E-5,3.321690591729714E-5,3.990577655809484E-5,4.59771709515945E-5,5.034663515428352E-5,5.228363735623199E-5,5.121461333628522E-5,4.608701739942994E-5,3.605181306281797E-5,2.3320113665679564E-5,1.2607955782003974E-5,6.039701182047494E-6,2.6842198032067675E-6,1.113798567659164E-6,4.149166731208578E-7,1.232269619510998E-7,1.9111537221370314E-8,3.869367075317706E-10,1.9496073141578184E-8,5.4353039957245274E-8,9.490297552612591E-8,1.3685346820631842E-7,1.7870417413454852E-7,2.2032266744981207E-7,2.622624468336491E-7,3.054469892055288E-7,3.5104119547184885E-7,4.0042535505126675E-7,4.5523319198957934E-7,5.174403594554746E-7,5.895052641505081E-7,6.745769512045494E-7,7.767995353114149E-7,9.017640264680286E-7,1.057193219022135E-6,1.254005565936345E-6,1.5080123406223506E-6,1.8427038503799675E-6,2.293966966774075E-6,2.9183406605434265E-6,3.807968255711189E-6,5.118598378739235E-6,7.123399325360076E-6,1.0316399038647154E-5,1.559478217081273E-5,2.4448604446859146E-5,3.834925398221956E-5,5.450917078546559E-5,6.121866456667729E-5,5.367388505386901E-5,4.1977881748568245E-5,3.2747326210702714E-5,2.6677447039628018E-5,2.299014544201853E-5,2.1022418952369202E-5,2.0446578383259154E-5,2.1275215467824276E-5,2.3968781404409553E-5,2.98422365627184E-5,4.187875722179147E-5,5.951435207656172E-5,4.176343979710895E-5,1.0690305743960774E-5,1.36455294273598E-6,1.9360411897626244E-5,1.8904146289605483E-8,1.3385479828408917E-5,5.457613381911393E-7,1.9506462058360044E-7,1.350361872890222E-5,4.377091578359624E-6,4.880463442641921E-7,3.590561188872282E-6,1.6799553260923108E-5
7.880599999999999,1.3430185663374393E-5,1.3930795539841734E-5,1.4680694855075627E-5,1.5707972064657724E-5,1.704657584138085E-5,1.8737586005020368E-5,2.083122448600401E-5,2.338948030810137E-5,2.6488062241984117E-5,3.0213907882858492E-5,3.465012334545283E-5,3.98342242849803E-5,4.567209512778737E-5,5.1805004606113616E-5,5.749066387312114E-5,6.166857740425624E-5,6.337397529010259E-5,6.231679124650804E-5,5.907469252327117E-5,5.468839095094978E-5,5.010748895558746E-5,4.592473261723427E-5,4.239979549121157E-5,3.958657450142586E-5,3.744578933287224E-5,3.5914796063474304E-5,3.494376660249741E-5,3.4512152422234743E-5,3.4635030709993985E-5,3.536444686648486E-5,3.678733061088345E-5,3.901754320173639E-5,4.217293399963937E-5,4.6316979233858986E-5,5.13315890222698E-5,5.6698077262916725E-5,6.127035629973193E-5,6.337727457657305E-5,6.164566102153772E-5,5.6098879719417014E-5,4.8223324017481264E-5,3.985824451330573E-5,3.2241826649176654E-5,2.5871268685753246E-5,2.077954724703212E-5,1.6804364341050782E-5,1.3737082777061678E-5,1.1383669878816418E-5,9.582429219805823E-6,8.20474158401494E-6,7.150476502240972E-6,6.34250598387982E-6,5.721807971861162E-6,5.243574664863738E-6,4.8743217872628144E-6,4.589507299917897E-6,4.368669935054456E-6,4.178666490889176E-6,4.002800153160077E-6,3.893376485828245E-6,3.8446713907127964E-6,3.844314623819711E-6,3.892230621261471E-6,3.992768984497768E-6,4.152556209822697E-6,4.380533091876821E-6,4.6887089758122594E-6,5.093381545942246E-6,5.616886657699962E-6,6.290070900594659E-6,7.155764531947434E-6,8.273567724213471E-6,9.726133944513141E-6,1.162650763147717E-5,1.4124140756812602E-5,1.7402342966346238E-5,2.1650001035514666E-5,2.6977277551919395E-5,3.3249874971115865E-5,3.989550997479107E-5,4.589954099317098E-5,5.018044603212506E-5,5.200584053054402E-5,5.0773225704267535E-5,4.5387618259950036E-5,3.50789772494088E-5,2.2319942266147094E-5,1.186430946363848E-5,5.592733512981158E-6,2.441540042738963E-6,9.881033194063217E-7,3.5270596079808206E-7,9.546916075225281E-8,1.0450199649412488E-8,2.621067077320237E-9,2.8154714598004107E-8,6.695119600015973E-8,1.100487392140397E-7,1.5378219949432462E-7,1.9703003332971017E-7,2.399036716517771E-7,2.8312698983792894E-7,3.2775546135590494E-7,3.7506948772185373E-7,4.265641333354814E-7,4.84001090729733E-7,5.495123601543334E-7,6.257605507068119E-7,7.161743708785162E-7,8.252945726372023E-7,9.59290735728905E-7,1.1267511576941127E-6,1.3399217666136373E-6,1.616704424592061E-6,1.983978724395247E-6,2.4833060400894385E-6,3.1810694058582453E-6,4.18715519264193E-6,5.690552605603765E-6,8.028754358814784E-6,1.1821094454605996E-5,1.8188954987478E-5,2.8853384436389016E-5,4.456022537440002E-5,5.87482523260147E-5,5.878620396392298E-5,4.766997359159987E-5,3.638192895015682E-5,2.846281299428686E-5,2.3481433093051284E-5,2.0567234710003902E-5,1.9171755283267467E-5,1.9110077455450838E-5,2.060434423598173E-5,2.4605426447965478E-5,3.393552251594082E-5,5.395278577857314E-5,4.37251525958915E-5,6.4795401935739E-6,9.705439068448128E-9,6.360116388149758E-7,4.394149786790747E-6,3.6743344423546793E-6,2.977113957743231E-9,1.0567511335967469E-5,1.2899101693797551E-5,1.4609311935957973E-6,8.595594398835317E-7,1.2184008393206847E-5,1.6663464238270618E-5,5.779643203060937E-6
8.4435,1.3432738664268303E-5,1.393315827382572E-5,1.468892040892192E-5,1.5728023021536225E-5,1.7083504789844363E-5,1.8794426696423102E-5,2.090769066046381E-5,2.3480763382248916E-5,2.6584206460724915E-5,3.0300350718056174E-5,3.470997981092598E-5,3.9852696367583596E-5,4.564263863470617E-5,5.173478483528672E-5,5.7399562475256425E-5,6.157674490061134E-5,6.328539196177725E-5,6.221857175395061E-5,5.895523151827704E-5,5.4551640700868126E-5,4.997013551016628E-5,4.5805421852056365E-5,4.231122492582143E-5,3.953273343840419E-5,3.742242589336397E-5,3.59112683150947E-5,3.4945374485505124E-5,3.4502554065225696E-5,3.459848494462907E-5,3.528769846763272E-5,3.666112624956847E-5,3.883801334195303E-5,4.194325580544709E-5,4.604960504927464E-5,5.105050308985438E-5,5.6438772511890636E-5,6.107385063903365E-5,6.327789980632443E-5,6.166049274462565E-5,5.6225155605211473E-5,4.8439774535404544E-5,4.012964795917124E-5,3.252914938240701E-5,2.6142168238404085E-5,2.1013665796517352E-5,1.699327525140258E-5,1.388136564956118E-5,1.1489315972936648E-5,9.65779413020808E-6,8.258462984869967E-6,7.190301820989596E-6,6.374777847617676E-6,5.751342501368842E-6,5.2737475415853095E-6,4.907278886491439E-6,4.626464939306703E-6,4.4098924470628364E-6,4.220500184103493E-6,4.037289937694853E-6,3.92182019668211E-6,3.8695742664361904E-6,3.866316659080865E-6,3.911655374818017E-6,4.010143617783116E-6,4.168686126512718E-6,4.396463785642116E-6,4.705664168900152E-6,5.11269833369859E-6,5.639948871727506E-6,6.3182365103306025E-6,7.190281291717425E-6,8.315468591615142E-6,9.776096051212417E-6,1.168464069733851E-5,1.4189635069201341E-5,1.7472844279782382E-5,2.1720499534320594E-5,2.7038318408755696E-5,3.328544584491042E-5,3.9882595027001516E-5,4.581241671330487E-5,4.999702165192839E-5,5.170110763583174E-5,5.0289025022452364E-5,4.462147649918535E-5,3.402621428301925E-5,2.126095843279697E-5,1.1093696798711033E-5,5.136999551141323E-6,2.1973193871081553E-6,8.634670577172884E-7,2.92468869621646E-7,6.997828372557272E-8,4.113683835128061E-9,7.152070747839341E-9,3.905785819819974E-8,8.174320137180689E-8,1.2735101611818907E-7,1.7284932129500468E-7,2.174995682807108E-7,2.616614479047533E-7,3.0623483757199916E-7,3.5241474032175717E-7,4.0160716746489176E-7,4.5543551611882665E-7,5.158077578651167E-7,5.850373550262881E-7,6.660263385305737E-7,7.625337958775814E-7,8.795722825452357E-7,1.0240047319716323E-6,1.2054656626799507E-6,1.437822108431166E-6,1.7415596927282293E-6,2.1478055581771227E-6,2.7053475400446126E-6,3.493336084814504E-6,4.645141417922526E-6,6.394692984519963E-6,9.168058009057821E-6,1.3757466406425966E-5,2.1571932215187108E-5,3.443494416692594E-5,5.116488310663194E-5,6.0416066644480955E-5,5.360240337068053E-5,4.098537291798274E-5,3.095244371378278E-5,2.4434317964934513E-5,2.0472406375497617E-5,1.826957711055225E-5,1.7431955393207794E-5,1.7968969449717167E-5,2.0511570024640344E-5,2.74205935619314E-5,4.699954704652343E-5,3.997100623829519E-5,1.474065806348218E-6,2.2769516368934653E-5,1.2588774542596058E-8,1.0905071259203841E-5,1.255702296892496E-7,2.365687212169108E-6,1.939183654343871E-5,5.631904149983593E-6,5.854580026284456E-7,5.750368401128205E-6,1.588613117385056E-5,1.0865540036945264E-5,2.330907049284465E-6,3.803758221361088E-7
9.0064,1.3435578918053763E-5,1.3934941346877962E-5,1.4696124554791158E-5,1.5747183559731603E-5,1.7120363626551587E-5,1.8852728959684128E-5,2.0987716399734824E-5,2.3577913156612193E-5,2.6688184801073843E-5,3.039561333999534E-5,3.477808148376489E-5,3.9876959616349805E-5,4.561483577000558E-5,5.1661411287067214E-5,5.730166370583818E-5,6.147724502009745E-5,6.319060637455983E-5,6.211544211844001E-5,5.88300865610665E-5,5.440676534482309E-5,4.9822141629686696E-5,4.567416867576818E-5,4.221113999861355E-5,3.9469425153402234E-5,3.73927495305187E-5,3.590495986958535E-5,3.494733042774644E-5,3.449534780669736E-5,3.456481757185335E-5,3.521252784605429E-5,3.653340313047466E-5,3.865226182991206E-5,4.170150200115744E-5,4.576408833966823E-5,5.0746698088959745E-5,5.615600599001143E-5,6.085855701167368E-5,6.316824986842267E-5,6.16729220226532E-5,5.635374430415806E-5,4.8661847958087096E-5,4.0410707288516174E-5,3.283057465171652E-5,2.6430469182318196E-5,2.1266311541929477E-5,1.7199681565125633E-5,1.4040635051039574E-5,1.160678808334325E-5,9.741825490610587E-6,8.318084779954201E-6,7.233833816370375E-6,6.409182689503566E-6,5.782038563287936E-6,5.304665433455681E-6,4.941060077663E-6,4.664773141288659E-6,4.453430513601314E-6,4.265734507634242E-6,4.07517250088378E-6,3.953210967398077E-6,3.897156009359851E-6,3.89075948537855E-6,3.933237600644212E-6,4.029349638734465E-6,4.1863103532936306E-6,4.413582717721237E-6,4.72357872115775E-6,5.132871069807828E-6,5.663937349458175E-6,6.347616898116171E-6,7.226554155955777E-6,8.359935525221495E-6,9.829686644240883E-6,1.1747648130149935E-5,1.4261277314596438E-5,1.7550500686831614E-5,2.179840315823969E-5,2.7105566030129057E-5,3.332388088018995E-5,3.98668587970435E-5,4.571513835950813E-5,4.9795271744106635E-5,5.1367781607542744E-5,4.975926653294121E-5,4.378505671696462E-5,3.289305045854758E-5,2.0148256543407E-5,1.0302550746780394E-5,4.6772033725859594E-6,1.9544710221646147E-6,7.416480304573202E-7,2.3529454865088473E-7,4.7459371605655746E-8,5.816419585183572E-10,1.4323425637073959E-8,5.246444689031532E-8,9.893439523009684E-8,1.4698071889353264E-7,1.9420366860888757E-7,2.4024791975201445E-7,2.85723652671435E-7,3.31711436714547E-7,3.795533770353458E-7,4.3079214191088694E-7,4.871949270985503E-7,5.508373990832976E-7,6.242443363942905E-7,7.105995553801967E-7,8.140541381541317E-7,9.401846660024209E-7,1.096689782503846E-6,1.2944771681093998E-6,1.5494091158998106E-6,1.8851941845149876E-6,2.3383413520402288E-6,2.9669619788892127E-6,3.867022724594026E-6,5.203540375314028E-6,7.272437293933967E-6,1.0624146937181047E-5,1.6290989688330347E-5,2.6020543902317795E-5,4.126717068016206E-5,5.685629799751171E-5,5.8252073400265376E-5,4.643147268519838E-5,3.424272330754464E-5,2.588371284865878E-5,2.070950559095426E-5,1.7662478822281146E-5,1.6109589543707436E-5,1.5854085755277924E-5,1.7255858675596576E-5,2.2207633692288306E-5,4.0722942757596755E-5,2.3669295757551137E-5,6.062263715204758E-8,2.9464057528375325E-7,6.656900515184048E-6,2.5938087230976752E-6,7.916822222309214E-8,1.6681574406346057E-5,1.8166497659383594E-5,1.7325079455385817E-6,1.298494979271393E-6,1.093424489635133E-5,1.4310253862117143E-5,5.13470942905018E-6,6.247875259759949E-7,4.3965647902340574E-7,4.690833421443136E-6
9.569299999999998,1.3438823948377575E-5,1.3936095043672826E-5,1.4702071589654736E-5,1.5765038887513248E-5,1.715660390029048E-5,1.8911901120018724E-5,2.107079382303822E-5,2.3680642428867208E-5,2.680003916793641E-5,3.0500110784246674E-5,3.4855173194989116E-5,3.990794839878001E-5,4.55895790245363E-5,5.158546531759278E-5,5.719708810538705E-5,6.136991046145495E-5,6.308960506330724E-5,6.200782501203581E-5,5.869995730478808E-5,5.425434125562524E-5,4.9663636353097504E-5,4.553053697805442E-5,4.209861457685178E-5,3.9395444940807104E-5,3.735555863598373E-5,3.58949535090823E-5,3.494921726653654E-5,3.4490723216295556E-5,3.453481167981255E-5,3.514019492284753E-5,3.640570349327709E-5,3.8461857982386557E-5,4.144896012929171E-5,4.5461098316054466E-5,5.041996760189528E-5,5.5848746694186135E-5,6.0623162844409526E-5,6.304744101846744E-5,6.168255149715892E-5,5.648401102515793E-5,4.888812923230673E-5,4.0699490222211895E-5,3.314436345088871E-5,2.673517790918259E-5,2.1537370202436256E-5,1.7424151090009313E-5,1.4215819550017603E-5,1.173708843200026E-5,9.835409206063118E-6,8.384279387823535E-6,7.281498136933415E-6,6.445903591743566E-6,5.813863286722331E-6,5.3361228984355955E-6,4.975346286571638E-6,4.704075558196824E-6,4.49900086502009E-6,4.314314277267522E-6,4.116575813656368E-6,3.987714475345723E-6,3.927603876731897E-6,3.917848414984367E-6,3.95718617562448E-6,4.050579795880642E-6,4.2055854499719534E-6,4.431992529592051E-6,4.742487967444529E-6,5.153860988941689E-6,5.688741730458591E-6,6.378044682913417E-6,7.264387413775075E-6,8.406787596878541E-6,9.886794514588445E-6,1.1815548237886657E-5,1.4339266495548562E-5,1.763571157667796E-5,2.1884266721134568E-5,2.7179588380990348E-5,3.336552758886389E-5,3.984819833750335E-5,4.5607064356759057E-5,4.9574035829403473E-5,5.100399466720693E-5,4.918081214170803E-5,4.287452133589551E-5,3.167951738973363E-5,1.898782209736668E-5,9.497724526430012E-6,4.218124784730928E-6,1.7158850675973013E-6,6.243691150437904E-7,1.8224247648330395E-7,2.859474268653493E-8,3.164804573078403E-10,2.446548107124098E-8,6.862349033527976E-8,1.1872277984581333E-7,1.69103609184574E-7,2.1799080187460247E-7,2.6540858102558466E-7,3.1221772837318217E-7,3.596833423850896E-7,4.0930238518338625E-7,4.6276641379137597E-7,5.220042119660402E-7,5.892843468392895E-7,6.673786219290569E-7,7.598039623620444E-7,8.711789453617629E-7,1.0077584668299246E-6,1.178255475983102E-6,1.3951395332847032E-6,1.6767519688047734E-6,2.050866392043494E-6,2.5609007075829565E-6,3.277183342406261E-6,4.318238375072272E-6,5.892640677691126E-6,8.383823726692793E-6,1.2520339056467305E-5,1.966505706017918E-5,3.1860291044535386E-5,4.890913825007209E-5,5.9435952743330026E-5,5.2152539481514736E-5,3.8413387829669854E-5,2.7893907896761265E-5,2.127275292493302E-5,1.7296489028798035E-5,1.504654688214042E-5,1.4105684469862407E-5,1.4594243196027455E-5,1.8010224591565145E-5,3.673885397703169E-5,2.528340592517287E-6,2.6012073313961392E-5,3.0033720345983425E-8,9.561029407472277E-6,1.2875342151364897E-7,5.311501046762608E-6,2.222200956089597E-5,8.498593841816794E-6,6.322400576038668E-7,4.820085564688498E-6,1.1748797714859987E-5,9.288887691564066E-6,1.65512152549659E-6,1.3140016575881784E-7,2.6840311530086426E-6,8.695252854665288E-6,9.016436344415727E-6
10.1322,1.3442628718460523E-5,1.39365995414843E-5,1.4706541450411168E-5,1.5781167905460406E-5,1.7191642958904778E-5,1.8971289169498935E-5,2.115633305972611E-5,2.378857899380533E-5,2.691974348199265E-5,3.0614224130763836E-5,3.4942009687945594E-5,3.994665264038485E-5,4.556785426527813E-5,5.150763582611998E-5,5.708603711305757E-5,6.125459894450458E-5,6.298237029955808E-5,6.189617319075501E-5,5.856563718440109E-5,5.409507883170773E-5,4.949487947202559E-5,4.5374178955159945E-5,4.197274121566531E-5,3.930952628815519E-5,3.730951860250347E-5,3.588015659720613E-5,3.4950440479871106E-5,3.448873068463163E-5,3.4509178854532304E-5,3.5071970813875216E-5,3.627966607596476E-5,3.826854579190699E-5,4.1187150360251834E-5,4.514154925755835E-5,5.007028151402326E-5,5.551598078293257E-5,6.0366208897001006E-5,6.291443387192735E-5,6.168899731118154E-5,5.6615480231643445E-5,4.9117319010600655E-5,4.0993995544524434E-5,3.3468536796822845E-5,2.705500669039914E-5,2.1826495721812118E-5,1.7667136611998087E-5,1.4407842503320097E-5,1.1881287192401249E-5,9.93953424042943E-6,8.457830164382262E-6,7.333822879473736E-6,6.485207671081493E-6,5.846842143983235E-6,5.367941128361625E-6,5.009809350199208E-6,4.7439708964147515E-6,4.54624802295446E-6,4.366119469551876E-6,4.161600712444795E-6,4.025487861966711E-6,3.961107412359576E-6,3.9478013183278895E-6,3.983731942714925E-6,4.074056234550727E-6,4.226702002805007E-6,4.45183103234034E-6,4.762459379825014E-6,5.175653672453774E-6,5.714263313003667E-6,6.4093472971994285E-6,7.303561143625961E-6,8.455801780532613E-6,9.947253973456698E-6,1.1888302679332838E-5,1.4423756903877183E-5,1.772885909788623E-5,2.1978667497671098E-5,2.726101751106394E-5,3.3410823995096155E-5,3.9826594730958784E-5,4.5487588055808055E-5,4.933209067059304E-5,5.0607651408104736E-5,4.85500910561904E-5,4.188575963341049E-5,3.0386314333008715E-5,1.7786580532054868E-5,8.68641712400131E-6,3.764546158704842E-6,1.4843817682883176E-6,5.132893383865113E-7,1.3432440441201593E-7,1.403179395837642E-8,3.754582676072862E-9,3.788880210162424E-8,8.77688262434964E-8,1.4129480898104665E-7,1.9387688952591522E-7,2.4435026475699884E-7,2.9311122583318444E-7,3.412692247901703E-7,3.9027696601972446E-7,4.417943593803692E-7,4.976755375631228E-7,5.60031455907338E-7,6.313533818364173E-7,7.147030635672393E-7,8.139930996502084E-7,9.34402815998201E-7,1.0830084598891245E-6,1.2697639929600554E-6,1.509073223661058E-6,1.8223919463054931E-6,2.242688444805683E-6,2.8223882009293724E-6,3.6481241961953376E-6,4.869338730523737E-6,6.756061316357319E-6,9.81850575286427E-6,1.5044733372751567E-5,2.423047957389946E-5,3.9312466482547284E-5,5.5715662882279115E-5,5.682378702872942E-5,4.343413160783051E-5,3.055675849888731E-5,2.217873034093484E-5,1.7135839050477146E-5,1.417101505944014E-5,1.2609986717537452E-5,1.2343366182491888E-5,1.4556887650352541E-5,3.9371245109436484E-5,1.1473324649728299E-6,2.673195255238919E-7,7.938846754026782E-6,4.419553803764113E-6,2.6207979593002076E-7,1.944131517396972E-5,2.17281606727893E-5,2.309725601081237E-6,9.67038994128395E-7,7.349647517122479E-6,1.0027158485584234E-5,4.240863968976495E-6,3.0372364495641116E-7,9.01546782301722E-7,7.40866681048685E-6,1.2520316312359157E-5,9.434871821526845E-6,4.640754806289669E-6
10.6951,1.3447190674205868E-5,1.3936471311659173E-5,1.4709336989679984E-5,1.5795150072980156E-5,1.7224868308271503E-5,1.9030176313458725E-5,2.1243655600179674E-5,2.3901253304461455E-5,2.704718804572945E-5,3.073828483578344E-5,3.503934289719897E-5,3.9994110430575644E-5,4.555074077793592E-5,5.1428727774474545E-5,5.6968806486945335E-5,6.113120182578588E-5,6.286887781512488E-5,6.178096372137322E-5,5.8428015747966045E-5,5.392983682265457E-5,4.931628510187915E-5,4.5204862888256104E-5,4.183265712825989E-5,3.9210358497567894E-5,3.725316561373677E-5,3.5859288869753445E-5,3.49502024023579E-5,3.448924822670071E-5,3.448852595758408E-5,3.500911078639544E-5,3.61570095314818E-5,3.807424117650185E-5,4.091784024999001E-5,4.480663529190713E-5,4.9697835256464174E-5,5.5156753092514814E-5,6.008609386804276E-5,6.276800363414936E-5,6.16918704975E-5,5.674786200759145E-5,4.934829176596903E-5,4.129220379053787E-5,3.3800887784807964E-5,2.7388343874674473E-5,2.2133059036947355E-5,1.7928927686591457E-5,1.461759056300437E-5,1.204050915822786E-5,1.005529265386276E-5,8.539639420388446E-6,7.391450971007607E-6,6.527460872951051E-6,5.881074806019808E-6,5.39998310673491E-6,5.044123816578975E-6,4.784017854097365E-6,4.594738674186624E-6,4.420950787785764E-6,4.210309472836986E-6,4.0666720485811E-6,3.997852811311674E-6,3.9808449475222235E-6,4.013126179664269E-6,4.1000311829780795E-6,4.249887495617202E-6,4.473276146521286E-6,4.7835993037475065E-6,5.198267008675164E-6,5.7404232305096935E-6,6.441353908587663E-6,7.343835112878558E-6,8.506712149510054E-6,1.0010838280879334E-5,1.1965804183381572E-5,1.4514841624822262E-5,1.7830290346271457E-5,2.2082190002679605E-5,2.7350541136822933E-5,3.3460300414129074E-5,3.980212552470711E-5,4.535615517041526E-5,4.90681592296114E-5,5.017641141571832E-5,4.786306115355618E-5,4.081444086210246E-5,2.9014994817531684E-5,1.6552421529761878E-5,7.876077816566752E-6,3.3211730381852528E-6,1.2626635541261223E-6,4.0997528756088984E-7,9.24862543563613E-8,4.370657578231335E-9,1.129728345525194E-8,5.487718535445199E-8,1.1011350028762979E-7,1.6682077101917015E-7,2.2144539599119648E-7,2.7341247758698515E-7,3.234792331742659E-7,3.7299990131280204E-7,4.236172070848819E-7,4.771625964379624E-7,5.356682141070426E-7,6.014510973812159E-7,6.77260552364037E-7,7.665000559499379E-7,8.735545664802642E-7,1.0042802140870696E-6,1.1667553822255745E-6,1.372466345252705E-6,1.6382384577615613E-6,1.98949099994073E-6,2.465932740026287E-6,3.1319484055540216E-6,4.096406129646035E-6,5.55221850664406E-6,7.858656860427143E-6,1.1714864937904145E-5,1.8489464660661726E-5,3.0445996098580417E-5,4.795475859279127E-5,5.844685771127886E-5,4.8964599182025455E-5,3.397886338499417E-5,2.3468010133206953E-5,1.7159929706688164E-5,1.3428929440889792E-5,1.1282336670818583E-5,1.0368533349940088E-5,1.1645039472387574E-5,2.9515891471416785E-5,1.7265607519758426E-5,7.852096140200154E-8,1.0161167531696034E-5,5.583347216138396E-7,5.204170847144842E-6,2.096980043228276E-5,1.3065415623390131E-5,5.782842070085012E-7,2.4612753823676867E-6,7.520032073197039E-6,6.9713772502591134E-6,1.3211247137510399E-6,2.7505282326007515E-7,4.666801255552184E-6,1.2832847609331815E-5,1.5408693143367944E-5,9.378855576650074E-6,4.71648787737764E-6,4.909562916035571E-6
11.258,1.3452754854837223E-5,1.3935769802368044E-5,1.471029190853781E-5,1.5806573408178613E-5,1.7255643466363902E-5,1.9087783963856738E-5,2.1331988467466247E-5,2.4018085894229313E-5,2.7182162577904052E-5,3.087255697339791E-5,3.514790680591587E-5,4.00513981804205E-5,4.55394091162518E-5,5.134966937364889E-5,5.6845799983548076E-5,6.099965391324345E-5,6.274909433503606E-5,6.166268988690106E-5,5.828807839341189E-5,5.375963543735177E-5,4.912844586395954E-5,4.502250338524767E-5,4.1677574336321416E-5,3.909660960448137E-5,3.718491561189227E-5,3.5830873746624424E-5,3.494747717718583E-5,3.4491946079023566E-5,3.447331752611716E-5,3.495282177026733E-5,3.603951015665616E-5,3.788102376718701E-5,4.064305499558463E-5,4.445786357505522E-5,4.930310327592859E-5,5.477021885268019E-5,5.978108751273327E-5,6.26067078402689E-5,6.1690748442691E-5,5.6881072718400217E-5,4.9580158433664527E-5,4.1592141147260835E-5,3.4139008251449396E-5,2.773323188884208E-5,2.2456095122851653E-5,1.8209594688575512E-5,1.4845873630658907E-5,1.2215914121878045E-5,1.0183876088073072E-5,8.630734849871975E-6,7.455152117148749E-6,6.5731431396279205E-6,5.916752256953065E-6,5.432171125595061E-6,5.077982182038091E-6,4.8237439581205655E-6,4.643958789782865E-6,4.47851468553431E-6,4.26271249041497E-6,4.111382376320697E-6,4.038015713044414E-6,4.017209801864035E-6,4.045637809219763E-6,4.128786643674802E-6,4.275408497457213E-6,4.4965505385432965E-6,4.806059880719125E-6,5.221759958860861E-6,5.767172133373096E-6,6.473904483936003E-6,7.384955172409765E-6,8.55921140628986E-6,1.0077254595484794E-5,1.2047864381842436E-5,1.4612534405487075E-5,1.7940296203160447E-5,2.2195406116492835E-5,2.7448889002845564E-5,3.351457655173916E-5,3.977497440280119E-5,4.52122810811927E-5,4.878092075075543E-5,4.9707671412248746E-5,4.711517338744028E-5,3.965609997568862E-5,2.7568176058691383E-5,1.5294191629333295E-5,7.0742906330019545E-6,2.8925506937195886E-6,1.0532672693823518E-6,3.1587309189600233E-7,5.759032984802035E-8,1.519005343895836E-10,2.3301683162171195E-8,7.568036627241468E-8,1.3584373384969866E-7,1.9544969699712488E-7,2.519372930253957E-7,3.0529515003133185E-7,3.5662678630652346E-7,4.075254931875064E-7,4.598258704683029E-7,5.15540154378221E-7,5.768960080563669E-7,6.464443934984674E-7,7.272346500480952E-7,8.230746610699042E-7,9.389162187227788E-7,1.081437770114304E-6,1.2599506425690567E-6,1.4878525585174152E-6,1.7850382485991815E-6,2.1820465451048265E-6,2.727489977518349E-6,3.5019749292501086E-6,4.645478707182344E-6,6.413902429168443E-6,9.300519849797917E-6,1.4294106467105301E-5,2.3306304013145516E-5,3.8699797997353855E-5,5.549432428801861E-5,5.404908046855486E-5,3.823774298216809E-5,2.5207124255725447E-5,1.736147143909351E-5,1.2779050614620087E-5,1.0059260037198639E-5,8.571909701809751E-6,9.190838296576636E-6,1.7425737107860722E-7,1.1643492993536718E-6,1.0203079326572143E-5,9.875498534764092E-6,3.9213565537352674E-7,1.7947645794071142E-5,1.8590760878131317E-5,3.7971546746014132E-6,3.5639519294275907E-7,4.280475627245903E-6,6.907619431250837E-6,4.033866102706301E-6,5.023196109341983E-7,1.7200438475089704E-6,1.0578845048965842E-5,1.7676929987156293E-5,1.6966311426925643E-5,8.890179794922583E-6,5.017386361712564E-6,7.4437039761786846E-6,1.4219697773887687E-5
11.820899999999998,1.3459619013980326E-5,1.3934604330580596E-5,1.4709279289672036E-5,1.5815043642550653E-5,1.728331547675136E-5,1.9143274496501246E-5,2.142045959489475E-5,2.4138374868015686E-5,2.7324338032698778E-5,3.101721729078833E-5,3.5268399627558233E-5,4.011961797869982E-5,4.5535116319593426E-5,5.127151744638591E-5,5.671754297077984E-5,6.0859944587523604E-5,6.262297515524312E-5,6.154185053054435E-5,5.8146902833929276E-5,5.358566751216477E-5,4.893215711248599E-5,4.482719375780654E-5,4.150681402656462E-5,3.896695509652835E-5,3.710307942025022E-5,3.579323439263713E-5,3.4940987533666746E-5,3.449624969291993E-5,3.446383379889786E-5,3.490422396539659E-5,3.592897321605632E-5,3.769112231331036E-5,4.036508193271071E-5,4.4097084250398516E-5,4.888689548088377E-5,5.435570628865353E-5,5.9449355006220946E-5,6.242885314409699E-5,6.168513482787192E-5,5.7015247249399084E-5,4.981233170782656E-5,4.189195671979828E-5,3.4480332728451184E-5,2.8087356846745825E-5,2.2794250872846608E-5,1.850892540879747E-5,1.5093375028084889E-5,1.2408669440434204E-5,1.0326567569833221E-5,8.732273700172348E-6,7.525833901983502E-6,6.622863595621269E-6,5.954174813050946E-6,5.464506421938645E-6,5.1111136761718995E-6,4.862658986382548E-6,4.6933146926297715E-6,4.538408660721962E-6,4.318753113234107E-6,4.159697441849021E-6,4.081752214899722E-6,4.05712327089927E-6,4.081549065892374E-6,4.160632808741626E-6,4.303571892894254E-6,4.521925682436324E-6,4.8300458967754375E-6,5.2462419171146105E-6,5.794501287902331E-6,6.506861122697059E-6,7.426662554157497E-6,8.612955422768602E-6,1.0146141275429364E-5,1.2134202533399839E-5,1.4716750393391163E-5,1.805908690560266E-5,2.2318850165226076E-5,2.755681318837179E-5,3.357435273709692E-5,3.974543677991828E-5,4.505556693412535E-5,4.8469021354965715E-5,4.91985468556062E-5,4.630134251675825E-5,3.840626619602474E-5,2.6049766819026046E-5,1.4021648157347616E-5,6.288641146099295E-6,2.4829793722665696E-6,8.585180902744949E-7,2.3228177541172167E-7,3.039828189813196E-8,1.8445199614254307E-9,4.0071438713511586E-8,1.0050647387938501E-7,1.6511247071513206E-7,2.273037302777469E-7,2.854591629970743E-7,3.400990730341362E-7,3.9265538700408806E-7,4.4495297905987515E-7,4.990197198655005E-7,5.570587318913954E-7,6.215131269177543E-7,6.952002657135396E-7,7.815195111749116E-7,8.847592474573482E-7,1.0105550861715346E-6,1.1665916530028616E-6,1.363711053409264E-6,1.6177228155503824E-6,1.9524673900346017E-6,2.4052110785563537E-6,3.0365759419777747E-6,3.949735897390645E-6,5.329541748928398E-6,7.52649893092398E-6,1.1242936420124302E-5,1.7921245050752835E-5,3.0140049602567245E-5,4.8449316219518984E-5,5.6971974757398476E-5,4.326971304949195E-5,2.7488160722566473E-5,1.774482822173274E-5,1.2188778775934656E-5,8.892563257932517E-6,6.8829239918638255E-6,7.729338451853408E-6,7.684096876016747E-6,4.373233210888198E-8,1.2596599020106813E-5,3.3937907844626397E-6,2.901857559254314E-6,1.8559059174343295E-5,1.3347775193147482E-5,6.065665171242622E-7,8.537731801609976E-7,5.6625951349690685E-6,6.282486378842121E-6,2.3768495761191616E-6,8.92102782436299E-7,6.070272616151021E-6,1.6014437791379838E-5,2.1185347239971482E-5,1.701450986207555E-5,8.040847548146848E-6,5.627669971243742E-6,9.886424586564588E-6,1.5549021513070937E-5,1.894765168729652E-5
12.383799999999999,1.346813869254932E-5,1.3933141100426916E-5,1.4706220648954008E-5,1.5820194516339665E-5,1.7307224219144603E-5,1.919575609789174E-5,2.1508094850885685E-5,2.4261283856980558E-5,2.747324740134313E-5,3.117233303037437E-5,3.5401463070718376E-5,4.019988178060679E-5,4.5539198031243075E-5,5.119546041262948E-5,5.6584695551823195E-5,6.071213030076564E-5,6.24904620963156E-5,6.141893668331785E-5,5.8005651576745044E-5,5.340930690153298E-5,4.872844049684179E-5,4.4619240042663536E-5,4.1319844974036224E-5,3.8820112815990976E-5,3.700588498853781E-5,3.574449589354607E-5,3.4929184734282576E-5,3.450130199859429E-5,3.446012456090663E-5,3.486430616022515E-5,3.582719714542888E-5,3.7506892776924494E-5,4.008646798012965E-5,4.372651534784889E-5,4.8450414872618375E-5,5.3912790287734804E-5,5.908899561789147E-5,6.223246356765144E-5,6.167440660923473E-5,5.7150739617137744E-5,5.0044591466364205E-5,4.2190012590975504E-5,3.4822202027118037E-5,2.8448054067121846E-5,2.314573737260132E-5,1.882635522939087E-5,1.536059081271913E-5,1.2619913050821516E-5,1.0484727229062087E-5,8.845543839600373E-6,7.604551551399026E-6,6.6773753548123384E-6,5.9937706123964045E-6,5.497090533436448E-6,5.143306491648066E-6,4.9002735216332066E-6,4.742139409647553E-6,4.600107996011029E-6,4.378290847569316E-6,4.211646073897294E-6,4.129187923556699E-6,4.100800780031751E-6,4.121149301740346E-6,4.195904877848097E-6,4.334724840607517E-6,4.549725031139712E-6,4.855821235771936E-6,5.271882365996404E-6,5.822454892387294E-6,6.540121672634098E-6,7.468706408322932E-6,8.66757148972238E-6,1.0217068500132682E-5,1.2224436157140102E-5,1.4827286532588494E-5,1.818676468098493E-5,2.2452988738217546E-5,2.76750616059537E-5,3.3640394079970435E-5,3.971391985576715E-5,4.488571320654077E-5,4.813108425107299E-5,4.864585285788536E-5,4.5415928734153606E-5,3.7060646214889455E-5,2.4465205563235332E-5,1.2745368386412188E-5,5.526569524669212E-6,2.0964314545108976E-6,6.804868044573718E-7,1.6032887694114652E-7,1.1555356249021682E-8,9.834562549440935E-9,6.18477357260071E-8,1.2951434424141014E-7,1.9803253442063846E-7,2.6247191783282753E-7,3.220903868270037E-7,3.779031339287722E-7,4.3164959123567313E-7,4.85377136148637E-7,5.413079547965828E-7,6.018471826992792E-7,6.696761366126095E-7,7.479165089033757E-7,8.403773130875973E-7,9.519201403258544E-7,1.0890101141177623E-6,1.2605723422890956E-6,1.479368586998939E-6,1.7642908095013309E-6,2.1443340922619208E-6,2.6657834981974684E-6,3.405863614823933E-6,4.500108140529881E-6,6.200518199565268E-6,9.0059140716621E-6,1.395868223312308E-5,2.32054335290936E-5,3.9579105303871E-5,5.592050040314878E-5,4.864654912967825E-5,3.04206070271555E-5,1.8323914026919982E-5,1.1629911680460139E-5,7.744551109467634E-6,5.2496701697383235E-6,3.3498486317576824E-7,3.5544877861195616E-6,6.45924305852883E-6,1.0890798268194672E-5,6.775706840261815E-7,1.0410228013800771E-5,1.428182083998825E-5,5.927419754572695E-6,6.113294045513832E-8,3.137598353288312E-6,6.923194005307803E-6,6.063082395030969E-6,2.060693267624658E-6,2.399864555427466E-6,1.2244830909484907E-5,1.982736501206957E-5,2.2892983890216096E-5,1.5600910271771733E-5,7.010343919421368E-6,6.437299651933007E-6,1.0965225647314982E-5,1.4972163940632096E-5,1.6516774972517548E-5,1.256859153986006E-5
12.946700000000002,1.3478732185225388E-5,1.3931610256889499E-5,1.4701095398080083E-5,1.5821699158780722E-5,1.732671361598382E-5,1.9244290023425327E-5,2.1593817204572822E-5,2.4385830927223997E-5,2.7628265794510147E-5,3.133783754220284E-5,3.5547658473369875E-5,4.0293292058786676E-5,4.555305702401799E-5,5.11228182839032E-5,5.6448064666311706E-5,6.05563484596899E-5,6.235148226525182E-5,6.129441544542295E-5,5.786555968743065E-5,5.323211314225102E-5,4.851856599965776E-5,4.4399195994656166E-5,4.111632569107925E-5,3.8654884258733875E-5,3.6891507668273484E-5,3.5682595022710453E-5,3.4910233302594044E-5,3.4505926139778314E-5,3.4461959252275425E-5,3.483387449237595E-5,3.573592993603739E-5,3.733078818598966E-5,3.9810008731613644E-5,4.334876061744432E-5,4.799531399940167E-5,5.344137657935101E-5,5.869809893634701E-5,6.201525372519554E-5,6.165774699163036E-5,5.7288108240670534E-5,5.0277147079384635E-5,4.2484985248093426E-5,3.516194817212764E-5,2.8812334091227236E-5,2.350829122119925E-5,1.916089293275204E-5,1.5647757531458573E-5,1.2850705020499372E-5,1.065977019975932E-5,8.971960643296572E-6,7.692515771686853E-6,6.737589523574541E-6,6.036114087537075E-6,5.530147821523964E-6,5.174433100367715E-6,4.93612293931402E-6,4.789705681745566E-6,4.662955533858351E-6,4.441083411399431E-6,4.267192514896884E-6,4.18040491768154E-6,4.148434668496554E-6,4.164726584035286E-6,4.23495791402843E-6,4.369253101630349E-6,4.580325936437172E-6,4.883714558615394E-6,5.298920441960115E-6,5.851143284805694E-6,6.573635492750349E-6,7.510859792685581E-6,8.722670939984544E-6,1.0289543290720874E-5,1.2318074846752537E-5,1.4943802742597987E-5,1.8323294111092194E-5,2.2598185282070332E-5,2.780434409518676E-5,3.3713506388873224E-5,3.968093557417371E-5,4.470252916817505E-5,4.7765718349675094E-5,4.8046084223730096E-5,4.445273645966585E-5,3.56153748527191E-5,2.2821695935137257E-5,1.1476609547577446E-5,4.795215228985834E-6,1.7364740100376641E-6,5.209521886402366E-7,1.0094929559612025E-7,1.576522495500006E-9,2.4414776842259574E-8,8.880072607023855E-8,1.628058781077522E-7,2.346694906926408E-7,3.0100342848058686E-7,3.6187673517705987E-7,4.187583964613079E-7,4.736717443171832E-7,5.288761171456153E-7,5.867888266652151E-7,6.500293940050285E-7,7.215434011017908E-7,8.048012784129637E-7,9.040930238071056E-7,1.024966904129893E-6,1.174900268086571E-6,1.364360276625517E-6,1.6085430240154263E-6,1.930337826738864E-6,2.3656002136042806E-6,2.972992804424258E-6,3.8533769424314725E-6,5.190416739146685E-6,7.341203087770779E-6,1.1049288458956075E-5,1.793221921695891E-5,3.108917570914386E-5,5.050250606204264E-5,5.328465927372166E-5,3.410438486304381E-5,1.9119397456332516E-5,1.1074089248569194E-5,6.584040551382512E-6,3.628285938274513E-6,8.848674521443295E-6,1.0276800253538717E-8,1.9966712418867553E-5,9.092856535979618E-6,1.2107709743759304E-6,1.407069923245101E-5,9.496364529155574E-6,1.065497486702198E-6,3.9930011976642367E-7,6.619321271677849E-6,8.333744601127382E-6,6.322524489881878E-6,2.480874482748171E-6,5.817354597946826E-6,1.7205722013960435E-5,2.1764440748545483E-5,2.2592637655161366E-5,1.3073397350529189E-5,6.00049742799554E-6,6.877775574124261E-6,1.0410946709157765E-5,1.298964211789488E-5,1.3112570710598979E-5,8.906363838313233E-6,4.01517051367678E-6
13.509599999999999,1.3491885344541144E-5,1.3930312878486942E-5,1.4693950586865488E-5,1.5819282451338203E-5,1.7341144782083988E-5,1.9287900568045084E-5,2.1676448568458135E-5,2.4510879035145957E-5,2.7788590224845485E-5,3.1513503804099657E-5,3.5707439640017536E-5,4.040091855269813E-5,4.557814761946867E-5,5.1055038994613573E-5,5.630861451187897E-5,6.039283260192723E-5,6.220594815416944E-5,6.116871126078677E-5,5.772791713566569E-5,5.30558313431911E-5,4.830407144133245E-5,4.416789818457097E-5,4.089614972443298E-5,3.8470202254561856E-5,3.675810929912635E-5,3.560529913663359E-5,3.4882002409565835E-5,3.450859025515463E-5,3.4468774117367873E-5,3.481349455882208E-5,3.565681703978073E-5,3.7165319318873115E-5,3.953872792169694E-5,4.296681820183369E-5,4.752374731698078E-5,5.294179491484018E-5,5.8274821786755376E-5,6.177461185699857E-5,6.163406407633579E-5,5.742808166480479E-5,5.051069256975897E-5,4.2775975988749023E-5,3.549700148401663E-5,2.917693376147934E-5,2.3879150650277504E-5,1.9511045529048003E-5,1.5954768364337457E-5,1.3101965641880267E-5,1.0853134596910692E-5,9.113058303876667E-6,7.791097929197422E-6,6.804587944262686E-6,6.081943911495422E-6,5.564048488029769E-6,5.204478020957012E-6,4.96979677956472E-6,4.835246892973898E-6,4.726156501790124E-6,4.5067684507402825E-6,4.326220051289885E-6,4.235426593980783E-6,4.200180560274124E-6,4.212556716841297E-6,4.278159326339285E-6,4.407577328823317E-6,4.614159909868699E-6,4.914123775397561E-6,5.327673941421396E-6,5.880756584484316E-6,6.607421050167886E-6,7.552939144309024E-6,8.777866702698165E-6,1.0363020057512416E-5,1.2414518778316785E-5,1.5065805391255719E-5,1.8468471313751895E-5,2.2754659870642966E-5,2.7945290766254452E-5,3.37945028190964E-5,3.964708490975354E-5,4.450593644923276E-5,4.737152370680865E-5,4.73953943589063E-5,4.340503872263773E-5,3.4067345918084525E-5,2.112842096631492E-5,1.0227117932019807E-5,4.101259932667277E-6,1.4062002725473234E-6,3.81370162121475E-7,5.486832113889881E-8,8.351331253745665E-10,4.577578046448091E-8,1.2102180157156487E-7,2.004187188324546E-7,2.7503439538863714E-7,3.4290027554030604E-7,4.048231391765937E-7,4.6268110743647386E-7,5.187554801331296E-7,5.755057355937852E-7,6.355450311826538E-7,7.017211566489323E-7,7.772739225263825E-7,8.660746756460699E-7,9.72980142109795E-7,1.1043650539691926E-6,1.2689501963074355E-6,1.4791376914020073E-6,1.7532502145677963E-6,2.1194490603016776E-6,2.622922351560576E-6,3.339802672661387E-6,4.405824788721926E-6,6.079539376715338E-6,8.891866638222313E-6,1.4015066468090284E-5,2.404889618744808E-5,4.235659513787774E-5,5.543384871496078E-5,3.856299634284745E-5,2.0155422938014786E-5,1.0488212333965445E-5,5.383518426576329E-6,1.970840817452909E-6,2.330632471763714E-6,1.1255844813179277E-6,1.4245740383691396E-5,3.7868469295155786E-6,3.2045776788515357E-6,1.1103042350729733E-5,4.972664373386776E-6,1.7701967517097476E-8,2.8707741211923973E-6,9.900098980079578E-6,9.914768751821326E-6,6.700222352715678E-6,3.429602570226519E-6,1.0827963611036347E-5,1.977674614946068E-5,2.188854970908439E-5,2.0394377560526637E-5,1.0023960176401286E-5,5.047947844394571E-6,6.405604923555499E-6,8.763001577772486E-6,1.0292437231954724E-5,9.465811991578193E-6,5.562795296184133E-6,1.997612852092811E-6,6.443676961134542E-7
14.072499999999998,1.3508156170672873E-5,1.3929627811590051E-5,1.4684910773082974E-5,1.5812734222896573E-5,1.7349911099419802E-5,1.9325588009676715E-5,2.1754714882512107E-5,2.4635128726802357E-5,2.795321964960673E-5,3.1698916090076505E-5,3.588112228832759E-5,4.052377077508019E-5,4.5615955475596134E-5,5.099369034602699E-5,5.616747449652326E-5,6.0221928636032104E-5,6.205375968425722E-5,6.104218493992251E-5,5.759404508883552E-5,5.288238617125775E-5,4.8086778298311026E-5,4.3926500135664226E-5,4.0659493256311973E-5,3.8265184725236444E-5,3.660388668236665E-5,3.5510235732640585E-5,3.4842066041292494E-5,3.450737630294123E-5,3.447961758713479E-5,3.480342703923386E-5,3.559134021004541E-5,3.701300529829242E-5,3.9275846039864345E-5,4.258407805022095E-5,4.7038416055221436E-5,5.241489855462829E-5,5.7817488474118046E-5,6.1507598984444E-5,6.160189606428566E-5,5.757150010400316E-5,5.07464497321777E-5,4.306262687911311E-5,3.582501940103295E-5,2.9538396460735875E-5,2.4255053149576697E-5,1.9874747110440757E-5,1.628107865778886E-5,1.337439818435634E-5,1.1066237063453858E-5,9.27047376355289E-6,7.901831619969678E-6,6.8796341783141885E-6,6.132179918935484E-6,5.599331340433876E-6,5.233567137437768E-6,5.000973005436146E-6,4.877986869755846E-6,4.788780783025036E-6,4.574846166086682E-6,4.388513589549357E-6,4.294200527075985E-6,4.256141059897553E-6,4.2648893159778656E-6,4.325878522992259E-6,4.450146852663735E-6,4.651710765836885E-6,4.947518826615114E-6,5.358547223711591E-6,5.911578180747984E-6,6.6415848384319905E-6,7.594827023733661E-6,8.832796149577882E-6,1.0436917764070886E-5,1.2513063621617821E-5,1.5192634986288813E-5,1.8621893545556587E-5,2.292244503159341E-5,2.8098402618817803E-5,3.3884160461390936E-5,3.96130319809E-5,4.4295964764119534E-5,4.6947091835761214E-5,4.668957278776969E-5,4.226563823849758E-5,3.2414634002992906E-5,1.9396711509075062E-5,9.008888757698285E-6,3.450776023452555E-6,1.1081733007391707E-6,2.6285119303365266E-7,2.2589732306546074E-8,9.55476313563509E-9,7.399927458292995E-8,1.585171551447554E-7,2.4231962576490604E-7,3.190767147205926E-7,3.881097223633114E-7,4.5088569189160183E-7,5.096445429168503E-7,5.668977601504846E-7,6.252921129334125E-7,6.876374367921256E-7,7.570255395880841E-7,8.370251225812911E-7,9.319701329141472E-7,1.04738784399629E-6,1.1906532645927015E-6,1.3720266918949844E-6,1.6063650331329557E-6,1.9160672333353617E-6,2.3363879075875203E-6,2.9255482366807352E-6,3.7851950127322366E-6,5.104841789067257E-6,7.266352103441949E-6,1.1108796265755413E-5,1.860415130355931E-5,3.378154152549752E-5,5.353128225827087E-5,4.360527863184798E-5,2.145653328114138E-5,9.830611701784251E-6,4.118610247514078E-6,2.6965572766369507E-8,4.951232619088174E-7,1.133092613016155E-5,9.265763067553773E-6,8.954733316887427E-7,5.565495442314213E-6,7.0363546446310695E-6,1.542595270936863E-6,2.8690182763370793E-7,7.968184059112833E-6,1.2521833895070513E-5,1.1444621245945538E-5,6.75147122755196E-6,5.1390836977816345E-6,1.5285615797161032E-5,2.0196896535161476E-5,2.042827822322166E-5,1.6764398457850418E-5,7.050407657274269E-6,3.998956407743458E-6,5.1508026122251494E-6,6.758751240989654E-6,7.5743386333817335E-6,6.246262995227556E-6,3.034520963573775E-6,8.544616027916706E-7,7.904753860696803E-7,2.9918502423211947E-6
14.6354,1.3528179140513523E-5,1.3930018252274907E-5,1.4674187852019188E-5,1.5801923076485613E-5,1.7352455121893466E-5,1.9356344721727626E-5,2.1827255010645094E-5,2.4757113879054492E-5,2.8120935992317363E-5,3.189344018183054E-5,3.6068850117167885E-5,4.066276598036092E-5,4.566797221917699E-5,5.094044679554304E-5,5.6025943794966536E-5,6.004411173148777E-5,6.189480884851704E-5,6.091511104719102E-5,5.746526564845611E-5,5.2713868749266544E-5,4.786880255397984E-5,4.367650424027618E-5,4.040686387832751E-5,3.8039193866149E-5,3.642712972009672E-5,3.539493410609082E-5,3.478771426939118E-5,3.449995537417402E-5,3.449309559940105E-5,3.480355735587742E-5,3.554074682477327E-5,3.687631318373329E-5,3.9024736926261696E-5,4.2204306066963804E-5,4.65426018432206E-5,5.186216603386624E-5,5.732471592104427E-5,6.121097198926003E-5,6.155930572081768E-5,5.7719227929194535E-5,5.098619337036823E-5,4.334523775267624E-5,3.614403517398873E-5,2.989318462395272E-5,2.4632261934188322E-5,2.024929858473759E-5,1.662560338097072E-5,1.3668394827942317E-5,1.130041300784258E-5,9.44592094735932E-6,8.026409359612789E-6,6.964182142944989E-6,6.187938541730887E-6,5.636725557953412E-6,5.261997455923606E-6,5.029456141092798E-6,4.917178954909681E-6,4.849775268102924E-6,4.6446646086850245E-6,4.4537420130012494E-6,4.356579708574218E-6,4.316346736150102E-6,4.3219305972028026E-6,4.378473240862228E-6,4.497430435137751E-6,4.693510129042674E-6,4.984442239624737E-6,5.392037404173254E-6,5.943997365021471E-6,6.676340899009943E-6,7.63649763224882E-6,8.887149298706517E-6,1.0510644636896444E-5,1.261291367251034E-5,1.5323460416679424E-5,1.8782931426610913E-5,2.310133912646517E-5,2.8263994976527076E-5,3.3983166458111804E-5,3.957946668573654E-5,4.4072737754841E-5,4.649099851836034E-5,4.592402108665698E-5,4.1026979505876436E-5,3.06570129287702E-5,1.764013904227222E-5,7.833882542608998E-6,2.8490882226507045E-6,8.443845283088471E-7,1.661470798026227E-7,4.389674794949361E-9,2.7804819381618593E-8,1.0905384593859796E-7,2.0120313784161567E-7,2.88399012018843E-7,3.666778226204451E-7,4.365166766005213E-7,4.999630504417068E-7,5.595696981292049E-7,6.180492752522691E-7,6.782223323678054E-7,7.430966408701705E-7,8.160261584024518E-7,9.009489476503901E-7,1.0027351559985346E-6,1.1277096519481197E-6,1.2844666097585045E-6,1.4851909670926793E-6,1.7478957420325047E-6,2.100391573371984E-6,2.587711787952036E-6,3.2868754346670535E-6,4.33841689888279E-6,6.019585268892289E-6,8.930698204058877E-6,1.4506305021112522E-5,2.625503152000395E-5,4.759410905945635E-5,4.860027678074203E-5,2.3045925294879583E-5,9.04924346000558E-6,2.7737621967633034E-6,7.787973933436984E-6,4.5317776445691395E-7,2.5566772427438142E-5,5.60125908519932E-6,6.797080432534573E-7,6.299646278463319E-6,3.847648539784571E-6,1.4731157976189033E-7,1.8078309606882885E-6,1.3667504101743126E-5,1.4392169935717645E-5,1.249482375991883E-5,6.48567641826779E-6,7.500239038292902E-6,1.7482284865754764E-5,1.89876225781616E-5,1.7730889226570376E-5,1.2439788863553174E-5,4.516055170117314E-6,2.782744908712122E-6,3.7448941259187954E-6,5.034942892847657E-6,5.415488843374806E-6,3.969466029198413E-6,1.6438430477838805E-6,7.609581149944035E-7,2.111189187411728E-6,5.7715469229165696E-6,9.941146039418889E-6
15.198300000000001,1.3552669235721234E-5,1.3932037989880994E-5,1.466209066915939E-5,1.5786810600536995E-5,1.7348287127547464E-5,1.9379174561261213E-5,2.1892633998098097E-5,2.4875201368492452E-5,2.829028703453243E-5,3.20961927061975E-5,3.627055765314307E-5,4.081869237815965E-5,4.5735664420055305E-5,5.089707029417924E-5,5.5885491446218604E-5,5.9860003213983976E-5,6.17289875970334E-5,6.0787654568174944E-5,5.734286472381191E-5,5.2552515261668064E-5,4.7652559193963904E-5,4.3419790025269005E-5,4.013914911441911E-5,3.7791899692062154E-5,3.622628909890278E-5,3.5256880332325764E-5,3.4715978064779525E-5,3.448357239337764E-5,3.450731916725197E-5,3.481332038165765E-5,3.550596945582068E-5,3.67575856770097E-5,3.878887123572163E-5,4.183161316190566E-5,4.60401851941154E-5,5.128579979077753E-5,5.679556352164516E-5,6.0881239680463155E-5,6.150376940191803E-5,5.787203231270196E-5,5.123225177918399E-5,4.362487862844678E-5,3.6452622937241635E-5,3.0237826068487535E-5,2.500662865629613E-5,2.0631327049757288E-5,1.6986611126563152E-5,1.3983925174876166E-5,1.1556838392851216E-5,9.641152354492196E-6,8.166672668449848E-6,7.059881655107266E-6,6.250546342804592E-6,5.677170784494305E-6,5.290266068987687E-6,5.055217776320229E-6,4.952153973642192E-6,4.907988906616067E-6,4.715409963069725E-6,4.521441579363884E-6,4.422302858533539E-6,4.38073457075157E-6,4.383822622019005E-6,4.436272039683759E-6,4.549903396337184E-6,4.740129717701725E-6,5.02550687215165E-6,5.428738178576472E-6,5.9785203079928485E-6,6.712030033040519E-6,7.678044281381747E-6,8.94070204778945E-6,1.0583631038322765E-5,1.271320498772198E-5,1.54572824189465E-5,1.8950706638919755E-5,2.3290859536908E-5,2.8442134959691998E-5,3.409205377008878E-5,3.9547054903214996E-5,4.383644693912857E-5,4.600178634093034E-5,4.509372725827472E-5,3.968132990977086E-5,2.8796567259966803E-5,1.5874499496659425E-5,6.713708045765101E-6,2.300655369874859E-6,6.162290547295422E-7,9.164772731066417E-8,3.167554472300526E-10,5.5500366615558766E-8,1.507938421624329E-7,2.489039325425919E-7,3.384671836474886E-7,4.1764559375184496E-7,4.879365232573749E-7,5.518875622029346E-7,6.123149625361731E-7,6.721031286350763E-7,7.342327762575325E-7,8.019118002242939E-7,8.787776054391734E-7,9.691855045669453E-7,1.0786308279037774E-6,1.2143938119060204E-6,1.3865682069467934E-6,1.609774907775961E-6,1.906153192867497E-6,2.310862568555939E-6,2.882833200306028E-6,3.727326481216172E-6,5.047494259486746E-6,7.2746972713861335E-6,1.1435533211406867E-5,2.0235089811700698E-5,3.939430572394389E-5,5.2269150287746634E-5,2.4946283299772508E-5,8.083964474945003E-6,1.3745129289763762E-6,3.087511034951937E-6,1.5945511470320696E-6,2.0143807511768912E-5,2.6712910382088174E-6,8.251641458633658E-7,5.519447436329989E-6,1.909227920525975E-6,3.832721352943241E-7,5.2934419780038434E-6,1.804438357095112E-5,1.542637791457614E-5,1.2601396662425865E-5,6.236133709262078E-6,9.68561566764771E-6,1.727609881318939E-5,1.6633276079328508E-5,1.42313219464008E-5,8.208289209742004E-6,2.524584400779308E-6,1.658925823815868E-6,2.8143535360805055E-6,4.0357595906390064E-6,4.21443885199616E-6,2.9271634901505766E-6,1.4848406375462296E-6,1.7501626028154277E-6,4.529386238340627E-6,9.31797007273772E-6,1.3961545396358956E-5,1.5787159737461773E-5
15.761199999999999,1.3582425635278621E-5,1.3936337239381066E-5,1.4649034239139501E-5,1.5767465677368967E-5,1.7337005041762703E-5,1.9393115523402814E-5,2.194936117982413E-5,2.498759561958456E-5,2.845957224759536E-5,3.230601040216371E-5,3.648593022398536E-5,4.099216749593468E-5,4.582043645401559E-5,5.0865384364768524E-5,5.574775080320139E-5,5.967038654334709E-5,6.155619951992646E-5,6.0659848097188495E-5,5.7228048019659993E-5,5.240067608767965E-5,4.7440758878129946E-5,4.315863719618247E-5,3.985766299120501E-5,3.752334643941387E-5,3.600005288783396E-5,3.509358644421785E-5,3.4623670097468694E-5,3.445504352726825E-5,3.451985719366066E-5,3.483162184689202E-5,3.5487535789754293E-5,3.6658956116977305E-5,3.857174569282304E-5,4.147040760106863E-5,4.553564504300453E-5,5.0688814962310865E-5,5.6229705038328676E-5,6.051476157649184E-5,6.143206940437437E-5,5.803042392128172E-5,5.14874744932027E-5,4.390349080502985E-5,3.675007395768316E-5,3.056909356110593E-5,2.5373699036802793E-5,2.1016775280669063E-5,1.7361621923229596E-5,1.4320408256913415E-5,1.1836429932122765E-5,9.857904364740685E-6,8.324593199861938E-6,7.16857985520793E-6,6.3215512510804275E-6,5.72183501916839E-6,5.319097114139061E-6,5.078437499322243E-6,4.982375722723139E-6,4.962212673802019E-6,4.786104663622334E-6,4.591002116634712E-6,4.490974933370652E-6,4.449124371723489E-6,4.450618912676058E-6,4.4995524724204354E-6,4.6080304554697965E-6,4.792169729452329E-6,5.071390188857782E-6,5.469340574152429E-6,6.015778515252038E-6,6.749137625863006E-6,7.719707667344177E-6,8.993353632431987E-6,1.0655370639582059E-5,1.2813040066066442E-5,1.559294915132585E-5,1.9124078599603092E-5,2.3490198789679E-5,2.8632575084612712E-5,3.421112744060384E-5,3.95163758188393E-5,4.3587311902596376E-5,4.5477933801679494E-5,4.419323905343815E-5,3.822105163898476E-5,2.6838378500139562E-5,1.4117654659494446E-5,5.659285895224289E-6,1.8089782263020822E-6,4.2449843958262767E-7,3.93879080739278E-8,1.019841222653279E-8,9.24063840708949E-8,1.989616706707492E-7,3.013520090035016E-7,3.922528340958262E-7,4.717106954032968E-7,5.421089883241422E-7,6.064166163343361E-7,6.676651046220203E-7,7.28881870109979E-7,7.931949096299142E-7,8.640161752422671E-7,9.45292199877216E-7,1.0418532493049654E-6,1.1599293297127046E-6,1.3079557916600225E-6,1.4978932364011695E-6,1.7474953918956943E-6,2.0844131340448024E-6,2.554077921665913E-6,3.2359558998939677E-6,4.280058664351385E-6,5.998012463606271E-6,9.120537278293952E-6,1.562102186006575E-5,3.103499140208789E-5,5.2874063754380595E-5,2.718343669984159E-5,6.876522407421039E-6,1.8367993169004627E-7,1.2758286242790406E-6,5.7162906127777084E-6,1.1899369005576423E-5,7.740191598890554E-7,1.5391989251073356E-6,4.647252055640015E-6,1.232410504382181E-6,1.2529547388880362E-6,1.0401481243379452E-5,2.059995898405291E-5,1.5549863057571675E-5,1.1574657905281525E-5,6.110947319187278E-6,1.0712627393135684E-5,1.5332579751736573E-5,1.3573118700592086E-5,1.0419507432217736E-5,4.670571401015629E-6,1.0985365474588308E-6,1.0978870252997757E-6,2.737890616544463E-6,3.9988617680570995E-6,4.1617213100943695E-6,3.16883880319562E-6,2.447476040463304E-6,3.7057331421886627E-6,7.668559754903878E-6,1.3042434360283906E-5,1.791025681279526E-5,1.9555026392262214E-5,1.7318538177488674E-5
16.324099999999998,1.3618335042140162E-5,1.39436680068627E-5,1.463554840385315E-5,1.57440785717585E-5,1.731831535930324E-5,1.9397265511159463E-5,2.1995913528425078E-5,2.5092349014327516E-5,2.8626832808780136E-5,3.2521420370903644E-5,3.6714361649781764E-5,4.1183591770723687E-5,4.592358689119141E-5,5.084724063049027E-5,5.5614507038316545E-5,5.947622113568508E-5,6.13763756911634E-5,6.0531571111052E-5,5.7121890491840643E-5,5.2260774359846425E-5,4.7236395272368154E-5,4.28957417976805E-5,3.956418871672668E-5,3.7234019850991486E-5,3.5747430805707766E-5,3.490267415527302E-5,3.450744380705684E-5,3.441076996599051E-5,3.4527698274994836E-5,3.48567589015747E-5,3.5485469515031404E-5,3.6582250071272314E-5,3.837679707346268E-5,4.112532930749688E-5,4.503403588476492E-5,5.007511067328666E-5,5.562761667306868E-5,6.0107898712007624E-5,6.134020271483767E-5,5.8194457139880975E-5,5.175515819473919E-5,4.418396874326241E-5,3.7036577209085395E-5,3.088421444673711E-5,2.5728866367396167E-5,2.1400932945879833E-5,1.7747319219909066E-5,1.4676571319871239E-5,1.213972101290777E-5,1.0097821911350301E-5,8.502241733245597E-6,7.2923170256561505E-6,6.402731045786059E-6,5.7721299664400885E-6,5.3494656862828595E-6,5.099542071903173E-6,5.007501534192255E-6,5.011235759518538E-6,4.855616587832895E-6,4.661658307006399E-6,4.56204948456693E-6,4.521194105422332E-6,4.522256633273334E-6,4.568514537769804E-6,4.672243585794634E-6,4.850242560196869E-6,5.1228243316889865E-6,5.514629873231829E-6,6.05653385232705E-6,6.788308888866317E-6,7.761903505360054E-6,9.04516697931612E-6,1.0725469382365971E-5,1.2911535128849485E-5,1.572918673882454E-5,1.9301644172861076E-5,2.3698187714490008E-5,2.883468612906967E-5,3.4340383133001514E-5,3.948784664433631E-5,4.332552518461867E-5,4.491780752224452E-5,4.321663766922028E-5,3.663898961724427E-5,2.4791246517883398E-5,1.238920267685927E-5,4.680510227096049E-6,1.3765373315053586E-6,2.6939052408913E-7,9.063284646859275E-9,3.365315655439258E-8,1.3814634251175284E-7,2.531936436295528E-7,3.581916795885141E-7,4.494042850055599E-7,5.285252052827647E-7,5.986937335247131E-7,6.632249006394461E-7,7.253201081989587E-7,7.881231624089977E-7,8.548984240491048E-7,9.292688737843132E-7,1.0155221333011621E-6,1.1190345698664884E-6,1.246908632514019E-6,1.4089938871101608E-6,1.6196124209687697E-6,1.9006324206865216E-6,2.287275598775048E-6,2.8398832335553023E-6,3.6698744632991572E-6,5.00343392172316E-6,7.360129251283301E-6,1.214140309387657E-5,2.3785474095876605E-5,4.922632999795441E-5,2.9789810867980978E-5,5.394936646118399E-6,1.7646659716425E-6,6.506001296368121E-7,1.1857304074642634E-5,6.341848362926316E-6,8.63622461682484E-8,3.1653553861718223E-6,4.386864173322064E-6,1.6092935101827183E-6,2.739361243040935E-6,1.577365444959482E-5,2.1556441642103695E-5,1.477101569619104E-5,9.690483906203667E-6,5.866665275435304E-6,1.0206685522984304E-5,1.243958568781653E-5,1.023733266056731E-5,6.794037416367609E-6,2.1318019887192594E-6,3.4389064815226657E-7,1.4732602682956842E-6,3.632971738564427E-6,4.970144977174013E-6,5.248129177446864E-6,4.5392238366995045E-6,4.291567149657722E-6,6.367930616974361E-6,1.1001559876604115E-5,1.63510730225507E-5,2.1184275842200297E-5,2.2740423563677502E-5,1.9869379301913506E-5,1.6323910036333013E-5
16.887,1.3661374613963534E-5,1.395488895270742E-5,1.462228578286438E-5,1.5716974466818127E-5,1.729205460240364E-5,1.9390810906797764E-5,2.203076448034784E-5,2.5187379128477E-5,2.878984720235173E-5,3.274061263269924E-5,3.695491053874111E-5,4.139309769283626E-5,4.604625819329335E-5,5.084447705900889E-5,5.548767633277735E-5,5.927865244879982E-5,6.118949471803534E-5,6.0402533188210755E-5,5.7025280105698344E-5,5.213525299150141E-5,4.7042721504277454E-5,4.263422379086259E-5,3.92610153597826E-5,3.692491291794685E-5,3.5467844206601805E-5,3.4681972772223046E-5,3.4363872664187206E-5,3.43467719484624E-5,3.452722599236252E-5,3.4886343264457194E-5,3.5499183518436674E-5,3.652887308846795E-5,3.820729984642317E-5,4.0801164985187876E-5,4.454093965022908E-5,4.944951567349591E-5,5.499077175855704E-5,5.965722371897753E-5,6.122332416787282E-5,5.8363490256316246E-5,5.203892063101119E-5,4.44702136559381E-5,3.7313395928571314E-5,3.118110429538464E-5,2.6067575004340298E-5,2.177852128722211E-5,1.813948966015591E-5,1.5050302025566473E-5,1.2466711878052575E-5,1.0362357602121717E-5,8.701740820118997E-6,7.433314622593224E-6,6.4960984458528035E-6,5.829723700072806E-6,5.382617991429967E-6,5.119240675849487E-6,5.027444458822854E-6,5.053917819452635E-6,4.922682676519941E-6,4.732488842811535E-6,4.634815125259488E-6,4.596455700657358E-6,4.5985259768619055E-6,4.643249229385807E-6,4.7429141902423225E-6,4.914950986773729E-6,5.1805811337457075E-6,5.565477889018278E-6,6.101679203865902E-6,6.830360260586972E-6,7.805247844860802E-6,9.096410098978652E-6,1.0793700929206032E-5,1.30078802739077E-5,1.586464730515652E-5,1.9481754841409016E-5,2.3913270688618038E-5,2.9047393611421795E-5,3.447942086425245E-5,3.946163591799516E-5,4.305118079040085E-5,4.4319593893056377E-5,4.2157514884948143E-5,3.49290025237299E-5,2.2668379852426915E-5,1.070996043637134E-5,3.785927446298062E-6,1.0047626784309056E-6,1.5053452917666543E-7,5.4228518518131635E-11,7.010776607459621E-8,1.922145901768693E-7,3.1302917064375997E-7,4.18985826516422E-7,5.094937957778222E-7,5.876641086293508E-7,6.572684169124723E-7,7.21898384340434E-7,7.84884624470482E-7,8.494646147482858E-7,9.190318747352723E-7,9.974323917932117E-7,1.089336041729744E-6,1.2007554420660266E-6,1.3398435299645068E-6,1.5182102166542954E-6,1.7532283644341956E-6,2.0723211368666634E-6,2.5215009196025966E-6,3.1838675484432487E-6,4.2241676304377185E-6,6.0119351574273564E-6,9.528770814843033E-6,1.8027877567694052E-5,4.19023679706785E-5,3.2797834958736867E-5,3.682510429892693E-6,1.7944213258146473E-5,6.225656890293957E-7,1.633789541914301E-5,2.907702509170242E-6,1.169516000415828E-7,5.744109147184069E-6,4.767708629997374E-6,2.6195645019522253E-6,4.899759515059377E-6,2.0054420095625297E-5,2.1269740024273007E-5,1.322236972222914E-5,7.488731864807404E-6,5.211821838738988E-6,8.52101041056875E-6,9.289570070201546E-6,7.053390272290781E-6,3.7955879408644077E-6,6.545322394085904E-7,4.4021022143541623E-7,2.8896437658051676E-6,5.4087399400140955E-6,6.8259626080872345E-6,7.2928466305213495E-6,6.746128587024344E-6,6.717317383746638E-6,9.377756656375656E-6,1.4045573271434613E-5,1.8812261853014507E-5,2.3303160949717608E-5,2.483779846543685E-5,2.153327045710732E-5,1.728401746353537E-5,1.5561539776875312E-5
17.449900000000003,1.3712614462428782E-5,1.3970969738826732E-5,1.4610028900164721E-5,1.5686626116607463E-5,1.7258210773523638E-5,1.9373057452743286E-5,2.2052418278358904E-5,2.527049368053895E-5,2.894613392668806E-5,3.296141659163583E-5,3.7206256419887306E-5,4.162049514601852E-5,4.6189379725104524E-5,5.085886729747627E-5,5.536927534718625E-5,5.907901640268583E-5,6.099560657940103E-5,6.027226324499638E-5,5.693885732101713E-5,5.202650944664745E-5,4.686321421507723E-5,4.237762436803453E-5,3.895096635012601E-5,3.659758726538026E-5,3.5161219066775324E-5,3.4429630039997304E-5,3.418955092531186E-5,3.425874690606813E-5,3.451421289240739E-5,3.491723151330056E-5,3.552736772499241E-5,3.649968462508729E-5,3.806624642407523E-5,4.050274308846304E-5,4.406239021953581E-5,4.881780038469867E-5,5.432182874035612E-5,5.9159793198212963E-5,6.107574701940915E-5,5.853591085977248E-5,5.234251163784607E-5,4.4767148428318105E-5,3.758303057914533E-5,3.145861564755287E-5,2.6385572084432455E-5,2.214384161859991E-5,1.8533007187316616E-5,1.5438505098353747E-5,1.2816694921049125E-5,1.065264017919754E-5,8.925195668619467E-6,7.593952339025953E-6,6.603901749670363E-6,5.896550619326514E-6,5.420087474304337E-6,5.13855439347031E-6,5.042432895281734E-6,5.089275151281696E-6,4.985949974493654E-6,4.802426583535188E-6,4.708388974933563E-6,4.674233614045044E-6,4.679038035934598E-6,4.723702373364461E-6,4.820319005752106E-6,4.9868598643164335E-6,5.245451089090515E-6,5.622829673911077E-6,6.152233804036988E-6,6.876285699153093E-6,7.850578246116184E-6,9.14759620112715E-6,1.0860066436632804E-5,1.3101411713359257E-5,1.5997976242450865E-5,1.9662555760772783E-5,2.4133498848536397E-5,2.9269123526723857E-5,3.4627358201283284E-5,3.94375676969808E-5,4.2764185920232395E-5,4.3681206449030394E-5,4.100895942111051E-5,3.30866625503896E-5,2.048795835911725E-5,9.101258521781234E-6,2.9824511807143454E-6,6.940345045205549E-7,6.702850225692054E-8,1.145527364831865E-8,1.1881797599971297E-7,2.53991584741097E-7,3.77922700682676E-7,4.832255187670196E-7,5.720249720529934E-7,6.486300220983473E-7,7.173298643836239E-7,7.819308936081792E-7,8.458589794244677E-7,9.12428579238407E-7,9.851612084924074E-7,1.0681457155110375E-6,1.1664890266818602E-6,1.2869577053889712E-6,1.4389924524946042E-6,1.6364422092590022E-6,1.9007314908241865E-6,2.2670620010904076E-6,2.7976048641124923E-6,3.612669122552162E-6,4.975243297792787E-6,7.567751622286249E-6,1.3664200157058508E-5,3.3036208196198556E-5,3.620156925959578E-5,1.9357293550584963E-6,1.4155026370114401E-5,2.868096281427407E-6,1.5709132390163697E-5,1.0104920795218562E-6,1.0970862632277431E-6,8.991253131338668E-6,5.5444617001868584E-6,3.821279391162908E-6,7.359436301400342E-6,2.2540606973481185E-5,2.004771823008352E-5,1.1143253338900795E-5,5.388432703944646E-6,4.1004033234088E-6,6.356494411054654E-6,6.435959863441928E-6,4.410058559794988E-6,1.7342905676059786E-6,1.7729993905068745E-7,1.5035998206617319E-6,5.192069549304106E-6,7.818440540767821E-6,9.294433149951837E-6,9.974666954407624E-6,9.422530629461915E-6,9.39940354578694E-6,1.2344874035521284E-5,1.647439798317949E-5,2.0239214748521748E-5,2.404512401450163E-5,2.549938662298205E-5,2.2032313827730823E-5,1.722729172833686E-5,1.4979290134602146E-5,1.504433478594857E-5
18.0128,1.377321967136735E-5,1.3992994867145809E-5,1.4599696412047342E-5,1.5653665307721676E-5,1.721694420361681E-5,1.934346276631221E-5,2.205944961715519E-5,2.533942392639554E-5,2.9092962893144435E-5,3.318128327318734E-5,3.746665732939131E-5,4.186521399602478E-5,4.635360440540675E-5,5.089206065906832E-5,5.526137960303512E-5,5.8878835880984974E-5,6.079485922409009E-5,6.014010693234692E-5,5.686295241842464E-5,5.193681786320876E-5,4.670152371027758E-5,4.2129891394663645E-5,3.8637417666091284E-5,3.62542270959489E-5,3.4828078484913466E-5,3.414423357513947E-5,3.398121626759777E-5,3.414215532093935E-5,3.44838389229426E-5,3.49454682917194E-5,3.5567875201862466E-5,3.6494858896228926E-5,3.795620906820747E-5,4.023480770390914E-5,4.360476928726365E-5,4.818664839737034E-5,5.362479584767336E-5,5.8613478656272187E-5,6.089102798672778E-5,5.870883894300945E-5,5.266955026749284E-5,4.5080682028275086E-5,3.7849357718014135E-5,3.171679037625209E-5,2.6679200983539673E-5,2.249099471536057E-5,1.8921879876441306E-5,1.583697966408042E-5,1.3188059752788756E-5,1.0969307770130844E-5,9.174596591393827E-6,7.776729660653175E-6,6.728619246974014E-6,5.974818641660007E-6,5.4637071441144074E-6,5.158838744361272E-6,5.053063278423398E-6,5.116576374964783E-6,5.044036095660906E-6,4.870282890262172E-6,4.781720468725661E-6,4.75364927154243E-6,4.7631932871246675E-6,4.809634553173053E-6,4.904599403662028E-6,5.0664603690605165E-6,5.3182151384090125E-6,5.687683595687425E-6,6.209332220315081E-6,6.927256622819176E-6,7.898968967074571E-6,9.199519881375128E-6,1.0924855632980066E-5,1.3191694005673579E-5,1.6127899227352458E-5,1.9842050606591997E-5,2.4356547659429256E-5,2.94977642383487E-5,3.478274867321049E-5,3.9415020265017936E-5,4.246415632557479E-5,4.3000165479411195E-5,3.9763562633958776E-5,3.1110142110268166E-5,1.827344376264144E-5,7.58407286855029E-6,2.275130504161154E-6,4.437121451356124E-7,1.7485242035230458E-8,4.210746703591739E-8,1.7889073049338003E-7,3.227605483401256E-7,4.4725736467519264E-7,5.503417956728867E-7,6.364428851519219E-7,7.108611284458579E-7,7.782987339186964E-7,8.4272402855459E-7,9.07632724796698E-7,9.764078966013978E-7,1.0527068299523884E-6,1.1408929287040524E-6,1.2465851372511673E-6,1.377462402573932E-6,1.5445803126240743E-6,1.764715901529726E-6,2.0648722175416943E-6,2.4916844814233985E-6,3.1332048383572407E-6,4.176763853287879E-6,6.094932273889172E-6,1.0436236236526084E-5,2.474227073326473E-5,3.984629319952648E-5,5.632211541972168E-7,6.64213836641751E-6,3.5857447889247576E-6,1.1383297575795268E-5,2.0344101847852056E-7,3.0564530622302694E-6,1.2474036469145298E-5,6.394747652557412E-6,4.997407041526222E-6,9.543350450432866E-6,2.3128122259435543E-5,1.8124566889928108E-5,8.817988504243912E-6,3.5558943117706445E-6,2.777391232946076E-6,4.389064346384563E-6,4.27649789760817E-6,2.6003565576767878E-6,7.44957111634711E-7,5.945715452726856E-7,3.474549156588245E-6,8.05980656328549E-6,1.0512582106622709E-5,1.1984935602534803E-5,1.2862069990356455E-5,1.2164479600643866E-5,1.1990557511243133E-5,1.4896575627730427E-5,1.811308913788023E-5,2.0654873786301014E-5,2.3482952264329727E-5,2.4651347663209553E-5,2.125500486045658E-5,1.6157391903123514E-5,1.3431144742002923E-5,1.286950248610091E-5,1.3161250253711323E-5
18.575699999999998,1.3844451757578113E-5,1.4022167033320959E-5,1.4592348409090864E-5,1.5618892867196467E-5,1.7168607167767665E-5,1.9301669636487814E-5,2.2050548083509293E-5,2.5391866994341884E-5,2.922737708979261E-5,3.3397275425314255E-5,3.7733910870201625E-5,4.2126245472659414E-5,4.653923976278989E-5,5.094551261042325E-5,5.516606952173475E-5,5.8679806790077656E-5,6.058752614923664E-5,6.000523419494588E-5,5.679752355467663E-5,5.18682386157718E-5,4.656140876078783E-5,4.189535146641069E-5,3.832430375134979E-5,3.5897682509562394E-5,3.44696305075161E-5,3.382493930517703E-5,3.3735893443117186E-5,3.399233725558449E-5,3.443074040881148E-5,3.496624944005287E-5,3.561761172915223E-5,3.651373451286832E-5,3.787918277654449E-5,4.000187035538544E-5,4.317467302287202E-5,4.75635821685473E-5,5.290515378035219E-5,5.8017343121504784E-5,6.06621653652577E-5,5.887783025760234E-5,5.302317815866759E-5,4.541760985630417E-5,3.811773363570795E-5,3.1957102265365276E-5,2.6945724966895032E-5,2.2814172802863336E-5,1.929937776583498E-5,1.624033903471684E-5,1.357808829367095E-5,1.1312303227804078E-5,9.451685265507184E-6,7.984205642299693E-6,6.872944481598131E-6,6.067013271461829E-6,5.515618754282565E-6,5.181799023939911E-6,5.060341905209252E-6,5.135440977590899E-6,5.0956093904369304E-6,4.934788894780086E-6,4.8536091816606905E-6,4.83361531506434E-6,4.85015387698464E-6,4.900578818674744E-6,4.99571425411862E-6,5.15412592310955E-6,5.3996079930873855E-6,5.76106352129576E-6,6.274205861869605E-6,6.984614280453267E-6,7.951738378167049E-6,9.253286574851178E-6,1.0988705459291688E-5,1.3278608768003911E-5,1.6253327773778356E-5,2.0018194947852824E-5,2.4579765202273452E-5,2.973065244195386E-5,3.494351266468592E-5,3.939282442050672E-5,4.215029663865042E-5,4.2273446914932525E-5,3.8413460218200754E-5,2.9001288600050093E-5,1.6053497128893522E-5,6.178043352482159E-6,1.6669847677675114E-6,2.5218598432175253E-7,8.225146472103136E-11,9.06305026813925E-8,2.49305672560096E-7,3.97723704828595E-7,5.203588136513682E-7,6.197183986442849E-7,7.021459889682923E-7,7.737417789717536E-7,8.395275780219239E-7,9.035908118171203E-7,9.694815362335894E-7,1.040653575767682E-6,1.1209199631059298E-6,1.2149673335834217E-6,1.3290311890558011E-6,1.4719225031280166E-6,1.6567795957422916E-6,1.904346528014515E-6,2.2496782712965046E-6,2.757351836950392E-6,3.560972658906462E-6,4.987239944330557E-6,8.075689634289355E-6,1.8074191124179197E-5,4.3192538477233474E-5,1.3561588414508371E-8,3.2386667959425566E-6,3.3274371914815205E-6,6.656924790411849E-6,4.6574859554282965E-8,5.686903872963121E-6,1.577020834812164E-5,7.028060948349091E-6,6.061138321985346E-6,1.095781713104716E-5,2.2035382833756397E-5,1.5680444263814507E-5,6.507156913464559E-6,2.036118321663886E-6,1.6343152603348694E-6,3.099217963254831E-6,3.047890974088218E-6,1.780242697057606E-6,7.960377332885081E-7,1.7751464445762468E-6,6.119401916503589E-6,1.1122184330874752E-5,1.3114366775891512E-5,1.445049649509418E-5,1.5458985277665956E-5,1.4555575253011823E-5,1.4126487297584926E-5,1.6696590957809696E-5,1.886660642331545E-5,2.0180050098708883E-5,2.1886173136695278E-5,2.2516872646705276E-5,1.9296669685598106E-5,1.4218602075051544E-5,1.1170151514118764E-5,1.0092576333212392E-5,9.893370344429951E-6,1.0035644971877716E-5
19.138599999999997,1.3927669455979004E-5,1.4059810028839186E-5,1.458919081833073E-5,1.558328702119117E-5,1.7113761647665246E-5,1.9247539097268207E-5,2.2024566553774738E-5,2.542553732613978E-5,2.934622597170721E-5,3.3606067731029806E-5,3.800532115333999E-5,4.240208445630132E-5,4.674617474258296E-5,5.102040603600031E-5,5.508536309745141E-5,5.8483770979920946E-5,6.037403231740234E-5,5.986665856314991E-5,5.674209924290454E-5,5.182251605606828E-5,4.6446654677048584E-5,4.167866716479346E-5,3.801610949627387E-5,3.553149914806388E-5,3.40878465627515E-5,3.347160201370394E-5,3.345105649624005E-5,3.38046614277353E-5,3.434909561314352E-5,3.4973913176092535E-5,3.5672435873163795E-5,3.6554656349924486E-5,3.783640907953886E-5,3.9808038639861136E-5,4.277874947100516E-5,4.695683992456529E-5,5.216991754998237E-5,5.7372039712903124E-5,6.038193591809232E-5,5.9036615360325374E-5,5.340562257890843E-5,4.578543448723116E-5,3.8395051172068306E-5,3.218267541242694E-5,2.7183664691506795E-5,2.3108018582510804E-5,1.9658256920234294E-5,1.6641999473556437E-5,1.3982757596200893E-5,1.168063265451793E-5,9.757776592974252E-6,8.218908578057029E-6,7.0397577717380945E-6,6.175897476407849E-6,5.578279728426839E-6,5.209499248004321E-6,5.065713181047652E-6,5.145932432257257E-6,5.139486661742942E-6,4.9946554214020524E-6,4.922740135403769E-6,4.912844214390644E-6,4.938824079769977E-6,4.9957990994666735E-6,5.093387361728852E-6,5.250059265470007E-6,5.49027165752233E-6,5.8439816160332025E-6,6.348155691852493E-6,7.049853312500433E-6,8.01044695664743E-6,9.310332522755293E-6,1.1052652053681091E-5,1.3362444971365918E-5,1.637348000606903E-5,2.0189018943665748E-5,2.480025672489985E-5,2.996459163588649E-5,3.51068894020901E-5,3.936916787504401E-5,4.1821268001988845E-5,4.149729852841543E-5,3.695043605138388E-5,2.6766857220878795E-5,1.3861368675079072E-5,4.9004538890483705E-6,1.1589134642263604E-6,1.1694636373524776E-7,1.2611164066853796E-8,1.554514231430746E-7,3.2893333361614854E-7,4.780159388269921E-7,5.965073373558965E-7,6.907037320961555E-7,7.684983284753604E-7,8.366145498544667E-7,9.003115033940734E-7,9.63762790945491E-7,1.0305677169131686E-6,1.1042650160923049E-6,1.188858809243413E-6,1.2894307799132708E-6,1.4129802310379992E-6,1.569763038607086E-6,1.7756965516602798E-6,2.05714644373215E-6,2.461539555632286E-6,3.084282847979051E-6,4.151134941570068E-6,6.354675241347389E-6,1.314833442998709E-5,4.498224467551354E-5,1.567496799967789E-7,1.4922591514659635E-6,2.859192272923799E-6,3.232020059586364E-6,3.08409964904558E-7,8.487957838179127E-6,1.8544488603942103E-5,7.263035169078554E-6,6.822056514426767E-6,1.1337397376492985E-5,1.962594716409623E-5,1.2879157390156538E-5,4.406449108559561E-6,8.865989755967776E-7,1.041125310498468E-6,2.7539923444835597E-6,2.840667076450932E-6,1.9653433294147E-6,1.743374013134535E-6,3.5569781323984035E-6,9.120337382570402E-6,1.4067675386682344E-5,1.5318949002127717E-5,1.6298065220324616E-5,1.729325632476422E-5,1.6205745267150383E-5,1.546367527318658E-5,1.7467629858278805E-5,1.8662134995563243E-5,1.8929760510956627E-5,1.9562775911567486E-5,1.9503695633864184E-5,1.6448308347374783E-5,1.1666969873506937E-5,8.530828738521006E-6,7.15612815096422E-6,6.6961316361149205E-6,6.619953484912785E-6,6.338281463184261E-6
19.7015,1.4024328648038976E-5,1.4107371221498256E-5,1.4591578984949489E-5,1.5548009996330692E-5,1.705319467016655E-5,1.918118215880603E-5,2.1980572367223793E-5,2.5438226969534553E-5,2.9446211810975046E-5,3.3803959437849516E-5,3.827767436087232E-5,4.269067538776797E-5,4.6973804343514535E-5,5.111756416006635E-5,5.502113455898616E-5,5.829267330222448E-5,6.0154974858903705E-5,5.972326895327459E-5,5.669572972026719E-5,5.180096604203666E-5,4.636097338900619E-5,4.148477814732575E-5,3.7717846998607046E-5,3.515993150633557E-5,3.368552554296576E-5,3.308490181238634E-5,3.312480516566925E-5,3.357470709978461E-5,3.423275240289189E-5,3.496196829714214E-5,3.572707857019331E-5,3.6614815190312E-5,3.782818178007777E-5,3.96568205792203E-5,4.2423506807721926E-5,4.637520322692337E-5,5.142762076458799E-5,5.668019744776781E-5,6.0043386721246424E-5,5.9176924683007834E-5,5.38176693222099E-5,4.619208902162198E-5,3.868973759541471E-5,3.239846417191144E-5,2.7393129470177286E-5,2.336803719062889E-5,1.9991088279292566E-5,1.703426704663526E-5,1.4396576996787257E-5,1.20720946783369E-5,1.0093528801800955E-5,8.483205058690228E-6,7.232077099953431E-6,6.30450503841961E-6,5.654468608795487E-6,5.244366515218841E-6,5.0710734223033555E-6,5.148637052651567E-6,5.174743371611559E-6,5.048651538205065E-6,4.98773922482665E-6,4.989876011755121E-6,5.02784444601285E-6,5.09425377334549E-6,5.197051751750973E-6,5.3542308115453905E-6,5.590697920212622E-6,5.937390041780756E-6,6.432514539729291E-6,7.1245951432855714E-6,8.076884346256164E-6,9.372432733080363E-6,1.1118171717898817E-5,1.344398478372839E-5,1.6488011032633156E-5,2.0352777474323417E-5,2.501500919558394E-5,3.0195911237057586E-5,3.52694195529133E-5,3.934151360636686E-5,4.147504622984185E-5,4.066702311811482E-5,3.536612718091223E-5,2.4419822969025353E-5,1.1733666048565555E-5,3.7652660133547785E-6,7.496842551342689E-7,3.4663094737034503E-8,5.252254146453831E-8,2.3482691138028276E-7,4.1654749252806095E-7,5.627135513008745E-7,6.749460414495976E-7,7.626198883961533E-7,8.348399336604374E-7,8.987917713138028E-7,9.598997047981669E-7,1.0223992922793001E-6,1.089943521633129E-6,1.1661823838404402E-6,1.2553640085470422E-6,1.3630666803920972E-6,1.497261303583362E-6,1.6701058822729537E-6,1.9013808987099238E-6,2.225893428009897E-6,2.711777526335583E-6,3.5149524419600064E-6,5.094780885784787E-6,9.656087016298166E-6,4.325879258293374E-5,8.60211999013386E-6,5.992048952083248E-7,2.376450387113461E-6,1.358803216065287E-6,1.1115226030116933E-6,1.0944493954136114E-5,2.0575924545091055E-5,7.059891583208671E-6,7.029336940693462E-6,1.0672925512731665E-5,1.6342262707582817E-5,9.908989106756132E-6,2.6435942028672033E-6,2.0171967716261566E-7,1.2488109471885004E-6,3.450689159238831E-6,3.628050975646251E-6,3.0573791470413716E-6,3.391662820218497E-6,5.7502501450686416E-6,1.2170431054254535E-5,1.6709982281944124E-5,1.697661048901714E-5,1.7313523085712364E-5,1.804971334790277E-5,1.682347842852194E-5,1.575560901338884E-5,1.705015666084785E-5,1.7458683269593578E-5,1.6981999338219644E-5,1.6754965058429426E-5,1.6033008329736485E-5,1.311216477595901E-5,8.826607176001797E-6,5.865255783097813E-6,4.467484335699591E-6,3.9965858764451954E-6,3.91827626269159E-6,3.712031050583585E-6,3.042487263765461E-6
20.2644,1.4135981164380883E-5,1.4166423623602183E-5,1.4601020561250659E-5,1.551441285899489E-5,1.6987930746382596E-5,1.9102989021085526E-5,2.1917899758586464E-5,2.5427873964381732E-5,2.9523949879866886E-5,3.398690163716845E-5,3.854722589096841E-5,4.2989365116351884E-5,4.722095503959741E-5,5.123735683214799E-5,5.4975018952051376E-5,5.810850024849373E-5,5.993113412572692E-5,5.9573873540428706E-5,5.6656952269086835E-5,5.1804356003101206E-5,4.630788445370256E-5,4.131882467264636E-5,3.743501622112691E-5,3.478793790535709E-5,3.3266338732225134E-5,3.266645929019634E-5,3.275604891937677E-5,3.3298476862135024E-5,3.407540239585109E-5,3.4923168768876327E-5,3.5775093159199514E-5,3.669009329416934E-5,3.7853637457289325E-5,3.955090384039903E-5,4.211509239499872E-5,4.582777688164896E-5,5.0688210182715735E-5,5.594675068834143E-5,5.964048042382468E-5,5.928846464678923E-5,5.4258057579607574E-5,4.6645543087258844E-5,3.90116804723089E-5,3.261138155768504E-5,2.7576120240474165E-5,2.3591038277487454E-5,2.0290689353107143E-5,1.7408550208490056E-5,1.4812495359461093E-5,1.2482997760908296E-5,1.0458657593409132E-5,8.779116045805547E-6,7.4529785332349724E-6,6.456123051630659E-6,5.747289156847072E-6,5.289193334912823E-6,5.078771599895441E-6,5.144720715412324E-6,5.200828367970748E-6,5.095699326648275E-6,5.047249773634111E-6,5.063129461753853E-6,5.1156059968187945E-6,5.194570560087972E-6,5.3057948500368856E-6,5.46630962184887E-6,5.701159015188496E-6,6.042119712176017E-6,6.528597055772539E-6,7.21054958364479E-6,8.153044017401618E-6,9.441694764486652E-6,1.1187206734905656E-5,1.3524578239256571E-5,1.6597145087064393E-5,2.0508122528916996E-5,2.5221056677516323E-5,3.0420573063106432E-5,3.542696808806759E-5,3.930654092457808E-5,4.110877440293951E-5,3.97767309192314E-5,3.365238514395204E-5,2.198062534937686E-5,9.708488209804707E-6,2.78230367133144E-6,4.359974757055239E-7,1.270067114589995E-9,1.169629970944476E-7,3.26856831808002E-7,5.108294659793305E-7,6.508358307773799E-7,7.548827119952983E-7,8.347662388309231E-7,9.004927510519177E-7,9.595637524143055E-7,1.017505058209986E-6,1.0785961256481468E-6,1.1465548369352157E-6,1.2251788079360193E-6,1.3190305778119796E-6,1.4343220759556528E-6,1.5802879222081138E-6,1.7716745748823017E-6,2.0339096258687612E-6,2.4155001534771E-6,3.0238340159692894E-6,4.1621689734217705E-6,7.212948438460053E-6,3.675590662534656E-5,9.147206471904026E-6,2.1395731542075847E-7,2.1305167901230255E-6,7.206065123599591E-7,2.513647467151836E-6,1.2691644481105913E-5,2.1753128269667738E-5,6.494743818553157E-6,6.555479546809582E-6,9.171800976234544E-6,1.2671652301637187E-5,7.0049063254159E-6,1.2981536275137352E-6,6.854265090497197E-8,2.3567022671958722E-6,5.1629742585687385E-6,5.292743270635661E-6,4.8742692588607135E-6,5.529800452525387E-6,8.147958219613228E-6,1.5010156012406453E-5,1.897802296393114E-5,1.8105334406028747E-5,1.7521357009533976E-5,1.768740269139025E-5,1.630753473259783E-5,1.4936138180682412E-5,1.547846906530714E-5,1.5319435603093727E-5,1.4426861968497308E-5,1.3640326283391539E-5,1.2438204630586373E-5,9.687959884241016E-6,6.03321301137581E-6,3.493355195886436E-6,2.346314410534637E-6,2.095859730841711E-6,2.2045905692518157E-6,2.214813326146956E-6,1.8981105433165475E-6,1.3766908557072162E-6
20.827299999999997,1.4264272073594066E-5,1.4238667512960838E-5,1.4619177867735668E-5,1.5484038700974188E-5,1.6919241075855898E-5,1.901365461183464E-5,2.1836201735899347E-5,2.5392637495384508E-5,2.9576042843092385E-5,3.415054120242402E-5,3.880970209862552E-5,4.329486650371414E-5,4.748581492787376E-5,5.137960296242618E-5,5.4948303405025194E-5,5.793319803201166E-5,5.970346992774171E-5,5.9417253626685135E-5,5.662377582932329E-5,5.1832781717135414E-5,4.629057625202627E-5,4.118605200210488E-5,3.717354900236229E-5,3.4421155995614587E-5,3.283485141919371E-5,3.221893143965899E-5,3.2344689804019115E-5,3.2972635585146344E-5,3.38708040780571E-5,3.484964382308109E-5,3.580884843869561E-5,3.677492702342125E-5,3.7910536187210396E-5,3.9491909825108385E-5,4.185904217284011E-5,4.532372442849836E-5,4.996284478529162E-5,5.517916442525193E-5,5.916886632291149E-5,5.935912018055421E-5,5.47228279512482E-5,4.7153270173800054E-5,3.937206653964207E-5,3.283036506575414E-5,2.7736782590775068E-5,2.3775577996147382E-5,2.055064319499044E-5,1.7755718521343147E-5,1.5221921468841703E-5,1.2907895792165335E-5,1.0851596903158033E-5,9.10806686364684E-6,7.705472826199893E-6,6.634256332278757E-6,5.860171856511405E-6,5.347140697975557E-6,5.091600676240981E-6,5.135958202379155E-6,5.217672896705006E-6,5.134979676958086E-6,5.100028780967451E-6,5.13097933821094E-6,5.200290959503042E-6,5.29504055458775E-6,5.4183108254815264E-6,5.585590126876418E-6,5.8216266034161985E-6,6.158804387095359E-6,6.637634994591786E-6,7.309462602349138E-6,8.24108393685929E-6,9.520536502513646E-6,1.1262172461439288E-5,1.3606199929893267E-5,1.670179983155862E-5,2.0654289098161872E-5,2.5415683352664246E-5,3.063432912260153E-5,3.55747960421019E-5,3.926011821055084E-5,4.071861402887937E-5,3.881906752762798E-5,3.1801866852367274E-5,1.9478119144292138E-5,7.823027984606873E-6,1.9566783356476906E-6,2.126217852896536E-7,1.2051314667240034E-8,2.028032610459411E-7,4.2948775716715023E-7,6.103627228765084E-7,7.413374655820529E-7,8.354830529927646E-7,9.064149245345192E-7,9.647590426330105E-7,1.0182001692833187E-6,1.072307757965324E-6,1.1313892692164392E-6,1.1992402853141143E-6,1.2798467048924172E-6,1.3781688142967753E-6,1.5012271699814525E-6,1.659927903448786E-6,1.8726717986682479E-6,2.173700825952826E-6,2.6364106171744457E-6,3.459336799367477E-6,5.496440699043501E-6,2.7046807379603893E-5,9.708225891708414E-6,9.172891627905774E-8,2.3150681890519703E-6,9.122909898753554E-7,4.280752979217461E-6,1.360448748649647E-5,2.204279644002368E-5,5.699001488088063E-6,5.483371678259105E-6,7.183574178772162E-6,9.097005797221867E-6,4.432598284458834E-6,4.1982413421371824E-7,5.105969887230603E-7,4.303201806217197E-6,7.766402749283949E-6,7.643415746244871E-6,7.166206138189111E-6,7.93067728827669E-6,1.0532100601109857E-5,1.7405641145399992E-5,2.0834059916039792E-5,1.881936201983879E-5,1.7126236456641226E-5,1.6443336176642437E-5,1.4802194110366649E-5,1.315927537024914E-5,1.3009851657356173E-5,1.247994036486158E-5,1.144699503015582E-5,1.0402425633160803E-5,8.976133339308606E-6,6.507343784143102E-6,3.584781774097249E-6,1.670863540372617E-6,1.0069687811076511E-6,1.1628541893322574E-6,1.6052125959685243E-6,1.9392611207739355E-6,2.0104096638942595E-6,1.96562801315426E-6,2.1912273309818074E-6
21.3902,1.4410934913659154E-5,1.4325931496826178E-5,1.4647869909431907E-5,1.545862439466489E-5,1.684864936053483E-5,1.891419939241875E-5,2.173549936519501E-5,2.533097787780473E-5,2.9599169101706785E-5,3.429028300722409E-5,3.906031947944136E-5,4.360323690511832E-5,4.776587355687628E-5,5.154347324618321E-5,5.494180699887407E-5,5.776856872220722E-5,5.947309732462019E-5,5.9252223405303074E-5,5.659368996728738E-5,5.188554668279378E-5,4.631174723803437E-5,4.1091693821559576E-5,3.693973604378059E-5,3.406585865211592E-5,3.2396518202413535E-5,3.1746080460731675E-5,3.189179319036554E-5,3.259476743294031E-5,3.361305461188031E-5,3.4733091629392544E-5,3.581957837712738E-5,3.686220074373586E-5,3.79950414732478E-5,3.948012441362863E-5,4.1659999578551734E-5,4.4871963025701973E-5,4.9263600881698815E-5,5.438751028652657E-5,5.862671768941334E-5,5.937545872843532E-5,5.5204682498424314E-5,4.772155602783255E-5,3.9783115126263166E-5,3.306637119262103E-5,2.7881591255827182E-5,2.3922366215589333E-5,2.076587400892353E-5,1.8066613776964376E-5,1.561490297335905E-5,1.3339387418012681E-5,1.1269120543462764E-5,9.47055976325616E-6,7.992321177083432E-6,6.842562524999215E-6,5.996869220412068E-6,5.42174416243357E-6,5.1127850410333585E-6,5.124733920889802E-6,5.225782763136819E-6,5.166041208916592E-6,5.145058343335619E-6,5.191860041648296E-6,5.279945541180957E-6,5.393640337178417E-6,5.532868859854342E-6,5.710920318138295E-6,5.951680920695354E-6,6.287788990920159E-6,6.7606953009281235E-6,7.423047680207855E-6,8.343271282440296E-6,9.61164627704009E-6,1.1345942860122805E-5,1.369148148648883E-5,1.680369223028907E-5,2.079128243025806E-5,2.559665622733495E-5,3.0832930444123514E-5,3.5707687337468004E-5,3.919731542201018E-5,4.029959846973842E-5,3.7784930001858946E-5,2.9808944013327232E-5,1.6949929338672383E-5,6.1108763966382145E-6,1.2885207737602054E-6,7.259348106019436E-8,6.172755553804639E-8,3.066579925782427E-7,5.405067568318118E-7,7.13617237206646E-7,8.330904449431725E-7,9.15853292123875E-7,9.767956171304774E-7,1.0269089190154386E-6,1.0739404171652834E-6,1.1234477137683128E-6,1.1797468972953457E-6,1.2467173305375517E-6,1.328567033102883E-6,1.4307377845870304E-6,1.561265994850434E-6,1.7332950873279852E-6,1.9706256272461297E-6,2.3226423165795922E-6,2.9172711020489064E-6,4.272305192473507E-6,1.767941300630188E-5,9.226801506207247E-6,5.8164396905826726E-8,2.9828340272930284E-6,1.6177734367891643E-6,6.123845550532475E-6,1.3777025460057538E-5,2.145583794105151E-5,4.805132730642543E-6,4.0614022570902325E-6,5.1075730761044936E-6,6.032614327014705E-6,2.4374959642678747E-6,3.241242929066762E-8,1.4535681793114485E-6,6.85969414390736E-6,1.104686513514233E-5,1.0430340190640913E-5,9.6245362641626E-6,1.032916646021317E-5,1.2674109258947639E-5,1.9121341929933822E-5,2.2168008761883555E-5,1.921509830127737E-5,1.637610559369936E-5,1.4695377488727335E-5,1.2651857411985205E-5,1.0760203776627476E-5,1.0063068805127084E-5,9.33261815900877E-6,8.349979534667173E-6,7.289605976834652E-6,5.885582489743927E-6,3.834753359953271E-6,1.7175596252265445E-6,5.732955838299874E-7,5.579854243343325E-7,1.2470233316737422E-6,2.122855024365695E-6,2.851574004061869E-6,3.317156977018804E-6,3.6664403264786894E-6,4.2721423828765986E-6,5.532221034705233E-6
21.9531,1.4577784124286024E-5,1.4430172795304628E-5,1.4689074222036389E-5,1.5440101247151797E-5,1.6777934284574895E-5,1.8805984569085217E-5,2.161622630640774E-5,2.5241738837661368E-5,2.959018407346372E-5,3.440137149754915E-5,3.929382372605546E-5,4.390987562950106E-5,4.8057877299786654E-5,5.172739891648218E-5,5.4955752715853824E-5,5.761614418620471E-5,5.924123631751223E-5,5.907768925258021E-5,5.6563702207678995E-5,5.1961051875515323E-5,4.63734281207435E-5,4.1040832417718183E-5,3.674013637801044E-5,3.3728891084676085E-5,3.195765063839658E-5,3.125280840408384E-5,3.1399733928758434E-5,3.216363903334615E-5,3.329690628369779E-5,3.456504256680493E-5,3.579750228998827E-5,3.694318901753295E-5,3.810151271808516E-5,3.9514210219796196E-5,4.152140335256008E-5,4.4480821088971135E-5,4.860309149038675E-5,5.358435871647826E-5,5.8015543568543454E-5,5.9323592280969665E-5,5.569245210119967E-5,4.835463411123313E-5,4.025768215793852E-5,3.333229157958241E-5,2.8019453018792364E-5,2.403460414057552E-5,2.0933234876065606E-5,1.8332699098657887E-5,1.5980503117667603E-5,1.3768039238111618E-5,1.170595655486313E-5,9.865763913717752E-6,8.31577012060199E-6,7.084741581490864E-6,6.161437692162138E-6,5.516923743104245E-6,5.145970586899035E-6,5.114017494603102E-6,5.226303535050026E-6,5.188902414337378E-6,5.18166447717764E-6,5.244391933826E-6,5.352587706025406E-6,5.488091090223793E-6,5.647308446393966E-6,5.8406403583866186E-6,6.090414606862112E-6,6.429022422457537E-6,6.898578639413598E-6,7.552897609662335E-6,8.461908596047317E-6,9.717923535669503E-6,1.144181234066167E-5,1.3783714740631331E-5,1.6905415446805387E-5,2.09200518563054E-5,2.576247444793058E-5,3.101238121172909E-5,3.5820132770568675E-5,3.911246222612147E-5,3.984549104806621E-5,3.666319398553543E-5,2.767102479776145E-5,1.4441870407251809E-5,4.599371402418596E-6,7.730521796285753E-7,7.471179007682037E-9,1.4454524595668982E-7,4.2490069688747155E-7,6.57527695627355E-7,8.189244466243758E-7,9.248550934748159E-7,9.95010760295347E-7,1.0450671877617529E-6,1.0861535804965274E-6,1.1259681398356747E-6,1.1699990441556295E-6,1.2225403926920275E-6,1.2875419313875908E-6,1.3694411405463684E-6,1.4742181424291018E-6,1.6111403668570201E-6,1.7963750450231476E-6,2.0622751090622836E-6,2.4889940095716253E-6,3.381718279567961E-6,1.084836114270919E-5,7.91232119981721E-6,5.7185490059729504E-8,4.026478116170517E-6,2.6502248648937905E-6,7.82402472028636E-6,1.3415893107556864E-5,2.0045892110364143E-5,3.919548719870457E-6,2.5942986234533723E-6,3.3036926789625197E-6,3.7719837108044747E-6,1.190500944618269E-6,1.301655964985027E-7,2.736075840468024E-6,9.644317667716953E-6,1.470559769850725E-5,1.3379957898907359E-5,1.1912140206547732E-5,1.2407938297748865E-5,1.4336830660361561E-5,1.9938805669356636E-5,2.2742530771468918E-5,1.9271283202276607E-5,1.5436144292108727E-5,1.2780698780957707E-5,1.0258298889516355E-5,8.145424043661737E-6,7.0921451297542125E-6,6.318089787028539E-6,5.507459841303372E-6,4.597998567932785E-6,3.405282436902152E-6,1.8802933358701905E-6,5.952292984067919E-7,2.844499246642999E-7,9.984659959485694E-7,2.2820228329144446E-6,3.648709854207608E-6,4.81872476881015E-6,5.670481295245863E-6,6.313145212679644E-6,7.112211499151034E-6,8.477486809922894E-6,1.0695660139520008E-5
22.516,1.4766703692821474E-5,1.455347635927305E-5,1.4744928677515368E-5,1.5430594968772268E-5,1.670912894451613E-5,1.869072113012182E-5,2.1479266468057836E-5,2.5124228995499496E-5,2.9546232534273647E-5,3.447899200461486E-5,3.9504550419015684E-5,4.420954401306648E-5,4.83578067435217E-5,5.19289940216644E-5,5.4989636950976444E-5,5.7477039235106956E-5,5.900913034062356E-5,5.8892699896065553E-5,5.6530405665956463E-5,5.205670558172709E-5,4.647678747369946E-5,4.103823291171149E-5,3.6581468316431425E-5,3.3417590724603526E-5,3.1525357854349195E-5,3.074515246215467E-5,3.087230484183881E-5,3.1679453020109225E-5,3.291811868671511E-5,3.4337194919466574E-5,3.573202838448098E-5,3.700756608041353E-5,3.8222328334518476E-5,3.959090983024915E-5,4.144514491011194E-5,4.415766084867503E-5,4.799401301629406E-5,5.278447021700738E-5,5.734085928405314E-5,5.91904103248369E-5,5.617080773768798E-5,4.9053650089810006E-5,4.0808703158526806E-5,3.364278341963059E-5,2.8161722175747473E-5,2.411822259216181E-5,2.1052053593372105E-5,1.8546806664703542E-5,1.6307396848996795E-5,1.4182502482438712E-5,1.2154449082761091E-5,1.029103078269571E-5,8.677184916397314E-6,7.36435727300277E-6,6.358193747861968E-6,5.636995654774788E-6,5.195223867303911E-6,5.107322263248052E-6,5.2210518211672495E-6,5.204136474124911E-6,5.209632812179081E-6,5.287522475832699E-6,5.416348694395514E-6,5.575961821768258E-6,5.759074276675034E-6,5.972544164929314E-6,6.236339493342577E-6,6.58193764220866E-6,7.051696917223157E-6,7.700373279933125E-6,8.599237927790764E-6,9.842397728732749E-6,1.1553432182152708E-5,1.3886821873837428E-5,1.701047735955058E-5,2.1042635012216766E-5,2.591261744067254E-5,3.1169226237782454E-5,3.5906567721109366E-5,3.899925384077146E-5,3.934864799992563E-5,3.544049091649069E-5,2.5390360005165086E-5,1.2006133224461178E-5,3.3073836874739587E-6,4.0098861428426796E-7,7.63747413210607E-9,2.543729468711961E-7,5.536796957217224E-7,7.77974585938625E-7,9.244455727444236E-7,1.0152413103734284E-6,1.071842019618116E-6,1.1102744527083504E-6,1.14160089358766E-6,1.173364550434531E-6,1.210918298265233E-6,1.258481210523814E-6,1.320020461329351E-6,1.4001487541915143E-6,1.5053572032788253E-6,1.6462990772915739E-6,1.843299184363194E-6,2.1442863202657133E-6,2.721117366261762E-6,6.597842973461838E-6,6.25233364899725E-6,1.0479896467307389E-7,5.212415935948766E-6,3.939799137951302E-6,9.172671782059074E-6,1.2720611401836021E-5,1.7943353543979236E-5,3.115866551011753E-6,1.3451832127034004E-6,2.0324992349381864E-6,2.4715447880495987E-6,7.659085170522181E-7,6.810504177725888E-7,4.17111002927356E-6,1.2194399733201406E-5,1.836520092068072E-5,1.6254339358439628E-5,1.373963637996858E-5,1.3832016388988652E-5,1.528764274662952E-5,1.9718938909640574E-5,2.2260927499100963E-5,1.8811560095441506E-5,1.4328417247008434E-5,1.0887504364074298E-5,7.933735170543796E-6,5.667720428328186E-6,4.466688849738137E-6,3.7984774480796678E-6,3.242747079886968E-6,2.589010363187496E-6,1.7280513980139806E-6,7.797909752184283E-7,2.902042112903093E-7,7.814323326846199E-7,2.205185473897131E-6,4.069386022357541E-6,5.942573577369234E-6,7.5938716800928E-6,8.840873131537677E-6,9.692545477112276E-6,1.0505689681988537E-5,1.1735026070442512E-5,1.3671547222225361E-5,1.6547226185420975E-5
23.078899999999997,1.4979630729692269E-5,1.4698052218037893E-5,1.4817733287049063E-5,1.5432425425987628E-5,1.66445177434167E-5,1.857047249169692E-5,2.132598283802074E-5,2.497829902227562E-5,2.9464869214964777E-5,3.4518391387214464E-5,3.968650824364101E-5,4.449641073345847E-5,4.866088261603574E-5,5.2145000451319825E-5,5.504210454921256E-5,5.7351787617527466E-5,5.8777929752788976E-5,5.8696476845943084E-5,5.649007568540258E-5,5.216886456428613E-5,4.662192566946244E-5,4.108814857723214E-5,3.647047991446419E-5,3.3139691743560425E-5,3.110746279475122E-5,3.023023852814894E-5,3.0314775332769333E-5,3.1144072776830764E-5,3.247383184665638E-5,3.404182123522688E-5,3.5612051418558075E-5,3.7043502251533905E-5,3.834776210258002E-5,3.970475565133574E-5,4.143119914669235E-5,4.3908466769528296E-5,4.7448634114939475E-5,5.200428979763406E-5,5.6612593379347387E-5,5.8965125873721116E-5,5.662038884602122E-5,4.981548902596732E-5,4.1448434921675145E-5,3.4014002952440386E-5,2.832213021985078E-5,2.4182001439814986E-5,2.112458054328141E-5,1.870391995179286E-5,1.6584677829598872E-5,1.4569890662343419E-5,1.2604348070072476E-5,1.0741365277051012E-5,9.076565281197921E-6,7.684562288368539E-6,6.5916247247889E-6,5.786679580387242E-6,5.265045317917784E-6,5.108658145310581E-6,5.212510562759543E-6,5.212929395732327E-6,5.229309168501263E-6,5.320670061573136E-6,5.469641364251966E-6,5.654819593613964E-6,5.8653028815974565E-6,6.1038797669349725E-6,6.387309357590123E-6,6.745325800198146E-6,7.219930464122296E-6,7.866466282614683E-6,8.757318692532585E-6,9.98812206511036E-6,1.1684719657826558E-5,1.4005290175283615E-5,1.7123293328579205E-5,2.116225654165466E-5,2.6047770545845046E-5,3.130085354820476E-5,3.596165362662092E-5,3.885090144756225E-5,3.879988338977287E-5,3.410109989007912E-5,2.297633590446617E-5,9.698106492614658E-6,2.243895062167251E-6,1.592353285170605E-7,6.263892131915439E-8,3.848115361226047E-7,6.889432470381846E-7,8.990688918048149E-7,1.028138305460094E-6,1.1026629707940372E-6,1.1450495051508857E-6,1.1712889873029177E-6,1.1921900770972018E-6,1.2150343274201717E-6,1.2449554734121136E-6,1.2860043847947717E-6,1.3420388791758044E-6,1.4176642386638077E-6,1.5196452204435915E-6,1.65993822913765E-6,1.865011828803521E-6,2.2244333271540974E-6,4.133083002751321E-6,4.642828322999213E-6,1.795067365507604E-7,6.266774862720183E-6,5.508757586056558E-6,9.905899549324976E-6,1.1811391103008365E-5,1.5372260674345548E-5,2.4347463519976416E-6,4.856687723730891E-7,1.4362941018766175E-6,2.1706168654914202E-6,1.1594107298793976E-6,1.6402487581142525E-6,5.626072532726128E-6,1.4116273265049401E-5,2.1571166230489006E-5,1.8903964569395905E-5,1.4964999500948204E-5,1.4358099549027921E-5,1.5338515609134735E-5,1.845594437133403E-5,2.0553546773264013E-5,1.75766762659917E-5,1.2947281605885966E-5,9.05110891153924E-6,5.840491406819023E-6,3.5540464447219767E-6,2.416047965601451E-6,1.9930639190579304E-6,1.7540619956648797E-6,1.4162892761061702E-6,9.462719791061089E-7,5.659688711745384E-7,7.71772913378167E-7,1.937946037847297E-6,3.9412846632658995E-6,6.275553697038805E-6,8.605462448597595E-6,1.0766367007574184E-5,1.2466034026845944E-5,1.3509134921121595E-5,1.420854608567752E-5,1.5117163919766278E-5,1.65403336883846E-5,1.8719573989657838E-5,2.185293627872042E-5
23.641799999999996,1.5218532342333245E-5,1.4866230162754842E-5,1.4909951888524752E-5,1.544810665731663E-5,1.6586631471934733E-5,1.844765095533262E-5,2.115823591806718E-5,2.4804410673143646E-5,2.934418389082381E-5,3.451501671657926E-5,3.983348465327442E-5,4.476412342049147E-5,4.896160598176541E-5,5.2371266319537106E-5,5.511084020922273E-5,5.724016745419975E-5,5.85485387278713E-5,5.848841325488393E-5,5.64387897994663E-5,5.2292818499489106E-5,4.6807665356658164E-5,4.119409443876407E-5,3.641379557896848E-5,3.2903215699895736E-5,3.071239855708743E-5,2.971619420196666E-5,2.973389052627792E-5,3.0561197119362534E-5,3.196293888279366E-5,3.3672237333369997E-5,3.542635173249333E-5,3.703786592249289E-5,3.846593868010651E-5,3.984780920637469E-5,4.147723824611444E-5,4.373740065174234E-5,4.6978240428206054E-5,5.126126925512753E-5,5.5845126408959694E-5,5.8640986488678926E-5,5.7018535864213654E-5,5.063155293839625E-5,4.2187448661357274E-5,3.446322191923558E-5,2.851663716009994E-5,2.4237564912822753E-5,2.115628990642587E-5,1.8801907798860574E-5,1.6802828135478157E-5,1.4916465513536265E-5,1.3042828378250858E-5,1.1208915752460624E-5,9.5119408777154E-6,8.047694159325933E-6,6.866225852688542E-6,5.97108858776614E-6,5.360398486965659E-6,5.122491878367818E-6,5.203792055048561E-6,5.217105235454651E-6,5.241673550249623E-6,5.343855502540334E-6,5.511342194245267E-6,5.72242295416027E-6,5.9629699022051605E-6,6.2314059639200615E-6,6.540476786351359E-6,6.917216745951606E-6,7.402469388800896E-6,8.051633650318364E-6,8.937874537398193E-6,1.0158037512440645E-5,1.1839737124003911E-5,1.4144069794600003E-5,1.7249128326003876E-5,2.1283367318447285E-5,2.6170005148913714E-5,3.140578849854432E-5,3.598058658278829E-5,3.866031782900229E-5,3.818832977922787E-5,3.2627057546130985E-5,2.0448111522068613E-5,7.571991720649902E-6,1.4075989664405632E-6,3.179737905037114E-8,1.615543558318922E-7,5.293247146392073E-7,8.264829464856239E-7,1.0178296422980444E-6,1.1277292240137983E-6,1.1852907388251348E-6,1.2130894980992554E-6,1.226734148341675E-6,1.2366024108815216E-6,1.2495963880111028E-6,1.2705123328228726E-6,1.3030681950865469E-6,1.3507467841544602E-6,1.4176943110200544E-6,1.5102011885605946E-6,1.6407815507358809E-6,1.849515596946864E-6,2.7276664215516868E-6,3.300235040038395E-6,2.1653909360611798E-7,6.996795393469191E-6,7.424460222721981E-6,9.763510811127129E-6,1.07200930940386E-5,1.2601067324317293E-5,1.8839640966598824E-6,8.726351629243349E-8,1.548608611337541E-6,2.824785086710815E-6,2.324567505535027E-6,2.9612604973476038E-6,7.066433331049089E-6,1.525270505835917E-5,2.3818473422225082E-5,2.1256372254947866E-5,1.564231641714917E-5,1.3967987711693908E-5,1.4424751314507239E-5,1.62895669560164E-5,1.7741807291111278E-5,1.5415145182506354E-5,1.1152666425546965E-5,7.221174955489897E-6,4.0238758726962935E-6,1.911210090116396E-6,1.0450960960188776E-6,9.927287765177784E-7,1.1144932149364562E-6,1.1178448432288988E-6,1.0487413161667452E-6,1.1806313597032408E-6,1.936386661833037E-6,3.5790281057881503E-6,5.933504298277543E-6,8.51155286263566E-6,1.1129449529692668E-5,1.375140733770857E-5,1.5989155937381255E-5,1.7315741019497085E-5,1.7872793241795E-5,1.8363264330904594E-5,1.9169354003202663E-5,2.047298105920569E-5,2.2631837444542403E-5,2.5483232396887534E-5
24.2047,1.5485373785892888E-5,1.506045050116837E-5,1.5024213382076825E-5,1.5480347581013546E-5,1.6538241468365817E-5,1.8325008628638685E-5,2.0978390738486768E-5,2.460369388591772E-5,2.9182926276514223E-5,3.446466978639856E-5,3.993917297252118E-5,4.500590557481297E-5,4.925383653062224E-5,5.260276890912454E-5,5.519249015359445E-5,5.7141026435358284E-5,5.832142719036552E-5,5.8268029360308284E-5,5.637256007273444E-5,5.2422828760201695E-5,4.703135092115866E-5,4.135858736838308E-5,3.641773367538286E-5,3.271634861496376E-5,3.0349090415608875E-5,2.921202630086082E-5,2.9137805885009352E-5,2.9936463798044003E-5,3.138643018536461E-5,3.3223317759767626E-5,3.5164097914976756E-5,3.697654706544611E-5,3.856289523619791E-5,4.000945991113664E-5,4.157824656200915E-5,4.3646326610744074E-5,4.659254550058672E-5,5.057305685255381E-5,5.50568992639171E-5,5.821691258475377E-5,5.7340780707963815E-5,5.1486656469137725E-5,4.3033328744963075E-5,3.5008291495034844E-5,2.876321340062057E-5,2.429926341781706E-5,2.115600266924943E-5,1.884212124236295E-5,1.6954760048321556E-5,1.5208636512556672E-5,1.3454846622616768E-5,1.1682586575709494E-5,9.978671300033153E-6,8.454710371771366E-6,7.186224461087695E-6,6.195679413831732E-6,5.486752273141596E-6,5.153726995963829E-6,5.198577841245699E-6,5.219116790619519E-6,5.24837887884108E-6,5.357805519467162E-6,5.540968373835719E-6,5.776946229667218E-6,6.049099936326902E-6,6.35152148769602E-6,6.692306626522585E-6,7.094785151534695E-6,7.5976496721646264E-6,8.255606425680655E-6,9.142105143977873E-6,1.0354801222936228E-5,1.202253679821928E-5,1.4308432703469973E-5,1.739398580685139E-5,2.1411613542545893E-5,2.628289095261769E-5,3.148395227997377E-5,3.595941061408927E-5,3.8420322491266576E-5,3.750128600515079E-5,3.09986451590731E-5,1.7837223759906293E-5,5.675738290764873E-6,7.875669294810994E-7,8.13919238714462E-10,2.933787107522621E-7,6.813937496362665E-7,9.620037258808955E-7,1.1310960872186E-6,1.220701348054366E-6,1.2610110087035775E-6,1.2741065059801221E-6,1.2748958963828813E-6,1.2731448000705572E-6,1.2752288874492251E-6,1.2854235374223088E-6,1.3068161879802245E-6,1.3419727087966247E-6,1.393528470976039E-6,1.46524791370165E-6,1.5685325936574927E-6,1.9173398204160654E-6,2.294085099563651E-6,1.9638316270690326E-7,7.382708129976557E-6,9.614963369094321E-6,8.687539268300913E-6,9.428462077796367E-6,9.864549800862378E-6,1.439928094129657E-6,1.295123534807287E-7,2.308333313362808E-6,4.323208981372154E-6,4.200470562779493E-6,4.590753086086945E-6,8.533587561438823E-6,1.5736168777545874E-5,2.469777803543601E-5,2.3210850758287474E-5,1.5967374361534747E-5,1.2898182027721827E-5,1.2685553260369916E-5,1.348820232932761E-5,1.4227499759253972E-5,1.2472072304797475E-5,8.920716604015101E-6,5.363608049775296E-6,2.4885613658320016E-6,7.781658605409917E-7,3.858216637182234E-7,8.128468676089186E-7,1.3185773159612873E-6,1.6572171043778104E-6,1.9633186751215335E-6,2.5258711911469518E-6,3.671320090613694E-6,5.567467350387224E-6,7.997960045041945E-6,1.0503251239075069E-5,1.3091216620996777E-5,1.594210759565214E-5,1.8702752089720124E-5,2.0485153671361536E-5,2.1009422033261818E-5,2.1079906821550365E-5,2.1290060318507192E-5,2.174306687831197E-5,2.2803245497284548E-5,2.467539201331777E-5,2.6600415069054525E-5
24.767599999999998,1.5782075452853227E-5,1.5283249156894677E-5,1.5163311863697493E-5,1.5532053699251056E-5,1.6502353856829986E-5,1.8205623901751493E-5,2.0789312133601437E-5,2.437798841380422E-5,2.898062522206078E-5,3.436367424942571E-5,3.9997319216230065E-5,4.521467552871773E-5,4.953090960137046E-5,5.28336926211891E-5,5.528263077813901E-5,5.705212158556275E-5,5.809641387539842E-5,5.8034874332571005E-5,5.628746132480944E-5,5.255222945313949E-5,4.72886742049899E-5,4.158285329963062E-5,3.648808811840936E-5,3.2587302649580234E-5,3.0026829262045364E-5,2.8727471528782675E-5,2.853595836925776E-5,2.9277463954732618E-5,3.074767576390895E-5,3.269203131408938E-5,3.481544842898459E-5,3.6844914100044026E-5,3.862277427970349E-5,4.0176318734748416E-5,4.1726165479745886E-5,4.363431545850356E-5,4.629907462274013E-5,4.9956600119174936E-5,5.426958776948728E-5,5.7698766807644015E-5,5.7563144191549655E-5,5.2358309335581966E-5,4.3989051528992006E-5,3.56668963490614E-5,2.9081555626961983E-5,2.438396674152364E-5,2.1135824783152827E-5,1.8829774393809283E-5,1.7036805068201544E-5,1.5434217657683135E-5,1.3823923581113016E-5,1.2147916721032041E-5,1.0468720098746496E-5,8.9044435044847E-6,7.5551422927039365E-6,6.466127876640446E-6,5.650125666207856E-6,5.207713003387269E-6,5.20104845485593E-6,5.22200536429254E-6,5.25175056541933E-6,5.36401503671085E-6,5.558828517090524E-6,5.817213519440039E-6,6.121030418221463E-6,6.460476958796629E-6,6.83867014698775E-6,7.274308645244265E-6,7.80280288329715E-6,8.477179822776629E-6,9.370461461643864E-6,1.0580573157212025E-5,1.2236965056599408E-5,1.4503789781116025E-5,1.7564442037098494E-5,2.15537290178856E-5,2.639152099532846E-5,3.1536856584947075E-5,3.5895309194466174E-5,3.8123844992353805E-5,3.672404387457843E-5,2.9195485083071473E-5,1.5189480968309127E-5,4.0461466957586796E-6,3.6483071333123754E-7,4.7617219579846425E-8,4.474052847905205E-7,8.346953225100789E-7,1.091225453686182E-6,1.235581572153132E-6,1.3043071087832494E-6,1.3274008004485195E-6,1.3258714979686122E-6,1.313622549278476E-6,1.2996021955159647E-6,1.289451583271745E-6,1.286617089451098E-6,1.292994732668426E-6,1.3090917741688163E-6,1.333491630917374E-6,1.3618063469291686E-6,1.439484819330973E-6,1.60742177087112E-6,1.7177159855236438E-7,7.576486573586784E-6,1.1358180996351425E-5,6.960959866663192E-6,7.928172422760893E-6,7.331819662827432E-6,1.056246099611112E-6,5.091975703385673E-7,3.564617176566361E-6,6.470636276509596E-6,6.715696030124641E-6,6.44903919526074E-6,1.006956811692765E-5,1.5866418623774843E-5,2.416004882051642E-5,2.449830744671364E-5,1.615148569351259E-5,1.1511508944236476E-5,1.0455015479112587E-5,1.0409348135016537E-5,1.0531809067989332E-5,9.187134690392102E-6,6.452364979657963E-6,3.5537390631876812E-6,1.2679474644925848E-6,1.747786499387125E-7,4.371212563488036E-7,1.4332796833427068E-6,2.3212133496134326E-6,2.959884879038388E-6,3.592799409294797E-6,4.502451724447826E-6,5.895732766481161E-6,7.849534516023623E-6,1.0110827478214587E-5,1.2222138319717954E-5,1.437940346691121E-5,1.70250503757899E-5,2.0019099642034596E-5,2.2329213915720413E-5,2.304934120931537E-5,2.279715531124639E-5,2.249501341536161E-5,2.227697420800061E-5,2.2374468994639233E-5,2.316313744202336E-5,2.4377697268142297E-5,2.488334625295484E-5
25.330499999999997,1.6110455856357182E-5,1.5537234825471606E-5,1.5330204584387707E-5,1.560632988869961E-5,1.6482204887884916E-5,1.8092884964243737E-5,2.059434877567228E-5,2.4129867086606287E-5,2.8737696093232147E-5,3.4209051130363836E-5,4.0001886526417996E-5,4.5383182074036304E-5,4.978578815224329E-5,5.3057569654378156E-5,5.5375802867152106E-5,5.696999342713798E-5,5.7872432312785916E-5,5.778836812002077E-5,5.6179733870806E-5,5.2673592527053866E-5,4.757354847233335E-5,4.1866506528701546E-5,3.6629865391742415E-5,3.25241574723403E-5,2.9755141003208772E-5,2.827283158811276E-5,2.7938882208120395E-5,2.8593656513708637E-5,3.00526101740594E-5,3.2077958679084087E-5,3.437223783130342E-5,3.662841085645401E-5,3.8628167961966665E-5,4.033224356326539E-5,4.1909608663633866E-5,4.3697149286156155E-5,4.610252744506206E-5,4.9427204400249615E-5,5.350690153019758E-5,5.709996166399085E-5,5.766510476288494E-5,5.321675269366503E-5,4.5051074513359715E-5,3.645551550024206E-5,2.9492724999708788E-5,2.4510802279720177E-5,2.1110922263578857E-5,1.877405856835928E-5,1.7049510881498705E-5,1.5583814871399537E-5,1.4133382902869097E-5,1.2587390551612799E-5,1.0970033917889261E-5,9.392689233354527E-6,7.975141745772674E-6,6.78807741691009E-6,5.857113300220731E-6,5.2902881804084925E-6,5.215817304104192E-6,5.229337836233295E-6,5.2547488759554026E-6,5.364760515300753E-6,5.5661266292699035E-6,5.842914548254114E-6,6.176708334926575E-6,6.554668560739008E-6,6.975040629122679E-6,7.451209754247986E-6,8.014148340610616E-6,8.714002045114678E-6,9.62238848575341E-6,1.0836756110900334E-5,1.2486418538671943E-5,1.4735460677067025E-5,1.7767424457198628E-5,2.171734752774403E-5,2.6502434806186554E-5,3.1567707859282025E-5,3.578684715521329E-5,3.776410146522722E-5,3.5839692043379735E-5,2.719855826416682E-5,1.256518920476422E-5,2.7051122266505584E-6,1.1458056161967144E-7,1.5372326923774375E-7,6.135848458722158E-7,9.832942620488746E-7,1.2100151163630454E-6,1.3279635145434858E-6,1.3756157639276268E-6,1.3817292348259181E-6,1.3657331926252823E-6,1.3402175215423736E-6,1.3130518733760312E-6,1.288814891888963E-6,1.2695669840015886E-6,1.2548841728073264E-6,1.2406020166135552E-6,1.2143045952845211E-6,1.151270755150549E-6,1.1891072451861851E-6,2.128116767646958E-7,7.83392076235394E-6,1.1236905665803024E-5,5.071903469082703E-6,6.271438049467501E-6,5.125436770531315E-6,6.882290091644507E-7,1.05663047828723E-6,5.083564942817682E-6,8.940552507261316E-6,9.762491584097746E-6,8.419535023203053E-6,1.1615892287215415E-5,1.5914724126469765E-5,2.260847417364402E-5,2.4687802764419896E-5,1.6290590091914952E-5,1.0122210675400963E-5,8.129682545792876E-6,7.423439140895118E-6,7.123028269493068E-6,6.090809214280683E-6,4.121237548201205E-6,1.9921357975625287E-6,4.480070661311744E-7,1.1412160628272846E-7,1.1639012834843981E-6,2.7971026557090185E-6,4.037540251415646E-6,4.9093672555847105E-6,5.804629966827135E-6,6.994118541767688E-6,8.53878775621732E-6,1.041693747267024E-5,1.235677903847184E-5,1.3847051670682008E-5,1.5223417576515856E-5,1.7181229415560967E-5,1.986028882325926E-5,2.2428323422627116E-5,2.3520973365673946E-5,2.314226289891093E-5,2.2419383406014548E-5,2.1729486443628154E-5,2.1156507856396675E-5,2.1046046165638974E-5,2.1422883835653688E-5,2.16411411821852E-5,2.0675338843988056E-5
25.893400000000003,1.6472157422173788E-5,1.5825055240516055E-5,1.552800610841788E-5,1.570648404181098E-5,1.6481258329389286E-5,1.7990472150673216E-5,2.0397307329811754E-5,2.3862638770690608E-5,2.845552993105396E-5,3.39986973108183E-5,3.994723514874058E-5,4.550414996997095E-5,5.001124056841906E-5,5.3267485951105693E-5,5.5465629932865803E-5,5.688989942391353E-5,5.7647298548650115E-5,5.752758306244469E-5,5.604583648612866E-5,5.27789495436245E-5,4.787805593481028E-5,4.220721286637854E-5,3.6846967935786304E-5,3.253467252234386E-5,2.9543653748520482E-5,2.7858805032410075E-5,2.7357984116937995E-5,2.789618167452678E-5,2.9309787250300814E-5,3.138374281235E-5,3.38287197449129E-5,3.6313294199106594E-5,3.856062763295434E-5,4.0458528723506625E-5,4.2113697084580293E-5,4.382686309106955E-5,4.600413015754133E-5,4.899758036977668E-5,5.279311196478631E-5,5.6441193678878725E-5,5.7632864638522956E-5,5.40261630366344E-5,4.620727589564946E-5,3.738798371152015E-5,3.001866893810073E-5,2.4700871387454127E-5,2.1099181125062684E-5,1.8687980812647696E-5,1.6998121497734103E-5,1.5652157085368515E-5,1.4367983190664584E-5,1.2981330238422406E-5,1.146622572986199E-5,9.911199949518594E-6,8.446110195117274E-6,7.1666894694864995E-6,6.114853599022064E-6,5.4078531515528E-6,5.247881385910719E-6,5.245132167039424E-6,5.260901639667331E-6,5.363064048545081E-6,5.565004609212846E-6,5.854772509728957E-6,6.214986629948355E-6,6.630996181402406E-6,7.096800526829505E-6,7.620214035954033E-6,8.22676617096352E-6,8.962391226523196E-6,9.896049421818176E-6,1.1123689037418883E-5,1.2773544359105806E-5,1.500838854870517E-5,1.8009930880012606E-5,2.191073447970982E-5,2.6623430746350995E-5,3.1581398782332204E-5,3.563413635386315E-5,3.733471792348935E-5,3.482891237562878E-5,2.499350627951821E-5,1.0036691192073219E-5,1.6578063384104213E-6,8.61046189646551E-9,3.0167654489663604E-7,7.82836588185841E-7,1.121835209170954E-6,1.3145403391926792E-6,1.4050074232003193E-6,1.4315997524428633E-6,1.4209942933900714E-6,1.3905912524257134E-6,1.351327610000495E-6,1.3096236385441106E-6,1.26843170415035E-6,1.2273386598554108E-6,1.1810921781467383E-6,1.1138104656635072E-6,9.752350937472293E-7,9.888823352275719E-7,4.0503904667458076E-7,8.475657653534366E-6,9.275198889269786E-6,3.437335441005446E-6,4.581637059302619E-6,3.341170714931802E-6,3.356677032068846E-7,1.5816214284788763E-6,6.5903966576856E-6,1.1255980661754597E-5,1.3127090745446715E-5,1.037636748882752E-5,1.2932295623877158E-5,1.5984329781864483E-5,2.061050119945218E-5,2.3492370951802443E-5,1.6271276325445402E-5,8.900948786244807E-6,6.013886734352041E-6,4.8221122313156985E-6,4.3189039742617184E-6,3.592425399146522E-6,2.2963778908055912E-6,9.161926909124804E-7,1.3127803878558327E-7,5.809788101686002E-7,2.4652791997995834E-6,4.778220524364734E-6,6.314587440924931E-6,7.312213889103443E-6,8.380083758792099E-6,9.799796690982698E-6,1.146119839521414E-5,1.3206163553199948E-5,1.4789285858289646E-5,1.559372773174745E-5,1.599035810031826E-5,1.6916793251058568E-5,1.8742717520099157E-5,2.0987108213546086E-5,2.231311966974788E-5,2.200952080556553E-5,2.098146194421303E-5,1.993780310576448E-5,1.8965478548784142E-5,1.8270888709101542E-5,1.796771909537581E-5,1.7739195725939068E-5,1.6899473393398627E-5,1.4924481722194403E-5
26.4563,1.6868551723502935E-5,1.614934886338726E-5,1.575997633594579E-5,1.583603086133058E-5,1.65032056579077E-5,1.7902341080051842E-5,2.020241892843854E-5,2.3580330393708138E-5,2.813655815211767E-5,3.3731560308563516E-5,3.982831618340623E-5,4.557042839666525E-5,5.020002970932161E-5,5.345634709570306E-5,5.5545036153810513E-5,5.680583569516956E-5,5.7417507518912254E-5,5.725097380591668E-5,5.588242573686097E-5,5.286005090097176E-5,4.8192494244824946E-5,4.2600357785806894E-5,3.7141816361757114E-5,3.2626057002864074E-5,2.9401960325862555E-5,2.7496327069627962E-5,2.6805298036277E-5,2.719758502472161E-5,2.8530281295761833E-5,3.061541464144818E-5,3.3182320918635756E-5,3.588750438045818E-5,3.840134632530654E-5,4.0534280764554796E-5,4.232006529448967E-5,4.4011378759349354E-5,4.6001001535192535E-5,4.867690383710219E-5,5.215143545642599E-5,5.574923887460133E-5,5.746231866613602E-5,5.474735893860719E-5,4.7435061165607615E-5,3.847354264025231E-5,3.0681547843307116E-5,2.4976963765461415E-5,2.112081755945592E-5,1.858796588801613E-5,1.689266135605282E-5,1.5639155913889933E-5,1.4515766381315564E-5,1.3309442803182012E-5,1.193681088233079E-5,1.044674788904816E-5,8.964471716419465E-6,7.605907259240527E-6,6.4308774875407E-6,5.567462086411661E-6,5.302597043081412E-6,5.2737827905230046E-6,5.274218778029904E-6,5.362615773520425E-6,5.558518033492156E-6,5.8546384570989486E-6,6.23587973344536E-6,6.687250628985929E-6,7.199651879447448E-6,7.7756490409097E-6,8.43469556034709E-6,9.217223954978226E-6,1.0188059444026729E-5,1.1440303103870779E-5,1.3099880022684454E-5,1.5326790235449965E-5,1.8298683376514082E-5,2.2142437212996553E-5,2.6763263904475087E-5,3.1584370776915255E-5,3.5438902028365435E-5,3.6829774625238305E-5,3.3669818136758995E-5,2.257552874313081E-5,7.682572354565927E-6,8.931418023885383E-7,1.7657642718544928E-8,4.7569405668739957E-7,9.472854615535279E-7,1.2457108620488194E-6,1.4014260491220458E-6,1.4637132565026716E-6,1.4692559579411399E-6,1.4419972143657564E-6,1.3968952655887485E-6,1.342821308688677E-6,1.2841648019003173E-6,1.2211987305388331E-6,1.1486831597342119E-6,1.0498981500262476E-6,8.685198651364212E-7,8.548348981571639E-7,7.440403729330279E-7,9.942491535267362E-6,7.1907384576315136E-6,2.2622658048037834E-6,3.0185983754368042E-6,2.0431922584053403E-6,7.688178599160101E-8,1.9569200488846308E-6,7.866394384625042E-6,1.290566863495431E-5,1.6359322454732404E-5,1.2243385734592736E-5,1.3646672771994345E-5,1.595563344213529E-5,1.853287047418646E-5,2.1094182689283306E-5,1.577136641196705E-5,7.867118025891656E-6,4.255936565645098E-6,2.7679613006066202E-6,2.2737806822971685E-6,1.9052162670255463E-6,1.2079679894490127E-6,4.909332165338156E-7,3.8017831397467105E-7,1.5164408621549083E-6,4.16337594147191E-6,7.16651023198632E-6,8.926662376581399E-6,9.88858589390085E-6,1.0981117024660746E-5,1.256349138154612E-5,1.4362303924167818E-5,1.5992295128616484E-5,1.7275668031325498E-5,1.751990346547247E-5,1.6942050593458386E-5,1.670459096800515E-5,1.7381800213312295E-5,1.876473280683036E-5,1.986323589065852E-5,1.9643004963384543E-5,1.844923307332831E-5,1.7120770813741247E-5,1.5898030418325694E-5,1.4886173124446586E-5,1.4162882454617388E-5,1.3568010241041897E-5,1.2696408590592738E-5,1.1137101324336864E-5,8.907525408812774E-6
27.019199999999998,1.7300620904008374E-5,1.651267753117411E-5,1.602949917086231E-5,1.59986944819837E-5,1.6551969461207653E-5,1.7832708573705215E-5,2.0014300885288142E-5,2.328764893622891E-5,2.7784287302066876E-5,3.340780132058927E-5,3.9640877672770825E-5,4.557513699976596E-5,5.0345094056914655E-5,5.361718868185793E-5,5.5606572129589834E-5,5.6710677663625475E-5,5.7178093566624514E-5,5.6956075360126405E-5,5.568624294378644E-5,5.29086305475321E-5,4.850554208171789E-5,4.3038752102844945E-5,3.751490777769172E-5,3.280468022429672E-5,2.9339467850085965E-5,2.7196425072913888E-5,2.6293241984482183E-5,2.6511476238149516E-5,2.7727427657687757E-5,2.9782535867608378E-5,3.24343396463215E-5,3.534164655073472E-5,3.813201800615879E-5,4.053698882402005E-5,4.2507081189061765E-5,4.4234302211757854E-5,4.608558002689815E-5,4.8469908309658376E-5,5.160239071332544E-5,5.505491526421233E-5,5.716102887419232E-5,5.534207338774232E-5,4.870018322843354E-5,3.9714312128325396E-5,3.1502736888852174E-5,2.536326130424785E-5,2.119800737824863E-5,1.8493303862286235E-5,1.6747613999018713E-5,1.5550500256149912E-5,1.456984311137011E-5,1.3552953360304775E-5,1.2358238069415489E-5,1.098053292307793E-5,9.521794199247656E-6,8.107340964288534E-6,6.812743396415576E-6,5.776903398845901E-6,5.3856818954652625E-6,5.319994758135219E-6,5.299101282975812E-6,5.367668326065809E-6,5.550551150028687E-6,5.8454976872558335E-6,6.240738373296079E-6,6.722479382211603E-6,7.280097339545206E-6,7.911890090021088E-6,8.631199744121733E-6,9.471950866740541E-6,1.0493275426846636E-5,1.1783765609489115E-5,1.3465437376302067E-5,1.5693733973127522E-5,1.863970792237905E-5,2.2420851557013166E-5,2.6931229751838875E-5,3.158433856050018E-5,3.520443193859249E-5,3.624374749757285E-5,3.233794332174256E-5,1.995589811452838E-5,5.57881162416182E-6,3.8629907614045955E-7,1.1336558792314247E-7,6.620795270116943E-7,1.100403908205095E-6,1.3511814721259462E-6,1.4678886338462898E-6,1.5014616316430678E-6,1.4857454825378895E-6,1.4414443917353231E-6,1.3806596470795557E-6,1.3096272938924868E-6,1.2296965701990662E-6,1.1362744388254396E-6,1.0132449124251146E-6,8.063106742344588E-7,2.104312049408564E-7,7.536029161348719E-7,1.2826027313278303E-5,5.868361402050973E-6,1.5714738812593222E-6,1.7286315175207147E-6,1.2518231487071043E-6,4.963197950382378E-8,2.191615959048209E-6,8.851806834934432E-6,1.362165901134702E-5,1.867815724488894E-5,1.4017657574293616E-5,1.3516250758457715E-5,1.5517178358879275E-5,1.6436327148091345E-5,1.8006239007579878E-5,1.4451234985856378E-5,6.917206469040042E-6,2.876264660153533E-6,1.308724744452851E-6,1.023586853884082E-6,1.091591091590058E-6,9.410957726964369E-7,7.774016108112324E-7,1.2004329470675258E-6,2.8431381737754293E-6,6.057532646295611E-6,9.714477528569817E-6,1.1645042468085692E-5,1.2356525533920336E-5,1.322612624804753E-5,1.4803227635428941E-5,1.6747902807903523E-5,1.83480738776226E-5,1.941919614339879E-5,1.936792366912753E-5,1.8065269553273752E-5,1.6749661601289963E-5,1.6248705840395654E-5,1.6538785041804302E-5,1.6966946822886485E-5,1.6600356528070325E-5,1.5314008711984082E-5,1.3781937887348646E-5,1.2383346220944748E-5,1.1211173914030446E-5,1.0283852647930403E-5,9.489961526931152E-6,8.589046841152265E-6,7.328278314172612E-6,5.661977766587071E-6,3.8753836472575275E-6
27.582099999999997,1.7768812617703125E-5,1.6917434864844923E-5,1.6340047542801767E-5,1.6198407758700513E-5,1.6631709954274162E-5,1.7786043171721706E-5,1.9837917095026694E-5,2.298992594076222E-5,2.7403299802470313E-5,3.302893721145487E-5,3.9381681485507336E-5,4.551180764749809E-5,5.0439699592713265E-5,5.3743504282685356E-5,5.564284453548727E-5,5.659646756935193E-5,5.6922598385761644E-5,5.663920264769553E-5,5.545390084044721E-5,5.291663332172389E-5,4.8804551409037776E-5,4.351241934586062E-5,3.796431707741998E-5,3.3075701894198644E-5,2.9365218956639428E-5,2.697009172148506E-5,2.583439858720688E-5,2.5852156330864082E-5,2.6916417029294436E-5,2.889811143913436E-5,3.1590501646080857E-5,3.467003936152402E-5,3.773587543171816E-5,4.044328651448901E-5,4.2650299202121134E-5,4.447495852936978E-5,4.624518837119652E-5,4.837604200200027E-5,5.116222414706969E-5,5.4390459202426687E-5,5.6748607216410575E-5,5.5778377965799325E-5,4.995703754493613E-5,4.110223930131011E-5,3.250131806890163E-5,2.588497682593632E-5,2.1354590102171967E-5,1.8425553106783204E-5,1.6581264458379596E-5,1.539766755802433E-5,1.4529785930987746E-5,1.3697073324959953E-5,1.270585467549841E-5,1.148830520710693E-5,1.0103394196630441E-5,8.668713098708538E-6,7.267325765669307E-6,6.044719198914093E-6,5.5032344486204894E-6,5.388730050354059E-6,5.340255101168723E-6,5.382919890245097E-6,5.545687026958897E-6,5.831388757437459E-6,6.232314362769713E-6,6.737274033258461E-6,7.335934455108317E-6,8.023929518970562E-6,8.809223115852994E-6,9.718799035147156E-6,1.080470675269953E-5,1.2149158785207171E-5,1.3868251239071905E-5,1.6110644120205862E-5,1.90378306159401E-5,2.2753699476892837E-5,2.7136635498811343E-5,3.158987504631965E-5,3.4935396523585956E-5,3.557132386021044E-5,3.080658959715255E-5,1.716942624320145E-5,3.788416019218859E-6,1.0262217641325945E-7,2.697139493102447E-7,8.494040185340158E-7,1.2370436729177267E-6,1.4354221406464417E-6,1.5118184246589565E-6,1.51612803428976E-6,1.4785207105149705E-6,1.4160466166181197E-6,1.3374547812964565E-6,1.2454375589030022E-6,1.1363226790954746E-6,9.95274034696064E-7,7.730954349797589E-7,5.330922088815352E-8,7.486662362643916E-7,1.636253366925939E-5,5.28616007555576E-6,1.3062957976298414E-6,8.144094805768186E-7,9.452470539188541E-7,3.795120670999333E-7,2.4208697302608697E-6,9.657347548348515E-6,1.3581584997901736E-5,1.9284817869225717E-5,1.5675915508873787E-5,1.2671453130594573E-5,1.4339385697306942E-5,1.4201767850405792E-5,1.4681886834375662E-5,1.2259367668112804E-5,5.878762042573245E-6,1.825960739499298E-6,4.2371370802545676E-7,5.45148792594717E-7,1.1434029130331234E-6,1.5028151218006007E-6,1.7732349826732979E-6,2.5689152548249742E-6,4.509201206123872E-6,8.011126433496068E-6,1.2212463673852837E-5,1.4343617604820089E-5,1.4590603894767974E-5,1.4894001042512204E-5,1.6129515843014047E-5,1.806861891888691E-5,1.972716708829742E-5,2.0664303226631735E-5,2.0555738118852425E-5,1.8977296459144273E-5,1.6911263699293387E-5,1.5419939858308075E-5,1.4681145477321237E-5,1.427693980125175E-5,1.3517501776427606E-5,1.2105898017043262E-5,1.045194296523462E-5,8.952497901134391E-6,7.720620977245342E-6,6.738432430284722E-6,5.90184096647349E-6,5.053531443705739E-6,4.053732185679083E-6,2.88379132611419E-6,1.7103611834391837E-6,7.851012399673202E-7
28.144999999999996,1.8272867093962956E-5,1.7365724696371462E-5,1.6695129241301643E-5,1.643930497573066E-5,1.674683379957075E-5,1.776706169974814E-5,1.9678540825754657E-5,2.269304868400088E-5,2.6999218755602235E-5,3.259795118359109E-5,3.9048728406036716E-5,4.537452509380125E-5,5.047754247143954E-5,5.3829553457722797E-5,5.564702895930046E-5,5.64548675002411E-5,5.664319452066347E-5,5.629519973334856E-5,5.518157880561473E-5,5.2876356722656005E-5,4.9075953540248585E-5,4.4008517440125364E-5,3.8485163537004503E-5,3.344260177391377E-5,2.94876613456885E-5,2.6828169638807146E-5,2.5441335996570382E-5,2.523425264777033E-5,2.6113780576758604E-5,2.7978248657078925E-5,3.0661274875259175E-5,3.387175310275835E-5,3.719890330320662E-5,4.02299005191682E-5,4.272313565491673E-5,4.470872264414164E-5,4.646183914721936E-5,4.838875022814868E-5,5.084147083898181E-5,5.378663206308386E-5,5.625521832906437E-5,5.603627765828387E-5,5.1151249346538756E-5,4.2615841047666574E-5,3.3691838792044706E-5,2.6567808067664118E-5,2.1615870762207326E-5,1.8408013290041814E-5,1.6414841805071023E-5,1.5197349165007022E-5,1.4402336312626769E-5,1.373338396454636E-5,1.2956730918351903E-5,1.1941587183119513E-5,1.0687323058810709E-5,9.281899894742074E-6,7.799590066382133E-6,6.3800787149021026E-6,5.661750213917689E-6,5.485161415037102E-6,5.40261490544583E-6,5.413400931020693E-6,5.5490548930741015E-6,5.817251363907701E-6,6.21470497814929E-6,6.733929574093029E-6,7.366688865758604E-6,8.108010951504146E-6,8.962033823923971E-6,9.949210178796168E-6,1.1113625127418758E-5,1.2529265994015886E-5,1.4303938322718739E-5,1.6576748603087985E-5,1.9496086912672603E-5,2.3147411366842493E-5,2.7388161135654705E-5,3.160986153235235E-5,3.463753498863551E-5,3.480706915826519E-5,2.9047883241598947E-5,1.4281056833983172E-5,2.3520884114675705E-6,1.9827497832214167E-9,4.63871846673632E-7,1.0284714918833033E-6,1.353353978844468E-6,1.496481324429279E-6,1.531783334125713E-6,1.5061279229389971E-6,1.4453933241637078E-6,1.3625559369451887E-6,1.2622723640981765E-6,1.1419937512263898E-6,9.884043101699363E-7,7.582929128912964E-7,1.873756546311897E-7,8.551713825652067E-7,1.3905103006066396E-5,5.270539466250973E-6,1.4112300951505264E-6,3.2862223997430776E-7,1.0763487141809094E-6,1.1075870838096106E-6,2.8284922428042287E-6,1.0436817101958518E-5,1.3282233143016085E-5,1.8163853053747167E-5,1.695667566598846E-5,1.1515711207543403E-5,1.2364185930820364E-5,1.1730360524383503E-5,1.1383987245831514E-5,9.520084120520444E-6,4.6235940169532005E-6,1.0374033463622426E-6,5.96936621505472E-8,7.901103232652815E-7,2.0339691077489344E-6,2.881739387890775E-6,3.4592236083423694E-6,4.459896345430834E-6,6.50275693311412E-6,9.993159319918737E-6,1.4513692264150848E-5,1.700667894450457E-5,1.670670650005773E-5,1.6091609821347417E-5,1.6538193822941322E-5,1.8067926721455076E-5,1.9701102204625226E-5,2.056356593479122E-5,2.0468967184369853E-5,1.902231193316303E-5,1.6722393447366406E-5,1.4625347331279387E-5,1.3125664631212292E-5,1.2003019066518789E-5,1.0788375758066605E-5,9.21082887380453E-6,7.500173040616384E-6,5.990069075426576E-6,4.794689421343628E-6,3.875619541022078E-6,3.1267811346216483E-6,2.432606620773625E-6,1.7195592124556028E-6,1.003666034273366E-6,4.071483381455756E-7,9.585080416798412E-8,1.7003876350743715E-7
28.7079,1.8811617162757043E-5,1.7859203647747076E-5,1.709820664051527E-5,1.6725703348264657E-5,1.6902003458527313E-5,1.7780732743339135E-5,1.9541723558644957E-5,2.2403383515458142E-5,2.6578637601586842E-5,3.2119361666179944E-5,3.864148641166988E-5,4.515807551368348E-5,5.0452788692935604E-5,5.387060473418603E-5,5.561342533082106E-5,5.6277779087480154E-5,5.6331011324913616E-5,5.591730133679294E-5,5.486465792331078E-5,5.2780463125274485E-5,4.9305739612531616E-5,4.451144767533189E-5,3.9069086674311366E-5,3.390659315955008E-5,2.9714334282375917E-5,2.6781231375947495E-5,2.51264774933157E-5,2.4672399642892283E-5,2.533682199923402E-5,2.70415761238906E-5,2.9661851370127923E-5,3.295151849739166E-5,3.651120517255779E-5,3.987479317556262E-5,4.26977272242077E-5,4.490765860070197E-5,4.6712393555797613E-5,4.849498847220811E-5,5.0643711067714674E-5,5.326986304125751E-5,5.571833898366294E-5,5.6112081939580156E-5,5.222506954526639E-5,4.4217460691434254E-5,3.5081131730111314E-5,2.743700343376087E-5,2.2008490771607655E-5,1.8465362625541103E-5,1.6271636368537697E-5,1.4970413399417518E-5,1.4201258458446141E-5,1.3661634748224912E-5,1.3092975352819048E-5,1.2310238393834074E-5,1.1244292959722688E-5,9.93079999720103E-6,8.410684707941903E-6,6.792372237557787E-6,5.868096226254299E-6,5.6146186015951055E-6,5.4912743287374365E-6,5.464373901414286E-6,5.566177091587965E-6,5.808730900990325E-6,6.193189153671609E-6,6.716446532935396E-6,7.373910987929616E-6,8.162239161049806E-6,9.084000386359044E-6,1.0154532284397323E-5,1.1409948983010884E-5,1.2914560329195806E-5,1.4765344049314051E-5,1.7088512161153612E-5,2.0015055896905628E-5,2.360641063428843E-5,2.769311238535369E-5,3.1652813875003254E-5,3.431720946935452E-5,3.394491909241246E-5,2.7035091055608364E-5,1.1388397399234491E-5,1.2825577687321409E-6,4.279015892722424E-8,6.765205755677208E-7,1.1921045450228314E-6,1.4465939469814964E-6,1.5331443425632004E-6,1.5269338373287608E-6,1.4703557480749164E-6,1.3844824232800445E-6,1.2776339007427532E-6,1.1490169233320926E-6,9.870505273987071E-7,7.545083157761576E-7,2.6927778188435516E-7,1.0915983700618674E-6,7.42815463522034E-6,5.731234406356183E-6,1.7357678784314804E-6,2.577303432933089E-7,1.5939060525661249E-6,2.160029042781489E-6,3.6010900445889293E-6,1.1152297612103284E-5,1.3244091241973196E-5,1.626113127748441E-5,1.7268280371015783E-5,1.0431485156404263E-5,9.927162299041927E-6,9.08984913709083E-6,8.29123887749181E-6,6.719528486044428E-6,3.2052583088204696E-6,4.637850856924067E-7,1.3749378792121998E-7,1.6705765738192712E-6,3.7137595490327743E-6,5.062594907944957E-6,5.812064737631441E-6,6.837997744940442E-6,8.820112192996364E-6,1.2049919909537355E-5,1.6522319253894187E-5,1.9570939166645512E-5,1.894871830327018E-5,1.7194062284055783E-5,1.6450693396835826E-5,1.7060804491522555E-5,1.829473683921802E-5,1.903338211550526E-5,1.8895889946989882E-5,1.770152181645564E-5,1.56155669736358E-5,1.3400325298258657E-5,1.1537784177235277E-5,9.983994850614767E-6,8.45204850829915E-6,6.762644363741564E-6,5.074050878856413E-6,3.652931344132512E-6,2.594822179773059E-6,1.8438457853800135E-6,1.290272375022374E-6,8.414473368739598E-7,4.607941527440961E-7,1.8571778724207737E-7,1.1969084488499103E-7,3.8415786511878955E-7,1.0504952044760557E-6,2.090267391165112E-6
29.2708,1.9382765482264115E-5,1.8398882613540335E-5,1.7552582005790517E-5,1.706206696939176E-5,1.71021440204861E-5,1.7832287037552362E-5,1.943327313330075E-5,2.2127697808970692E-5,2.614901853618261E-5,3.159923996024684E-5,3.816111320304462E-5,4.485811686017249E-5,5.036004810157485E-5,5.3863066868417754E-5,5.553799560284271E-5,5.6058105063944365E-5,5.597669921357541E-5,5.549718014205641E-5,5.4497353513865794E-5,5.262183539621409E-5,4.947994858177996E-5,4.500319045482638E-5,3.970380106589253E-5,3.446591795506632E-5,3.0051434169035916E-5,2.6839426919111982E-5,2.49020166659056E-5,2.4180995851913142E-5,2.460306298791875E-5,2.6108477195996512E-5,2.8611736788825576E-5,3.192035009340702E-5,3.566845964800948E-5,3.9358526895421206E-5,4.254592810756806E-5,4.50414134766714E-5,4.696915658903082E-5,4.8675116905561767E-5,5.056460759477147E-5,5.285967091850387E-5,5.5178293158218633E-5,5.6020175012572274E-5,5.312530596865197E-5,4.5852237108907765E-5,3.666413780222581E-5,2.8515741013788688E-5,2.2560266339675328E-5,1.8623510457473543E-5,1.6176265239639953E-5,1.4740630140529936E-5,1.39463640556706E-5,1.3490520572790496E-5,1.310490293312787E-5,1.2566272381728226E-5,1.1739159999710135E-5,1.0589561336082881E-5,9.09526139967815E-6,7.290330372435288E-6,6.129382896122061E-6,5.782498879345949E-6,5.611408329748686E-6,5.541245677488547E-6,5.602832375696367E-6,5.811971743218879E-6,6.17398753563114E-6,6.690377134276513E-6,7.361279864275877E-6,8.18706152328464E-6,9.171403525401286E-6,1.0326929800430218E-5,1.1682950946926839E-5,1.3293498961703866E-5,1.5242387440075071E-5,1.7639136491814614E-5,2.059216071898949E-5,2.413231266771763E-5,2.8056571909189396E-5,3.172610098049899E-5,3.3980837412361476E-5,3.2977469697969056E-5,2.4746956609049003E-5,8.616333440630796E-6,5.641074399223638E-7,1.8510273673557525E-7,8.917485435777706E-7,1.3347961046873028E-6,1.5148574159417756E-6,1.5447068874548252E-6,1.4967997052763728E-6,1.4079842774227395E-6,1.2939626794401855E-6,1.1573505208570233E-6,9.88945179737587E-7,7.573367495627617E-7,3.3160144588061196E-7,1.6307070038307545E-6,4.661472165838699E-6,6.661527811712439E-6,1.9323444437125386E-6,4.527327224547821E-7,2.460498150956716E-6,3.374455440631312E-6,4.9139486961322245E-6,1.142532579198427E-5,1.383940175303588E-5,1.4606361572005759E-5,1.6250468970559657E-5,9.621269188692053E-6,7.5270333568520994E-6,6.510744612162097E-6,5.578851883257787E-6,4.271442818287039E-6,1.8676307496617154E-6,1.0692527314959876E-7,5.43509418033584E-7,3.000668034858825E-6,6.038853648052081E-6,7.988620309292292E-6,8.784634244418574E-6,9.62294477286078E-6,1.1397559750339251E-5,1.422697631208622E-5,1.821990795843134E-5,2.175629826084627E-5,2.1403772128157437E-5,1.860328392485068E-5,1.6432090595769393E-5,1.5745970712975688E-5,1.610267798010865E-5,1.6467795509196646E-5,1.617672429399193E-5,1.5117025178715378E-5,1.3382028409049415E-5,1.1406900189796662E-5,9.574951687688559E-6,7.934637442450662E-6,6.336586172735842E-6,4.693145263287742E-6,3.149105056312581E-6,1.929759861551485E-6,1.1101520694206491E-6,6.185423332452191E-7,3.4149181397714915E-7,2.005333137821417E-7,1.797944893477084E-7,3.253091926271856E-7,7.262923240759718E-7,1.4800056101198582E-6,2.6545676118373203E-6,4.249573160850087E-6,6.128412842177383E-6
29.833699999999993,1.9982647935551993E-5,1.898488369583332E-5,1.806123891102447E-5,1.745294479163195E-5,1.735244277504223E-5,1.792723362784394E-5,1.9359243705944624E-5,2.1873087360496602E-5,2.571856674778751E-5,3.104516975921587E-5,3.761065905509509E-5,4.4471387277579893E-5,5.0194295440876456E-5,5.380446807430362E-5,5.541880818169651E-5,5.579059575901931E-5,5.5571243697559433E-5,5.502525605529094E-5,5.4072430238326655E-5,5.23932798624306E-5,4.958507591800732E-5,4.546387577746088E-5,4.037282413565626E-5,3.5115045894270235E-5,3.050321887238592E-5,2.7012258052516325E-5,2.477986130378907E-5,2.377405421582393E-5,2.3929767212698256E-5,2.5200229000222166E-5,2.7533947340335452E-5,3.0795715483906496E-5,3.4673329321098994E-5,3.866588754794496E-5,4.2240435543895704E-5,4.507824574482135E-5,4.72009089967804E-5,4.89033458029095E-5,5.059136754263348E-5,5.256654274144041E-5,5.467328633078435E-5,5.579137292966676E-5,5.38123575467981E-5,4.745029017104639E-5,3.841904536186203E-5,2.9822442369751294E-5,2.329979496750049E-5,1.8909654014452622E-5,1.615422141061937E-5,1.453342541679095E-5,1.3661930199468877E-5,1.3237220300307816E-5,1.2993296658752203E-5,1.2688364571416272E-5,1.2134382968715132E-5,1.1222029688824914E-5,9.838176183067956E-6,7.880413805379184E-6,6.452642043202211E-6,5.994098178661226E-6,5.7681602619384005E-6,5.6494799942548645E-6,5.664941333003326E-6,5.833426865091943E-6,6.163989508080722E-6,6.662547489579459E-6,7.3344944044913065E-6,8.185528717101191E-6,9.223150913716651E-6,1.0460413246011768E-5,1.1922280240871231E-5,1.3653207369713128E-5,1.5722234780854385E-5,1.8218251021464063E-5,2.122101980604472E-5,2.472308007555876E-5,2.848046833374553E-5,3.183507950007605E-5,3.363422120987469E-5,3.189504234683042E-5,2.217491580802879E-5,6.101244481935314E-6,1.5706389067916055E-7,3.9263225426512667E-7,1.0966472614786198E-6,1.452277603254757E-6,1.5567355932265937E-6,1.5306724745495166E-6,1.4409772647475387E-6,1.3180891942900596E-6,1.171484864602147E-6,9.95846727442236E-7,7.656872819293995E-7,3.8564818442990505E-7,3.627214838194374E-6,2.451525848950244E-6,7.99817178472071E-6,1.9500104226455796E-6,5.943298946399636E-7,3.663940292752304E-6,4.577071651479547E-6,6.790692539027816E-6,1.0992582257468759E-5,1.5201651503134704E-5,1.3710488306072968E-5,1.4468359641604594E-5,9.098730211405509E-6,5.525726997673746E-6,4.253429403491888E-6,3.3946896112952634E-6,2.4189535602847082E-6,8.855433892077847E-7,1.5810846447728367E-8,1.1484961700837315E-6,4.461352449914132E-6,8.65174552673849E-6,1.1468793188058631E-5,1.227499861723298E-5,1.26638943854184E-5,1.4037831188377937E-5,1.6449463734985384E-5,1.9669175454515297E-5,2.318187095397884E-5,2.36949046546711E-5,2.046397761661397E-5,1.6888831470363662E-5,1.4742415862123716E-5,1.3914594174306312E-5,1.3586777934498486E-5,1.298641477404217E-5,1.1899344651830652E-5,1.0413894156151975E-5,8.771660919543162E-6,7.195809310106688E-6,5.732370262595792E-6,4.309381398341109E-6,2.9029905547295082E-6,1.6540084814735837E-6,7.585629727510136E-7,2.747408873553137E-7,1.1804826853596897E-7,1.7249715341938124E-7,3.699758151859847E-7,7.061379678057319E-7,1.2257822259940111E-6,1.999923758809732E-6,3.103961197323546E-6,4.609295410685475E-6,6.5731411102468085E-6,8.953610518036051E-6,1.146903730325509E-5
30.396600000000003,2.0605998129588377E-5,1.961615262843379E-5,1.862662975248285E-5,1.790287188126054E-5,1.7658334619929793E-5,1.807137913058179E-5,1.9325938912924895E-5,2.164691580934935E-5,2.529609029451692E-5,3.0466145967234186E-5,3.6995231022204656E-5,4.399596544916914E-5,4.99507689572133E-5,5.369325826777406E-5,5.5256307803952574E-5,5.547269071973241E-5,5.5107001736405696E-5,5.4491331682939215E-5,5.358110849014689E-5,5.208712414170868E-5,4.960831415963314E-5,4.58725472415273E-5,4.105548387169963E-5,3.584383869253549E-5,3.107121638380962E-5,2.7308225858842523E-5,2.4771573426538245E-5,2.34651457847897E-5,2.3333594785704492E-5,2.4338158918599715E-5,2.6453888620580635E-5,2.960111508998118E-5,3.353659786311513E-5,3.778777025186911E-5,4.1756107473817326E-5,4.4986042869431535E-5,4.7374244129543984E-5,4.9148854691985254E-5,5.0702843344751554E-5,5.239042869666048E-5,5.423465480108008E-5,5.546798985342159E-5,5.4267885938058863E-5,4.893334272025538E-5,4.0302722223785735E-5,3.136664253308102E-5,2.4255504196205566E-5,1.9352447586937742E-5,1.6231776650989574E-5,1.4374913595777575E-5,1.3374872710574098E-5,1.2925792774651333E-5,1.2770134253002903E-5,1.2666057939141344E-5,1.2395338981380294E-5,1.1783457716276213E-5,1.0611187064888982E-5,8.564205913282344E-6,6.844184769826515E-6,6.254301747372577E-6,5.96645129608423E-6,5.794482379974556E-6,5.758464919994523E-6,5.879699191237437E-6,6.170489378290388E-6,6.6407097509296684E-6,7.300976204678096E-6,8.163281701720518E-6,9.24125942867681E-6,1.055183206230545E-5,1.2119211854639006E-5,1.3980580713737292E-5,1.6189923925858323E-5,1.8811951252580127E-5,2.18909858461544E-5,2.5372223595360313E-5,2.896261075503955E-5,3.1982181458538604E-5,3.328180373043346E-5,3.068452248949355E-5,1.9333716439752562E-5,3.966498253268826E-6,5.487876931174865E-9,6.337165524564159E-7,1.280740690130447E-6,1.5410548670282263E-6,1.5709466825667082E-6,1.4903917530705576E-6,1.358705700399693E-6,1.1990386262496755E-6,1.0129851476831565E-6,7.817174621810933E-7,4.357784356190582E-7,1.1332792347078475E-5,7.748256521205601E-7,8.921139932229886E-6,1.8754014136230298E-6,4.852554600813748E-7,5.198463181028819E-6,5.674462196678917E-6,8.709459223160186E-6,1.0362772742602111E-5,1.692657426922426E-5,1.3647905278383227E-5,1.2833903451477369E-5,8.728054619248455E-6,4.06267516691146E-6,2.4846074266846435E-6,1.8111640504463554E-6,1.241533759181141E-6,4.208898565120067E-7,2.536456527366078E-7,1.8719687357343265E-6,5.716384651592868E-6,1.0945258955988473E-5,1.5034497859091574E-5,1.6093529264033987E-5,1.5778789852393885E-5,1.642255921882988E-5,1.8401839070861225E-5,2.0866378073045283E-5,2.3708243024572967E-5,2.5022606078531497E-5,2.2374002979250594E-5,1.788568026018231E-5,1.433546431556352E-5,1.2241577706289369E-5,1.1033054060572261E-5,9.980459347842642E-6,8.754409583949652E-6,7.389448686933509E-6,6.02097427705395E-6,4.747364142744802E-6,3.5751592998775693E-6,2.464640827147154E-6,1.4283106097206895E-6,5.955694969822496E-7,1.2767030280458997E-7,6.0613428142267E-8,2.963230558815906E-7,7.162260106496172E-7,1.2607906525681262E-6,1.931713707335177E-6,2.7646552546058374E-6,3.8053995309151715E-6,5.1002055443756825E-6,6.709836061346954E-6,8.735645665197746E-6,1.1274519532086496E-5,1.4219674135770175E-5,1.7084717663231784E-5
30.959499999999995,2.1245734707107965E-5,2.0290132413770338E-5,1.925040002518107E-5,1.841622072828113E-5,1.8025463641439773E-5,1.8270845407078513E-5,1.9339928131444407E-5,2.145677173548323E-5,2.4890857382865782E-5,2.9872416019419558E-5,3.632209606302303E-5,4.343158836348143E-5,4.9624894117615244E-5,5.3528433124466265E-5,5.505333670149983E-5,5.510524013028324E-5,5.4578882354652225E-5,5.3885585484120465E-5,5.3013283045571175E-5,5.169480852535388E-5,4.953756157577052E-5,4.6208020183356995E-5,4.1727301605807124E-5,3.6636789660025594E-5,3.175322365126613E-5,2.7734286567574252E-5,2.4888255310491254E-5,2.326741744646566E-5,2.2830416772416434E-5,2.3542929088908245E-5,2.5398061204691017E-5,2.8365027157090016E-5,3.227774431046412E-5,3.6723225914918656E-5,4.107161915228155E-5,4.47332438158979E-5,4.74549353624979E-5,4.937756257047953E-5,5.0870520745340416E-5,5.2320060774221146E-5,5.3882902627727245E-5,5.5096635955295155E-5,5.449844696973149E-5,5.022574348391907E-5,4.2248285888217924E-5,3.314324307518107E-5,2.545366934172505E-5,1.9982087549264353E-5,1.6436228068110038E-5,1.4291380143177401E-5,1.3113074695709656E-5,1.2584827326093487E-5,1.2457532693836955E-5,1.250251351883202E-5,1.2496598807538026E-5,1.2225252854561276E-5,1.1370908962770433E-5,9.334665629447224E-6,7.308482818290526E-6,6.567056945798599E-6,6.210654312803626E-6,5.981413563009124E-6,5.889289667864166E-6,5.957412221916343E-6,6.200961251742204E-6,6.633184419059989E-6,7.269445568989376E-6,8.128269486453202E-6,9.231005344691781E-6,1.060164873141704E-5,1.2267951227505441E-5,1.4263736676836673E-5,1.6629506966015425E-5,1.940334397352195E-5,2.2587055388410735E-5,2.6068198783569444E-5,2.949578297708577E-5,3.216601370586403E-5,3.29258879360902E-5,2.9328030768593403E-5,1.6274647371671312E-5,2.296325593373726E-6,4.573910133908067E-8,8.815102625117279E-7,1.435371012136531E-6,1.5979619356142936E-6,1.5559624396935269E-6,1.4226586734512526E-6,1.2483116247007182E-6,1.0474904833998354E-6,8.100470686772429E-7,4.863689761527353E-7,8.859339972148462E-9,7.098370695659417E-7,7.135063586916762E-6,1.7532236094212036E-6,3.2131741440252145E-7,6.863474769831743E-6,6.71213752995519E-6,9.64087845014201E-6,1.0321700017325393E-5,1.7681881193897228E-5,1.4211577683546247E-5,1.1742585591414434E-5,8.32727427560244E-6,3.1224466769410954E-6,1.2488506517678676E-6,8.209989848586883E-7,7.139096616802433E-7,5.13859383994398E-7,8.713973185727565E-7,2.7309312857507633E-6,6.657257857350425E-6,1.2353042596307692E-5,1.7858008469810805E-5,1.987473198541291E-5,1.8850812215781506E-5,1.8306815527682034E-5,1.9593551468431006E-5,2.153488216491881E-5,2.3440157726912717E-5,2.4816799556572448E-5,2.3346267335635823E-5,1.8972265830218905E-5,1.4437362306466793E-5,1.118991010684331E-5,9.086208427668476E-6,7.525771750026684E-6,6.118418231867008E-6,4.81395854971462E-6,3.662592988593475E-6,2.6744722168758155E-6,1.8165372593617968E-6,1.0606180920355212E-6,4.400364996102267E-7,7.206756607681745E-8,8.151841193376932E-8,4.7593525646780413E-7,1.1388509681707663E-6,1.9452733805420094E-6,2.8414220486226462E-6,3.8302553707883955E-6,4.9300869876311945E-6,6.152710238585787E-6,7.506699518720394E-6,9.024945165826198E-6,1.0814092958375732E-5,1.3066779524287032E-5,1.5914996805579838E-5,1.912596249448629E-5,2.1980226334942677E-5
31.522399999999998,2.189279985277641E-5,2.1002412113915584E-5,1.9933042771978112E-5,1.8996987228979757E-5,1.8459607823958632E-5,1.8532078313648943E-5,1.9408073785731568E-5,2.1310447515360128E-5,2.451246357719457E-5,2.9275273486023863E-5,3.560070055819328E-5,4.2780017412373965E-5,4.921229236182715E-5,5.330900876956282E-5,5.48148539425406E-5,5.469298142380172E-5,5.3985540195311564E-5,5.3199896621050826E-5,5.2358165644827216E-5,5.120661955009811E-5,4.936119159577656E-5,4.644968548562803E-5,4.236079596112964E-5,3.747250121630854E-5,3.254212312045867E-5,2.829504631272963E-5,2.5140312126655674E-5,2.319364356157392E-5,2.2435291922070567E-5,2.283403583875158E-5,2.4392780780929717E-5,2.7119305343636974E-5,3.092467122932334E-5,3.548139195569169E-5,4.01716304405616E-5,4.4289748622151014E-5,4.740898577023521E-5,4.955428309289199E-5,5.106056671129861E-5,5.233339111041613E-5,5.362495190297582E-5,5.472026480396617E-5,5.453341017240567E-5,5.12677364481338E-5,4.416730420916716E-5,3.5125567552455614E-5,2.691480068389212E-5,2.0829974855492663E-5,1.6796388517588466E-5,1.4309285672411606E-5,1.2904201809273039E-5,1.2244923141538687E-5,1.2085172299882848E-5,1.2214927876374314E-5,1.2427570369960607E-5,1.2502654711996941E-5,1.2059832629303633E-5,1.0171496501825965E-5,7.846418582855107E-6,6.934543885655564E-6,6.50406189363504E-6,6.214870259319801E-6,6.063053960157279E-6,6.073086295058559E-6,6.262880689187705E-6,6.648541984488763E-6,7.249451117718173E-6,8.090259662339194E-6,9.200711494400204E-6,1.0614335609399116E-5,1.2366767658051799E-5,1.449364479597275E-5,1.702567567528257E-5,1.9973707618531465E-5,2.3290344947012627E-5,2.6794206016259266E-5,3.0067053894924363E-5,3.238056235165377E-5,3.256586661008759E-5,2.7801620841656402E-5,1.3097739260386712E-5,1.1180377551013578E-6,2.1400145122354783E-7,1.1137099545862626E-6,1.5531497576719017E-6,1.6197825486411825E-6,1.509660811988827E-6,1.325266204555816E-6,1.1064408125857787E-6,8.565297254329232E-7,5.428891769690705E-7,4.946958472042162E-8,1.0341800417577302E-6,3.8123378442601187E-6,1.6100475817593813E-6,1.7685237984749217E-7,7.49722789947011E-6,7.891967499255305E-6,9.34733891474656E-6,1.1141829489067176E-5,1.625963375695665E-5,1.4857278863984601E-5,1.106577394231712E-5,7.796234941891149E-6,2.6094003006652675E-6,5.028342307164404E-7,3.6850306121969153E-7,7.705198538655989E-7,1.1466359579380308E-6,1.9111538398717565E-6,3.818747788498834E-6,7.480800416652222E-6,1.2862633771606255E-5,1.9110259917592784E-5,2.2885164771274328E-5,2.1821233668752682E-5,1.975577219707557E-5,1.977260729837414E-5,2.119554122272686E-5,2.2374728365112435E-5,2.3182021051491194E-5,2.2514327714906466E-5,1.91810640984137E-5,1.4546419132141985E-5,1.0538081880286934E-5,7.684181552232737E-6,5.662958049493104E-6,4.09890244336587E-6,2.862584074877987E-6,1.9214863068617165E-6,1.2141240383276672E-6,6.732001579681147E-7,2.7338600329044505E-7,5.9252638263137805E-8,1.3808153353583074E-7,6.062705737084667E-7,1.449401188408865E-6,2.537901371188573E-6,3.74030693495826E-6,5.005805814290977E-6,6.332624772272951E-6,7.708229871752351E-6,9.093455701678748E-6,1.0448234127237934E-5,1.1768433352919646E-5,1.3135810194980089E-5,1.4769868328196654E-5,1.696354368531575E-5,1.9825014567288637E-5,2.2944052358410453E-5,2.5405184919849878E-5
32.0853,2.2536082487914644E-5,2.1746375376781086E-5,2.0673482457537266E-5,1.964849479706372E-5,1.8966549912032842E-5,1.8861836721469554E-5,1.9537565143582017E-5,2.1215941847248883E-5,2.417072086130544E-5,2.86868200694936E-5,3.484258842660627E-5,4.2045424745839616E-5,4.870893786618135E-5,5.3033409028222776E-5,5.454733241729773E-5,5.424465981111909E-5,5.3330409355255266E-5,5.2429396811138495E-5,5.160542095823973E-5,5.061174985894402E-5,4.906765926112039E-5,4.657809523057981E-5,4.292666458828172E-5,3.832359696219669E-5,3.342461296216294E-5,2.8991635083283764E-5,2.5537001962008304E-5,2.3256249036967E-5,2.216257927289784E-5,2.222957136682683E-5,2.3463100873634768E-5,2.5897252764128587E-5,2.9512425216597276E-5,3.408284326571573E-5,3.904952016841209E-5,4.362812979669642E-5,4.720309998084312E-5,4.964472504968763E-5,5.123686173504642E-5,5.2399489061409965E-5,5.345298159482567E-5,5.437098219728209E-5,5.441737989842561E-5,5.202681610996696E-5,4.595872499505905E-5,3.7258756663501585E-5,2.8647814127094623E-5,2.192742660634055E-5,1.7343113573141648E-5,1.4455757189209007E-5,1.277519717448469E-5,1.1936567729227891E-5,1.1686897586811585E-5,1.1832413115064287E-5,1.2195735135538136E-5,1.2583878101218175E-5,1.2612107666648487E-5,1.1036667577686677E-5,8.452832294648251E-6,7.355978612525327E-6,6.848077159430401E-6,6.498358213794684E-6,6.284849988537773E-6,6.232973966715198E-6,6.363574863771309E-6,6.6953480939335E-6,7.250927906920276E-6,8.060241715632118E-6,9.161220933372753E-6,1.0598309540870108E-5,1.2418730698421014E-5,1.466566799006212E-5,1.7365699953139205E-5,2.0504261690487614E-5,2.397927938125997E-5,2.752862450060114E-5,3.06575227017589E-5,3.261463987263636E-5,3.219751102393124E-5,2.6074477405974753E-5,9.95536111308264E-6,3.9971912990078407E-7,4.5177831579504743E-7,1.312114746453766E-6,1.6275677192846372E-6,1.6029900022005824E-6,1.4290321052482767E-6,1.1944958516342342E-6,9.268346305754477E-7,6.114942551008144E-7,1.648875276196593E-7,2.2541017599563416E-6,1.530023901588808E-6,1.4380914809688164E-6,3.7415451817347145E-8,5.404077341349546E-6,9.581300010807972E-6,8.678656843826631E-6,1.1900799802788395E-5,1.351235131884013E-5,1.4688356111180946E-5,1.0431392205072922E-5,7.089854416029323E-6,2.3710575620302446E-6,1.5063929787278322E-7,3.77799001061013E-7,1.3426538939888504E-6,2.2903180512657526E-6,3.4173507391866664E-6,5.251540422415088E-6,8.492057961528791E-6,1.3059093205671844E-5,1.8812943172349902E-5,2.4112131597245564E-5,2.4397581464904146E-5,2.109216676039503E-5,1.927523560785897E-5,1.9696852688017958E-5,2.0365951911887462E-5,2.051257556197908E-5,1.9936536683499393E-5,1.7692634755392497E-5,1.3851561353133336E-5,9.802477310295511E-6,6.555396606969971E-6,4.232859765821946E-6,2.599600065499177E-6,1.4878589198064458E-6,7.895424544936266E-7,3.784096175881218E-7,1.5667596405833645E-7,9.849500953818196E-8,2.5326957443808156E-7,7.169459684701175E-7,1.5618668530379002E-6,2.761034525204763E-6,4.191773774174487E-6,5.738573862650721E-6,7.370209703281052E-6,9.088014713969723E-6,1.0835032515796207E-5,1.2482433163156756E-5,1.3906031357720205E-5,1.5056871596000653E-5,1.598213669060715E-5,1.6876905822633755E-5,1.8099230764779594E-5,1.998989189174569E-5,2.256111616087774E-5,2.5221988820996216E-5,2.6964112896321477E-5
32.648199999999996,2.3162461352899835E-5,2.2512885439806728E-5,2.1468597512396432E-5,2.0373001057357397E-5,1.95518732703618E-5,1.9267146535211666E-5,1.97359507915462E-5,2.118148509925877E-5,2.3875578467077283E-5,2.8119716981666867E-5,3.406121003801464E-5,4.123475235616893E-5,4.81115146115185E-5,5.2698859604261696E-5,5.425785202949481E-5,5.377271789573016E-5,5.2622392136782686E-5,5.15740587099233E-5,5.074678219250099E-5,4.989887173154341E-5,4.864511741180443E-5,4.6575207557386473E-5,4.339518603460938E-5,3.9157252254139755E-5,3.438003975101489E-5,2.9820236350043465E-5,2.608566724899091E-5,2.346721639068892E-5,2.2026132679118152E-5,2.174624902414411E-5,2.263208333023591E-5,2.473168660533189E-5,2.80809765132066E-5,3.25598114122184E-5,3.7710443852196773E-5,4.272564036872708E-5,4.6804626254202624E-5,4.961663682250332E-5,5.136451852223825E-5,5.248210429279608E-5,5.3345273278400667E-5,5.4064819460482174E-5,5.419915823442827E-5,5.250261512189503E-5,4.7524424117667006E-5,3.945650632190694E-5,3.06417914504947E-5,2.3302684965130722E-5,1.81095097410041E-5,1.4759434758299693E-5,1.275249361140336E-5,1.1688821489549002E-5,1.1297377943783327E-5,1.1391946378436222E-5,1.1826284891624158E-5,1.2458066086138826E-5,1.2964484581747938E-5,1.1872169847815853E-5,9.11353105902613E-6,7.826054932030473E-6,7.24108297339332E-6,6.833480019856364E-6,6.5587186904778894E-6,6.442784687973402E-6,6.5100547305302245E-6,6.781963292832834E-6,7.283831719238926E-6,8.049829475797317E-6,9.12517144072104E-6,1.0565422679502252E-5,1.2431892850305676E-5,1.4780722593170486E-5,1.7641385972937516E-5,2.0978378625277047E-5,2.4631507275352195E-5,2.8246260548548072E-5,3.124274803735052E-5,3.285175642205672E-5,3.181235875768767E-5,2.4109614952204436E-5,7.037538038690299E-6,6.327753468285493E-8,7.092411586040337E-7,1.46225675264942E-6,1.6528386052023761E-6,1.5436568225773961E-6,1.3099617197178406E-6,1.024451573831866E-6,6.979930489775483E-7,2.8107046789561295E-7,1.5095862404594957E-5,2.060171455984851E-7,1.128669167591703E-6,2.8772395245676855E-8,2.737858403883356E-6,1.2207377927582075E-5,8.427016719726673E-6,1.0776167865206124E-5,1.103924394029289E-5,1.3045348218108717E-5,9.452709111653831E-6,6.14957028675398E-6,2.186975706536464E-6,5.776088720479804E-8,7.519648273189581E-7,2.3563463654029054E-6,3.9017691686086555E-6,5.425615513834789E-6,7.129441422675631E-6,9.889809976588318E-6,1.3601425836790759E-5,1.7980251995848942E-5,2.327660346133528E-5,2.5733417627175994E-5,2.250071246851251E-5,1.8758509894298803E-5,1.7579083395923575E-5,1.7550785883977404E-5,1.7178807705607852E-5,1.6339428586678792E-5,1.4662470034662159E-5,1.1844142349744436E-5,8.442561171298705E-6,5.345819962048444E-6,3.017300918726583E-6,1.4727603366277266E-6,5.836509737485413E-7,1.8831045649061695E-7,1.0185652947292845E-7,2.0053464522708193E-7,4.59953109776175E-7,9.327432257230387E-7,1.7010486412949337E-6,2.8089436298575494E-6,4.209739387317903E-6,5.7916629642858845E-6,7.484027249625819E-6,9.323527647536327E-6,1.1373779463714752E-5,1.3578074738087929E-5,1.5694131457928282E-5,1.7421192107075945E-5,1.8606416147143954E-5,1.927021598553901E-5,1.9558085051124524E-5,1.980644042644349E-5,2.0477373253227314E-5,2.1878643249355527E-5,2.3885663873597984E-5,2.5783522768721724E-5,2.6609409011388427E-5
33.211099999999995,2.375699962014429E-5,2.3290055026734358E-5,2.2312705626264483E-5,2.117119639409476E-5,2.0220657891528296E-5,1.975519887895672E-5,2.0011157689884247E-5,2.1215583229733625E-5,2.3637082110247107E-5,2.7586949062623093E-5,3.3271628325027594E-5,4.035798216572104E-5,4.741799849772343E-5,5.230091111476836E-5,5.3952947547933726E-5,5.3292532100698264E-5,5.187604526072328E-5,5.0640063114524745E-5,4.977801126616534E-5,4.9057362563701604E-5,4.8081300003832705E-5,4.6424275372672766E-5,4.3737584542661127E-5,3.9936438840737375E-5,3.537962067377954E-5,3.077032617286158E-5,2.6790536721844726E-5,2.383776104758992E-5,2.2039495977110622E-5,2.139964988981168E-5,2.1920489901432023E-5,2.36533153072693E-5,2.6672388643369224E-5,3.095484718879117E-5,3.6174049324893165E-5,4.1567462306912537E-5,4.6181503584441464E-5,4.9439515502470035E-5,5.141291545273581E-5,5.254468200948608E-5,5.326948456465723E-5,5.3799355212881323E-5,5.392021782081502E-5,5.272281002532337E-5,4.878753558880479E-5,4.160508800272123E-5,3.285623961991151E-5,2.497531006961385E-5,1.9130249261374536E-5,1.5251437570614005E-5,1.2862850164457684E-5,1.1528977415118545E-5,1.0949593023527818E-5,1.093358289369391E-5,1.1358166666904538E-5,1.2139189116023624E-5,1.3070385264512347E-5,1.2602826244342795E-5,9.80236812513456E-6,8.333185216132878E-6,7.677023094905568E-6,7.218786300784245E-6,6.886848367762151E-6,6.707207892028152E-6,6.708754701658506E-6,6.9163525927586615E-6,7.357855963496812E-6,8.070742847221677E-6,9.10621201212398E-6,1.0530125808675644E-5,1.2418882990372745E-5,1.484581728611284E-5,1.785069866388474E-5,2.138391369226385E-5,2.5226362308700465E-5,2.8920438202505766E-5,3.1794064507902994E-5,3.3070616645157456E-5,3.139720955444014E-5,2.1867954392690297E-5,4.534336606521408E-6,6.137360977685863E-9,9.468306661302589E-7,1.5532400108115955E-6,1.6240237498582639E-6,1.4375811901485424E-6,1.147100242044421E-6,8.060206356316466E-7,3.9885020658093215E-7,4.3466403759731035E-8,3.655209642994501E-7,4.839848802112737E-7,1.6226862061831638E-7,1.5906136692924642E-6,1.4891795011272131E-5,9.071941699773438E-6,8.62102156384921E-6,9.326666932514564E-6,1.0308950845421724E-5,7.954771633789343E-6,4.975156987098696E-6,1.845548724585262E-6,7.065924781591982E-8,1.3381224442405832E-6,3.6939714962510255E-6,5.870834742016271E-6,7.906181529897947E-6,9.513671133586837E-6,1.1690260427462644E-5,1.4803283489735786E-5,1.767270227295683E-5,2.1517076665953294E-5,2.507300122535538E-5,2.3575515009095222E-5,1.8666051867655923E-5,1.562890864936805E-5,1.4526651058100272E-5,1.3645059905845168E-5,1.2500739088627124E-5,1.0988797944079529E-5,8.894289545175842E-6,6.347241099155619E-6,3.846723477682489E-6,1.8710133811229412E-6,6.314947432542785E-7,9.774852037639061E-8,8.632150424122014E-8,3.6074828831945756E-7,7.787092539053652E-7,1.3268345725699104E-6,2.0670196474837944E-6,3.0692590820626614E-6,4.344398212718221E-6,5.807943427955687E-6,7.329831164004647E-6,8.869595324339395E-6,1.0555855465006895E-5,1.2584244887749104E-5,1.5026278656658496E-5,1.7658262075361036E-5,1.9975742318534337E-5,2.154586796245078E-5,2.2292440235562847E-5,2.2347903443126172E-5,2.1958060661267857E-5,2.157102741382068E-5,2.167075980740546E-5,2.246889038005893E-5,2.3716163086022187E-5,2.4674725741456258E-5,2.4554791085978238E-5
33.774,2.430331267164641E-5,2.4063157521818082E-5,2.3197055229254392E-5,2.2041594349873806E-5,2.09770498775375E-5,2.0333165088402946E-5,2.0371479048543623E-5,2.132707179045866E-5,2.3465373930565605E-5,2.710162422780238E-5,3.249014436836054E-5,3.94282525621822E-5,4.662844481174675E-5,5.183323037324585E-5,5.363730638095333E-5,5.282122935501942E-5,5.111117464566577E-5,4.964066923554339E-5,4.870093103687648E-5,4.807920297988829E-5,4.736396935839359E-5,4.6109523306323854E-5,4.3927071503467774E-5,4.062180743308357E-5,3.638640342998756E-5,3.182280447531881E-5,2.7651010493601868E-5,2.4377629370720827E-5,2.221598751203006E-5,2.1204611222947122E-5,2.1346888745879152E-5,2.268967284536602E-5,2.5327900830312587E-5,2.931787573104937E-5,3.447584891527529E-5,4.0151200420504095E-5,4.530323176494719E-5,4.908281565804624E-5,5.1356999356578706E-5,5.2555917780344284E-5,5.3188505093050636E-5,5.3554877363861415E-5,5.3605534697192E-5,5.273113085610528E-5,4.970659982279289E-5,4.357741282498263E-5,3.521274298211167E-5,2.6947203934872066E-5,2.043911264960045E-5,1.596606489910596E-5,1.3134623206480225E-5,1.1483146441595256E-5,1.067357723456299E-5,1.0496234842880555E-5,1.0837817141648269E-5,1.1664224158468673E-5,1.2912662817310634E-5,1.3146367583291565E-5,1.04795971202607E-5,8.857949464334862E-6,8.143881671000227E-6,7.648318642864393E-6,7.268408800084738E-6,7.029132239563785E-6,6.965080002804916E-6,7.105825355051018E-6,7.482191362918428E-6,8.13439934513343E-6,9.11828369041325E-6,1.0508478106023676E-5,1.2396008076851445E-5,1.487386041297574E-5,1.7998727334625768E-5,2.1715237605723513E-5,2.5747489503407544E-5,2.9525718975545145E-5,3.228083097775197E-5,3.3246405567528034E-5,3.0933666657234E-5,1.9318772569223815E-5,2.5849282781400327E-6,1.2299458816916255E-7,1.1356466685470987E-6,1.5778166063521582E-6,1.5374411865252343E-6,1.28066116750064E-6,9.338177595718625E-7,5.253831350520159E-7,4.056813648106916E-8,1.0110427958762978E-6,8.930726917595569E-9,4.554153736724075E-7,1.039592781892207E-6,1.2928064899326985E-5,1.1180612087122845E-5,7.3883719229024745E-6,7.860986308867945E-6,7.500539228109392E-6,6.088133243623156E-6,3.691611776559499E-6,1.3281170434897252E-6,7.603514428353702E-8,1.897431219647597E-6,5.14379594962817E-6,7.947877859017916E-6,1.064295478226047E-5,1.2384336680076661E-5,1.3786585530768976E-5,1.6476800676242954E-5,1.834468347345074E-5,2.023002229568919E-5,2.3048579645241907E-5,2.3444570727216478E-5,1.8921446238957993E-5,1.4299659738520023E-5,1.191666262267474E-5,1.0430867883254655E-5,9.01341284547598E-6,7.53292445458771E-6,5.867337987513853E-6,4.0235309170930575E-6,2.23973071828427E-6,8.519651214152345E-7,1.1336145826354711E-7,7.057705988845091E-8,5.314734370752628E-7,1.2039099371060476E-6,1.9326185634501006E-6,2.7340407739480564E-6,3.695687652362894E-6,4.884091688188727E-6,6.277048553000463E-6,7.739455854273805E-6,9.08533197586725E-6,1.0247786945519557E-5,1.1415035556536183E-5,1.2916299509721305E-5,1.5004531438512834E-5,1.7671612117613254E-5,2.048095830058203E-5,2.270387552142645E-5,2.3900128394597043E-5,2.413849658359888E-5,2.3647098786302268E-5,2.273646944312584E-5,2.1879697976885163E-5,2.148978410148046E-5,2.1662022985950142E-5,2.208024718050316E-5,2.2095289211617858E-5,2.116615400353374E-5
34.3369,2.478411444081627E-5,2.4814736057776056E-5,2.41093883305704E-5,2.297983260355079E-5,2.1823680082744424E-5,2.1007894261636693E-5,2.0825505898201882E-5,2.1525166095529588E-5,2.3370730175728947E-5,2.6676826816912384E-5,3.173387875989613E-5,3.846176968781923E-5,4.574590519732413E-5,5.1287799475961E-5,5.331244493252193E-5,5.237616224247922E-5,5.035184350321977E-5,4.8596365873429095E-5,4.752514727398515E-5,4.696138307206714E-5,4.648218007571801E-5,4.561592871529271E-5,4.393936746907361E-5,4.1173915018083005E-5,3.735627275598531E-5,3.294837333944521E-5,2.865941800763811E-5,2.5093851267152765E-5,2.2568526428111394E-5,2.117564525858983E-5,2.0928100916362615E-5,2.186472270067339E-5,2.408547909304288E-5,2.770209878841502E-5,3.266627977162358E-5,3.8491812790403254E-5,4.41440458588773E-5,4.851345133720528E-5,5.1175816126937593E-5,5.249420356746894E-5,5.306832940884344E-5,5.3299560707990975E-5,5.325893811710967E-5,5.257168159629524E-5,5.0278897207179525E-5,4.5255493202679306E-5,3.759314815141729E-5,2.9190479064507607E-5,2.206355828859787E-5,1.6940600904386593E-5,1.3599191364030677E-5,1.1577574710981802E-5,1.0496484838888375E-5,1.0114954309685035E-5,1.0312579897672383E-5,1.10861294809054E-5,1.2509946233007616E-5,1.343030122253341E-5,1.1093167112560308E-5,9.372455421094089E-6,8.622475248937961E-6,8.110032274733826E-6,7.69802909321924E-6,7.40847390156976E-6,7.282646001601012E-6,7.356595291831524E-6,7.665244064849682E-6,8.251586124488624E-6,9.175030841524145E-6,1.0517175756194554E-5,1.2382058326521214E-5,1.4882788264433554E-5,1.8097801557628922E-5,2.197457819099498E-5,2.6185136051634467E-5,3.0040779622491928E-5,3.2673386349543595E-5,3.335290172966899E-5,3.0397527514330022E-5,1.6459966053060914E-5,1.2373938700490845E-6,3.2170166404368327E-7,1.2570603245043396E-6,1.5326204667138047E-6,1.3913017795752003E-6,1.0695290674313718E-6,6.62428152236968E-7,1.737314477035276E-7,4.2102504463286795E-6,1.5030885964583448E-7,1.0080691151290194E-6,8.821767341423971E-7,8.096572347512285E-6,1.548489023810949E-5,7.540797626143821E-6,6.250883612576387E-6,5.309885512628417E-6,4.194073844501644E-6,2.4838418539718085E-6,8.023421914610901E-7,5.982824085332985E-8,2.1990374189616446E-6,6.400961382608543E-6,9.752641091825667E-6,1.3105565816537213E-5,1.5493590235679433E-5,1.6093805007127266E-5,1.8015301101968302E-5,1.9719923774505548E-5,1.997942156485754E-5,2.1078044042003623E-5,2.191467133408592E-5,1.891613014434094E-5,1.359667209881317E-5,9.989221000156401E-6,7.851929729318943E-6,6.196986687159546E-6,4.7522021170515555E-6,3.395909100739129E-6,2.0893740327203372E-6,9.467532343207814E-7,1.8839993023939123E-7,3.671613497319228E-8,5.699793639368194E-7,1.5797749185259039E-6,2.686002227602221E-6,3.705282021456535E-6,4.710074348412727E-6,5.844953262061336E-6,7.191739321249862E-6,8.700037595319872E-6,1.0179811390385736E-5,1.1368804917619758E-5,1.210489424337755E-5,1.2563187608314515E-5,1.3186192125143013E-5,1.4374091879812135E-5,1.6319739586794155E-5,1.888360847512755E-5,2.1456259788004123E-5,2.3239183067616607E-5,2.3913591923220535E-5,2.367742702470094E-5,2.2810564313805425E-5,2.163243015678457E-5,2.0537889301618355E-5,1.9804701274169477E-5,1.9428853905167943E-5,1.9102001062098886E-5,1.834662960412536E-5,1.6876574736549276E-5
34.899800000000006,2.5181927406490082E-5,2.5524956022200527E-5,2.50336592508211E-5,2.3977931181402247E-5,2.2760917536845146E-5,2.1785453373880158E-5,2.13819679969831E-5,2.1819486499518563E-5,2.3363627470652002E-5,2.632553657843575E-5,3.102035376740529E-5,3.747749059748178E-5,4.477734212903108E-5,5.065563551574139E-5,5.297552507701236E-5,5.1973145465315695E-5,4.962488959362985E-5,4.7534205652720726E-5,4.626905097346835E-5,4.570843335323729E-5,4.5428452743387464E-5,4.4929541472220065E-5,4.375272850764851E-5,4.15553340854645E-5,3.824011681539567E-5,3.41066849769785E-5,2.979839801289492E-5,2.5988784142251544E-5,2.3109009386900682E-5,2.1327243241642825E-5,2.0679861910211483E-5,2.119910407842403E-5,2.29782536803312E-5,2.615960675225373E-5,3.080705044383303E-5,3.662530123557387E-5,4.268896288807794E-5,4.76943369952759E-5,5.084804664279505E-5,5.234897911813675E-5,5.2886280736304397E-5,5.299853403558647E-5,5.2864355774491194E-5,5.2274924094802654E-5,5.0530944942558194E-5,4.655355251475671E-5,3.984988511738051E-5,3.1634686706880435E-5,2.4015051508954806E-5,1.8213203989851832E-5,1.4292107273565239E-5,1.1840423767917448E-5,1.0443764960825052E-5,9.82006507445478E-6,9.825636826311074E-6,1.046416132264845E-5,1.1913543340792503E-5,1.3411066843333033E-5,1.1584417916638984E-5,9.841493947389034E-6,9.086212945786874E-6,8.584528109562975E-6,8.16409066047839E-6,7.840597680608457E-6,7.662103671925173E-6,7.673030100050532E-6,7.9141896163544E-6,8.432124700450166E-6,9.289332985787303E-6,1.0572714402807409E-5,1.2397039193686238E-5,1.489420679059985E-5,1.816674541078202E-5,2.2172409944182374E-5,2.653763101092499E-5,3.0450817302235982E-5,3.294618427927306E-5,3.336524109333751E-5,2.9757612334592685E-5,1.3348659673911845E-5,4.4177191481169116E-7,5.314696868000353E-7,1.301806483335632E-6,1.4183983542580475E-6,1.18646067432947E-6,8.025500387151972E-7,3.28438933588331E-7,1.3701039035150764E-5,1.186933830892777E-7,1.9568691573821475E-6,1.1319997663460122E-6,5.675524712831048E-6,1.9982047166398052E-5,9.285007668034319E-6,5.2950756727497675E-6,3.888561210899509E-6,2.580643809334349E-6,1.4918508624700488E-6,4.3505334429366556E-7,1.0587926809681393E-7,2.2558313185978727E-6,7.1769058925887595E-6,1.0984058266129176E-5,1.4601688239511996E-5,1.8084219202337158E-5,1.8544270740918756E-5,1.8980294889376245E-5,2.0785198039125248E-5,2.043590515672877E-5,1.9836006601194713E-5,1.9839959990421152E-5,1.8036145472660696E-5,1.3166249706981415E-5,8.686922524602458E-6,5.938232181597462E-6,4.0948277844454E-6,2.73345172982962E-6,1.6720249196117087E-6,8.224631222487091E-7,2.2763582416662812E-7,3.7546794875598795E-8,4.425289786547567E-7,1.5440401916192511E-6,3.1395043149537925E-6,4.7217488741256456E-6,6.008167130628835E-6,7.142744099541041E-6,8.381404785145202E-6,9.861467880160184E-6,1.1517923844224572E-5,1.3098164949768151E-5,1.4265903612365054E-5,1.4728505982382165E-5,1.4520051182546902E-5,1.4144442429437604E-5,1.4176141890402105E-5,1.494163768486682E-5,1.6497963939651337E-5,1.8567496381845523E-5,2.0479455431053772E-5,2.1553194351580357E-5,2.164523285955884E-5,2.1014018263122645E-5,1.994462074745217E-5,1.871028860054182E-5,1.7567860380601508E-5,1.6648146979400944E-5,1.5884463431745618E-5,1.503475448106472E-5,1.3818682971511064E-5,1.2149954193090183E-5
35.4627,2.5479920805428598E-5,2.6172222464609315E-5,2.5950003412809722E-5,2.5023590365013668E-5,2.3785964974273898E-5,2.267046827579885E-5,2.2049438961918367E-5,2.2220028242525235E-5,2.3454821063253458E-5,2.6060616042910214E-5,3.0367122349370536E-5,3.6496595072809426E-5,4.373437013980509E-5,4.9928080017763954E-5,5.26185076225836E-5,5.1624561730787535E-5,4.895810665545681E-5,4.648638806768579E-5,4.495978783474617E-5,4.4334518675029466E-5,4.420167126364632E-5,4.4038767645843065E-5,4.3347799147457725E-5,4.1732178876885925E-5,3.898691863877497E-5,3.524684510526228E-5,3.103830380728629E-5,2.705735520622613E-5,2.3847002470879753E-5,2.167387594675662E-5,2.0617538087434364E-5,2.071088278953171E-5,2.203401665388189E-5,2.4737668142438522E-5,2.896531775981421E-5,3.460916429388113E-5,4.094200761402626E-5,4.6586305054336654E-5,5.034564895895308E-5,5.2117453598107455E-5,5.2636926335617414E-5,5.262546454871995E-5,5.2393469627485945E-5,5.184990326596759E-5,5.0500374386688075E-5,4.743095831679675E-5,4.182998097908762E-5,3.415934800274588E-5,2.627470218488211E-5,1.9817372902799175E-5,1.5253264713396873E-5,1.230368045750005E-5,1.0541112950923738E-5,9.63796487940776E-6,9.41345577175241E-6,9.854839524504701E-6,1.1195910027459697E-5,1.3088084443080469E-5,1.189829420851726E-5,1.022619565090893E-5,9.502582165304936E-6,9.044783468406677E-6,8.647266747568763E-6,8.314478270533471E-6,8.09951145075067E-6,8.056466294385862E-6,8.234215073901132E-6,8.684391433257212E-6,9.472869811316967E-6,1.069070775230118E-5,1.2461005154795395E-5,1.4931806838641497E-5,1.8229428956031907E-5,2.2326822819668858E-5,2.681174167179162E-5,3.074888436346058E-5,3.308037407160058E-5,3.326290384650222E-5,2.8973322785977413E-5,1.0132278589327526E-5,7.825335390825701E-8,7.045695105585224E-7,1.2686856964008283E-6,1.2400629509123202E-6,9.27208344240621E-7,4.824667366859697E-7,2.5459806874246497E-8,5.906307419390197E-7,2.3921865200183158E-6,1.8079058797003733E-6,3.510478222528295E-6,1.765037013009901E-5,1.3179510212857972E-5,5.572450112387691E-6,3.0964289039572667E-6,1.4253019338628558E-6,7.748081751140102E-7,3.0367611512823276E-7,3.252722429514977E-7,2.327393486765564E-6,7.357709660569859E-6,1.1689529238177811E-5,1.4906868907636264E-5,1.9014632000052838E-5,2.067755726034579E-5,1.956453948107731E-5,2.0541618087028853E-5,2.056146894155816E-5,1.9007567969739975E-5,1.7875246453896906E-5,1.631195879624093E-5,1.2461118364856726E-5,7.765189976889947E-6,4.549547877639682E-6,2.5879527549501753E-6,1.3707011714687721E-6,6.277935000019592E-7,2.058981618848772E-7,8.937924872661081E-8,3.794824802870666E-7,1.2412281393060698E-6,2.8016149419416155E-6,4.925682414776031E-6,7.015837777145234E-6,8.558309896153272E-6,9.713233331766077E-6,1.0918403496115893E-5,1.244762467268301E-5,1.4274154741608976E-5,1.6075460040760634E-5,1.7416520549064717E-5,1.7915943807979104E-5,1.737716620006852E-5,1.6153868284957808E-5,1.5001562707961482E-5,1.4465547904388922E-5,1.4720153860473554E-5,1.5668975155918688E-5,1.6939234143459322E-5,1.7931975011864152E-5,1.819840794114039E-5,1.77411262303913E-5,1.6810890119724503E-5,1.5652519325427468E-5,1.4458924961262449E-5,1.3356085086274285E-5,1.2368393744543869E-5,1.141138780718106E-5,1.03340506957319E-5,9.019512075769286E-6,7.4945655958651874E-6
36.0256,2.5662825326432965E-5,2.673404949838379E-5,2.683504164595714E-5,2.609964865124058E-5,2.4891841220181773E-5,2.3665231168186716E-5,2.283584968573952E-5,2.2737032918893918E-5,2.3655409069356747E-5,2.5894858526709695E-5,2.979148277700086E-5,3.554180376545703E-5,4.2633650078428754E-5,4.909860144119777E-5,5.222787474115948E-5,5.133744299768395E-5,4.83782535619894E-5,4.548830642850843E-5,4.363209726449715E-5,4.2864492715912925E-5,4.2810171701144166E-5,4.2936837958845884E-5,4.270787771151006E-5,4.1674829800264594E-5,3.954715395509021E-5,3.630968534643358E-5,3.2335344354629475E-5,2.8283597551753636E-5,2.4787493781054963E-5,2.2229442278614482E-5,2.07567037401141E-5,2.0416603008849734E-5,2.1275704128409054E-5,2.347642157940189E-5,2.720709790891635E-5,3.251835905128117E-5,3.893408233348156E-5,4.515535443224127E-5,4.9628211210491784E-5,5.179644715511964E-5,5.233286187624182E-5,5.2173668168217325E-5,5.181891116992121E-5,5.1285517351059095E-5,5.0217380168689684E-5,4.788819841004032E-5,4.340569870298253E-5,3.660003079438887E-5,2.87763651191089E-5,2.1771192054961173E-5,1.6524869975806323E-5,1.3004714820694413E-5,1.0816843899737091E-5,9.59314260343567E-6,9.105792495941631E-6,9.306067781535566E-6,1.0435362745686566E-5,1.2506154100614341E-5,1.199592095309551E-5,1.0490167751818995E-5,9.836868140889348E-6,9.457683684242786E-6,9.120037855465567E-6,8.811024546793308E-6,8.58437738738196E-6,8.503528644053793E-6,8.62730532382846E-6,9.014525355756265E-6,9.735566962809497E-6,1.0885283115495091E-5,1.2593064978035445E-5,1.5019787102023261E-5,1.8312878516571258E-5,2.2461981625327136E-5,2.7021820652540905E-5,3.093578280385947E-5,3.3065121044029484E-5,3.3032315643521044E-5,2.798991817822951E-5,7.053159456497743E-6,1.3474795325307746E-9,8.138722573108618E-7,1.1629786717600814E-6,1.0064962571987606E-6,6.224852604066317E-7,1.3782281059252848E-7,2.3398143101811457E-6,4.890597854938327E-7,3.3235888920007634E-6,2.297774923165528E-6,1.3004788748521465E-5,1.8572878261023024E-5,7.1635858347661E-6,2.8399290567327966E-6,7.923969460449217E-7,3.3485716193054573E-7,4.2273139323697456E-7,7.83206616968542E-7,2.642848667523202E-6,7.122855624478321E-6,1.2205061213208335E-5,1.4628972756571255E-5,1.8030497724940403E-5,2.1269859100563813E-5,2.0036302028232576E-5,1.9188666540274096E-5,1.9334533012169566E-5,1.7767090984665255E-5,1.589674943282381E-5,1.4088371485616689E-5,1.1086994210404725E-5,6.86762603437628E-6,3.488307531986463E-6,1.5186903209999095E-6,5.216507834539497E-7,1.4026043168177662E-7,1.422271419166063E-7,4.542772853283514E-7,1.1389298334632499E-6,2.3390249803294915E-6,4.19494209558673E-6,6.675183822757738E-6,9.23922906438122E-6,1.1062461524618441E-5,1.211073313477811E-5,1.302963431297229E-5,1.434558003250113E-5,1.6192121599278817E-5,1.8262885179611883E-5,1.9965209103803015E-5,2.0801915027929308E-5,2.0461501918985665E-5,1.8948182078645464E-5,1.6904518930020156E-5,1.515536050470892E-5,1.4118827868175076E-5,1.38174343799229E-5,1.4039816189128313E-5,1.4399497243149793E-5,1.4463399023056039E-5,1.4014924519905639E-5,1.3134767129052576E-5,1.2021731229471624E-5,1.0846996055440551E-5,9.718393624492082E-6,8.67739119324077E-6,7.704616894796637E-6,6.738955085277458E-6,5.71531254596361E-6,4.616150533463436E-6,3.500559859287393E-6
36.588499999999996,2.571786358357159E-5,2.7188131370585723E-5,2.7662571986897324E-5,2.7183849309598443E-5,2.6066349540406897E-5,2.4768563447348854E-5,2.374774663680461E-5,2.3380703220619424E-5,2.397684446195191E-5,2.584107715351236E-5,2.9310303144096494E-5,3.4636631132039004E-5,4.149680691695458E-5,4.8164915294623224E-5,5.178517323101906E-5,5.1111643914659256E-5,4.790901281769897E-5,4.4576355649140795E-5,4.2326196184949655E-5,4.133347877987942E-5,4.1274204715008954E-5,4.162526628897581E-5,4.182025805876779E-5,4.135809756121982E-5,3.987568004813887E-5,3.7231736710034065E-5,3.3631393787184634E-5,2.9636927124533645E-5,2.5927511369183253E-5,2.3005847078581545E-5,2.11133345893371E-5,2.0332402746673828E-5,2.072261003439571E-5,2.2408243025865406E-5,2.559160761407918E-5,3.0437226134453292E-5,3.672671256048048E-5,4.3385264586579716E-5,4.864181738684054E-5,5.137088479641902E-5,5.199861914562452E-5,5.1662719684258464E-5,5.112999208713205E-5,5.056135777231748E-5,4.9693905660987265E-5,4.794860623784353E-5,4.449737988752714E-5,3.877301795102381E-5,3.1394012211164E-5,2.406028580642228E-5,1.8145313898458553E-5,1.398665155554312E-5,1.1304308029115148E-5,9.710918006322374E-6,8.927646745960971E-6,8.855253939912429E-6,9.702771536511982E-6,1.1744600237400468E-5,1.1865360814650665E-5,1.0606934495679926E-5,1.0057895523107704E-5,9.787893013416577E-6,9.548074295191983E-6,9.302327347237368E-6,9.097784734706566E-6,9.004060379056883E-6,9.090495152849647E-6,9.4251579858641E-6,1.0084729734353516E-5,1.1168387382000711E-5,1.2810499842895177E-5,1.5181411692064822E-5,1.844520966213065E-5,2.2605895270502367E-5,2.7187845026152417E-5,3.101846513541171E-5,3.289724657121967E-5,3.266846292377482E-5,2.6730480236191085E-5,4.395051871734544E-6,7.740952332835156E-8,8.48453109220674E-7,9.947525533854194E-7,7.303427675465122E-7,2.912251680330637E-7,8.37149034859184E-6,5.9051459058219706E-8,6.78493971304528E-6,2.319778095389326E-6,9.320899274118578E-6,1.9934129094561385E-5,1.006587369041072E-5,3.3050081168189524E-6,6.437869015373403E-7,1.476002871477999E-7,7.865704927992498E-7,1.4943452413267511E-6,3.3064631312825763E-6,6.953433518709577E-6,1.2719698805974437E-5,1.4691759262087955E-5,1.6407324359379786E-5,1.9599636720719396E-5,1.9933827396014885E-5,1.761951112360183E-5,1.6889851322645256E-5,1.5562935585111592E-5,1.3519338585232504E-5,1.1516643391907483E-5,9.03856487933435E-6,5.657095596958862E-6,2.5569084426859243E-6,7.605051022360904E-7,8.940656952722977E-8,1.3678334273807157E-7,5.817483929316175E-7,1.2908912753557206E-6,2.2976934740353444E-6,3.7314521509856355E-6,5.7319097013304086E-6,8.345407255648481E-6,1.1238984629600096E-5,1.3432872366122478E-5,1.4367188429090437E-5,1.4722086577363182E-5,1.5385091887076093E-5,1.67766349661268E-5,1.8801710470726327E-5,2.0858982986928467E-5,2.219929332226668E-5,2.240155792437958E-5,2.1310219489458866E-5,1.9147084936841717E-5,1.6658989948114194E-5,1.45652667551954E-5,1.3140706677037788E-5,1.231160896477736E-5,1.1830036366132135E-5,1.1381950036436376E-5,1.0722367305987866E-5,9.793288033496911E-6,8.68910629621244E-6,7.537742527158596E-6,6.430814339069948E-6,5.4111463023859135E-6,4.483202937226223E-6,3.629839280414051E-6,2.830726224160534E-6,2.080652101001677E-6,1.4014824134741092E-6,8.368202475518965E-7
37.151399999999995,2.5635634144517447E-5,2.7513534984201642E-5,2.8404643313361655E-5,2.8249065579096722E-5,2.7291196868500817E-5,2.5974470442505222E-5,2.4789234162392844E-5,2.4160685386163553E-5,2.4430840236688283E-5,2.5912201587929006E-5,2.8939960570671895E-5,3.3804673317514926E-5,4.0349829516492784E-5,4.713108554599903E-5,5.126860403321447E-5,5.09382706981358E-5,4.756894712019953E-5,4.378578343033829E-5,4.108511369363982E-5,3.978490571880029E-5,3.962689767495376E-5,4.011756200320648E-5,4.0679067319919206E-5,4.076156369119371E-5,3.9933510656087564E-5,3.79501564125459E-5,3.485630290300742E-5,3.106909945245724E-5,2.725163582553834E-5,2.4010338906181248E-5,2.1703294030666197E-5,2.0474927705643958E-5,2.0391994359181212E-5,2.155861423698053E-5,2.416781438856593E-5,2.844961137306547E-5,3.4408592193939157E-5,4.129227035885965E-5,4.732635358296293E-5,5.080235097521495E-5,5.1657911499917736E-5,5.113714788831664E-5,5.0345860432434374E-5,4.9665662209088854E-5,4.8925603101502065E-5,4.763675241493929E-5,4.5076273458758E-5,4.0512695697145E-5,3.394440581410895E-5,2.6616523568455555E-5,2.013652270085669E-5,1.529604875108474E-5,1.2043795793618824E-5,1.002048599420147E-5,8.902398320279775E-6,8.530813214359211E-6,9.054046824482814E-6,1.0897842447941308E-5,1.1526169513545209E-5,1.0566477059708203E-5,1.0144567050852337E-5,1.0003832296219161E-5,9.894140897367403E-6,9.75281243604384E-6,9.611387545845931E-6,9.53907479753691E-6,9.613684261003308E-6,9.913571948556036E-6,1.0523675524691094E-5,1.1548783486299381E-5,1.3127819723537312E-5,1.5437677883295617E-5,1.8653550766368187E-5,2.2787722538505796E-5,2.7332528593433464E-5,3.1007142644576316E-5,3.257920328059159E-5,3.217516944040863E-5,2.5084801227984644E-5,2.3770626038269782E-6,2.0454586615264264E-7,8.088765462614575E-7,7.773990319198908E-7,4.2895122070800865E-7,1.879301483395182E-8,2.647359298511315E-7,7.953834625664588E-6,3.336259928195542E-6,3.870565944800702E-6,1.607094181362908E-5,1.3267667711218337E-5,4.495666289660727E-6,8.093762799235747E-7,1.6625046047537413E-7,1.3875121431294245E-6,2.4517370072978725E-6,4.3204304629191255E-6,7.334936333110959E-6,1.2954546087849384E-5,1.5706487625318808E-5,1.5578057366039235E-5,1.7064956814262825E-5,1.844287952505703E-5,1.6204989171202186E-5,1.4205158987043078E-5,1.2708564614835264E-5,1.0742094006523657E-5,8.74918508704659E-6,6.6338937075102605E-6,4.0817574645703305E-6,1.6352484411219614E-6,2.530904537176451E-7,4.6852005754358675E-8,6.216558955259317E-7,1.5573213705293936E-6,2.6500978063178467E-6,3.916838245441096E-6,5.495398660923425E-6,7.528169221624395E-6,1.0082375946160012E-5,1.3043887479524139E-5,1.5654821735642496E-5,1.6758080911749314E-5,1.6514989069676653E-5,1.6152108554807972E-5,1.650708738813797E-5,1.778432712974413E-5,1.9652271043305432E-5,2.1328476266605143E-5,2.2093057561983243E-5,2.1686055591104327E-5,2.0136943897209886E-5,1.7791896813980855E-5,1.5287320078094876E-5,1.3133538459275151E-5,1.1489127774721235E-5,1.0258576428120933E-5,9.242891274038655E-6,8.252921912260467E-6,7.1936229235664316E-6,6.079821350486913E-6,4.979423311212632E-6,3.953756137725682E-6,3.035587302241938E-6,2.234146388543794E-6,1.5484070676170476E-6,9.788312436120533E-7,5.340755424870677E-7,2.3110871949679522E-7,8.826475531444628E-8,1.1469591187929818E-7
37.714299999999994,2.5410889566402828E-5,2.7691920862438067E-5,2.9032934928457094E-5,2.9264092268583758E-5,2.8541489388075068E-5,2.7270702754995077E-5,2.596056324925427E-5,2.508522861858731E-5,2.5029092077808317E-5,2.6121332384651432E-5,2.8696377597795524E-5,3.306902018112753E-5,3.9222020747089334E-5,4.6009180106463664E-5,5.0655768778374E-5,5.0798624602430545E-5,4.736943226819268E-5,4.31487638169268E-5,3.995198209069382E-5,3.8267364730418154E-5,3.7913136066076105E-5,3.84420116918875E-5,3.928940579825734E-5,3.9871080325051737E-5,3.968852971269978E-5,3.840734133598325E-5,3.593291535227282E-5,3.251323323082776E-5,2.872692144540375E-5,2.524128591340788E-5,2.254068230875052E-5,2.0861722887185735E-5,2.0300729523072992E-5,2.094803180988502E-5,2.2973634413617656E-5,2.6630165429652498E-5,3.208476647437076E-5,3.8935338184427984E-5,4.563308570717837E-5,5.002285157669587E-5,5.131642764353661E-5,5.065612548021388E-5,4.95205993637542E-5,4.861449146605915E-5,4.790677603238231E-5,4.6966070834578096E-5,4.514777554051003E-5,4.1703780827945186E-5,3.62135929718711E-5,2.9300760362692857E-5,2.248315255911163E-5,1.6975404586340046E-5,1.3082896516747837E-5,1.0557857413119503E-5,9.055493255364446E-6,8.355789765092798E-6,8.529032681967661E-6,1.0055669842571014E-5,1.102561215604575E-5,1.0378504853572421E-5,1.0091197794195748E-5,1.008445007986691E-5,1.0124370773964726E-5,1.0123091810512775E-5,1.008833947113425E-5,1.0079545263201965E-5,1.0177437572396924E-5,1.046938838594554E-5,1.104976160170803E-5,1.2030523427772742E-5,1.355551232249076E-5,1.580592252527573E-5,1.8961964074947566E-5,2.303475202457777E-5,2.7477652982321038E-5,3.091139556976114E-5,3.211578921914939E-5,3.156409666719206E-5,2.2900809728004554E-5,1.0624151135066685E-6,3.1644958144381495E-7,7.031864196249716E-7,5.27016350137341E-7,1.3352463851522667E-7,1.01943253088224E-6,3.9460225434936596E-7,6.550775736241607E-6,2.283554961916022E-6,1.1967409910608092E-5,1.4003958088393887E-5,5.924202776285338E-6,1.1623564824134626E-6,2.8640768268576845E-7,2.1962944297820076E-6,3.6501326153969305E-6,5.5831000061719004E-6,8.446938803780825E-6,1.2792325238111666E-5,1.748524693615685E-5,1.6276750340677847E-5,1.549783078996767E-5,1.608708329196756E-5,1.4721806353811718E-5,1.1940867309750807E-5,9.940665045183513E-6,7.998634737356554E-6,6.133092282419957E-6,4.343408128001391E-6,2.4700735024905033E-6,7.919976653513955E-7,1.324632257252492E-8,4.040395033698051E-7,1.6310968668990753E-6,3.149322594913545E-6,4.639969700421218E-6,6.106926424126417E-6,7.7380369741655E-6,9.716832526884328E-6,1.2095505642481023E-5,1.4835396666581195E-5,1.7618507485627743E-5,1.9276086552158605E-5,1.891169204601577E-5,1.750371058699172E-5,1.647027919397958E-5,1.6413930361064756E-5,1.7290800165770542E-5,1.8595654072146953E-5,1.9554346701755154E-5,1.9633379913284385E-5,1.8751187501641977E-5,1.7073849516864065E-5,1.4937419346421866E-5,1.2751995651734113E-5,1.079803153821008E-5,9.14879805256683E-6,7.74138750214033E-6,6.4772672313303116E-6,5.292054462871735E-6,4.177870272719937E-6,3.1623058031875485E-6,2.275462600615392E-6,1.533746931618796E-6,9.42152072330527E-7,5.033336267157439E-7,2.2467021119049417E-7,1.200863601846278E-7,2.06076379328486E-7,4.922075091052443E-7,9.683216617700533E-7,1.5966167701352669E-6
38.27719999999999,2.5043150950926913E-5,2.770870696362508E-5,2.9520305574012774E-5,3.0195018351365097E-5,2.9785855501335504E-5,2.86374450572039E-5,2.7256388080584752E-5,2.6159926255820723E-5,2.5782717644420995E-5,2.6481681134830127E-5,2.8595114223326682E-5,3.245184963770888E-5,3.814466477831593E-5,4.482006817981843E-5,4.992744980880995E-5,5.066405489114663E-5,4.7312517093941786E-5,4.2692715358613604E-5,3.89677243556913E-5,3.683098400620032E-5,3.6186384516819144E-5,3.664228572237367E-5,3.76717555411402E-5,3.868213246630299E-5,3.9116041678457855E-5,3.855406263906307E-5,3.678389607549575E-5,3.388630281909398E-5,3.029849146433938E-5,2.6682352533076664E-5,2.3634527970508233E-5,2.1510674146035378E-5,2.0466617715327145E-5,2.0594399358762524E-5,2.2037412179543303E-5,2.503910820576807E-5,2.9861871092449828E-5,3.641545478501994E-5,4.35492187002683E-5,4.8940045259135465E-5,5.094399905880261E-5,5.027576606138552E-5,4.873726926344371E-5,4.746420058319236E-5,4.665282847469011E-5,4.594326165211804E-5,4.472886606450999E-5,4.229067639091099E-5,3.800185719296726E-5,3.190417174749934E-5,2.5106110475008566E-5,1.9047263633649256E-5,1.4473318387526254E-5,1.1368040592940815E-5,9.418256529962588E-6,8.352444774656117E-6,8.155073457724664E-6,9.29021718000108E-6,1.0428036072718755E-5,1.0071133035870357E-5,9.909700170057166E-6,1.0024663790502361E-5,1.0215559437924006E-5,1.037648193618181E-5,1.0487077725614156E-5,1.0587172419794678E-5,1.0751632394650226E-5,1.1072238442327404E-5,1.165192764100802E-5,1.2610792795163668E-5,1.4098249954516228E-5,1.629810440418789E-5,1.9389202431006216E-5,2.336904048036521E-5,2.7639653505958882E-5,3.073552454149817E-5,3.151019583901182E-5,3.085294341803358E-5,1.999960612492426E-5,3.5284148748580137E-7,3.771400509037803E-7,5.442352163760955E-7,2.640426364042643E-7,8.022595087017304E-7,1.8241363056903707E-8,1.442774656493201E-5,2.6602021886193702E-6,5.617626614641572E-6,1.1571969944692274E-5,6.755822082313781E-6,1.6526299951063979E-6,3.3572417008347094E-7,3.0565382945818113E-6,5.098670154099879E-6,6.937533414439942E-6,1.0039704059105104E-5,1.2995687779437791E-5,1.8594806533299177E-5,1.856772659518011E-5,1.564982658842415E-5,1.4406552439317893E-5,1.3132209871373061E-5,1.0232907741625703E-5,7.717293462136767E-6,5.7027374274369385E-6,3.992694132617025E-6,2.5285472353447847E-6,1.2102730645378596E-6,2.227289019352097E-7,7.439080936761008E-8,1.092539495402411E-6,3.0691581736974617E-6,5.333279356098096E-6,7.320915498312458E-6,8.953982526603221E-6,1.0519711116826012E-5,1.2340794882710553E-5,1.450262556215838E-5,1.6875243435602138E-5,1.9365414950561784E-5,2.1443008237804195E-5,2.1730500274166145E-5,1.990644312585334E-5,1.7520058400457964E-5,1.588587738256827E-5,1.5315747237155478E-5,1.554889240429422E-5,1.6015613765798512E-5,1.6108084984227093E-5,1.5536293174503874E-5,1.4354926609054465E-5,1.2769021360220254E-5,1.1016784137408416E-5,9.29501188477644E-6,7.70615907953353E-6,6.266920536594376E-6,4.959914131500279E-6,3.7788931650731256E-6,2.7394089536441632E-6,1.864021487007154E-6,1.1671282373466021E-6,6.519855763072057E-7,3.170876832004522E-7,1.6397912373018934E-7,2.0140655663152013E-7,4.4498839752164553E-7,9.134421122817909E-7,1.621446801122549E-6,2.5661833785403047E-6,3.7053486125859766E-6,4.942204052941098E-6
38.8401,2.4537100062015655E-5,2.7554110593684737E-5,2.9842349436251463E-5,3.1007065542134514E-5,3.0987400832836635E-5,3.0046466056216884E-5,2.8663820945593982E-5,2.7385965483897718E-5,2.670128651361469E-5,2.7006296191194352E-5,2.865144762838588E-5,3.1974218178128487E-5,3.714963269659904E-5,4.359309678002789E-5,4.9071961393399784E-5,5.049724005514863E-5,4.738871863783029E-5,4.243872365418198E-5,3.816938143694719E-5,3.5524104721275204E-5,3.450414073131251E-5,3.477514370626524E-5,3.586494338387445E-5,3.7204854424267664E-5,3.8200577371489235E-5,3.835087951964681E-5,3.733847347693604E-5,3.5095650625871276E-5,3.1887838441465245E-5,2.8295731526557106E-5,2.498334328517678E-5,2.2437914436755977E-5,2.0908951378500825E-5,2.0515365654313122E-5,2.1380855995014723E-5,2.3721182937368367E-5,2.7834652683780366E-5,3.386188690943219E-5,4.111958175525649E-5,4.745898964757619E-5,5.0461740855570525E-5,5.002713547011287E-5,4.809206121632447E-5,4.631110711169517E-5,4.521999887865867E-5,4.458810653836924E-5,4.383703154455257E-5,4.2262751675227646E-5,3.9164726814476015E-5,3.417994821131455E-5,2.7841505904783394E-5,2.148786991989375E-5,1.626079699389127E-5,1.2505074472362701E-5,1.0031425842501665E-5,8.547112675812534E-6,7.952910662709932E-6,8.652060983141225E-6,9.801752463855139E-6,9.685454097836108E-6,9.627740963824866E-6,9.837447118253923E-6,1.0161182121441247E-5,1.0486850732708166E-5,1.0768050385477042E-5,1.1018157488670158E-5,1.129616795707434E-5,1.169034868447431E-5,1.2308271863556469E-5,1.3277292383851261E-5,1.4752466996289553E-5,1.6918523291699882E-5,1.994603785818701E-5,2.3803538148296777E-5,2.7824380726803254E-5,3.0473287476479075E-5,3.075996650278628E-5,3.0063545009402975E-5,1.626326916423698E-5,6.183525922201854E-8,3.730281500176519E-7,3.488494238359264E-7,3.050214463933013E-8,4.880987220883625E-8,7.898750694094692E-6,5.0272349325437545E-6,1.9737977227157577E-6,8.305614755991561E-6,6.382940582721832E-6,1.9593958781443034E-6,2.6454689952615256E-7,3.438513219494877E-6,6.797861480460211E-6,8.300477539641806E-6,1.1397393195103785E-5,1.4209580838402578E-5,1.8138837960651254E-5,2.1186368028731276E-5,1.7508221633573774E-5,1.4196795799044015E-5,1.1988316640320235E-5,9.047226256475232E-6,6.13669877489456E-6,3.996604390811473E-6,2.4311631763505416E-6,1.287094032841188E-6,4.4333278009386344E-7,2.022159482250417E-8,3.9403145171590855E-7,1.8966350755326283E-6,4.525728893099359E-6,7.685913820072574E-6,1.045681450280595E-5,1.2382733211295114E-5,1.3775419557644868E-5,1.5250163366925324E-5,1.712631770582795E-5,1.920020595662374E-5,2.1175031437565516E-5,2.3002855651858734E-5,2.3995774183549736E-5,2.285948085032895E-5,1.986397485975082E-5,1.675954182139142E-5,1.461471051599959E-5,1.3491195983033948E-5,1.2994075337261917E-5,1.2602958700036169E-5,1.193449622904279E-5,1.0895802465890756E-5,9.597605206963839E-6,8.200192690536483E-6,6.829006425010647E-6,5.54836385912738E-6,4.371720809898017E-6,3.2951883974859703E-6,2.3306461723480615E-6,1.5117354039902659E-6,8.726539741890826E-7,4.2974093814227533E-7,1.8291301981034767E-7,1.2734561244798734E-7,2.6263701013565474E-7,5.955923517488159E-7,1.1388105540047588E-6,1.9086339859888425E-6,2.924295655895163E-6,4.204673803687884E-6,5.750213261645201E-6,7.49928886708713E-6,9.290525187939439E-6
39.403,2.3902687347990003E-5,2.722402291045552E-5,2.9978820296363746E-5,3.166665286586903E-5,3.210555555482183E-5,3.146113474087203E-5,3.016057991602066E-5,2.8757884982117004E-5,2.7791301010417284E-5,2.7707438531347744E-5,2.8880340586646628E-5,3.165601120141974E-5,3.626814026863045E-5,4.236464046276033E-5,4.808926221110038E-5,5.0255421987392254E-5,4.757494138515088E-5,4.239980463320722E-5,3.7589068551303904E-5,3.4390863709883434E-5,3.292314773866952E-5,3.290549210113875E-5,3.392592946481589E-5,3.546919939672264E-5,3.6940041036296704E-5,3.776896534274247E-5,3.753713599005759E-5,3.604834479595108E-5,3.339599955231329E-5,3.0016231240790468E-5,2.6567466958500765E-5,2.3653466764819953E-5,2.1647738348145893E-5,2.0730096922546066E-5,2.102251367710889E-5,2.270807336951139E-5,2.607789512687919E-5,3.141029988684846E-5,3.8452776351347796E-5,4.551913203032746E-5,4.974227515389742E-5,4.98933144274379E-5,4.767260228553725E-5,4.527798344047401E-5,4.3711936335666556E-5,4.295805069442965E-5,4.249958963120793E-5,4.163326294166571E-5,3.962716476870445E-5,3.589826449273045E-5,3.0444504174610496E-5,2.4194441708878735E-5,1.8463793796025503E-5,1.4027086795485295E-5,1.0947576048400245E-5,8.975001088530372E-6,7.943207502695295E-6,8.173594869952813E-6,9.20819470238206E-6,9.268075569103696E-6,9.283574089184822E-6,9.551711237694574E-6,9.973872954298753E-6,1.0445342535992096E-5,1.0902072426375949E-5,1.1330155860912352E-5,1.1764845563834547E-5,1.2281339869278257E-5,1.2984693513315756E-5,1.4005785726103025E-5,1.550356647402069E-5,1.766094744453047E-5,2.0631955956052673E-5,2.4337472162336624E-5,2.8020937942065E-5,3.010218830831049E-5,2.9853336404929402E-5,2.9220453117612822E-5,1.1843069691266365E-5,6.469413394247588E-11,3.061439305959814E-7,1.400432085622325E-7,2.9011938416649586E-7,8.907923317773893E-8,1.3691070168279525E-5,1.7922986565691835E-6,4.7075336261910636E-6,5.0142329953413184E-6,1.9214663075942622E-6,1.6446996035672213E-7,2.6846389654182063E-6,8.519619582563253E-6,9.777541042226168E-6,1.197048733506901E-5,1.574767635879089E-5,1.757587405112453E-5,2.161612857537533E-5,2.0072958527840058E-5,1.534780411538305E-5,1.1763190566339922E-5,8.405354894293928E-6,5.138651339809681E-6,2.828540434761071E-6,1.3780725335816651E-6,5.359573695652978E-7,1.0668187817784768E-7,1.3595638779951197E-7,8.906739814865247E-7,2.6481723951791304E-6,5.5466660653551954E-6,9.361031879587051E-6,1.3196919490030021E-5,1.5918374845915696E-5,1.728834874589072E-5,1.8180431705953306E-5,1.947689426749834E-5,2.1271429743663466E-5,2.2960069214549084E-5,2.421831924436329E-5,2.5101258672722506E-5,2.4891395369438597E-5,2.2602357342820466E-5,1.8873455823745706E-5,1.534239680439235E-5,1.281585640276939E-5,1.1200430421794995E-5,1.0074552200209558E-5,9.041850151005507E-6,7.908214652864235E-6,6.680008286777461E-6,5.448880576509814E-6,4.298378281654314E-6,3.2717407882309424E-6,2.3777476992766478E-6,1.6117755688706189E-6,9.771199895182026E-7,4.929418718705785E-7,1.826942322462084E-7,5.77976351045711E-8,1.1604085146625872E-7,3.51906399812266E-7,7.64491083193063E-7,1.3578749096169624E-6,2.1378573008841127E-6,3.110566921665622E-6,4.286425102945874E-6,5.688453119275283E-6,7.35443988108573E-6,9.309448463655106E-6,1.149033817539941E-5,1.3672810050196382E-5
39.9659,2.3154898415530178E-5,2.672067264880026E-5,2.9914850115119964E-5,3.214338375198666E-5,3.309864379447473E-5,3.283766709791731E-5,3.1713717479285944E-5,3.026099146596283E-5,2.9054008311215475E-5,2.8595434790465106E-5,2.9296160748398484E-5,3.1515965204179744E-5,3.552980617756017E-5,4.11757974664401E-5,4.6993831576234666E-5,4.989586467404392E-5,4.783302896297535E-5,4.257870156891528E-5,3.725330971704959E-5,3.3469943076479906E-5,3.149548649979894E-5,3.1100036160901785E-5,3.192562134880588E-5,3.352777517303143E-5,3.5351891956349534E-5,3.679240488196671E-5,3.733368731539271E-5,3.666049340884482E-5,3.4712501812474816E-5,3.1749223754045556E-5,2.8340166408347923E-5,2.5153960073833566E-5,2.2700778825243463E-5,2.125990098029067E-5,2.098098154533794E-5,2.202282503949905E-5,2.4644983837739348E-5,2.918178461295953E-5,3.570521441767907E-5,4.313370234350977E-5,4.863261153675512E-5,4.9789802469458397E-5,4.7534082302567996E-5,4.449273229078251E-5,4.226912808960998E-5,4.116234479295593E-5,4.077757512988436E-5,4.0433363962718244E-5,3.93706192481626E-5,3.689517084509465E-5,3.263205926737726E-5,2.6962450431005564E-5,2.1038998437072908E-5,1.5981569563819175E-5,1.2230408861274443E-5,9.684588602808721E-6,8.152970462985044E-6,7.876190258657304E-6,8.696190335459022E-6,8.864193313722496E-6,8.919477536642459E-6,9.20680781649206E-6,9.683347029124814E-6,1.0263453885134087E-5,1.0877735223934778E-5,1.1491096104852584E-5,1.2112621647933578E-5,1.2796391661699017E-5,1.363599517961353E-5,1.4758997859295212E-5,1.6323569879779318E-5,1.8505585936373317E-5,2.1431332574534286E-5,2.495094247558812E-5,2.819472312826907E-5,2.957779711898308E-5,2.876640681192064E-5,2.8349775004077833E-5,7.366037065555719E-6,2.4759310634244718E-8,1.9020863208258886E-7,2.4537360267362164E-9,2.045328914904071E-8,1.698597358626258E-5,3.6596540573012104E-6,1.6450069424266745E-6,3.375608010234174E-6,1.6095250039303445E-6,8.712207931125646E-8,1.5055203739689503E-6,9.074919365821436E-6,1.1633759156547641E-5,1.2139961363687468E-5,1.5705637596719924E-5,1.7908410263005512E-5,1.9856679897341434E-5,2.0962855132257567E-5,1.6888829372875656E-5,1.2285712887030115E-5,8.294262087018221E-6,4.622917560093157E-6,2.080805136298078E-6,7.078074332842398E-7,1.5079712626309138E-7,9.758797856379971E-8,5.03469989758566E-7,1.5387748751630486E-6,3.3945368366219535E-6,6.189639245714916E-6,9.964059532061794E-6,1.440986202212109E-5,1.8408273055007896E-5,2.054606536434679E-5,2.0997501537888828E-5,2.1275306207171834E-5,2.2323098067815993E-5,2.3827520376379317E-5,2.4881987983714E-5,2.527943442323469E-5,2.51511506682522E-5,2.3902089043197948E-5,2.0928333433686745E-5,1.695306173761291E-5,1.330992460133611E-5,1.0590282608293723E-5,8.655019383731058E-6,7.149853358896348E-6,5.817629555103842E-6,4.57357746590029E-6,3.4368859905240884E-6,2.446288420413412E-6,1.6227739437613384E-6,9.694008619949222E-7,4.838401863429744E-7,1.6872108527207832E-7,3.2397838678557066E-8,7.959228698977104E-8,3.022048786589059E-7,6.832559538255403E-7,1.2099864041907949E-6,1.8799920010322149E-6,2.6958309631637415E-6,3.6565399672591276E-6,4.754429825689853E-6,5.980875292397296E-6,7.341115613161711E-6,8.872198861982981E-6,1.0646271254456789E-5,1.2728637166932674E-5,1.507012572142947E-5,1.7395617044615268E-5
40.5288,2.2313143019107877E-5,2.6053015341130875E-5,2.9641962049123172E-5,3.241169489640799E-5,3.392675768657857E-5,3.412774985393629E-5,3.3279567493690526E-5,3.1868833760039654E-5,3.0482516218586683E-5,2.9676809276953327E-5,2.9911964892497904E-5,3.157162098050799E-5,3.496205532502102E-5,4.00697000358888E-5,4.581544965831874E-5,4.938320014852528E-5,4.8109867501038773E-5,4.296499509495471E-5,3.7182315622317796E-5,3.2794377152009064E-5,3.0266274777808496E-5,2.942124874912196E-5,2.9941477583018695E-5,3.1454033809493387E-5,3.347907630211206E-5,3.542353388797836E-5,3.669626949825582E-5,3.6863448321495565E-5,3.572821322223531E-5,3.3375635452018856E-5,3.0220243603440847E-5,2.6912402980087822E-5,2.407757942919486E-5,2.2126896311722374E-5,2.1277128954010478E-5,2.168478154757578E-5,2.3571720559324117E-5,2.727024760538618E-5,3.304920247693933E-5,4.040959667367485E-5,4.700392611856744E-5,4.955663883203188E-5,4.7674493462963564E-5,4.406582202379026E-5,4.1046621750573816E-5,3.935571143967455E-5,3.878620229344612E-5,3.872789667649725E-5,3.8416429331367894E-5,3.708877059829589E-5,3.415114052998592E-5,2.9498962411327276E-5,2.384170877632683E-5,1.837521268941112E-5,1.3946608377419958E-5,1.0740519233687901E-5,8.621791417116962E-6,7.778317391808732E-6,8.301515068104957E-6,8.513063871974153E-6,8.575955215560618E-6,8.845727559410568E-6,9.33059554427092E-6,9.971201235778981E-6,1.0705107663635023E-5,1.14871786892822E-5,1.2304859911587115E-5,1.3187918966146419E-5,1.4210589829298523E-5,1.548836171145431E-5,1.717062150809663E-5,1.9417028123715813E-5,2.2309860651746705E-5,2.5599263769288627E-5,2.8280497378659465E-5,2.8829357820961535E-5,2.7461819202753766E-5,2.7474923880952185E-5,3.735265073588459E-6,5.086608968866924E-8,5.2517481840104665E-8,1.3312927985585623E-7,9.341253950816164E-7,1.1594634806372652E-5,1.1037361167085075E-6,2.020128524123805E-6,1.1265783221438193E-6,8.781809647263572E-8,8.139413495324721E-7,6.949321166612511E-6,1.382733092116331E-5,1.279321208082365E-5,1.4080638476217389E-5,1.7647555920530396E-5,1.8066726198527747E-5,1.909920780165418E-5,1.7060795821371536E-5,1.2671588939114068E-5,8.3812420671888E-6,4.4282871587365255E-6,1.6275059922737344E-6,3.070765972498481E-7,3.962207782814346E-8,3.581153647170168E-7,1.1099598197606688E-6,2.384379008828038E-6,4.293654051525857E-6,6.874605440511655E-6,1.013470674151382E-5,1.4144073500912273E-5,1.868583851351215E-5,2.2335897269806004E-5,2.3452143136985214E-5,2.283533907509989E-5,2.2482030917705163E-5,2.3121387810269044E-5,2.404747858592215E-5,2.433122496149236E-5,2.3914834556727116E-5,2.293627142093513E-5,2.1013655512607157E-5,1.7869634859884625E-5,1.4106953091581862E-5,1.0682077535893788E-5,8.025082694886873E-6,6.036057247106611E-6,4.476727066986913E-6,3.19663767797405E-6,2.1463331902376237E-6,1.3168995298733097E-6,7.023177683059637E-7,2.9387817661460407E-7,8.636058206753262E-8,8.188126166187263E-8,2.8604145048960686E-7,6.970067423035332E-7,1.2948205757072925E-6,2.0428547316302177E-6,2.9047748107194156E-6,3.86038045242353E-6,4.903236608620222E-6,6.026332701002947E-6,7.212114473318688E-6,8.434459161510016E-6,9.673064803385301E-6,1.093843084253012E-5,1.2296522129019196E-5,1.3866550313044675E-5,1.5760803684312726E-5,1.795448482089871E-5,2.014687220583988E-5
41.091699999999996,2.140027529650887E-5,2.5236753593211732E-5,2.9158915223680192E-5,3.245205501763988E-5,3.455437035839753E-5,3.528229137497918E-5,3.480552499791594E-5,3.354144984510332E-5,3.205839844995491E-5,3.095151663942258E-5,3.073810955147711E-5,3.183900908975032E-5,3.45897941216177E-5,3.908894166070037E-5,4.459752306360044E-5,4.869744493949541E-5,4.8340286949162925E-5,4.353159268276306E-5,3.7388655644189624E-5,3.23920159446561E-5,2.9273134703091E-5,2.79231294422549E-5,2.804902001414278E-5,2.9335174176288985E-5,3.139210377945858E-5,3.369067232618176E-5,3.561041225740876E-5,3.660605545346756E-5,3.634755208821272E-5,3.476497043493818E-5,3.209066456646571E-5,2.886670142982599E-5,2.5769258170356265E-5,2.3349570966968983E-5,2.1934523363458783E-5,2.171383097556954E-5,2.2882848317315146E-5,2.5740310838784394E-5,3.064038417970504E-5,3.753175467107368E-5,4.481521106973812E-5,4.897690761477479E-5,4.80097602396545E-5,4.4069145631645524E-5,4.019036149304503E-5,3.7714544143147145E-5,3.6694120895789214E-5,3.663822969760806E-5,3.682837694850786E-5,3.646799141538441E-5,3.483308856803302E-5,3.148468991428238E-5,2.6606794831463046E-5,2.1127786511883534E-5,1.6143082840374833E-5,1.2221874977634204E-5,9.407814075201713E-6,7.903299805713738E-6,8.050121297662201E-6,8.246442304051024E-6,8.28813429204109E-6,8.509234859143397E-6,8.96058888255358E-6,9.611128719942777E-6,1.0414236675861942E-5,1.1327115932582614E-5,1.2325780345974173E-5,1.3419233244295365E-5,1.4658776598735666E-5,1.613966173712277E-5,1.799194562003402E-5,2.034488719866646E-5,2.321284842752474E-5,2.620860323584166E-5,2.817764005245024E-5,2.7759266669242152E-5,2.589008467401009E-5,2.6592067142898763E-5,1.4739880146150227E-6,4.281562840413195E-8,1.2343989795422925E-7,7.263783305041663E-8,2.1005893037052724E-5,2.698926476631353E-6,1.025103159940572E-6,5.877649786855071E-7,1.619509474247168E-7,5.324745651389634E-7,4.331487751529388E-6,1.4405864433398626E-5,1.470135113063465E-5,1.2953905254193805E-5,1.5129257684235686E-5,1.6600563494534186E-5,1.6213219060297654E-5,1.5123393173363117E-5,1.1868837423264753E-5,7.989106401674973E-6,4.221483366409702E-6,1.3343901798592672E-6,9.402323137108836E-8,1.6004234749507658E-7,8.903065550313167E-7,2.001435355788231E-6,3.5200736158887316E-6,5.501555224956613E-6,7.92984741577405E-6,1.0695582752911402E-5,1.375801892131744E-5,1.744901831987874E-5,2.1605083883130907E-5,2.4417098555224857E-5,2.4277448036899578E-5,2.2673047814005333E-5,2.170690838261771E-5,2.1705383699157055E-5,2.179933167821707E-5,2.1298612921223417E-5,2.023443124919502E-5,1.8705802634536425E-5,1.6534033058957903E-5,1.365017596209338E-5,1.0461611209630178E-5,7.568260220955232E-6,5.2727501111145575E-6,3.5444670088334943E-6,2.254132515526175E-6,1.3088762433323192E-6,6.560756719592368E-7,2.6082555976661344E-7,9.886299181374528E-8,1.574836822383999E-7,4.3431590867465086E-7,9.314381588626465E-7,1.6474858439105419E-6,2.572032162040459E-6,3.6834849787388405E-6,4.948878276360066E-6,6.3250325004522615E-6,7.760224698157716E-6,9.19750553462091E-6,1.0582767993701989E-5,1.1872307028911622E-5,1.3033631356940145E-5,1.4051517106180986E-5,1.4956253274550135E-5,1.5857036780332842E-5,1.69310181624678E-5,1.83403630957962E-5,2.0091212240745698E-5,2.189033419767772E-5
41.654599999999995,2.0441316766486942E-5,2.4293880335488276E-5,2.847238729773716E-5,3.2251797307955254E-5,3.495218001357087E-5,3.625558763103617E-5,3.623394393186178E-5,3.522537344943025E-5,3.3748348382665465E-5,3.240922063076303E-5,3.1779911834679135E-5,3.233180231140429E-5,3.4435170052926776E-5,3.827349226200781E-5,4.339329461786069E-5,4.7840685989907697E-5,4.845391168533413E-5,4.423123260156904E-5,3.787474630864301E-5,3.228605759567744E-5,2.8547102482297516E-5,2.6649462205275916E-5,2.631473078519322E-5,2.726152679711496E-5,2.918437970699518E-5,3.165461686201128E-5,3.4086210998140596E-5,3.585562258049126E-5,3.649555162289645E-5,3.5792861590823445E-5,3.380757652489791E-5,3.091137788521493E-5,2.773478171145222E-5,2.4933837266083328E-5,2.2976888309896478E-5,2.2132944757102243E-5,2.2598891291722823E-5,2.463315328134286E-5,2.8597935756383192E-5,3.471786628424091E-5,4.2156898170923894E-5,4.78358883317667E-5,4.835520452781641E-5,4.451359531717977E-5,3.981912459530945E-5,3.6409091449634415E-5,3.469865174684379E-5,3.434741322374632E-5,3.47320505306984E-5,3.508405915542372E-5,3.460818696720049E-5,3.2657258787858204E-5,2.898334138798647E-5,2.402702923594266E-5,1.8802392790861523E-5,1.4208915106995618E-5,1.059219700752661E-5,8.286539677670125E-6,7.963053405091208E-6,8.089444268187041E-6,8.084670528597582E-6,8.232349801958534E-6,8.61594237919727E-6,9.230504328454368E-6,1.0049078390981386E-5,1.1040952115572923E-5,1.2183064670494932E-5,1.3473247091983142E-5,1.49427678871678E-5,1.6662164389135002E-5,1.8731054665748325E-5,2.122879727304603E-5,2.4067538286214354E-5,2.6675583687045177E-5,2.7751564914256896E-5,2.6250597429094773E-5,2.3995368364118068E-5,2.553803982939626E-5,4.15046145328125E-7,6.697199893543754E-9,1.4449533361481396E-7,3.468175880226158E-6,9.990856766095438E-6,6.612721011074099E-7,2.2550193065799329E-7,2.646973028448269E-7,6.124755678163606E-7,3.1032136472076457E-6,1.1120658862449057E-5,1.773950271872113E-5,1.3641994226698662E-5,1.2514607923067508E-5,1.4217631644607185E-5,1.3629125859344559E-5,1.225541308484943E-5,9.852348261001532E-6,6.749345616871228E-6,3.6193310275231176E-6,1.0503268262012362E-6,1.407584139884451E-8,5.01842570359619E-7,1.7340603186589543E-6,3.2565059528232056E-6,5.056046015860158E-6,7.149166918215352E-6,9.499267442915456E-6,1.1997909060582561E-5,1.4323580944851581E-5,1.664272700819756E-5,1.963299709767619E-5,2.2966126152392433E-5,2.4552107753548093E-5,2.3183159515390038E-5,2.0832302295931945E-5,1.9291838824404202E-5,1.850084916720742E-5,1.770520309006652E-5,1.6528411207922153E-5,1.5027282356945903E-5,1.3263360806681156E-5,1.1190571750898131E-5,8.835318007860982E-6,6.432406997872058E-6,4.306686701270597E-6,2.6476416786112567E-6,1.464762482153771E-6,6.904158039976449E-7,2.5289447017067587E-7,9.549383633149301E-8,1.798446357530948E-7,4.846917658761568E-7,9.996665518051148E-7,1.716163736500993E-6,2.6213126560837906E-6,3.70215839567448E-6,4.9593464139949925E-6,6.4147982029429705E-6,8.094671018926324E-6,9.985825441574545E-6,1.1990669576492523E-5,1.3931423539987361E-5,1.5630747607306914E-5,1.6995727852150403E-5,1.8012571703479706E-5,1.869566573329673E-5,1.909734947505897E-5,1.936636899715308E-5,1.9741604488198036E-5,2.0441518330700873E-5,2.1513265750260955E-5,2.270512355159433E-5
42.217499999999994,1.9462017513649257E-5,2.3251669417429622E-5,2.7597405608857015E-5,3.180581195826025E-5,3.509796630120593E-5,3.700888409051764E-5,3.750776850333756E-5,3.685639004558407E-5,3.5501943168139236E-5,3.4024874625107146E-5,3.303411012415568E-5,3.305959910455958E-5,3.451712082093514E-5,3.765922889583694E-5,4.226085942270098E-5,4.6840288025423565E-5,4.838620020610562E-5,4.499449735924888E-5,3.862869877257424E-5,3.249494589124125E-5,2.8114361761296187E-5,2.563444206246401E-5,2.479204613881531E-5,2.5315836047773936E-5,2.6960863659103692E-5,2.940874412426222E-5,3.216805337299897E-5,3.4602226239807546E-5,3.611925381320482E-5,3.635586410811154E-5,3.5219895697312824E-5,3.289928335139425E-5,2.9886789281083035E-5,2.6858692862238875E-5,2.4420927250900625E-5,2.2967823849854028E-5,2.2741518433932006E-5,2.3975935268953287E-5,2.7001320776316707E-5,3.2168399005119155E-5,3.9241218518212815E-5,4.601373574947862E-5,4.843258424515271E-5,4.53209426842915E-5,4.001095896677147E-5,3.558425559055516E-5,3.2991761846356085E-5,3.20756268358314E-5,3.2324420326754716E-5,3.306132402308831E-5,3.3497603262642566E-5,3.286552100116678E-5,3.062505056657592E-5,2.6725163767900644E-5,2.1780883092306046E-5,1.6746962451149284E-5,1.22776825861826E-5,8.982372497615267E-6,8.06156109498136E-6,8.062771220707434E-6,7.98858579149192E-6,8.043401806086584E-6,8.333102325986778E-6,8.874390048577162E-6,9.65926272067612E-6,1.06739925029872E-5,1.190690067130653E-5,1.3357176805182997E-5,1.504535040492867E-5,1.7018923511648724E-5,1.9338115028691345E-5,2.200798990953202E-5,2.4790886149509313E-5,2.687378632636633E-5,2.6846532931164392E-5,2.418751331932435E-5,2.1727928965547536E-5,2.3300282712826864E-5,6.198515241415837E-8,5.119562248499823E-7,8.569178988431983E-8,1.9417440852536856E-5,2.0366947466976317E-6,3.033769998875904E-7,3.294595911519859E-7,9.799931843782815E-7,2.6022243191987203E-6,7.89484148317789E-6,1.833095653425725E-5,1.6747049538012527E-5,1.196672236390592E-5,1.1359032095990165E-5,1.1318551477853759E-5,9.639126117516445E-6,7.520191363981198E-6,5.066575353930132E-6,2.6547153952334916E-6,6.92962787409661E-7,2.5647115567139114E-8,1.0179129541963905E-6,2.8849098117302917E-6,4.9077203723315594E-6,7.053147282145249E-6,9.320516263158951E-6,1.1615110889970596E-5,1.3963252402175275E-5,1.6041681054371025E-5,1.736781827440153E-5,1.864798881267525E-5,2.0688199008452867E-5,2.2835700091713477E-5,2.3004869647246216E-5,2.0650357416240915E-5,1.7843527990294635E-5,1.5819537844253542E-5,1.4312606777329766E-5,1.2828403058335026E-5,1.1216988658756514E-5,9.527931628925918E-6,7.80373145248214E-6,6.060130622713248E-6,4.34905847869907E-6,2.7937145133913284E-6,1.5427209905991477E-6,6.816096575041259E-7,2.0436624368776854E-7,5.463612026232107E-8,1.7195571717552544E-7,5.13917070604403E-7,1.057210536839777E-6,1.7868759917495552E-6,2.6823603404968476E-6,3.709272791852342E-6,4.827128339466007E-6,6.017344248571184E-6,7.3161248042185285E-6,8.820832373724619E-6,1.0651084656626187E-5,1.2867659956120433E-5,1.536848415100491E-5,1.7843944487412205E-5,1.9918453073213314E-5,2.1394084409066903E-5,2.229311317128475E-5,2.269521024214475E-5,2.2665755975080652E-5,2.2347906118844353E-5,2.2008973320058557E-5,2.192217232733954E-5,2.2193879485625344E-5,2.264862477653928E-5
42.7804,1.8487433380050485E-5,2.2141127408607438E-5,2.655732848431218E-5,3.111732209905702E-5,3.497666185387148E-5,3.751238653432678E-5,3.8576693043054583E-5,3.836551064623488E-5,3.725202992169572E-5,3.575442666438477E-5,3.448405538054946E-5,3.402495447686171E-5,3.485031579076804E-5,3.727693164402643E-5,4.1258106664537775E-5,4.57473096207967E-5,4.8092089120483135E-5,4.573174494255002E-5,3.9618488700997055E-5,3.303083838540843E-5,2.79980647907263E-5,2.4904979936827265E-5,2.3520855641541047E-5,2.3565698256958905E-5,2.4823611415966558E-5,2.7069586130446385E-5,2.994096611523449E-5,3.2868767241033236E-5,3.518835659628562E-5,3.6377558851204456E-5,3.6192406492832716E-5,3.465849220186273E-5,3.208450785244571E-5,2.9057966056947857E-5,2.6262705848637748E-5,2.424190351618032E-5,2.3335956112333965E-5,2.379099495173411E-5,2.5898983842803194E-5,3.0035644517843643E-5,3.634039586607777E-5,4.356527453708402E-5,4.7931297048089555E-5,4.629277831220263E-5,4.078605033992687E-5,3.535193598077699E-5,3.1735657154292375E-5,3.0038930256255114E-5,2.9850596248589697E-5,3.060816885176084E-5,3.161488878320441E-5,3.207968440704223E-5,3.128493621308917E-5,2.881218170487825E-5,2.4764600435552117E-5,1.97784971043877E-5,1.4570526519009879E-5,1.0069813844044732E-5,8.371525801978643E-6,8.185215009792413E-6,8.019064029883247E-6,7.964976315780647E-6,8.141298929005129E-6,8.581354352226354E-6,9.292567145203612E-6,1.0278246269825983E-5,1.1543951710395151E-5,1.3101634461293816E-5,1.497426544557921E-5,1.719491579975983E-5,1.9780357880274705E-5,2.2633123948560168E-5,2.530168297410456E-5,2.6668239536009876E-5,2.531371551899984E-5,2.1490699613355657E-5,1.9064982011838717E-5,1.56500303644963E-5,4.4963414336861427E-10,7.883753351394068E-8,3.893414999332072E-6,7.93259610762945E-6,3.7577500249183383E-7,3.062133523267449E-7,1.573759037287653E-6,2.621596405991928E-6,6.640771781042203E-6,1.4559556058557758E-5,2.0966283369079346E-5,1.4162368065845645E-5,1.0059923415731293E-5,9.180224589294743E-6,7.630353387633387E-6,5.5547785893201834E-6,3.5197919938760843E-6,1.699400617077185E-6,3.46728478511358E-7,9.324976633311804E-8,1.5277949642000232E-6,4.121082403571218E-6,6.7641445893132675E-6,9.344526622531218E-6,1.192654443673929E-5,1.4237126955997311E-5,1.631672999332781E-5,1.8355126776347148E-5,1.95343897171608E-5,1.9574490481640257E-5,1.975001737034293E-5,2.0683470555655305E-5,2.14238331931292E-5,2.023095266350757E-5,1.724262481792286E-5,1.4243106143803376E-5,1.1912219833360258E-5,9.975420249836895E-6,8.176838175270062E-6,6.471353752029518E-6,4.8892627373761756E-6,3.4608925114376456E-6,2.2171829383958175E-6,1.20407266629603E-6,4.806133547991606E-7,8.998939639628738E-8,2.5272655096226377E-8,2.3389450767639207E-7,6.575741181537279E-7,1.261555512216607E-6,2.0334326340898858E-6,2.9647530810396584E-6,4.0304664990444145E-6,5.176065416578155E-6,6.323017177223908E-6,7.402183223942804E-6,8.408401257381876E-6,9.43797359663866E-6,1.0670576887912289E-5,1.2305800942216013E-5,1.4476741567360192E-5,1.7128198731495723E-5,1.9904573331235096E-5,2.2255445461536947E-5,2.38179882671884E-5,2.461709620124325E-5,2.4833161367269425E-5,2.4573388514436663E-5,2.3930252058486214E-5,2.311100019081326E-5,2.2388458886903004E-5,2.1927416780981267E-5,2.1657389875155183E-5
43.343300000000006,1.7540700547025417E-5,2.0995046634117125E-5,2.5383132529698235E-5,3.0198786984667945E-5,3.458020453170319E-5,3.774529437817181E-5,3.9402086021332005E-5,3.968750321965449E-5,3.891925649197636E-5,3.753225526285868E-5,3.6094033898756134E-5,3.521882331974541E-5,3.5442998129707436E-5,3.715134052969687E-5,4.04384492205613E-5,4.463038760959966E-5,4.755857587987078E-5,4.6341645563651305E-5,4.07853646319325E-5,3.389579816261302E-5,2.8219454170387824E-5,2.4483796425046737E-5,2.2529820367476154E-5,2.2060753578135435E-5,2.2859295687329303E-5,2.4759765598196064E-5,2.7526566292701E-5,3.072299195261515E-5,3.370194702648878E-5,3.580737042939449E-5,3.6621076458979624E-5,3.602134969479993E-5,3.4143469990332475E-5,3.140471059276451E-5,2.845723821550711E-5,2.5964342389221075E-5,2.440864796075618E-5,2.4102152059963946E-5,2.5321622308435547E-5,2.8418564823610153E-5,3.3711550985640166E-5,4.0725823181998465E-5,4.663144553130908E-5,4.7099086297201214E-5,4.207622507859117E-5,3.5787737803793295E-5,3.105618149090198E-5,2.8416500688197476E-5,2.75550165477489E-5,2.7995592334101736E-5,2.9174785851574697E-5,3.0389182518228792E-5,3.0861056712536415E-5,2.993909300490425E-5,2.7303586545507103E-5,2.3060313888780524E-5,1.752718646451171E-5,1.1653456724225837E-5,8.926472461240623E-6,8.475499896188362E-6,8.193204156315732E-6,8.015696230090287E-6,8.063510750722332E-6,8.382163628965312E-6,8.990083595211677E-6,9.90437445026332E-6,1.1148615811689574E-5,1.2754660531918595E-5,1.4761046924102057E-5,1.720040834063445E-5,2.0048879197963146E-5,2.307594171440193E-5,2.5532385617687994E-5,2.59349055745246E-5,2.3052429469840223E-5,1.816141196990427E-5,1.6041746029131145E-5,2.8592907603269677E-6,5.167057542598547E-8,5.8164513419627056E-8,1.237996594379161E-5,1.4056880049984014E-6,2.660333530204906E-7,2.2863722299497384E-6,3.1924088112844477E-6,5.732636853486398E-6,1.1984994241394771E-5,2.068382311901905E-5,1.9113977656997467E-5,1.1290067424020738E-5,7.913874125834043E-6,6.2200105393354775E-6,4.149774415315185E-6,2.3543870003260244E-6,9.800289327487058E-7,1.2091330042877406E-7,2.0243119011371343E-7,1.8350738787843217E-6,4.9659989241016815E-6,8.286908460535336E-6,1.1319355870830062E-5,1.4383132188037925E-5,1.706454226640355E-5,1.8873304189713417E-5,2.0450730028116245E-5,2.1897004172234255E-5,2.189523251325887E-5,2.0729442882893442E-5,1.9893651968017602E-5,1.9665294161177752E-5,1.8984791523636344E-5,1.670907170500006E-5,1.3448521269787182E-5,1.0483172108271824E-5,8.101649515777231E-6,6.113407303821997E-6,4.401812084281478E-6,2.9480806063127355E-6,1.7626338767839658E-6,8.633286746651214E-7,2.744816636558051E-7,2.187491100220819E-8,1.1257428320736717E-7,5.056011861375403E-7,1.112801040957844E-6,1.8524630237919318E-6,2.696438671509165E-6,3.659735694906884E-6,4.7603051552307124E-6,5.984649211354643E-6,7.269481687419452E-6,8.503190949564472E-6,9.554275560642498E-6,1.0335037649465646E-5,1.0880990350992307E-5,1.1373609477711228E-5,1.2070380918413309E-5,1.321210438124377E-5,1.4956357492327347E-5,1.7289761833376535E-5,1.9901839785866797E-5,2.220357869478927E-5,2.3694978811125732E-5,2.4323590877646325E-5,2.4334731976812087E-5,2.392905993043395E-5,2.319379841665419E-5,2.2231497424849206E-5,2.1216505786114666E-5,2.030455804667574E-5,1.951312187777096E-5
43.9062,1.6642150709417196E-5,1.984591520502364E-5,2.4111841820364275E-5,2.9072684591632415E-5,3.3907843373303356E-5,3.769422610284125E-5,3.9959043106887907E-5,4.076992772206761E-5,4.0421379731486406E-5,3.9272631044699174E-5,3.780399715320004E-5,3.6614370988356035E-5,3.629318782323634E-5,3.729966418929235E-5,3.984763777228088E-5,4.356684608018531E-5,4.6811645583575045E-5,4.672761256940695E-5,4.203904235591234E-5,3.507499583824063E-5,2.8797397719814723E-5,2.4392449580169845E-5,2.1840328335580727E-5,2.083429072305219E-5,2.1132434239535795E-5,2.2589657253830408E-5,2.50663108752206E-5,2.828190191522091E-5,3.170300506119908E-5,3.4621256875807076E-5,3.6434556546113506E-5,3.685190755720881E-5,3.5865913387862946E-5,3.371070479320589E-5,3.089579287810104E-5,2.8109075233298498E-5,2.5977507491690712E-5,2.4935906789681135E-5,2.5294037463755245E-5,2.737535113121558E-5,3.154916034651015E-5,3.7830692172615355E-5,4.45328020778255E-5,4.733247441792368E-5,4.367956735911887E-5,3.691909162510462E-5,3.1048757719111764E-5,2.7341161895002793E-5,2.5637759922662586E-5,2.5500864344906812E-5,2.6473473419482035E-5,2.800747009038423E-5,2.9402527733849422E-5,2.9911368026406956E-5,2.894333036370988E-5,2.6134828181891766E-5,2.1051882006227544E-5,1.3849146905715903E-5,9.76783200591704E-6,8.952524240641828E-6,8.526794434133977E-6,8.21176794596093E-6,8.118265058748595E-6,8.300655273549634E-6,8.784541027520759E-6,9.596302242149832E-6,1.0774576181091481E-5,1.237298472157411E-5,1.445510314188311E-5,1.706897190416465E-5,2.0159761159099438E-5,2.333257185637306E-5,2.543416540233999E-5,2.4578553525580654E-5,2.0053291353325878E-5,1.4314948636223142E-5,1.281900606195212E-5,2.5512243594232866E-9,5.9904432807034385E-12,1.5078582082462232E-6,4.524934697521383E-6,2.1009451422956005E-7,2.6517023748113694E-6,4.386787268983537E-6,5.28289090138017E-6,1.1024167120513173E-5,1.7290940310575754E-5,2.275036271687182E-5,1.5419797856748306E-5,8.43170721455245E-6,5.448341356842088E-6,3.278081512678346E-6,1.56662042169144E-6,5.094263359014713E-7,3.294243706809961E-8,3.626184245216715E-7,1.9918784188674674E-6,5.179559976925731E-6,8.990607565612672E-6,1.226913782073864E-5,1.557942191398624E-5,1.900020733246972E-5,2.1267816578240286E-5,2.216599642227414E-5,2.3077948334311618E-5,2.365970186984703E-5,2.256251087158375E-5,2.0560642270654443E-5,1.8926198070474025E-5,1.7629655244787004E-5,1.5759648769678844E-5,1.2836204591690915E-5,9.634305807531924E-6,6.92233908082695E-6,4.779508322262249E-6,3.0892900783662884E-6,1.7859038836269305E-6,8.459116065464966E-7,2.648922932116071E-7,4.992217980027318E-8,2.1231192169855634E-7,7.485699199781257E-7,1.6048907203779093E-6,2.654896761607613E-6,3.754556695129586E-6,4.845040171514515E-6,5.97044659105434E-6,7.203041676421195E-6,8.569167081998814E-6,1.0015519220806767E-5,1.1413102356231734E-5,1.2586106979471584E-5,1.3356993658783997E-5,1.3630507814871862E-5,1.3502249207192343E-5,1.3260242270617413E-5,1.3239888413565E-5,1.3693872230874393E-5,1.4755137269841561E-5,1.6407519849323043E-5,1.8403416007961227E-5,2.0240525641158732E-5,2.140817100436522E-5,2.175228558509127E-5,2.1477737854964083E-5,2.0846372243312946E-5,2.00067166929148E-5,1.903201491409032E-5,1.799452949295513E-5,1.6969745851340195E-5,1.5985889715917094E-5
44.4691,1.5808843075851598E-5,1.8723994613178805E-5,2.278414239081372E-5,2.7771672379728998E-5,3.296731952783664E-5,3.735113265483707E-5,4.023486416442438E-5,4.157973553302857E-5,4.168606648134745E-5,4.087741695853902E-5,3.95271728579028E-5,3.815984990335562E-5,3.738281658792341E-5,3.7728786632506816E-5,3.952131888106528E-5,4.2633375548493064E-5,4.5914368308342586E-5,4.6819774404215416E-5,4.3259159426687306E-5,3.652689392621378E-5,2.9745251430848083E-5,2.4653500628889702E-5,2.1470941570800372E-5,1.9907749498472286E-5,1.9685109764025633E-5,2.0644571353422816E-5,2.2697603699666066E-5,2.5699997000381652E-5,2.9292284530395135E-5,3.283342066031723E-5,3.5588680720549975E-5,3.70562406280116E-5,3.708048718767304E-5,3.575279570873129E-5,3.3393930224896125E-5,3.0586915186072374E-5,2.803167891093908E-5,2.6314700822673317E-5,2.5841568028236744E-5,2.6941492204615643E-5,2.9976940580148024E-5,3.520564991354658E-5,4.188847542566617E-5,4.6660322611255585E-5,4.522498982070277E-5,3.8690885720933755E-5,3.178411912215997E-5,2.6909991464276973E-5,2.423916000981104E-5,2.335054132493383E-5,2.3824916829928015E-5,2.5253484775227045E-5,2.7111480841137867E-5,2.8718812372231478E-5,2.937239723965288E-5,2.8435720680387178E-5,2.4780570135851382E-5,1.6734293066500615E-5,1.0939575122240874E-5,9.632807759026515E-6,9.033129168842854E-6,8.567288533110644E-6,8.32108984969554E-6,8.355498331501934E-6,8.700978596883533E-6,9.389093899017464E-6,1.0468895923080143E-5,1.2013384989714428E-5,1.4115229460651543E-5,1.6851415129360285E-5,2.0149953832790637E-5,2.3418965529803128E-5,2.4970659649140788E-5,2.2543649595711068E-5,1.642581305409125E-5,1.0176955555737213E-5,1.0347671600678334E-5,1.3739259166330737E-5,1.4483994751790246E-9,4.083299166360199E-6,6.508172152885885E-7,1.5416364604422786E-6,6.202346779357373E-6,5.8940797463528104E-6,8.672669589058283E-6,1.6086706017395837E-5,2.090678461503995E-5,2.037681140947717E-5,1.1323482349813101E-5,5.6347441176993895E-6,2.884124111550441E-6,1.0852195217154773E-6,2.2649883271773903E-7,5.727203976606376E-8,5.921394050376424E-7,2.174549942058507E-6,5.092903611558921E-6,9.017784345227287E-6,1.2338647202731782E-5,1.5193373053530723E-5,1.8651122416846698E-5,2.2045889660327555E-5,2.3405942961020526E-5,2.3300150406550845E-5,2.3391083341190157E-5,2.2961015083006495E-5,2.114243153103821E-5,1.877619874006465E-5,1.6649539332464542E-5,1.4570277353390125E-5,1.1974106409271002E-5,8.914232587707054E-6,6.07833158447143E-6,3.849069860808356E-6,2.21013746602028E-6,1.073465025421005E-6,3.7936135094376877E-7,9.536287672087387E-8,2.0835437554318113E-7,7.161875381681643E-7,1.6114670719714005E-6,2.848291694541174E-6,4.298737806571046E-6,5.765134524780863E-6,7.111178314628454E-6,8.372840030130058E-6,9.693693319846279E-6,1.1185593907405313E-5,1.283921447920737E-5,1.4509383500254657E-5,1.5973313995656053E-5,1.7008081060409026E-5,1.7423003627542107E-5,1.712027349339333E-5,1.6239910135477947E-5,1.5173510167932236E-5,1.4343248506278763E-5,1.4014254933713322E-5,1.4278291987909631E-5,1.5084282962084346E-5,1.6220716102043766E-5,1.7306139771071365E-5,1.792819921747491E-5,1.7896210353018132E-5,1.731612008168734E-5,1.6416025955462443E-5,1.5377692543648387E-5,1.4303136332471442E-5,1.3246796304520172E-5,1.2239243525360536E-5,1.1286353532523511E-5
45.032,1.5054515773753044E-5,1.765584370643315E-5,2.144148401557912E-5,2.6337582695792258E-5,3.177678377195778E-5,3.671211153241458E-5,4.0224625198710226E-5,4.2104868505187705E-5,4.266364736657645E-5,4.225058338473183E-5,4.115398555967626E-5,3.977260807501989E-5,3.866986617658417E-5,3.8430388242992385E-5,3.948247266837589E-5,4.189806162608211E-5,4.495640025965084E-5,4.659556220149262E-5,4.430817776681901E-5,3.817218376767E-5,3.1063780069207116E-5,2.5290924955920724E-5,2.1441448175792844E-5,1.9296426191652587E-5,1.854154253196448E-5,1.8980723790120565E-5,2.053282139979556E-5,2.31423656203814E-5,2.6626974079439056E-5,3.0517135953791664E-5,3.406966947133527E-5,3.6574057641402806E-5,3.7667460316010634E-5,3.7322192888137984E-5,3.570893940390799E-5,3.322238014235198E-5,3.0500275598554977E-5,2.8238391555430477E-5,2.698765951419685E-5,2.714401056885673E-5,2.9065369209711158E-5,3.309615554928927E-5,3.910429305408394E-5,4.501467948087452E-5,4.621255026214941E-5,4.0903090757516267E-5,3.329837500551481E-5,2.7201890510392615E-5,2.345217904414647E-5,2.1696359533082475E-5,2.1488199296162904E-5,2.2481113966580802E-5,2.4325794881046318E-5,2.653951880176932E-5,2.8495510169297938E-5,2.9490946490300503E-5,2.8076056528436073E-5,2.024260906873666E-5,1.2472205133745736E-5,1.0523611236311942E-5,9.718750851768845E-6,9.092279258220349E-6,8.684521660601624E-6,8.56152504535344E-6,8.758368557474212E-6,9.309308261298672E-6,1.0269374646519155E-5,1.1726354851012553E-5,1.380109644424046E-5,1.6607734699309148E-5,2.0069904451193428E-5,2.3359787050369438E-5,2.4100923885993764E-5,1.9820366687039338E-5,1.2396297854849281E-5,6.0277005703764825E-6,6.6099408325900404E-9,5.782656985022656E-7,4.933248235210125E-8,1.3374053484018278E-6,1.937163760828235E-7,7.195285674085858E-6,7.940556253290672E-6,7.2255974799146005E-6,1.3980699735729994E-5,1.8636015279730297E-5,2.084623574131507E-5,1.557396742292935E-5,7.318170978194946E-6,2.982681976589715E-6,8.544929025681216E-7,7.264007443654267E-8,1.7344361830671091E-7,9.139902489968526E-7,2.493806937904418E-6,5.129548149893693E-6,8.845590120166789E-6,1.233646818344918E-5,1.4469918749944673E-5,1.6739338705328345E-5,1.998359914648266E-5,2.274054675014038E-5,2.2975598970009692E-5,2.200471116578054E-5,2.116604672330705E-5,1.9817082361104106E-5,1.7675100040846652E-5,1.5310191494726025E-5,1.3028230767216664E-5,1.0620757821341082E-5,7.90840272814473E-6,5.223676695904572E-6,3.0457681669317867E-6,1.519543989382389E-6,5.807998233719559E-7,1.4213582176763196E-7,1.417577551878904E-7,5.447030761317984E-7,1.3340587813013237E-6,2.4963311186770903E-6,3.994914895713821E-6,5.72337486840826E-6,7.466552691719306E-6,8.986482011927952E-6,1.023667866784201E-5,1.1413863688754732E-5,1.2777478029304478E-5,1.4470907507648582E-5,1.6427311473694734E-5,1.8364027936517604E-5,1.991948188452561E-5,2.0834356853310218E-5,2.0963018305087405E-5,2.0227493945027463E-5,1.8754758768389574E-5,1.697012163908041E-5,1.5371540043695146E-5,1.4265964959002944E-5,1.3731159779443663E-5,1.3687683525338455E-5,1.394254371194178E-5,1.4214067488970524E-5,1.4214077321463922E-5,1.3784031210907672E-5,1.2955595143946737E-5,1.1874020490426232E-5,1.0689413327506543E-5,9.507956023249774E-6,8.393404291310149E-6,7.380512525857463E-6,6.482459289322124E-6
45.594899999999996,1.438989987525472E-5,1.666346274547727E-5,2.0123161540540097E-5,2.481896993055836E-5,3.036666605989694E-5,3.5778254870014805E-5,3.9925722723573365E-5,4.234999366892818E-5,4.3335139927862006E-5,4.331685109725057E-5,4.256522949501823E-5,4.1338076837704015E-5,4.0079803298216845E-5,3.937345535298416E-5,3.97375528634593E-5,4.141424620389407E-5,4.403843097314192E-5,4.60899358693771E-5,4.505795167901234E-5,3.988647807737619E-5,3.27291156552489E-5,2.6327527293303114E-5,2.177580359609192E-5,1.901510983580002E-5,1.771503636080461E-5,1.7628942771765703E-5,1.864883285567882E-5,2.075428482110954E-5,2.3896223700734385E-5,2.7817932747099307E-5,3.191544064394966E-5,3.536938714280798E-5,3.7553957069493946E-5,3.826902795475902E-5,3.759404109334973E-5,3.5758729036726976E-5,3.3219158711809586E-5,3.065121241795381E-5,2.8738176880069963E-5,2.8005789244898017E-5,2.885505303755331E-5,3.16551480015913E-5,3.658452450030312E-5,4.266538813229111E-5,4.619506329198406E-5,4.314753714189377E-5,3.555079161851251E-5,2.8287521030681364E-5,2.3347661009318023E-5,2.0627575351301928E-5,1.963162183154219E-5,1.9988305461767526E-5,2.1442515682421453E-5,2.3725375715570035E-5,2.644804637173773E-5,2.907040236993298E-5,3.023536608959403E-5,2.403004841300649E-5,1.4350718383378187E-5,1.1610493095193773E-5,1.0575149017642021E-5,9.787382896222884E-6,9.215590535149144E-6,8.929435868720505E-6,8.97073436140819E-6,9.37634831213486E-6,1.0204436691084463E-5,1.1552864108429235E-5,1.3566657275973018E-5,1.639904513518691E-5,1.9974816371378785E-5,2.317273841262185E-5,2.275738347321874E-5,1.6456126725601888E-5,8.274820514743535E-6,2.1382450875529743E-6,2.083822183350888E-5,1.2156851110268286E-7,2.0140782844577969E-7,1.1874497732855816E-7,3.394622264065047E-6,1.1513884024041544E-5,8.013335160350422E-6,9.244322683747224E-6,1.73696473509626E-5,1.8370378035118375E-5,1.70589831218308E-5,1.0088539212023067E-5,3.744219570465439E-6,8.528838179636958E-7,7.756237161504495E-9,3.765462775202815E-7,1.3604216922903619E-6,3.008084780840098E-6,5.484706010479965E-6,8.830212108768566E-6,1.2620443095641595E-5,1.466130495309181E-5,1.546494267904709E-5,1.7014534649669287E-5,1.9524646899523594E-5,2.10893057055313E-5,2.0298517552411448E-5,1.865986205246463E-5,1.6996833025731638E-5,1.5039622466681616E-5,1.283957120084504E-5,1.0651439092920744E-5,8.500722652059514E-6,6.26746679558326E-6,4.033437885086892E-6,2.1501492359881596E-6,8.718857397043533E-7,2.0656100248806224E-7,6.269004093803069E-8,3.555991370313262E-7,1.0319457824704824E-6,2.0631152854147243E-6,3.430120849300052E-6,5.103346292350611E-6,7.008824396312769E-6,8.966592093414378E-6,1.0665081120760625E-5,1.1857147067978332E-5,1.2646142087103792E-5,1.3413192514433379E-5,1.452078421815091E-5,1.6144300061702912E-5,1.8197794988243152E-5,2.03038015722081E-5,2.1951330949109318E-5,2.280727700059969E-5,2.2791711645104942E-5,2.1905582589581044E-5,2.0237207205829202E-5,1.8115371084403574E-5,1.6017933101338044E-5,1.4300977088904673E-5,1.308359551162634E-5,1.2304551782057206E-5,1.1803149768365482E-5,1.1376165742185226E-5,1.083713059606971E-5,1.0080691653376753E-5,9.108590243328399E-6,7.996132542137485E-6,6.8372967855592555E-6,5.710389225368594E-6,4.669637760564022E-6,3.7490122710303854E-6,2.967476077477214E-6
46.157799999999995,1.3823306306750434E-5,1.5764095518256143E-5,1.8863897178253214E-5,2.3267414799716652E-5,2.878031862909952E-5,3.45588063851302E-5,3.93338119712587E-5,4.2327728839825206E-5,4.3712011220723655E-5,4.40383838975452E-5,4.3654290589602375E-5,4.271868237438817E-5,4.149974821844035E-5,4.049456468339627E-5,4.02701489799137E-5,4.12153626140554E-5,4.3256184424615784E-5,4.5389644305969304E-5,4.542440435555554E-5,4.1505312821352924E-5,3.4676330957409696E-5,2.777758752606468E-5,2.2503110081047242E-5,1.9082881696041035E-5,1.7215266112687754E-5,1.660275896546619E-5,1.7088102981798066E-5,1.864087841335136E-5,2.1282274155335827E-5,2.4939640029737528E-5,2.924353828648355E-5,3.3443091022102024E-5,3.6691613959509214E-5,3.850978591752348E-5,3.886428241801769E-5,3.791161272782758E-5,3.5921609739128976E-5,3.340004233948764E-5,3.104799233478608E-5,2.9534568563274717E-5,2.9371579747859248E-5,3.0966380448371924E-5,3.4631255464758865E-5,4.009592142570263E-5,4.503946719751313E-5,4.4833469286635135E-5,3.8339947355766886E-5,3.021595214405219E-5,2.399723606657321E-5,2.0201992883515038E-5,1.8343570172307772E-5,1.796566034379299E-5,1.8805842746882496E-5,2.072138973104894E-5,2.3588261689719087E-5,2.722690732396044E-5,3.0770374696167084E-5,2.744456178812216E-5,1.646874212509036E-5,1.284043342430592E-5,1.1566739937301991E-5,1.063465820681361E-5,9.909816648274293E-6,9.4627820298073E-6,9.346466464094439E-6,9.603219071627839E-6,1.0294011113663653E-5,1.1523557708133034E-5,1.345619726046448E-5,1.6280770085266893E-5,1.99153053553014E-5,2.2848551377042255E-5,2.0829708614783147E-5,1.2582836469883402E-5,4.410899767180449E-6,1.5293947371342053E-7,1.0866597730820729E-5,2.944415069267E-7,6.988824604130488E-8,2.3391581114710682E-7,1.2009162374631984E-5,1.1613455528833947E-5,7.566773908880505E-6,1.225686906851295E-5,1.630904054714062E-5,1.514489071526885E-5,1.1313646440461951E-5,5.057115938591523E-6,1.0762823578815784E-6,5.1760705899547464E-9,6.71039113381969E-7,1.977173436136191E-6,3.7642842663680472E-6,6.218344632795733E-6,9.236039580232903E-6,1.2946093575047878E-5,1.5881243389889883E-5,1.603717306733955E-5,1.5636416786456185E-5,1.6318339897992068E-5,1.7650980388947077E-5,1.7816510322816283E-5,1.6254390923801804E-5,1.4161811253122519E-5,1.2019251337157836E-5,9.857451214210007E-6,7.789146817712314E-6,5.88001571654304E-6,4.098341510566673E-6,2.4521627774431397E-6,1.107969727610451E-6,2.7510950547185144E-7,9.768542534023783E-9,2.3363044485462043E-7,8.49770733195191E-7,1.7958026193208013E-6,3.0412213459501186E-6,4.5677705039915765E-6,6.3494971656104945E-6,8.33690695973831E-6,1.0424504246945421E-5,1.236349217099722E-5,1.3743044219935826E-5,1.4320520799643918E-5,1.4371507785639144E-5,1.4449645950640274E-5,1.4978293123481731E-5,1.6133429475622813E-5,1.783824411088477E-5,1.9732398841211953E-5,2.1270156451938926E-5,2.204104952514943E-5,2.1964239688878685E-5,2.113051195462134E-5,1.9648017603209667E-5,1.7703413835657894E-5,1.5607008098131644E-5,1.3668140342724096E-5,1.2055792849552061E-5,1.0780161775284436E-5,9.751761091760392E-6,8.8465960023412E-6,7.956713073356235E-6,7.022806311859948E-6,6.04121233065472E-6,5.046910563555648E-6,4.088784379715631E-6,3.211984608451728E-6,2.4504881756007544E-6,1.8258465561071315E-6,1.3479927252307883E-6
46.720699999999994,1.3361390616060798E-5,1.4970609142357746E-5,1.7692303169191207E-5,2.1733276744612642E-5,2.7072415199174278E-5,3.307569985963135E-5,3.844226858514303E-5,4.204836609953813E-5,4.38272753706377E-5,4.4422568262286086E-5,4.4352794458738655E-5,4.3775953786191194E-5,4.278131219398012E-5,4.1688384717361915E-5,4.1031563924851064E-5,4.130902285283932E-5,4.268700712653314E-5,4.461328782035168E-5,4.539607015754042E-5,4.284995820414469E-5,3.678333204876669E-5,2.9632703209109084E-5,2.3655218923774013E-5,1.952652799550213E-5,1.7054765565250956E-5,1.590762670761885E-5,1.586748289353903E-5,1.6862718752592094E-5,1.8926774826957133E-5,2.210182301589077E-5,2.625656449736883E-5,3.086988541159712E-5,3.505057205997354E-5,3.7995719229512926E-5,3.9425253138172075E-5,3.945581073541539E-5,3.828626351410372E-5,3.621003319526176E-5,3.377233943902195E-5,3.169075434321573E-5,3.0622582369093236E-5,3.107207293355901E-5,3.342743853919016E-5,3.779370652561512E-5,4.304370896925034E-5,4.5407863522954606E-5,4.1210371291666995E-5,3.295831013510781E-5,2.5481350599804118E-5,2.04775702449669E-5,1.766883976449897E-5,1.650425019808865E-5,1.6635321007916675E-5,1.7928813774522552E-5,2.0417934282449255E-5,2.4301701394675463E-5,2.953516916258952E-5,2.9735684181307843E-5,1.859268500155938E-5,1.4107288175879117E-5,1.261883968703773E-5,1.158584885306856E-5,1.0741583460271875E-5,1.0151442066668343E-5,9.884767905154065E-6,9.995315521198924E-6,1.054971220100901E-5,1.1658849302384323E-5,1.350242937687682E-5,1.6297370252426832E-5,1.992683897410638E-5,2.2324517244370153E-5,1.817398634776226E-5,8.455948461805774E-6,1.2306276350510946E-6,2.1469568549530667E-5,8.008619489085063E-7,2.4747827083643785E-7,8.117051118371756E-9,3.549977097256502E-6,1.6946305827264873E-5,9.442207168635036E-6,7.561619752055405E-6,1.3105924542173211E-5,1.2666321327117692E-5,1.005638874064893E-5,5.654843120504363E-6,1.446564991700598E-6,3.6921944965810015E-8,1.040883152939163E-6,2.816521568549223E-6,4.805233499095845E-6,7.324456686391914E-6,1.0240059319517887E-5,1.3395999455086329E-5,1.703132632551109E-5,1.832189756413363E-5,1.6699866233488314E-5,1.5259234378373186E-5,1.4952503712939921E-5,1.4931046897328036E-5,1.3878571979038252E-5,1.1830942566349795E-5,9.552518570394173E-6,7.359554752546017E-6,5.368921451181984E-6,3.6425907547504303E-6,2.1912148024733737E-6,1.0357473856482014E-6,2.659244119594466E-7,9.550271985031851E-11,2.6090669697475234E-7,9.429352752664009E-7,1.9185227157960414E-6,3.120141643027479E-6,4.534605843585218E-6,6.164297978788695E-6,7.99258053637856E-6,9.969848249309452E-6,1.2026958590400169E-5,1.4055487498326998E-5,1.5771164374617845E-5,1.6671408944671736E-5,1.649681492811433E-5,1.5672406659292796E-5,1.4906876105724727E-5,1.4655793670947475E-5,1.5055838350837597E-5,1.601490290251237E-5,1.723651361189389E-5,1.8277325957156904E-5,1.8757690025011515E-5,1.8560613651372824E-5,1.7785165146583274E-5,1.657931145270467E-5,1.5074427642263482E-5,1.3409572718890013E-5,1.1735823226617251E-5,1.0175438763472464E-5,8.78652355672213E-6,7.565959327600653E-6,6.478131773630277E-6,5.485687628540236E-6,4.568617632924828E-6,3.7284236937880774E-6,2.9817968520769034E-6,2.351282846127964E-6,1.8579414488609866E-6,1.5169587786278956E-6,1.3351126326730465E-6,1.3090363818721704E-6
47.28359999999999,1.3010016267319615E-5,1.4292301339290536E-5,1.6630364102564266E-5,2.0261816217672777E-5,2.5304850204810644E-5,3.1367480925358666E-5,3.724622323125292E-5,4.151162633301645E-5,4.3720799471113885E-5,4.451702773040771E-5,4.464963732515285E-5,4.4403073278363305E-5,4.375871679282493E-5,4.2804144077485455E-5,4.192940967927588E-5,4.166857686066053E-5,4.237925506194864E-5,4.3884873841258205E-5,4.504099049566781E-5,4.377368183659089E-5,3.8866328721988435E-5,3.184006517440226E-5,2.5258576714061975E-5,2.038173704461633E-5,1.7254142328653608E-5,1.55493240156733E-5,1.4989709982729124E-5,1.5444156871559776E-5,1.69165550550605E-5,1.9490632100518616E-5,2.3205642153887447E-5,2.7829411236480454E-5,3.26537725425817E-5,3.668090839745528E-5,3.9239969434369106E-5,4.028348952125805E-5,4.0042369748964946E-5,3.872263723820996E-5,3.6627603979899514E-5,3.433348046807208E-5,3.2569268931343184E-5,3.198325972684885E-5,3.306579067045301E-5,3.6115462322822E-5,4.077733165877319E-5,4.4698998030060245E-5,4.347312239867544E-5,3.629513766843647E-5,2.7866136982351417E-5,2.1533640961679442E-5,1.764725656397958E-5,1.5637535677226893E-5,1.502850465280232E-5,1.5605502246135954E-5,1.7415636079685737E-5,2.0864125380746437E-5,2.6745848750057113E-5,3.0370365505898773E-5,2.0381308486265616E-5,1.5252809181247799E-5,1.3614114977863609E-5,1.2553419950109489E-5,1.1653199837785634E-5,1.0962017380061355E-5,1.0568754825064323E-5,1.0546282289638158E-5,1.0972915819268868E-5,1.196817392191451E-5,1.3725138517870468E-5,1.647774560772461E-5,2.0015783763298895E-5,2.144965912751585E-5,1.4679252217780654E-5,4.486948774907322E-6,2.470557485639258E-7,3.1198476880458435E-6,3.858007275222274E-7,1.1816463943342814E-8,1.1797154000301978E-7,1.3797053502553476E-5,1.5670256439944814E-5,7.170527250764436E-6,8.124391703442884E-6,1.0300580206825328E-5,8.083425887200547E-6,4.99073680808373E-6,1.626906162408665E-6,6.05966987928272E-8,1.3534982217604215E-6,3.876375179035354E-6,6.150940528005721E-6,8.696107812614052E-6,1.1754413595177849E-5,1.4535519461718451E-5,1.7504885314661408E-5,2.04453745453738E-5,1.9823795819157623E-5,1.6813205451124138E-5,1.4469537212091575E-5,1.3134451088777832E-5,1.1885498158075104E-5,1.0016218546656673E-5,7.781983828987276E-6,5.620902043743601E-6,3.7354306080825712E-6,2.201168826837032E-6,1.0409534881000677E-6,2.8406206968333923E-7,3.4859485731688636E-9,2.8936113446862895E-7,1.149811620237924E-6,2.424029042434379E-6,3.865544077529336E-6,5.335476118519093E-6,6.848928196121148E-6,8.481595961685147E-6,1.0275363326055654E-5,1.2187722625569584E-5,1.4110218641029327E-5,1.5955960323473654E-5,1.766469884911482E-5,1.8985851948244833E-5,1.9361401752260128E-5,1.846051855433263E-5,1.6770001984005933E-5,1.5131007651420346E-5,1.4043680398884262E-5,1.3603549214254919E-5,1.3680478927993478E-5,1.4018659399405728E-5,1.430063003538874E-5,1.4260892632696975E-5,1.3797181669424951E-5,1.2969565955670208E-5,1.1907875884432965E-5,1.0731385803719815E-5,9.52092810801253E-6,8.322961219665423E-6,7.163401438718386E-6,6.061131638328549E-6,5.0353991683569275E-6,4.1058285474251835E-6,3.2899392739993245E-6,2.6027103439706947E-6,2.0577243466541816E-6,1.66767524554138E-6,1.4436081939852715E-6,1.3933647095397862E-6,1.519550181102807E-6,1.8169740272426752E-6,2.269622274839785E-6
47.8465,1.2775163977422717E-5,1.373596981297505E-5,1.569384517015446E-5,1.8890475756286496E-5,2.3540908873748487E-5,2.9490303316320855E-5,3.5750491808518344E-5,4.0703527217049944E-5,4.342336200702306E-5,4.439346293987835E-5,4.4594306208576514E-5,4.455675670386497E-5,4.4284237563970115E-5,4.365688697156631E-5,4.281880476971911E-5,4.2221548428126833E-5,4.2342436171926846E-5,4.3308816677083144E-5,4.4486702977655187E-5,4.421143514062169E-5,4.0702414426779614E-5,3.427741533043358E-5,2.7317086127109726E-5,2.169033480449946E-5,1.7845667610010944E-5,1.5540844487925173E-5,1.4454231373794377E-5,1.4387318992422684E-5,1.52891114486542E-5,1.722906340429796E-5,2.0327321043898538E-5,2.4589944105982772E-5,2.9633171298567025E-5,3.453780513985611E-5,3.826798893862193E-5,4.0379918667353195E-5,4.106422817182078E-5,4.061621364381093E-5,3.921652322487399E-5,3.716735044613863E-5,3.506918419859376E-5,3.365947377945926E-5,3.357598242327523E-5,3.5266098519738446E-5,3.8806212052324993E-5,4.3064228153154755E-5,4.449113990535832E-5,3.9693110526426256E-5,3.112336977604795E-5,2.347149327970532E-5,1.83430964693483E-5,1.5386972706034617E-5,1.4009286878636487E-5,1.3860048866621447E-5,1.4895305428280204E-5,1.7513821968845893E-5,2.2984595088083447E-5,2.917863211477412E-5,2.1483033252968556E-5,1.609497370911128E-5,1.4407440618451999E-5,1.3413539081636923E-5,1.2549040542453647E-5,1.1828427228442586E-5,1.1356387921309103E-5,1.1230966987068586E-5,1.1550034148122292E-5,1.2447094620979305E-5,1.4128692552392812E-5,1.682951919015486E-5,2.0137965388969557E-5,1.9949571087653392E-5,1.042115611769804E-5,1.2999395802335884E-6,2.4754132476166498E-5,1.1467880359875113E-6,1.403773462927452E-7,1.0731908321435371E-7,1.0975283475397276E-6,1.9791194766239077E-5,1.1332556826766285E-5,5.741850149247436E-6,7.483190626109268E-6,6.384223089100345E-6,3.929190268669315E-6,1.4473505624758448E-6,5.23020186441196E-8,1.312559119029284E-6,4.860922042300921E-6,7.744808899264393E-6,1.0136347040930858E-5,1.321536928382656E-5,1.6360002068852508E-5,1.8400364016323652E-5,2.082895932632259E-5,2.2481283234830887E-5,2.0267492714988016E-5,1.6359830461926335E-5,1.3258441064581606E-5,1.0989541487289658E-5,8.86195417010551E-6,6.625190890379145E-6,4.509228819915528E-6,2.733795726911604E-6,1.3869863301580267E-6,4.887742331531845E-7,5.90952371816596E-8,1.538168522601548E-7,8.542951783472871E-7,2.2115504699992252E-6,4.138129562218578E-6,6.306451860386481E-6,8.305533553584194E-6,9.988392726861885E-6,1.151583999112888E-5,1.3116880733713901E-5,1.4888181819096185E-5,1.6720402915026266E-5,1.8384910425607677E-5,1.976205348762705E-5,2.089350958783297E-5,2.1658658300430286E-5,2.1535524611338636E-5,2.0085159775249453E-5,1.769830964869353E-5,1.5277451207318178E-5,1.3405335834975244E-5,1.2182534620015516E-5,1.1456195937851627E-5,1.0990997201946507E-5,1.0554624582319227E-5,9.980919071693909E-6,9.208778886717793E-6,8.271612340543598E-6,7.250997732427305E-6,6.231519878356032E-6,5.275228335554757E-6,4.413094802418509E-6,3.647887011610125E-6,2.967151790162568E-6,2.362307015155243E-6,1.8415831256355123E-6,1.4277073530910518E-6,1.1466583462528724E-6,1.01926371425241E-6,1.05905242428372E-6,1.2732442313361725E-6,1.663813935334187E-6,2.2272895690264135E-6,2.9526297099647773E-6,3.816720842723313E-6
48.4094,1.2663863420884564E-5,1.3307104990541114E-5,1.4893384573814596E-5,1.7647709271135868E-5,2.1839213740016577E-5,2.7514570079518817E-5,3.3978726624987094E-5,3.960034033202923E-5,4.294380999487948E-5,4.4126010495416396E-5,4.42824632651984E-5,4.427336540039975E-5,4.427210729079779E-5,4.406095492010656E-5,4.3505594440787126E-5,4.283756538631988E-5,4.253562872712676E-5,4.294985650229968E-5,4.388232054260235E-5,4.42050767353955E-5,4.208650463268513E-5,3.6739022557316504E-5,2.9783776316204025E-5,2.34902442505858E-5,1.8874294742498633E-5,1.590772021014217E-5,1.4266045131861791E-5,1.3686076519854193E-5,1.4048892885200884E-5,1.5375362266724015E-5,1.7792134973768976E-5,2.1439405973809707E-5,2.6249393324936303E-5,3.162824576201068E-5,3.644572705641743E-5,3.9735666851587694E-5,4.136706280458394E-5,4.174151743393756E-5,4.116106234466503E-5,3.9753186794657864E-5,3.781019496931785E-5,3.595134769614825E-5,3.4919242818560745E-5,3.532977069469472E-5,3.7525647647916725E-5,4.1167529533202986E-5,4.411315181574111E-5,4.234953986248765E-5,3.4977982205647145E-5,2.637302453250041E-5,1.9859806189520107E-5,1.5797389628594547E-5,1.3581591913470574E-5,1.2707987584812593E-5,1.2984559733488818E-5,1.4665899751823617E-5,1.9033817181088797E-5,2.6369252098670072E-5,2.1660281331033037E-5,1.6479040995295428E-5,1.4860986986540679E-5,1.4028357107631758E-5,1.3303799467553295E-5,1.2649818000196001E-5,1.2173541242989538E-5,1.1997629304802048E-5,1.2245790131985699E-5,1.307210732271999E-5,1.4697434395002782E-5,1.733009716449743E-5,2.016395850207042E-5,1.7434599798829727E-5,5.868378384862805E-6,1.0674981786697996E-7,3.4181042516777087E-6,3.375400838199804E-9,7.467725651694847E-7,1.6079968615514746E-7,8.156101602626033E-6,1.954565194651247E-5,7.349068572899097E-6,5.039880025784283E-6,5.033666175754255E-6,3.033616048501674E-6,1.1407833071617029E-6,3.517626160134445E-8,9.443943795591481E-7,4.894440441580581E-6,9.250327372428162E-6,1.1549775437072108E-5,1.3974878554542456E-5,1.7490794179102988E-5,2.0077794145874537E-5,2.102738657798807E-5,2.2444518101982934E-5,2.2554859178964022E-5,1.9416807678520004E-5,1.5138872324527228E-5,1.151242405360227E-5,8.582469474077395E-6,6.040506494425416E-6,3.85472266114432E-6,2.1327137584685444E-6,9.298831771120138E-7,2.412660629135351E-7,5.950106705394785E-8,4.0878807696562656E-7,1.3385833564422964E-6,2.9009144034004876E-6,5.122929524466476E-6,7.89895974699628E-6,1.0794076561516616E-5,1.317747162934705E-5,1.4817696206899281E-5,1.6061970205063933E-5,1.7380702276514637E-5,1.8973195500705945E-5,2.0652833604784303E-5,2.2005423357953193E-5,2.2810336394939567E-5,2.3208786798526723E-5,2.3288772582020963E-5,2.2701168469663247E-5,2.0962186650018802E-5,1.821596861208184E-5,1.525933761909792E-5,1.2759471111441876E-5,1.0895363350446857E-5,9.54174958207049E-6,8.49011041304021E-6,7.559596005384083E-6,6.639317727984487E-6,5.692187077782217E-6,4.7341213073283816E-6,3.805577828594182E-6,2.9497062277775552E-6,2.2010764476789293E-6,1.581653923470902E-6,1.0999200183076638E-6,7.522606310170855E-7,5.28766714926191E-7,4.231542795120017E-7,4.3971031123058384E-7,5.909009157615976E-7,8.893767233316406E-7,1.3422539676953855E-6,1.95016552747497E-6,2.70888208543563E-6,3.6107732874898425E-6,4.643923635651911E-6,5.786764881565934E-6
48.9723,1.268514744159624E-5,1.3011115375129609E-5,1.423598758036069E-5,1.65532993472478E-5,2.0248998569952177E-5,2.551761455930446E-5,3.197972155531294E-5,3.817980625620202E-5,4.226264713862744E-5,4.377033780187288E-5,4.3830030720497075E-5,4.366032416522156E-5,4.3731167090198264E-5,4.388249980289191E-5,4.3773548579056424E-5,4.332416956255639E-5,4.285397389473732E-5,4.2816484535341264E-5,4.335774550294943E-5,4.3886498590337114E-5,4.29040719479487E-5,3.8956673037838424E-5,3.2525666399612865E-5,2.5793293899184437E-5,2.039365707127806E-5,1.6691526096394713E-5,1.444258071350913E-5,1.333743901067977E-5,1.3185268837111091E-5,1.3940471128507862E-5,1.5689180400845018E-5,1.86076628191939E-5,2.2833779694882327E-5,2.8170313417803344E-5,3.375196555933742E-5,3.8278980635561776E-5,4.099835375151883E-5,4.214840459553321E-5,4.2282479022060624E-5,4.1651020312747E-5,4.030644122564352E-5,3.8523935527752146E-5,3.6936224909172605E-5,3.6284593744456325E-5,3.7136610151331937E-5,3.963207814296824E-5,4.280719152210092E-5,4.359189346987292E-5,3.8764859844618856E-5,3.0181106303634025E-5,2.2327167428837245E-5,1.6959730723535915E-5,1.3770246385613018E-5,1.2135928667871173E-5,1.1691227997524525E-5,1.2489998972371906E-5,1.5539123580675873E-5,2.2543332764959502E-5,2.086455085459112E-5,1.6327513908671316E-5,1.4886416393701728E-5,1.428371248740436E-5,1.3789313620141609E-5,1.330377602138285E-5,1.291658036088912E-5,1.2764707521275554E-5,1.2997894565535193E-5,1.3795150044064E-5,1.5389766188536825E-5,1.791307982404193E-5,1.9827448097083878E-5,1.35686265706294E-5,1.9985171609971907E-6,1.6752650631919314E-5,4.351902563460526E-7,8.366980525728117E-7,2.7118923291337434E-6,2.5236916584427365E-7,1.809749352758637E-5,1.4627702675583456E-5,4.810916739281078E-6,3.9282037899906745E-6,2.4246388927760983E-6,8.691880825283988E-7,2.982225822783845E-8,6.252971894740346E-7,3.753425911008257E-6,9.544878204944238E-6,1.2978629304627435E-5,1.4323363244536416E-5,1.674688245524017E-5,2.0314754003182945E-5,2.1825311577063932E-5,2.162349741841361E-5,2.1658028554815757E-5,2.0404793757352723E-5,1.7016154099641746E-5,1.287566573416617E-5,9.107435242101679E-6,5.9775657113208315E-6,3.5254281343011104E-6,1.757568552519299E-6,6.426402300560443E-7,1.1737084666705839E-7,1.2854311001397971E-7,6.594729980847761E-7,1.7157672115116548E-6,3.300098490656391E-6,5.4193947835944405E-6,8.11439158952767E-6,1.1357294287749053E-5,1.4720880341651587E-5,1.7338362886127342E-5,1.8741322912519656E-5,1.9418021482000396E-5,2.0147006637102945E-5,2.130273549503529E-5,2.2698278801895943E-5,2.3773908988313582E-5,2.412911843272362E-5,2.3878688743234785E-5,2.3287189570301926E-5,2.2274655320818698E-5,2.0474481057882267E-5,1.77920247284721E-5,1.4720586051687085E-5,1.1898668847296772E-5,9.624501106564324E-6,7.867313391880083E-6,6.473978599137516E-6,5.303605653521724E-6,4.2714382964381865E-6,3.344900615993291E-6,2.523645297300529E-6,1.820895895147958E-6,1.2520869823215704E-6,8.298233439102784E-7,5.617466313494443E-7,4.4835161455286613E-7,4.801029165821092E-7,6.37237709227537E-7,8.977554810443629E-7,1.251568044362987E-6,1.7070775239003596E-6,2.281986090914028E-6,2.988415545949133E-6,3.8256347696457835E-6,4.782451481760106E-6,5.8438012980935295E-6,6.995512591495811E-6,8.222177092093392E-6
49.535199999999996,1.2851042250691623E-5,1.285454570119488E-5,1.3726682714841873E-5,1.561979066390824E-5,1.880766033242534E-5,2.3574599709619992E-5,2.982718434926975E-5,3.6437050096276604E-5,4.1334532669782964E-5,4.33476047262434E-5,4.3345411040942554E-5,4.28670860565488E-5,4.276754149284726E-5,4.3090451435947254E-5,4.3440234404326255E-5,4.3445038666002374E-5,4.311894063963671E-5,4.2845051724017695E-5,4.298975880549509E-5,4.342663169868108E-5,4.317653311316953E-5,4.0671593943672853E-5,3.530153387393015E-5,2.8547187258164666E-5,2.2452111875876403E-5,1.795015030587767E-5,1.501892863039799E-5,1.335019689955063E-5,1.268739099696043E-5,1.2910824839095194E-5,1.4041900869626052E-5,1.6227731139216013E-5,1.9685434275252917E-5,2.4517111086011655E-5,3.0321277068836417E-5,3.5909616185363114E-5,3.9916241636144235E-5,4.196405039960955E-5,4.266764896479513E-5,4.264761967560826E-5,4.205082892348872E-5,4.08388765232112E-5,3.92633138957488E-5,3.7963918528623376E-5,3.766842823643228E-5,3.885196132014357E-5,4.1328926781409965E-5,4.338811108402933E-5,4.156220312801302E-5,3.4495033083796046E-5,2.5826594370684807E-5,1.901591735982388E-5,1.4648545226922746E-5,1.2148784524757683E-5,1.0982782856632378E-5,1.0989184433569253E-5,1.28099916108991E-5,1.8526800936239716E-5,1.9246984440019843E-5,1.5664996582183914E-5,1.4473855629511324E-5,1.4125570832110257E-5,1.3911828523236762E-5,1.3675751494227895E-5,1.3470329282337282E-5,1.3429020456067507E-5,1.371915579622869E-5,1.4542667460301978E-5,1.6134558574052577E-5,1.8450301031917057E-5,1.867216718628741E-5,8.533890504178826E-6,1.9221743647606134E-7,7.458947667518927E-6,4.863769533434855E-7,2.806523729672326E-6,4.712033006161194E-6,5.327375462825276E-7,2.013990994708596E-5,8.981444037517145E-6,3.3876710851900613E-6,2.108521973132315E-6,6.745482196314811E-7,3.172714042393521E-8,4.686754911079978E-7,2.70451646323903E-6,7.71977850317204E-6,1.3726491974420253E-5,1.5205004006175352E-5,1.559357137401416E-5,1.778001792967991E-5,2.071712656287373E-5,2.0991735382791025E-5,1.976368740917889E-5,1.845311014869751E-5,1.630034755375373E-5,1.3105350093534067E-5,9.496558171354665E-6,6.092932681174773E-6,3.3472516899046398E-6,1.470698632381913E-6,4.152553642672814E-7,4.2314819902100694E-8,2.3569101163903567E-7,9.345784149021079E-7,2.107483002953546E-6,3.709551426933665E-6,5.671622206791337E-6,7.960665299338763E-6,1.0667805880529294E-5,1.390674196329443E-5,1.7376098860386875E-5,2.0071503205302115E-5,2.1165338449125887E-5,2.1115363084634102E-5,2.098074469411186E-5,2.1343119140879378E-5,2.2111588940583248E-5,2.275887178193881E-5,2.2791032303963475E-5,2.2163423576627367E-5,2.113355713719096E-5,1.9827332284262028E-5,1.8105164126321234E-5,1.581406984299678E-5,1.3113036880803205E-5,1.0427529287932939E-5,8.101097267853203E-6,6.2296702496732224E-6,4.752448344913341E-6,3.57682336423536E-6,2.6355945617417276E-6,1.8934439585845029E-6,1.3362193153072416E-6,9.604545781641939E-7,7.674232275436448E-7,7.605384491398452E-7,9.436163745283209E-7,1.3171874697226875E-6,1.8700366402171983E-6,2.5666306215202643E-6,3.3420458488159534E-6,4.12351152938338E-6,4.8733966075696626E-6,5.610175467318151E-6,6.382994427218767E-6,7.230524784143143E-6,8.160789218672485E-6,9.157513514061593E-6,1.0199015879480187E-5,1.12721603776197E-5
50.098099999999995,1.3177603473812023E-5,1.2846289432584647E-5,1.3370185214852606E-5,1.4854563890803672E-5,1.754069877626662E-5,2.175048766786384E-5,2.7611892090141375E-5,3.439955269022712E-5,4.010123393649182E-5,4.2835374848921874E-5,4.2906788941224164E-5,4.20493783018167E-5,4.155501197775958E-5,4.177660477399366E-5,4.242523810521023E-5,4.297351809740941E-5,4.3086942792461234E-5,4.288595714492967E-5,4.2775905550336644E-5,4.2974718456417E-5,4.304528543582523E-5,4.173408992401511E-5,3.778850339807565E-5,3.158809964958757E-5,2.5061531014952465E-5,1.9750921882363632E-5,1.6050952099621332E-5,1.3751570564653244E-5,1.2555133809823765E-5,1.2267925162363964E-5,1.2836202204236404E-5,1.4344220819701342E-5,1.699744402133599E-5,2.1040713026374687E-5,2.6488915416885745E-5,3.264058630130211E-5,3.796729078347591E-5,4.1218262935834195E-5,4.254066261685197E-5,4.28685924862054E-5,4.2793091588418444E-5,4.231782651234422E-5,4.130372462756621E-5,3.997190880027518E-5,3.896051342663807E-5,3.8964465957818684E-5,4.0308273779557755E-5,4.236977689496645E-5,4.276663879628847E-5,3.845039790243108E-5,3.020603142659428E-5,2.2120885857926542E-5,1.6353367488907595E-5,1.2800867390726078E-5,1.0842602375077636E-5,1.010602579720376E-5,1.087952543432617E-5,1.499854197306038E-5,1.7119199119078864E-5,1.461032132352117E-5,1.3695294941548695E-5,1.3577781820521812E-5,1.3641992076716483E-5,1.3693216463866594E-5,1.3738158662822528E-5,1.3887917926319039E-5,1.4312200038922909E-5,1.5225249225806661E-5,1.683569193613017E-5,1.8731156175176626E-5,1.608540920630591E-5,3.5595614397130596E-6,1.3119359195410888E-5,3.0941801205142503E-7,3.0572583503778354E-6,4.859149884934436E-6,5.463757866680422E-6,8.891198288755111E-7,1.6889916838824198E-5,4.986136870941533E-6,2.0887837945212676E-6,5.870579117459484E-7,2.860373708965117E-8,4.355811847109807E-7,2.1549347412387528E-6,5.706850173127679E-6,1.1990942454399788E-5,1.655209576461545E-5,1.5924267581522192E-5,1.5449376788761528E-5,1.699069401275085E-5,1.864887131113927E-5,1.781088854805144E-5,1.5812968420855396E-5,1.3621365367492465E-5,1.111541450289985E-5,8.33403417127217E-6,5.4900625936039035E-6,2.937909007720091E-6,1.1194999159834197E-6,1.9388842554950424E-7,2.580957809258367E-8,4.4057496586613766E-7,1.3372469827940829E-6,2.6630659074143614E-6,4.351877392558556E-6,6.285467946941253E-6,8.315818236375996E-6,1.0391643398934913E-5,1.2691800903089514E-5,1.5483954403261084E-5,1.8639242956842408E-5,2.1190651354372665E-5,2.2003595253864797E-5,2.1289000011721952E-5,2.0236281596369504E-5,1.9604932302800137E-5,1.942414170960539E-5,1.931837014949245E-5,1.8891243592136482E-5,1.8011967013915345E-5,1.6804441008490282E-5,1.5417477007645312E-5,1.387015696162825E-5,1.2089345245984191E-5,1.0068313393445078E-5,7.968730500159099E-6,6.029181330243419E-6,4.405731430954982E-6,3.132344488193347E-6,2.1777649610345356E-6,1.4993209838028023E-6,1.0637163453694175E-6,8.4886308880783E-7,8.409317780185856E-7,1.0321651704204702E-6,1.420501523652604E-6,2.010486969232721E-6,2.8133396201052692E-6,3.8408262513009E-6,5.084732298736925E-6,6.480919523942391E-6,7.88765881807899E-6,9.135369286908922E-6,1.0139895799069097E-5,1.0956149261184687E-5,1.1707707450267645E-5,1.2484717883193316E-5,1.330140510630074E-5,1.4118657274594592E-5,1.489585159607144E-5
50.660999999999994,1.3685975628632651E-5,1.2998820961439444E-5,1.317250177860326E-5,1.4262139281554211E-5,1.646350581367699E-5,2.00951957255457E-5,2.542875103668105E-5,3.2134093306489055E-5,3.8514169189137924E-5,4.216732878409251E-5,4.254645105227622E-5,4.133953704195122E-5,4.028948721397933E-5,4.013032428001384E-5,4.079317636438065E-5,4.177423773103924E-5,4.249580594222864E-5,4.2703557193738103E-5,4.261428509016711E-5,4.2607020013555877E-5,4.270204478322582E-5,4.216570353733203E-5,3.96809667853218E-5,3.4614713077567294E-5,2.8144209149572648E-5,2.214879014138997E-5,1.7613646195815836E-5,1.4592242340142611E-5,1.280720875270281E-5,1.200245815635714E-5,1.204631736134506E-5,1.2946309303272516E-5,1.4847967669665453E-5,1.8012700598341883E-5,2.269058747357412E-5,2.873077659699108E-5,3.50214327093061E-5,3.975091350365446E-5,4.204017674154746E-5,4.264580668750581E-5,4.270080774743029E-5,4.267499637155833E-5,4.2405802653751344E-5,4.1648703398345536E-5,4.0586474649053325E-5,3.9843999261164765E-5,4.005845459049618E-5,4.13439645416405E-5,4.259307561347778E-5,4.106178481429651E-5,3.482817912266223E-5,2.630411494431471E-5,1.907279163606706E-5,1.4216951758848753E-5,1.1304732420821953E-5,9.795444381382563E-6,9.660653341609736E-6,1.2270694276094138E-5,1.485806723650926E-5,1.3341052568811327E-5,1.2682805611976988E-5,1.2734762519541522E-5,1.3023979142208318E-5,1.334789700412785E-5,1.3670482223738449E-5,1.406765957143463E-5,1.4694605962690282E-5,1.5759498883178355E-5,1.738797430634278E-5,1.8439044226376383E-5,1.1664565651310609E-5,5.91105516970088E-7,1.1693808714717905E-5,1.6465770067775403E-6,6.04396234292604E-6,7.350550701195024E-6,7.2632390931275365E-6,1.0221660760615108E-6,1.1132197343617897E-5,2.6826840606470387E-6,6.901022573716666E-7,1.3349263185781987E-8,4.724405076290285E-7,1.9322003495100267E-6,4.741964321620196E-6,9.187126123886402E-6,1.579327636998742E-5,1.7944019420274663E-5,1.5555268348395875E-5,1.4300715343592482E-5,1.485178993378664E-5,1.5003500695238505E-5,1.3319357163555493E-5,1.0917466304940137E-5,8.465496026509376E-6,6.099040899768522E-6,3.897119181183395E-6,1.9768964940424858E-6,6.023617152550694E-7,2.3702083745810246E-8,1.9554429166845581E-7,9.178557735968725E-7,2.062720231296818E-6,3.578652264503019E-6,5.409268552074132E-6,7.438220679618611E-6,9.465701860119814E-6,1.1260856564713309E-5,1.2785062092075627E-5,1.434990801997439E-5,1.635937327021685E-5,1.882130847706988E-5,2.093109725674796E-5,2.1466227769376508E-5,2.0298282486051665E-5,1.852154299636759E-5,1.6998050366064623E-5,1.586870959565023E-5,1.4907733831640415E-5,1.3871949725935641E-5,1.2666392911388323E-5,1.1338447087417234E-5,9.979997902065936E-6,8.643966771050207E-6,7.323500131935775E-6,5.9905409808305485E-6,4.6607561950548445E-6,3.418140232338889E-6,2.366554817868924E-6,1.5705309769541013E-6,1.0447039720436317E-6,7.75172535278621E-7,7.391161651959901E-7,9.136205711033842E-7,1.2781673411836457E-6,1.8157645091360995E-6,2.5155586288628445E-6,3.377922013186059E-6,4.420632908597931E-6,5.680808889829736E-6,7.20157280878374E-6,8.988543757077965E-6,1.093619071398509E-5,1.2787057554799442E-5,1.4243944736914322E-5,1.5201261544310873E-5,1.5818427644396925E-5,1.6346319865509926E-5,1.693799589303014E-5,1.7591758185674198E-5,1.820431251437135E-5
51.22389999999999,1.440336837964831E-5,1.3329471091642974E-5,1.3142480550072173E-5,1.3846446809510358E-5,1.558421414598183E-5,1.864255383584581E-5,2.3363572643421908E-5,2.97410552335997E-5,3.656089947915932E-5,4.1244773678509415E-5,4.224106914274386E-5,4.082771867459671E-5,3.9148832256644594E-5,3.838275668975083E-5,3.873994374546809E-5,3.98725035946123E-5,4.115407511466622E-5,4.201266992449074E-5,4.2295194016603924E-5,4.229014799938622E-5,4.230350668147324E-5,4.2132371205935255E-5,4.082216962096938E-5,3.7237210520954235E-5,3.147180975403378E-5,2.5138905374166096E-5,1.978789035428233E-5,1.5948359513615022E-5,1.348762652049254E-5,1.212422052592961E-5,1.1653390006326045E-5,1.200174687037299E-5,1.3235508764837432E-5,1.556210956337237E-5,1.9294281519430948E-5,2.4647701515892048E-5,3.119035406376545E-5,3.729835562724208E-5,4.1057318165561283E-5,4.225170012308781E-5,4.221904687474812E-5,4.21269642811783E-5,4.2255310876759286E-5,4.227051338412831E-5,4.182175644903545E-5,4.104379933447128E-5,4.053416994289737E-5,4.0846337547975175E-5,4.1842062526362184E-5,4.198146363730036E-5,3.860013143011984E-5,3.1189308020846536E-5,2.295410094305686E-5,1.6597010766687486E-5,1.2478736078287967E-5,1.0065446421797647E-5,9.061442508838024E-6,1.0361403187422928E-5,1.2783643676513763E-5,1.2043423990388034E-5,1.1590867160751508E-5,1.17335595897667E-5,1.2161928468258586E-5,1.2697344953888545E-5,1.327808353209275E-5,1.3943761170094994E-5,1.4822739632264272E-5,1.6094075743144567E-5,1.769724809745579E-5,1.7125413575454285E-5,6.1182788252416315E-6,2.8821495324325323E-6,1.0509150155520896E-6,6.6966947945605225E-6,6.816546189318748E-6,1.2049665280578734E-5,9.541722451553697E-6,6.666820847809359E-7,5.786872875732204E-6,1.1229344547158889E-6,3.7415685942306645E-9,5.349733380438116E-7,1.9338760936190005E-6,4.389353966731611E-6,7.870980335116974E-6,1.27618692157278E-5,1.8642389266030043E-5,1.8230376729194417E-5,1.4540813783981612E-5,1.2583462257351664E-5,1.2041514822635329E-5,1.093614179226225E-5,8.780898744648589E-6,6.3898013362804145E-6,4.202212403748776E-6,2.363480762296201E-6,9.615068418885642E-7,1.4402199320528054E-7,9.166938225826762E-8,7.764913997364796E-7,1.939891987804221E-6,3.3989195502559168E-6,5.119846682816508E-6,7.0841001704913605E-6,9.216716299572106E-6,1.1369410800597909E-5,1.3267043006578837E-5,1.4570219995962078E-5,1.5271873345796577E-5,1.5864853887655813E-5,1.6874236492811667E-5,1.837951514065674E-5,1.975637131230822E-5,1.9913980174935212E-5,1.8485741148801145E-5,1.629203182792193E-5,1.4178380543808176E-5,1.2382104569535427E-5,1.0800768193029228E-5,9.303148365185957E-6,7.841620080101594E-6,6.441452766987269E-6,5.154023400470049E-6,4.019990866441287E-6,3.052588584358514E-6,2.2389865556967694E-6,1.558846162106236E-6,1.0101084161249402E-6,6.172022155452402E-7,4.127897143527744E-7,4.1631424844177417E-7,6.279953069335879E-7,1.0333646378111682E-6,1.6086820580639498E-6,2.324657006082126E-6,3.150497257284879E-6,4.060793235131907E-6,5.0459643422470415E-6,6.123875296368783E-6,7.346867591180622E-6,8.795651586084592E-6,1.0547591138749014E-5,1.2603241733308696E-5,1.4779306448679631E-5,1.6677976263585845E-5,1.7908207667550093E-5,1.842745416925256E-5,1.855613496740899E-5,1.866943305631427E-5,1.8964514845902886E-5,1.942366940960325E-5
51.78680000000001,1.5363662954125497E-5,1.3861726528072323E-5,1.3293349264891942E-5,1.3612953923808679E-5,1.4906901957762331E-5,1.741236123857373E-5,2.148392773721616E-5,2.7337557774019174E-5,3.428480811177859E-5,3.996274783062426E-5,4.1907797918957216E-5,4.055125687517952E-5,3.8269396239118315E-5,3.675163435320156E-5,3.6528682234605364E-5,3.746064425542864E-5,3.9037364625908195E-5,4.0569407646379804E-5,4.152633122711429E-5,4.186086318739275E-5,4.1901622339291684E-5,4.184444290433805E-5,4.126908290586814E-5,3.912357344193617E-5,3.464994680314999E-5,2.8581220035570666E-5,2.2622856532268632E-5,1.7915079254965103E-5,1.467022306449623E-5,1.266984968422385E-5,1.1657871807889862E-5,1.1481718329909819E-5,1.2122941799427479E-5,1.3706370489850849E-5,1.6503265994592374E-5,2.086671220686007E-5,2.6909391573193052E-5,3.3760164228528124E-5,3.924310100034288E-5,4.1682159650082825E-5,4.1762234180764316E-5,4.123396227866763E-5,4.11302723871134E-5,4.150838325988751E-5,4.187603940462254E-5,4.1777943424110694E-5,4.128922850103627E-5,4.0965043440352706E-5,4.125535275193005E-5,4.176397874527761E-5,4.066970419856584E-5,3.578121426363387E-5,2.784842276410829E-5,2.01628374724208E-5,1.4566561044132077E-5,1.1004932226254907E-5,9.043159236570176E-6,9.16823329864729E-6,1.1086374928287539E-5,1.0868775630200082E-5,1.0558322997151003E-5,1.0716747201237985E-5,1.1190289930908171E-5,1.184788040009214E-5,1.2627133188824828E-5,1.3544769500975742E-5,1.4701873979729852E-5,1.6225746820400983E-5,1.7683575350134387E-5,1.424049070949373E-5,1.6930880074853987E-6,8.00419357743108E-6,8.666973421527241E-7,1.1384073069147578E-5,6.38043252524252E-6,1.5258091628051521E-5,1.0858048670210643E-5,1.2412458766376571E-7,2.323147726052244E-6,9.901108320331576E-8,5.755943903613266E-7,2.116557182337248E-6,4.348220545362608E-6,7.663419178519269E-6,1.1200230561877539E-5,1.602121736596208E-5,2.03595880746138E-5,1.7758648132335994E-5,1.3172224765319573E-5,1.0605041665558483E-5,9.119819831545753E-6,7.2583477389388214E-6,5.054094858026379E-6,3.0357422885203434E-6,1.4510542299523603E-6,4.018337975327258E-7,6.954464582837979E-10,4.0228279338725885E-7,1.6364298234314438E-6,3.4114471980855236E-6,5.363369515291722E-6,7.390719199938934E-6,9.50742634818014E-6,1.1667158135549396E-5,1.3803342517427505E-5,1.5830310839366358E-5,1.7438539810239685E-5,1.8124433671932998E-5,1.786836999860142E-5,1.73614813414822E-5,1.725825412954755E-5,1.767456484175305E-5,1.8126644462428558E-5,1.7756067279286083E-5,1.614293490155046E-5,1.3800141900357631E-5,1.1434562523729767E-5,9.334549095873827E-6,7.495308308807992E-6,5.858702041742441E-6,4.4021876325090575E-6,3.1365021161855913E-6,2.083351665625413E-6,1.2592939688858329E-6,6.675981800281678E-7,2.9484520325076716E-7,1.1302484807207218E-7,9.133646521926729E-8,2.1406309743833223E-7,4.876737475291472E-7,9.284860060974775E-7,1.5443032518919628E-6,2.324329641673311E-6,3.2380503978121406E-6,4.238822860264499E-6,5.271246868812162E-6,6.284239058809273E-6,7.2499531237524155E-6,8.182642262178053E-6,9.14709944158183E-6,1.024960462644711E-5,1.1609971349519568E-5,1.3308504855914885E-5,1.5293010790848206E-5,1.7270175499780184E-5,1.873907917416838E-5,1.93291735245608E-5,1.914399089458376E-5,1.8632301797054606E-5,1.8207629016675708E-5,1.806246557971332E-5
52.3497,1.6607013073359597E-5,1.4626416584800347E-5,1.3644282451185582E-5,1.3570658696549291E-5,1.4434705545295982E-5,1.6414246519060023E-5,1.983595062103694E-5,2.5036601401673638E-5,3.1786951241038545E-5,3.824845071013717E-5,4.141009924393679E-5,4.0486791011595477E-5,3.773754659641431E-5,3.5408572817282076E-5,3.441563285636684E-5,3.4830653148422734E-5,3.632336774314055E-5,3.829221362773133E-5,4.001966127844909E-5,4.1038448247214746E-5,4.1400594371223595E-5,4.1443090494745096E-5,4.122973000293272E-5,4.015996628850187E-5,3.7222825458073657E-5,3.213234142988728E-5,2.6060483230669005E-5,2.057901962038366E-5,1.6457288757439975E-5,1.3709167589993678E-5,1.2088624405298984E-5,1.1376755853659909E-5,1.1471129304247445E-5,1.2406614811767302E-5,1.4368920541546366E-5,1.769474423209458E-5,2.2753108362022152E-5,2.94398801022817E-5,3.6255200396599804E-5,4.058209609301357E-5,4.1463290340620164E-5,4.0543834120463104E-5,3.970640843214531E-5,3.971998228442094E-5,4.0426466649658614E-5,4.1200654396639116E-5,4.1486100581599E-5,4.128508767729908E-5,4.1096798119452724E-5,4.126133107858446E-5,4.1163139377413296E-5,3.8898391878874456E-5,3.29567243269092E-5,2.494703255500936E-5,1.784144788023963E-5,1.2810235722529608E-5,9.65176095115075E-6,8.589691712743169E-6,9.835210238700394E-6,9.914213865666549E-6,9.68534243834315E-6,9.8014702281253E-6,1.0239698488267097E-5,1.0926215234211586E-5,1.1820915320390202E-5,1.294205295598429E-5,1.4380667223791621E-5,1.6197451168181005E-5,1.7237652813466852E-5,9.52863449301398E-6,8.972062279284751E-8,1.3548673423644851E-6,8.909892968174887E-6,1.0520283979672234E-5,7.068634897264756E-6,1.3775948547424752E-5,9.956565877215169E-6,1.3911824937707646E-8,4.956417013877402E-7,5.157603496448035E-7,2.4512513495190395E-6,4.625640974547612E-6,7.646852476859427E-6,1.1480319240228621E-5,1.4401502224594538E-5,1.8546108710514496E-5,2.0929392712379782E-5,1.6726142170855233E-5,1.1575693908383395E-5,8.531162773909262E-6,6.417269196995569E-6,4.320221695563686E-6,2.426466108580246E-6,1.0141698491534959E-6,1.9286744956395688E-7,3.995310079468107E-8,6.700844251301329E-7,2.1647126378513577E-6,4.379948984853678E-6,6.91199952216422E-6,9.484362311260979E-6,1.2053859873103401E-5,1.4491741553647688E-5,1.6584273485270274E-5,1.8342950039874815E-5,1.993167764413693E-5,2.1138079866594905E-5,2.1292802538783034E-5,2.022084641639633E-5,1.8696422730974966E-5,1.7509021460916978E-5,1.683715012562262E-5,1.6316129070341974E-5,1.532314460558555E-5,1.3517047402123421E-5,1.1187399765390077E-5,8.842868722651225E-6,6.755367763441798E-6,4.977522490220689E-6,3.495199279732846E-6,2.296702755109649E-6,1.380430690970774E-6,7.468617557236535E-7,3.9153321304126175E-7,3.002940914328951E-7,4.4521899158399026E-7,7.82408004937571E-7,1.2577789146853814E-6,1.8259180088339542E-6,2.4719037992380628E-6,3.2132568886130766E-6,4.076587716718708E-6,5.070219561684304E-6,6.171057060448653E-6,7.324634969555093E-6,8.451805700238885E-6,9.464167597020217E-6,1.029487271232806E-5,1.0937784466270467E-5,1.1467882005145295E-5,1.2022933722786605E-5,1.2758616795939512E-5,1.3798612329618426E-5,1.5175361336383028E-5,1.6744457908566097E-5,1.8120857244003887E-5,1.880953258664399E-5,1.858211320995772E-5,1.7686082066055377E-5,1.6590219847206614E-5,1.5647930265838995E-5
52.9126,1.81771885905674E-5,1.566239143537425E-5,1.4221973933087117E-5,1.3734016840317053E-5,1.4172658776679039E-5,1.5652126776917566E-5,1.844635661468042E-5,2.293056529564557E-5,2.9207076197837695E-5,3.6099548032691786E-5,4.0581176958293244E-5,4.054233548068517E-5,3.7587485712952203E-5,3.447085598746252E-5,3.260277430511377E-5,3.227854520325814E-5,3.3328836452615515E-5,3.533284279775391E-5,3.763272193210594E-5,3.9503038767593585E-5,4.0551708248970687E-5,4.091728521214308E-5,4.091842455866445E-5,4.048226686890986E-5,3.8886973583553186E-5,3.527915358539592E-5,2.9834255941907285E-5,2.3949687006349762E-5,1.8960726474534444E-5,1.5347562921306903E-5,1.3010696234307009E-5,1.170757495538327E-5,1.1259925176620478E-5,1.1613320160121376E-5,1.2856466217972889E-5,1.5240094626855481E-5,1.916463671565861E-5,2.4965332346796506E-5,3.2144109633226924E-5,3.8401369547318955E-5,4.104577197847609E-5,4.032762980002001E-5,3.864316985957847E-5,3.7695715935357525E-5,3.7933041299467716E-5,3.902274950239897E-5,4.024075616483175E-5,4.093369953296832E-5,4.101696780555965E-5,4.092400168283263E-5,4.0896589792433604E-5,4.017440309296167E-5,3.6946901152927875E-5,3.0373999946002938E-5,2.24879360939038E-5,1.5795210094580744E-5,1.1049831627509353E-5,8.582750886271056E-6,9.029406267678934E-6,9.228299487715359E-6,9.030568014641558E-6,9.065763467389349E-6,9.411916370699608E-6,1.004997818081775E-5,1.0974989319348119E-5,1.223246589178671E-5,1.3937632357981209E-5,1.608238062809267E-5,1.609684183092711E-5,4.141852579362619E-6,3.6940556936706265E-6,2.2017516205673877E-7,1.658962563998483E-5,6.896856490873264E-6,9.330328784606791E-6,1.0356886411736513E-5,6.684358348946536E-6,7.225640828032596E-8,2.784407029096765E-7,2.8083256089624137E-6,5.332420207826984E-6,7.784222566870389E-6,1.1637347707308422E-5,1.5323627931276924E-5,1.708803413830858E-5,1.9956614623524005E-5,2.0353149411443822E-5,1.5164553607219114E-5,9.761085238538369E-6,6.4370901469282475E-6,4.083591576702835E-6,2.1767310113314984E-6,8.311305620788529E-7,1.291128828702718E-7,1.0168153736601866E-7,8.045716564381661E-7,2.2899401633617364E-6,4.4886302313534116E-6,7.110227395395427E-6,9.861852490321855E-6,1.2771173369041566E-5,1.587084175199128E-5,1.8703014340286554E-5,2.0618169955553857E-5,2.1669186699631035E-5,2.2441536310612068E-5,2.302856484291233E-5,2.2797844645737696E-5,2.135037244675697E-5,1.924002987828681E-5,1.725982761965506E-5,1.569301632812838E-5,1.4325962863693439E-5,1.2756467111175589E-5,1.077327570413221E-5,8.549729176976668E-6,6.413907799582638E-6,4.571286468062581E-6,3.084550211499758E-6,1.9554834723787062E-6,1.1724286343069047E-6,7.219289720342096E-7,5.879250702594401E-7,7.487656003318855E-7,1.174269701613155E-6,1.8238495653085107E-6,2.647994424936902E-6,3.5954286608005945E-6,4.624146182550989E-6,5.708667701655293E-6,6.836477821642468E-6,7.996849278598501E-6,9.174033207167893E-6,1.0349362914165962E-5,1.1500166615703876E-5,1.2583788548463295E-5,1.351800025918349E-5,1.4191272909273444E-5,1.4526081820423849E-5,1.455808716322697E-5,1.4448457273796786E-5,1.441045516343245E-5,1.4620729376139185E-5,1.5164229688376663E-5,1.5992930442658388E-5,1.6878191330971913E-5,1.7421743098283307E-5,1.7250381248700635E-5,1.631206744867964E-5,1.4913094612155476E-5,1.3444334004126994E-5
53.4755,2.011447066448426E-5,1.701577988215067E-5,1.506201214989572E-5,1.412486310426696E-5,1.4130272064620382E-5,1.5128498015733138E-5,1.7327588630794106E-5,2.108373699214798E-5,2.66925918402831E-5,3.3602285127960604E-5,3.927057009196057E-5,4.055322275138516E-5,3.7796363677506935E-5,3.400688958887822E-5,3.12262235363823E-5,3.0036750292247285E-5,3.039175629795048E-5,3.2027510395305206E-5,3.4480778707291413E-5,3.705155300756305E-5,3.901858751835121E-5,4.007057403466533E-5,4.0417795844283123E-5,4.034205787583736E-5,3.9644758626102755E-5,3.75487213728154E-5,3.342910337549151E-5,2.784187022289311E-5,2.2242743018252348E-5,1.7714188746112622E-5,1.4530517315571024E-5,1.2534148255032458E-5,1.1501414670483801E-5,1.129474238611387E-5,1.190670252365565E-5,1.3482524379078209E-5,1.6342986474654093E-5,2.0941702765517348E-5,2.7486490973742182E-5,3.483635863407772E-5,3.9855842306016125E-5,4.0445088655679826E-5,3.832110527568334E-5,3.617635970147533E-5,3.529762104975721E-5,3.58310377390895E-5,3.733097237821379E-5,3.90119225384165E-5,4.012890347586269E-5,4.049672380728041E-5,4.047881229240189E-5,4.02484029262846E-5,3.8991134006674694E-5,3.508472329328217E-5,2.816299446356722E-5,2.029544040163738E-5,1.3556411318166225E-5,9.192807397247973E-6,8.649238658704986E-6,8.82925761249157E-6,8.621877262695495E-6,8.551991877710587E-6,8.771592151821456E-6,9.308005215182828E-6,1.0193467843715126E-5,1.1518939052642582E-5,1.3467022496479624E-5,1.5960317273357847E-5,1.3647052025797473E-5,6.704613009303551E-7,8.23143523901033E-7,5.053806389518761E-6,1.8118865007906586E-5,4.66174865748711E-6,8.821943262134016E-6,6.376448134554087E-6,2.7346048924407278E-6,1.9649206157042935E-8,2.552162994712768E-6,6.469088443024686E-6,8.581074740964777E-6,1.1081204246147753E-5,1.5742328639823454E-5,1.8436000362884426E-5,1.8756531973361847E-5,1.9935180579643915E-5,1.85914362255575E-5,1.3000624947026892E-5,7.689682852146552E-6,4.374689952682615E-6,2.1860294298346915E-6,7.772122426354995E-7,1.0752699761290651E-7,1.3872009866935063E-7,8.644974379173154E-7,2.292291136223605E-6,4.348454547570801E-6,6.768749490686952E-6,9.176995134762796E-6,1.154674563107961E-5,1.4269525146841245E-5,1.7535042031839476E-5,2.068874416084607E-5,2.251884489526084E-5,2.2835497069439704E-5,2.2567486492156065E-5,2.222560606148129E-5,2.14995249352928E-5,2.000140926472098E-5,1.790882844103077E-5,1.5723638231957042E-5,1.3730788693619822E-5,1.1877747797893088E-5,9.976238758716205E-6,7.955152531395135E-6,5.949966907148783E-6,4.1657115969674166E-6,2.73181695802409E-6,1.689201701236875E-6,1.033699961639E-6,7.453509802979607E-7,7.979791167598505E-7,1.1594943450670278E-6,1.7890461772782082E-6,2.6344919156357625E-6,3.6347940468161227E-6,4.732673008352701E-6,5.89623105389393E-6,7.1348456254332706E-6,8.490059697050207E-6,9.995346532357273E-6,1.1619539263627393E-5,1.3236527265547692E-5,1.4677753676143003E-5,1.5847711900343596E-5,1.6770907138295545E-5,1.7506553093949907E-5,1.8033906474621986E-5,1.8233811686237727E-5,1.8000860056931107E-5,1.7388754554781274E-5,1.662298993768004E-5,1.5967464267557305E-5,1.559505098409528E-5,1.5539264777118967E-5,1.568685474903609E-5,1.5784685566939162E-5,1.551195946131902E-5,1.466110352121271E-5,1.3295850335893572E-5,1.1688917366712173E-5
54.038399999999996,2.2440879279952822E-5,1.873598319791983E-5,1.6209455837536435E-5,1.4774278511996905E-5,1.43239546671423E-5,1.4848251550816788E-5,1.6484028675049975E-5,1.953357764928905E-5,2.437016630678858E-5,3.0915771985791134E-5,3.740504581150209E-5,4.0294872981151334E-5,3.8271722832889864E-5,3.40423518059051E-5,3.036769646326472E-5,2.8255261280721485E-5,2.7777891513720457E-5,2.8758368129490136E-5,3.0913291613961826E-5,3.375380821136703E-5,3.654148058689303E-5,3.856697098249628E-5,3.9601362741330147E-5,3.991303676046561E-5,3.973765624330656E-5,3.877241337681905E-5,3.624269166074329E-5,3.1773044338637554E-5,2.619247121859963E-5,2.0911701322984015E-5,1.6789622498315364E-5,1.3963093985967898E-5,1.2250366511184517E-5,1.145365863064579E-5,1.1475311390033888E-5,1.2355486909485456E-5,1.4300549758151509E-5,1.7705229768594678E-5,2.304696357978526E-5,3.024311281994919E-5,3.72177834392417E-5,4.027940167247255E-5,3.874563021480185E-5,3.56044345260823E-5,3.3307422453145936E-5,3.2630613658699435E-5,3.349307234807496E-5,3.540181407030197E-5,3.754720003335052E-5,3.910012266421401E-5,3.97630327762089E-5,3.983150752497039E-5,3.945563888458314E-5,3.785150782107302E-5,3.355308303326885E-5,2.6253819904071642E-5,1.7647000936281592E-5,1.0585486497541169E-5,8.688866315993833E-6,8.722935403759859E-6,8.470399833658888E-6,8.278868770234397E-6,8.352145437712948E-6,8.755451806942861E-6,9.554164816371707E-6,1.089342838753081E-5,1.3066950555467727E-5,1.5875984814996807E-5,9.103155170051261E-6,3.72162350143599E-7,8.262313477163241E-8,1.2921668652364777E-5,1.1106358106193447E-5,4.3515335415273095E-6,5.6908372070061696E-6,2.856035142945507E-6,3.5462046647134486E-7,4.0172986316029904E-7,6.96661237215716E-6,1.0398564755696277E-5,1.1330147456038282E-5,1.3771480966978495E-5,1.878988015570838E-5,1.991237604319635E-5,1.882052717447647E-5,1.8250409588544294E-5,1.5613407863789307E-5,1.01694351469453E-5,5.36365208996021E-6,2.4437929585658886E-6,7.978876428809482E-7,8.950974907562391E-8,1.5220271746799405E-7,9.03656360877848E-7,2.3126206672597937E-6,4.304548554400123E-6,6.647950734245675E-6,8.873590874939673E-6,1.0616424659615969E-5,1.2183589015417758E-5,1.4209598337246427E-5,1.6988046166132072E-5,1.994199053204791E-5,2.16576615313516E-5,2.1516918724440744E-5,2.0393789370011775E-5,1.9085293500214747E-5,1.767204375185534E-5,1.6013735200569837E-5,1.4141390616869786E-5,1.2225605453137222E-5,1.0379537650666945E-5,8.587469235585527E-6,6.795812448873197E-6,5.037694794789241E-6,3.4473510161994525E-6,2.16526877948977E-6,1.2672374377774063E-6,7.681922555798745E-7,6.514034913468107E-7,8.872046338828664E-7,1.4386286090634222E-6,2.2594811597395263E-6,3.288797970825134E-6,4.446172997308174E-6,5.6373193500947105E-6,6.781119881731031E-6,7.852752928960255E-6,8.909969703900813E-6,1.007518199733917E-5,1.148241753088557E-5,1.3205504447290754E-5,1.5170835445928174E-5,1.7103300027652993E-5,1.8634588052963937E-5,1.9574018280055285E-5,2.0033038338747426E-5,2.0237072350853532E-5,2.0284056015891796E-5,2.0085846371617948E-5,1.950033297654688E-5,1.852586688310389E-5,1.7358037918015077E-5,1.625526784422673E-5,1.538226389885269E-5,1.4754067219491727E-5,1.4252814346737631E-5,1.3676064302836121E-5,1.2825103922182957E-5,1.1621059266030896E-5,1.015759951927615E-5
54.601299999999995,2.513453728075855E-5,2.086513950249707E-5,1.7717197056792958E-5,1.5724060057192506E-5,1.4779356156201286E-5,1.482203274496312E-5,1.5917949056729808E-5,1.8297457848431905E-5,2.2330391861597625E-5,2.8229154954335686E-5,3.503442019344202E-5,3.9529589047928694E-5,3.883427263408053E-5,3.455703720238185E-5,3.0071858941653403E-5,2.7017293539879506E-5,2.565065868044503E-5,2.5828688171230352E-5,2.7358452736602305E-5,2.99658693377648E-5,3.3137836305322145E-5,3.609677222938207E-5,3.81504003446728E-5,3.915174446309098E-5,3.94169753394631E-5,3.913477935471617E-5,3.792402292119377E-5,3.505244620651047E-5,3.037498221264378E-5,2.4892323333716587E-5,1.992209540114987E-5,1.6145692202933094E-5,1.3613444491136308E-5,1.2139511812192612E-5,1.155485316634177E-5,1.180130385805384E-5,1.2968921873669314E-5,1.533111637785301E-5,1.9355414266211735E-5,2.5478073437939177E-5,3.306846319625052E-5,3.8892697332034584E-5,3.94535302447013E-5,3.6095794779304665E-5,3.241413534547012E-5,3.0218001119318174E-5,2.9819588276958786E-5,3.100648283010913E-5,3.329731590364369E-5,3.589393096000846E-5,3.789504123603566E-5,3.888302168209815E-5,3.9095252050561965E-5,3.8718435163149185E-5,3.705461830664367E-5,3.249785478672048E-5,2.3698212655757616E-5,1.308791678717846E-5,9.173291570135879E-6,8.913733291891932E-6,8.580399193424494E-6,8.253034804077249E-6,8.167099598004375E-6,8.42003802309699E-6,9.10561752412997E-6,1.0426731312053195E-5,1.2830590474464892E-5,1.5718394030869677E-5,3.4501272251030676E-6,3.0695112286985776E-7,7.400561936984123E-7,1.8163124486009187E-5,5.148655230199243E-6,4.062030991719626E-6,2.735635418228313E-6,6.330859510891233E-7,2.760490539710257E-7,3.0120301467814976E-6,1.1923004681862175E-5,1.3425840195321488E-5,1.2861683701829612E-5,1.510882160796603E-5,1.9429839260718288E-5,1.897969261374616E-5,1.682204944442376E-5,1.4866783383480965E-5,1.1548133302692017E-5,6.78336786994495E-6,2.950475656060967E-6,8.656660142913205E-7,6.338619673562116E-8,1.6376525145402554E-7,9.706116289632826E-7,2.410166880373933E-6,4.413226230662295E-6,6.809702809728314E-6,9.210770528809248E-6,1.0943812811513359E-5,1.1764790376259288E-5,1.2341889156548788E-5,1.3412691459498462E-5,1.5232197207765296E-5,1.7352166936322942E-5,1.8596110846754836E-5,1.818893403860389E-5,1.6643786714105607E-5,1.4738965637656272E-5,1.279528567596653E-5,1.088965273889497E-5,9.082570284840014E-6,7.435068127101501E-6,5.959402895411375E-6,4.6113378394953465E-6,3.3471870085761795E-6,2.1952706109007453E-6,1.2546795482032188E-6,6.24233598392753E-7,3.533577884563306E-7,4.456088410456833E-7,8.794594913121327E-7,1.6215839825497718E-6,2.6302936783105877E-6,3.852200782094448E-6,5.213448329418749E-6,6.60846234917536E-6,7.90099847747922E-6,8.964222795043329E-6,9.75779970892488E-6,1.037443962741523E-5,1.100121410481017E-5,1.1838839571964914E-5,1.303935924243736E-5,1.4652968831328954E-5,1.655003857989762E-5,1.8365830325404303E-5,1.9633849167322535E-5,2.0125281846383842E-5,2.0010454092129634E-5,1.9627093407491686E-5,1.9187721284227418E-5,1.8694026082167924E-5,1.8024887437209824E-5,1.709404000600046E-5,1.5955852192116945E-5,1.4767096757350509E-5,1.3664894539142965E-5,1.2688711811569268E-5,1.1781749684034784E-5,1.0838893596154541E-5,9.772742547159478E-6,8.569961330658609E-6
55.164199999999994,2.8093969159016806E-5,2.3416363556147092E-5,1.9639230498492454E-5,1.702678740415255E-5,1.553350241810848E-5,1.5069289928212644E-5,1.5634681530493593E-5,1.7381329894061377E-5,2.0626908128008785E-5,2.5715124228658058E-5,3.232943128749627E-5,3.809020196607697E-5,3.921245518720599E-5,3.546639957816156E-5,3.035696149412068E-5,2.6366264897008023E-5,2.4089811317812448E-5,2.3417052650164264E-5,2.4161753657788813E-5,2.6163542287080512E-5,2.916375531427259E-5,3.2620141566896677E-5,3.5713500196701626E-5,3.7772033054758526E-5,3.872973905970097E-5,3.8944713446318345E-5,3.856440210343394E-5,3.715388197213964E-5,3.404154738100685E-5,2.9269665655296617E-5,2.393143648950484E-5,1.924126442819848E-5,1.575054579564224E-5,1.3459271240101908E-5,1.2189223093792573E-5,1.1801187439073234E-5,1.2276976333630226E-5,1.3760408567600959E-5,1.659777520050551E-5,2.1315811852307208E-5,2.8183543390184036E-5,3.567057544431156E-5,3.945698735436681E-5,3.7386383449714225E-5,3.2786009745873624E-5,2.900655010545273E-5,2.7078574519886594E-5,2.6981081732772065E-5,2.84578143518719E-5,3.1085234793123107E-5,3.41113922737653E-5,3.658289500188507E-5,3.7961876909730164E-5,3.844807907463215E-5,3.83439737524327E-5,3.698334148380292E-5,3.109774555446603E-5,1.7187127379851784E-5,1.016232372550427E-5,9.405761909038479E-6,8.951271324044303E-6,8.474656465435741E-6,8.219023592347225E-6,8.311464759557786E-6,8.872263119845576E-6,1.0166590925243504E-5,1.284011815551871E-5,1.4823168432242127E-5,2.300793665152864E-7,1.075768607305148E-7,9.043113767841534E-6,1.8588156392674136E-5,2.876670989800249E-6,2.545294398261193E-6,8.176286738733383E-7,7.613663660881039E-9,1.8332027519691628E-6,8.390743621617233E-6,1.5974453431232458E-5,1.4871553081077783E-5,1.298625107671431E-5,1.4737104249717084E-5,1.7247104668658082E-5,1.5611535111758774E-5,1.2890118763246357E-5,1.021415511890141E-5,6.9203659454741075E-6,3.3325890567864864E-6,9.170873585356276E-7,3.5377748982326714E-8,2.2899973557504012E-7,1.1478410911317138E-6,2.66660657300889E-6,4.72549378739087E-6,7.190995547893957E-6,9.830155605174415E-6,1.2125642123822491E-5,1.3186805265644072E-5,1.2958664495104937E-5,1.2487025622325741E-5,1.254975642851428E-5,1.3283388372170566E-5,1.4289479343947691E-5,1.4732211812915937E-5,1.4008358754069368E-5,1.2347457297892559E-5,1.0309983493459292E-5,8.252586440126264E-6,6.339012957488994E-6,4.655086841182794E-6,3.2484723353380856E-6,2.1319732924524767E-6,1.2845374038641665E-6,6.651192850007312E-7,2.460546797203829E-7,4.0756041656217634E-8,9.022882532515006E-8,4.273533275984313E-7,1.0591543378921997E-6,1.969280456940588E-6,3.1252785766099236E-6,4.4837330753458E-6,5.991666184009428E-6,7.579528362776905E-6,9.140100876978563E-6,1.0506582242286278E-5,1.148268087128071E-5,1.1963049129967004E-5,1.2045509398015742E-5,1.1986569831307989E-5,1.2054514934676718E-5,1.2436473732222395E-5,1.3220732949363622E-5,1.4384286368475731E-5,1.574921083518328E-5,1.6962397345815614E-5,1.762447538161713E-5,1.755715988534161E-5,1.6921710434506494E-5,1.6040348106773705E-5,1.516414305887196E-5,1.4388385034581286E-5,1.3682676761953656E-5,1.296116615905092E-5,1.2157667331085823E-5,1.1269604018477167E-5,1.0342380134409265E-5,9.420381608070765E-6,8.516842037662349E-6,7.619998038180777E-6,6.71846745197742E-6
55.72709999999999,3.1105212415288776E-5,2.633684537328148E-5,2.2013789246549755E-5,1.8742135672710372E-5,1.663607862812889E-5,1.5621079524532804E-5,1.564701605116947E-5,1.6788038367782407E-5,1.9285052451805034E-5,2.350108314450318E-5,2.9527727513611993E-5,3.5965993639000546E-5,3.907966252977902E-5,3.6588741354117665E-5,3.121039290992887E-5,2.6328245792432695E-5,2.3127372626023672E-5,2.1598332229505807E-5,2.1519555591491327E-5,2.2739471644277053E-5,2.5144105516259892E-5,2.8487055174258364E-5,3.219015431754233E-5,3.5389226900711974E-5,3.7435045903133545E-5,3.834232276555617E-5,3.850995649013138E-5,3.80542492040039E-5,3.650596068931373E-5,3.325290325255732E-5,2.847160559985507E-5,2.3293619876925735E-5,1.884217807520767E-5,1.5581311726108643E-5,1.348616110520355E-5,1.2393090833487546E-5,1.219330835547766E-5,1.2910143835974862E-5,1.4746109880968042E-5,1.8123390811987877E-5,2.3589103652277344E-5,3.102732224180921E-5,3.763880096772534E-5,3.865352205491779E-5,3.433144300221013E-5,2.9160279862429277E-5,2.560844555781441E-5,2.402866801717646E-5,2.421305764168455E-5,2.592600787945548E-5,2.8835272345691745E-5,3.227233245849765E-5,3.526650563711877E-5,3.7173825053792455E-5,3.819658728083319E-5,3.8843989784306545E-5,3.7452952016406104E-5,2.3248764653754264E-5,1.1733605345305601E-5,1.0191890711103134E-5,9.569519726539315E-6,8.934213377944983E-6,8.501528712042631E-6,8.427258841322913E-6,8.860950144932425E-6,1.014076809456058E-5,1.3155035232494484E-5,1.1232065109675266E-5,1.2887556228352848E-8,5.144440263788484E-7,1.325310253214902E-5,1.0605878946974796E-5,2.147989409040929E-6,9.627057808209425E-7,3.379515615548904E-8,7.138009244659647E-7,4.3483908785945425E-6,1.3169597592975381E-5,1.837904772419028E-5,1.4747367585161538E-5,1.2020801504474483E-5,1.2886399779991499E-5,1.3241974676111651E-5,1.0901555842581143E-5,8.08655389720649E-6,5.407839601360787E-6,2.8006150553161055E-6,7.706044169290443E-7,4.249347188341093E-8,4.757582478729538E-7,1.5998223729636948E-6,3.238480199865908E-6,5.376333095363504E-6,7.905410243423228E-6,1.0604740762096833E-5,1.3280479945940561E-5,1.5364700062928316E-5,1.5717649339792014E-5,1.4417016996991675E-5,1.2879334309770586E-5,1.1949317449638898E-5,1.1655265414938802E-5,1.1602767646657803E-5,1.1213152301893445E-5,1.0124312542404245E-5,8.462849629566098E-6,6.58297188204778E-6,4.762374144264789E-6,3.1566494628527894E-6,1.8476490248947216E-6,8.794167276125824E-7,2.725780616423957E-7,2.1222281132686814E-8,7.994914274431109E-8,3.6744320465253675E-7,8.11373026360231E-7,1.3974390941247691E-6,2.1607937663306416E-6,3.1376882752700133E-6,4.331971739786253E-6,5.710665157102615E-6,7.2181898249326994E-6,8.797378854804235E-6,1.0399347019913972E-5,1.1959550943260233E-5,1.333905860845539E-5,1.4293924027327642E-5,1.458695200452011E-5,1.4214508397008131E-5,1.3466678863523273E-5,1.2718887635274247E-5,1.2230279044780445E-5,1.2107759180184834E-5,1.2346096074458327E-5,1.2850484857501192E-5,1.343244385718598E-5,1.3827224734901912E-5,1.3787663779235863E-5,1.322282481984739E-5,1.2247600896775717E-5,1.1087612916622979E-5,9.94885327563928E-6,8.955018491854676E-6,8.147915550580428E-6,7.508412262201413E-6,6.979232362015633E-6,6.492571324078089E-6,6.000475688815339E-6,5.490647581394287E-6,4.978227847571468E-6,4.4874968683273264E-6
56.28999999999999,3.38433881853504E-5,2.946024327928892E-5,2.4829649705708516E-5,2.0924697297059254E-5,1.8148044595403118E-5,1.652230017892961E-5,1.597901894370555E-5,1.652436864735043E-5,1.831401033982331E-5,2.1663794615894635E-5,2.6861499983215636E-5,3.332927894459977E-5,3.815783585021694E-5,3.761570549822403E-5,3.2562330951968946E-5,2.6921837373151422E-5,2.2779696907649038E-5,2.038901280005971E-5,1.950182345764367E-5,1.9910620359936548E-5,2.1523729344906623E-5,2.4272993174925196E-5,2.7918582202206146E-5,3.183950290326161E-5,3.5122359913639385E-5,3.714153166927084E-5,3.7993791659267634E-5,3.8122243816001384E-5,3.76246251880724E-5,3.601047501628308E-5,3.271103342035553E-5,2.7982848721411968E-5,2.296236844608714E-5,1.8704683856823812E-5,1.562298998215118E-5,1.368605537295752E-5,1.274931403728453E-5,1.2735132808811902E-5,1.3710824234434117E-5,1.5942526718523778E-5,1.9923400644483026E-5,2.6137099581326672E-5,3.3755212391939774E-5,3.853253549702617E-5,3.651185601311048E-5,3.069593741212031E-5,2.5528385592102735E-5,2.2388801166773985E-5,2.1168364273461487E-5,2.159018148551713E-5,2.34789136769036E-5,2.661903401988611E-5,3.047325259737132E-5,3.411782835773273E-5,3.6844692626339456E-5,3.8911344857655664E-5,4.0628753979477815E-5,3.0559365235708454E-5,1.3919510502552349E-5,1.1228883935861774E-5,1.0390220458808078E-5,9.599315077738852E-6,8.992275069805734E-6,8.751329224986331E-6,9.063123781958089E-6,1.0359072053274414E-5,1.375262658903454E-5,4.2251130420762974E-6,7.450276285715669E-7,2.114019288140743E-6,1.5438937150795924E-5,4.024932707858487E-6,1.2171392576405712E-6,1.1517619345282392E-7,2.8015889993501306E-7,2.3156935742826836E-6,7.315017434971836E-6,1.6006794958521383E-5,1.9036791517129727E-5,1.3508760101771433E-5,1.0438650516073116E-5,1.0191539103960323E-5,8.928232721072117E-6,6.391683932403953E-6,3.9035350971890964E-6,1.8286704478013353E-6,4.1091637746148686E-7,1.2638844694310886E-7,1.041345619713564E-6,2.5416325942904758E-6,4.325290007637571E-6,6.508619188514335E-6,9.120229102554218E-6,1.1860256078204289E-5,1.4411383248792651E-5,1.6791544546380497E-5,1.8552514047476062E-5,1.8348952228776035E-5,1.6142338076950907E-5,1.3585485018180064E-5,1.1686959230295532E-5,1.0456272573342797E-5,9.51438083197208E-6,8.450575349943963E-6,7.071741185286959E-6,5.475224520863892E-6,3.880280688994365E-6,2.4687678257829782E-6,1.351794044638768E-6,5.926906007266208E-7,2.3046216163598494E-7,2.8798326876189334E-7,7.599118151285989E-7,1.5808587257907091E-6,2.604728710597706E-6,3.6606047084111065E-6,4.670144484824255E-6,5.686193859957396E-6,6.810963737096155E-6,8.099820096737154E-6,9.521422994767745E-6,1.0979138169316313E-5,1.2377075319590405E-5,1.368156051699666E-5,1.4912999774229944E-5,1.6053946778398215E-5,1.6935889331882923E-5,1.7237231313658634E-5,1.671612996339879E-5,1.550052319930059E-5,1.402521578197132E-5,1.2696911497280123E-5,1.1713093512325136E-5,1.1095439717147974E-5,1.076956857768286E-5,1.0610577740633461E-5,1.0464034238019895E-5,1.0172330222929649E-5,9.620191424894783E-6,8.780294468237907E-6,7.72194578734731E-6,6.572193719258628E-6,5.4603396293734E-6,4.48125512055252E-6,3.685876611042444E-6,3.0873714274427467E-6,2.670846101175304E-6,2.4025537890603325E-6,2.2410616694035233E-6,2.151676139818001E-6,2.117599948047745E-6
56.8529,3.5945480578464606E-5,3.247462941799647E-5,2.797246812096846E-5,2.359543250630003E-5,2.0133431263301866E-5,1.783204086677989E-5,1.666924268613137E-5,1.6606815061114595E-5,1.77184828803349E-5,2.0240362997434587E-5,2.450709482026929E-5,3.047331918793068E-5,3.635585682354946E-5,3.8131667618614314E-5,3.423471585602351E-5,2.8149209548062856E-5,2.306767842066677E-5,1.9788012494204172E-5,1.810806787328456E-5,1.774232400379049E-5,1.8542879599758366E-5,2.0480132514511656E-5,2.3526752480203962E-5,2.7444111027073972E-5,3.156169521969102E-5,3.491136850150241E-5,3.689133343941584E-5,3.768404367889251E-5,3.778425417288248E-5,3.7285006088850784E-5,3.568211823152925E-5,3.242491867880198E-5,2.7798243950310613E-5,2.2923667397117633E-5,1.881534804769671E-5,1.5867124694795958E-5,1.4055815761257803E-5,1.3259366398859501E-5,1.3432422956505043E-5,1.4689202343349732E-5,1.7362370118866237E-5,2.1994671587747504E-5,2.8852589789114785E-5,3.599391604560396E-5,3.8054639777628755E-5,3.3359011754969865E-5,2.689981346375578E-5,2.211476219852183E-5,1.9452800318354587E-5,1.8559140283993755E-5,1.916392627832145E-5,2.117359388308952E-5,2.4516380132445558E-5,2.8864693317543483E-5,3.347462463963697E-5,3.764240251601023E-5,4.1251625822579064E-5,3.660415349221749E-5,1.6574076121083572E-5,1.2404894182899627E-5,1.1314243736884917E-5,1.0394758545295172E-5,9.637940416874816E-6,9.244615188259751E-6,9.450059017606319E-6,1.0807896015917849E-5,1.4233236291849855E-5,1.2994755535212048E-7,1.0508888925774625E-6,1.3789833796829806E-5,1.57254495727449E-5,1.7656224659364463E-6,2.7687097043488084E-7,1.1715221178858914E-7,1.3520121756970706E-6,4.62362271341384E-6,1.0133153562355317E-5,1.7395140310778043E-5,1.8243694817234362E-5,1.1693758980519946E-5,8.593033109127545E-6,7.332257544043547E-6,5.312016714675396E-6,3.047612101449325E-6,1.2397138928520363E-6,1.7193410007846275E-7,1.964085369464501E-7,1.5916290259198685E-6,3.7670383626937227E-6,5.840093285384421E-6,7.9486144064994E-6,1.0528174762614197E-5,1.350967724548387E-5,1.6176503099718107E-5,1.8089842301593988E-5,1.9673717651029538E-5,2.0845588311104342E-5,2.0331207777208422E-5,1.7702060136401942E-5,1.4401525491706788E-5,1.1637909456407981E-5,9.571272667852791E-6,7.91046315922436E-6,6.365997679519461E-6,4.831605752558894E-6,3.374207260920642E-6,2.1186170597090975E-6,1.165794017514835E-6,5.78501590551711E-7,3.9505340752823484E-7,6.425157054284683E-7,1.3401716168037278E-6,2.485947323602276E-6,4.0119604157255065E-6,5.7236543261899705E-6,7.332002807790346E-6,8.653678203767533E-6,9.75815256331004E-6,1.086222020525681E-5,1.2136280428771093E-5,1.3591259581668165E-5,1.5061725580038728E-5,1.6304385121619794E-5,1.71875233293961E-5,1.7789937617178768E-5,1.8285439975303337E-5,1.8735876609959273E-5,1.8962966127639193E-5,1.861048980528412E-5,1.744933291565135E-5,1.5663215694093072E-5,1.37145095107775E-5,1.198211370182708E-5,1.0612146817600547E-5,9.583092577241964E-6,8.801209970129714E-6,8.155972865931141E-6,7.545937022655079E-6,6.893763819120984E-6,6.1574343352648565E-6,5.335746067409249E-6,4.464228192689612E-6,3.6011885528719636E-6,2.8086209231719344E-6,2.1351403231745696E-6,1.6066284665868447E-6,1.2263181889601224E-6,9.821868714524389E-7,8.575437155212638E-7,8.405390204809893E-7,9.288674527009936E-7
57.4158,3.714890978506073E-5,3.495814418636186E-5,3.1166596730361053E-5,2.6688195688325037E-5,2.2636284479552838E-5,1.9618560493033605E-5,1.7772487008465675E-5,1.706625782686076E-5,1.7508320411485134E-5,1.924534046763372E-5,2.2571939676990903E-5,2.7704408636945924E-5,3.384246625940691E-5,3.773642624713963E-5,3.588259784710478E-5,2.9958975371408288E-5,2.4022050656290192E-5,1.9804042436345476E-5,1.7317160840682827E-5,1.6216596360985847E-5,1.626231254455973E-5,1.737436089065302E-5,1.9579431211442614E-5,2.2885902300682316E-5,2.705223215834228E-5,3.1351659505895714E-5,3.47539831777014E-5,3.668090694452174E-5,3.74069352793342E-5,3.7489404540827716E-5,3.703132914955171E-5,3.5518917554519134E-5,3.238982296746925E-5,2.7907970664475296E-5,2.3166615227400795E-5,1.9166482068002086E-5,1.6310349786792373E-5,1.4595759649603838E-5,1.3926474647723135E-5,1.4290868102520209E-5,1.585252307678603E-5,1.900806305916638E-5,2.4299545393882724E-5,3.153412252865359E-5,3.732495894591123E-5,3.621539793104879E-5,2.9680891605934547E-5,2.3269162087901403E-5,1.9049051350516402E-5,1.6850558617412106E-5,1.623029703012527E-5,1.6966226052250205E-5,1.90611828976269E-5,2.2635213897490553E-5,2.7737265345199167E-5,3.4106362197540117E-5,4.052218079740772E-5,3.9415355420955865E-5,1.924130690533876E-5,1.352542231912937E-5,1.218104510286045E-5,1.1189695017733257E-5,1.0339314335223995E-5,9.832327613169435E-6,9.962936520748855E-6,1.1429168347108731E-5,1.2696518739802588E-5,1.5638509460200166E-6,1.0556119249921407E-6,1.7023131730789484E-5,1.0732747358912483E-5,8.288531852339736E-7,1.7689752361499552E-8,9.015763148505185E-7,3.0629879912607327E-6,7.618510572354251E-6,1.2432020884128317E-5,1.782888574496124E-5,1.6458318109184665E-5,9.704263553692773E-6,6.6802835993422705E-6,4.778135344261021E-6,2.715415975029018E-6,1.0416485813005256E-6,1.1194807109285229E-7,1.7899121040166155E-7,1.5674639754280209E-6,4.242328333262132E-6,7.003314314992228E-6,9.064965804355575E-6,1.1158289052791746E-5,1.3989045717040313E-5,1.733429294953663E-5,1.9858095309514176E-5,2.0824885381812353E-5,2.113811870981889E-5,2.1279279103396953E-5,2.046337541849884E-5,1.8026168850613033E-5,1.4642786764456713E-5,1.1393881587498006E-5,8.711739717305086E-6,6.533668658998802E-6,4.706169802584583E-6,3.163981394835149E-6,1.928526179117593E-6,1.0463795332303134E-6,5.520329207934753E-7,4.632814821811984E-7,7.878880311155729E-7,1.5303358650402923E-6,2.697500712642978E-6,4.296355276489466E-6,6.294975652258484E-6,8.51922280254366E-6,1.058403174620006E-5,1.210380530475526E-5,1.3059576527835261E-5,1.3790194564077767E-5,1.4666246310967348E-5,1.5869858070980782E-5,1.7323288841961352E-5,1.869512319015534E-5,1.9575145714278952E-5,1.9803317900964565E-5,1.9589765363355367E-5,1.9262258771435035E-5,1.8971112503361463E-5,1.8588601345869498E-5,1.780512914236252E-5,1.6398254713252522E-5,1.448020505997198E-5,1.2417259799544796E-5,1.0534758631863364E-5,8.969322575743035E-6,7.711996896484288E-6,6.694150642314395E-6,5.841627902255547E-6,5.097155394044624E-6,4.425932343541724E-6,3.8139369752053792E-6,3.2632046599293396E-6,2.7857138094057176E-6,2.396450456700519E-6,2.1062469361201544E-6,1.9160006666976083E-6,1.814874635299795E-6,1.7841398126675162E-6,1.8051164584021986E-6,1.8671912785983066E-6,1.9727353710128324E-6
57.978699999999996,3.741436223604166E-5,3.6519543161387416E-5,3.3965930301188445E-5,2.997499586976876E-5,2.5630932174620206E-5,2.1941269342746805E-5,1.9357303855233083E-5,1.795118229875787E-5,1.77060080578316E-5,1.8687122978208958E-5,2.1108704711703206E-5,2.525962860793065E-5,3.0978380502593233E-5,3.625132606372319E-5,3.6991797704615056E-5,3.217194637705937E-5,2.5667181400897338E-5,2.0469630823894874E-5,1.7120175921069167E-5,1.5291810926262836E-5,1.464612846344575E-5,1.501142190342688E-5,1.6369995184430274E-5,1.8797659670434746E-5,2.2334759896497445E-5,2.6734066530129908E-5,3.120527623260547E-5,3.4646448629858205E-5,3.650228289353635E-5,3.7148859954975926E-5,3.7219903506411245E-5,3.68438132022314E-5,3.5500849757241774E-5,3.258719156665908E-5,2.8297433381667132E-5,2.3682377168407432E-5,1.9754558274578785E-5,1.6952742393954837E-5,1.5308002051558945E-5,1.4753713156110532E-5,1.531343404110311E-5,1.7200601170866748E-5,2.0862668562265033E-5,2.6747737796180622E-5,3.388695768000675E-5,3.744117550911501E-5,3.33489509674648E-5,2.5939253343532954E-5,1.9999821726088513E-5,1.638286167894206E-5,1.4591822339784336E-5,1.4187612329491189E-5,1.5015856943544204E-5,1.7199749931390773E-5,2.116959445216459E-5,2.7795785227137653E-5,3.758388761412401E-5,3.9843594613728296E-5,2.1266270973255305E-5,1.4354151109292329E-5,1.2801479026297539E-5,1.181497820510561E-5,1.0954820085605753E-5,1.0400701687986358E-5,1.0506350703791354E-5,1.2062429751749926E-5,5.817105834559035E-6,3.701180033856152E-6,2.7467893300395888E-6,1.591493351577535E-5,4.103737422506267E-6,1.0573797904505646E-7,6.279573328973853E-7,2.3234018798959082E-6,5.409196351708077E-6,1.1002634374469075E-5,1.4155849662666953E-5,1.760296803116225E-5,1.413456352909158E-5,7.751616892664482E-6,4.822641736000718E-6,2.745398317592749E-6,1.077217711856756E-6,1.4305039639206099E-7,1.2363518095484004E-7,1.228450381541638E-6,3.6647447949297397E-6,7.009770372786122E-6,9.59369325273834E-6,1.1067418324310853E-5,1.2696820912632588E-5,1.5338647028546228E-5,1.8768052014328687E-5,2.1255027764903358E-5,2.1498707153538976E-5,2.0540095590231944E-5,1.941856017228643E-5,1.802814844523041E-5,1.5946277714668122E-5,1.317785534445234E-5,1.017171437775486E-5,7.385278680155391E-6,5.044707898005363E-6,3.197045054414659E-6,1.8276346797146364E-6,9.185642092625646E-7,4.544403638133E-7,4.1710632404899033E-7,7.83589708121909E-7,1.5261182451688148E-6,2.6164241386483247E-6,4.0387427225292556E-6,5.805280906626719E-6,7.940209733733228E-6,1.0374266147747473E-5,1.2765862428198022E-5,1.4532171331287244E-5,1.5349197412985232E-5,1.5509219104770053E-5,1.5573900038545607E-5,1.5936734161223017E-5,1.6711660804080965E-5,1.775114756656897E-5,1.8684143975482645E-5,1.9088048756316554E-5,1.879848697397525E-5,1.802659915576668E-5,1.7122033509882833E-5,1.6292801266504575E-5,1.551455030922213E-5,1.4595453252992498E-5,1.3341101988490952E-5,1.1736673502870813E-5,9.972510068433129E-6,8.286715895158077E-6,6.8241377298995485E-6,5.621844923821082E-6,4.658772366879147E-6,3.899386548550695E-6,3.3144936516004775E-6,2.886522852907887E-6,2.607683644758527E-6,2.475285699172995E-6,2.4854740311059597E-6,2.6256259645730483E-6,2.8669904627057747E-6,3.1624674779324065E-6,3.455923568751139E-6,3.7026626764329912E-6,3.888279336414852E-6,4.031841023997872E-6
58.5416,3.6936661834073365E-5,3.698624700357875E-5,3.586863510844296E-5,3.301419628418894E-5,2.8939000308305124E-5,2.4806235403477845E-5,2.1492280028760017E-5,1.9327319478881677E-5,1.8352019669763722E-5,1.8581011958974444E-5,2.0139535655895997E-5,2.3282944782496423E-5,2.8159256935863457E-5,3.385437965361228E-5,3.703092475227756E-5,3.4386709124487773E-5,2.7967870956046608E-5,2.1840289185992245E-5,1.753914667604948E-5,1.4940320898011726E-5,1.3632483068309237E-5,1.3336871427782037E-5,1.3948129219930828E-5,1.5501504979412736E-5,1.8115759183271517E-5,2.1861123937029577E-5,2.648297999765746E-5,3.111896944249442E-5,3.458285954061279E-5,3.634218762570788E-5,3.6887703190900956E-5,3.694545280532843E-5,3.668529859249104E-5,3.558781806793425E-5,3.298227468339235E-5,2.894460298941018E-5,2.446160204851657E-5,2.057797009345181E-5,1.7795842770822203E-5,1.619444889049103E-5,1.5741569755146742E-5,1.6496861760656005E-5,1.871998796235728E-5,2.2879406633421297E-5,2.9184642501476424E-5,3.557901864227951E-5,3.630473474270182E-5,2.9957405642886256E-5,2.24581588683674E-5,1.717400296663887E-5,1.4114916260135886E-5,1.2660587106663256E-5,1.242227132776365E-5,1.332865062091033E-5,1.5689356090268846E-5,2.059980759131509E-5,3.097520689058751E-5,3.8942733338373385E-5,2.2203137631322233E-5,1.4702092669079568E-5,1.3024247595994835E-5,1.211732440305038E-5,1.1337616417555811E-5,1.0819506712334034E-5,1.0958681640562615E-5,1.2262807085112691E-5,2.893913615712078E-7,2.4410072857389126E-6,1.0444437667503505E-5,1.3155443123032529E-5,1.1423954803784276E-6,3.0165242289515676E-7,2.0431218617500675E-6,4.156409661336445E-6,8.571416036465676E-6,1.4214467495825368E-5,1.5343558456401513E-5,1.6859683231900627E-5,1.1619540231803469E-5,5.89955916854906E-6,3.1275091296826477E-6,1.283400997643253E-6,2.2885409610906637E-7,6.799777099726354E-8,8.924871986270734E-7,2.838719827009175E-6,5.961435548874424E-6,9.43789907431014E-6,1.13037831744E-5,1.1809487145626436E-5,1.2577405068475578E-5,1.44108928391978E-5,1.7136051046883E-5,1.924316458039483E-5,1.9186698862391977E-5,1.7554907717398057E-5,1.5542820434390507E-5,1.3560503537511403E-5,1.1581197734311492E-5,9.506748006515816E-6,7.303610396702714E-6,5.0992638656347895E-6,3.1512047235296195E-6,1.6658290760961747E-6,7.106180694338266E-7,2.6685481011693064E-7,2.890766688412481E-7,7.259800339071994E-7,1.5203232285904744E-6,2.606149387548097E-6,3.916225730663292E-6,5.406631842888424E-6,7.088959207326446E-6,9.034382586357154E-6,1.1295400914205893E-5,1.3711288495434933E-5,1.5731555815946723E-5,1.6693979124432497E-5,1.6526961524295318E-5,1.5813951860243562E-5,1.5161235217722239E-5,1.4853006702660398E-5,1.4895967547192358E-5,1.5120655515045544E-5,1.5256135400598984E-5,1.5042384290068884E-5,1.4379912649957299E-5,1.3387486674560578E-5,1.2293882640510282E-5,1.1278634416948206E-5,1.0391143329894392E-5,9.56048663311011E-6,8.664345833413236E-6,7.627122720763609E-6,6.483646425141361E-6,5.349768064440486E-6,4.340512271487675E-6,3.5215640748320386E-6,2.912355271808121E-6,2.5082042178566734E-6,2.297600929632233E-6,2.2702588675942924E-6,2.4187945822928884E-6,2.736367569113414E-6,3.210520034604042E-6,3.8126206573012333E-6,4.485033722282134E-6,5.136139423016411E-6,5.660108142811359E-6,5.984106319274739E-6,6.109440189658755E-6
59.104499999999994,3.6041154829706736E-5,3.649362732255059E-5,3.655122023635346E-5,3.521979287420733E-5,3.2142443511384294E-5,2.808078354956386E-5,2.4207013655786023E-5,2.1267522422305856E-5,1.950665217695343E-5,1.8958561310969032E-5,1.967890738343102E-5,2.1844790704817136E-5,2.569059557444082E-5,3.099812982787126E-5,3.575124791053745E-5,3.596011263687678E-5,3.0720876083536056E-5,2.396730544928177E-5,1.8634965524401348E-5,1.5169634253876826E-5,1.3175728937445916E-5,1.2269082970135996E-5,1.2239910579456097E-5,1.3039352425958711E-5,1.4746691466633443E-5,1.751905182752909E-5,2.145596044247138E-5,2.6294364522765508E-5,3.108937678561483E-5,3.455457278667758E-5,3.618137342566974E-5,3.659236165811976E-5,3.6622917131490506E-5,3.650046926817268E-5,3.57172694499558E-5,3.3519620544120967E-5,2.9814786139725965E-5,2.549013687630057E-5,2.1633935187587585E-5,1.8840183876716983E-5,1.7254352335531703E-5,1.688498338571072E-5,1.782750835072869E-5,2.037763610950629E-5,2.4973416119958796E-5,3.140064391110002E-5,3.635430724335206E-5,3.4178665697587255E-5,2.6510031545160783E-5,1.9405784492033083E-5,1.479694232049019E-5,1.2213605021742983E-5,1.1026928319309725E-5,1.0920095832050664E-5,1.1938944708951624E-5,1.479233333748766E-5,2.248823446661777E-5,3.559040019514158E-5,2.200839141536153E-5,1.449260449153009E-5,1.2786538381557003E-5,1.2014877918724597E-5,1.1389929434088131E-5,1.0988285012008496E-5,1.1201265014580745E-5,1.0731795319337117E-5,6.596671789201853E-6,1.350481455328781E-6,1.3129491928008922E-5,7.873608171825818E-6,2.2298509001601744E-7,1.8101508238741978E-6,4.001509812081165E-6,6.131739305573767E-6,1.2467542315438597E-5,1.675721919310253E-5,1.5939175825203353E-5,1.5561173670054224E-5,9.10801299286696E-6,4.147013332519601E-6,1.6967819425606824E-6,3.7672965733652745E-7,2.79430785950458E-8,6.193139276155482E-7,2.1855199743957337E-6,4.760253986537502E-6,8.269482785006795E-6,1.1554504950266897E-5,1.2483367277962027E-5,1.1903079844569537E-5,1.1672128899629005E-5,1.2409312515513843E-5,1.3867215933777072E-5,1.49621683082993E-5,1.4543828721943833E-5,1.278740481379022E-5,1.056599469935043E-5,8.41867294405914E-6,6.531380353611068E-6,4.916031611709866E-6,3.494332074354121E-6,2.2013609423931243E-6,1.1008780118048817E-6,3.443239379938832E-7,3.229355788807515E-8,1.777995700093234E-7,7.44102668960797E-7,1.669586545980702E-6,2.8699231689461443E-6,4.237852383943714E-6,5.6607000923440154E-6,7.064697967439199E-6,8.46499450291437E-6,9.973647214439471E-6,1.1732296928593186E-5,1.3760249476510126E-5,1.5740380139794675E-5,1.697973049373355E-5,1.69457675843042E-5,1.5880711304424975E-5,1.448080945414725E-5,1.3240113481506403E-5,1.2302568195124904E-5,1.1605949865385203E-5,1.1010727155033899E-5,1.0373103853907464E-5,9.594529559655011E-6,8.655318959035339E-6,7.617266077795601E-6,6.588374986301454E-6,5.668567048240802E-6,4.907012279787982E-6,4.290466743439714E-6,3.7640374850058947E-6,3.2722007293879743E-6,2.796466450764609E-6,2.3640599468819092E-6,2.0247060694176615E-6,1.8209200922509638E-6,1.774555073507408E-6,1.8896489488789851E-6,2.1609206553229724E-6,2.5807651869717785E-6,3.1426373032382912E-6,3.84021914626838E-6,4.6609467260014645E-6,5.571872403115413E-6,6.499452450422915E-6,7.317777111569654E-6,7.875595918363702E-6,8.074353152286446E-6
59.66739999999999,3.5053942261121746E-5,3.5398900781084206E-5,3.605546143591533E-5,3.6113997501871235E-5,3.4598033464790024E-5,3.138008137010398E-5,2.740771295369617E-5,2.3817799381255352E-5,2.124303399922212E-5,1.9872485391048378E-5,1.9750821929086077E-5,2.097655751713608E-5,2.37532284091066E-5,2.8181599882644732E-5,3.338889423318178E-5,3.622560772697603E-5,3.34152019030124E-5,2.6816475355873193E-5,2.0499175927428744E-5,1.60344671654237E-5,1.3268705395659909E-5,1.1745760089009804E-5,1.1144340210150642E-5,1.131658555187639E-5,1.2259334334785821E-5,1.4088580769096471E-5,1.699672443874207E-5,2.1113150609376932E-5,2.6165503250543866E-5,3.11130738283486E-5,3.45496563791106E-5,3.599421304279394E-5,3.62230675312715E-5,3.619745470156916E-5,3.621680739787714E-5,3.580259592734635E-5,3.4117277476342086E-5,3.085288357742469E-5,2.674269619574687E-5,2.2914256142586926E-5,2.0082221432102084E-5,1.8481490792761617E-5,1.817013777936411E-5,1.9277278052283646E-5,2.211614351046681E-5,2.7022138126689712E-5,3.317372531959251E-5,3.614794211220033E-5,3.14991781278263E-5,2.3327066917123168E-5,1.6831472202243915E-5,1.2831109771395073E-5,1.0632982961736923E-5,9.655872415857575E-6,9.674980757723325E-6,1.0967470145144741E-5,1.546420781536806E-5,2.8584727458731165E-5,2.0782171689487587E-5,1.3757295872219242E-5,1.2116845323185814E-5,1.1512032949181025E-5,1.1091765384726365E-5,1.0873624341029755E-5,1.1132975852325414E-5,5.315997987192376E-6,1.1515879670763714E-5,1.951307608146484E-6,9.282975633241004E-6,2.4959762065603836E-6,9.75127237331833E-7,4.418954691774729E-6,5.988645398333361E-6,7.982933668219206E-6,1.6033760394111894E-5,1.8096750306969107E-5,1.5685994900252636E-5,1.3372700085730923E-5,6.650914539528125E-6,2.5117963498048486E-6,6.305470209847815E-7,1.6461577348462657E-8,4.0293427110249194E-7,1.7083629348547107E-6,3.903755786972798E-6,6.890321237644419E-6,1.0543822305297631E-5,1.3513813586161709E-5,1.3531195541728044E-5,1.189813684486362E-5,1.0708867636200817E-5,1.0418381286491239E-5,1.0656326498684276E-5,1.0634521479066213E-5,9.702462332527273E-6,7.969825060179405E-6,5.967026097578727E-6,4.101122689361483E-6,2.56949167689824E-6,1.4397837485350511E-6,7.000618937012371E-7,2.819317767487384E-7,1.116606427951585E-7,1.8225987755241458E-7,5.489892675214639E-7,1.2600734433672245E-6,2.316796416327945E-6,3.6688921429218397E-6,5.213502215233259E-6,6.794925110113293E-6,8.233358000685875E-6,9.407229126755283E-6,1.034250698278693E-5,1.1211857668905553E-5,1.2233456991984117E-5,1.3539494728019675E-5,1.5031359280787278E-5,1.6251388126276006E-5,1.653850910846783E-5,1.5633096064061366E-5,1.3971173308724221E-5,1.21722868241137E-5,1.0572083637506503E-5,9.227017132994222E-6,8.071336722474217E-6,7.020563430107363E-6,6.0141159170444105E-6,5.0266023706855E-6,4.0652938287718816E-6,3.161503543666233E-6,2.358723969430623E-6,1.6978584532705189E-6,1.2012359266290627E-6,8.630093821698826E-7,6.558198361011598E-7,5.521807367310437E-7,5.437351012023531E-7,6.432881321109501E-7,8.7117109719028E-7,1.2391325107427318E-6,1.7427722378986175E-6,2.364341759707197E-6,3.0812136237312916E-6,3.874442299677026E-6,4.733702104267299E-6,5.6563428288889605E-6,6.6383927210081925E-6,7.655149365319072E-6,8.632741083150883E-6,9.427646733184679E-6,9.855654410961802E-6
60.2303,3.4221023901837395E-5,3.41081074005844E-5,3.4751728046137733E-5,3.561730838077521E-5,3.568122048020888E-5,3.402575564928819E-5,3.074487885125608E-5,2.6915485518062632E-5,2.3617587827704767E-5,2.1392846752531086E-5,2.039922431634106E-5,2.0701641158976755E-5,2.2433772266644575E-5,2.5775806154764545E-5,3.053029946881511E-5,3.4930388582407475E-5,3.522288429749146E-5,3.0102843507909717E-5,2.3206059882378927E-5,1.7639951978174308E-5,1.3956277268369136E-5,1.174653113113259E-5,1.0583996895801087E-5,1.0213206679003681E-5,1.0536964938114413E-5,1.1588409878593377E-5,1.3514614542320296E-5,1.654137696600932E-5,2.082930872034973E-5,2.609549793975375E-5,3.11862851935813E-5,3.455230876173036E-5,3.574863324796611E-5,3.5732810674224116E-5,3.560571987981358E-5,3.574854158453392E-5,3.573442961033485E-5,3.4661687289914636E-5,3.197373920323871E-5,2.817417262569161E-5,2.4399643981219802E-5,2.1510669759331165E-5,1.986128140672424E-5,1.957170635495954E-5,2.0801090564509606E-5,2.385380072799938E-5,2.8880766154824182E-5,3.4338377353117384E-5,3.511848323562077E-5,2.8696144127006195E-5,2.056848621283299E-5,1.4713529821431161E-5,1.121964148024055E-5,9.322218906044734E-6,8.5155813825994E-6,8.726003338886633E-6,1.0931116131012153E-5,2.0280052029596484E-5,1.8603948986418535E-5,1.2607311297648205E-5,1.1114968552030606E-5,1.0681567482395312E-5,1.0489269582554423E-5,1.0508153863455226E-5,1.0593092254050583E-5,3.875113077057299E-7,5.294539127771421E-6,3.980574875786348E-6,4.8483270611845766E-6,3.137451833495908E-7,4.182815524318063E-6,7.514453302444949E-6,7.4126879467161895E-6,9.41167169690139E-6,1.7450591440508345E-5,1.749595586944431E-5,1.4133277008518491E-5,9.683122444549522E-6,4.234967277384377E-6,1.1009257944562241E-6,5.40491949381652E-8,2.41991131912984E-7,1.362442395019461E-6,3.343278139743848E-6,6.041039625524376E-6,9.188148857387992E-6,1.27380537661544E-5,1.5378519580592415E-5,1.4679762942124263E-5,1.2090044083572395E-5,1.00118233580219E-5,8.860015008921323E-6,8.179083948453175E-6,7.36017356812329E-6,6.073588728108337E-6,4.458050626571668E-6,2.8458473695648864E-6,1.4935505580786783E-6,5.419182773771909E-7,6.081389232294374E-8,7.223521956465524E-8,5.251816895104899E-7,1.2688497460660657E-6,2.1342603808563574E-6,3.076643575049403E-6,4.169616505864946E-6,5.489140066538279E-6,7.046577336330769E-6,8.770397987244783E-6,1.0483939467602194E-5,1.1908802006183792E-5,1.2791911619360339E-5,1.3118543321485056E-5,1.3152098805201195E-5,1.3234910216190974E-5,1.3593071696845723E-5,1.4251209327175883E-5,1.4977659866119834E-5,1.528823434472886E-5,1.4716190267468038E-5,1.3252756891216938E-5,1.1343538691579164E-5,9.440763404144906E-6,7.755606951612069E-6,6.3169537134017485E-6,5.087275551988041E-6,4.026003895797962E-6,3.1088210223950714E-6,2.3275023860969676E-6,1.6843135105803393E-6,1.18621034828622E-6,8.394357723725387E-7,6.431858760820959E-7,5.822894805838077E-7,6.244412856011895E-7,7.316643298360897E-7,8.843130235689474E-7,1.0964682326855397E-6,1.4076392305962706E-6,1.860542365404772E-6,2.480739722348941E-6,3.26434333357487E-6,4.175721589663123E-6,5.157715529222874E-6,6.152741642351164E-6,7.124342463820947E-6,8.06538282464814E-6,8.986083374886635E-6,9.884265685674628E-6,1.0705534192612228E-5,1.1312487194003959E-5
60.793200000000006,3.3684386739084453E-5,3.29479565163703E-5,3.312724053378927E-5,3.409444313699988E-5,3.5172788105393074E-5,3.5259788442149204E-5,3.3519729755217554E-5,3.0243419048181522E-5,2.6591124629344778E-5,2.358143328065714E-5,2.168840613371461E-5,2.1056429347414548E-5,2.1773338066401882E-5,2.3988508187068423E-5,2.7781603536058977E-5,3.2470226986036886E-5,3.537418736777428E-5,3.3101730099994154E-5,2.667522148011534E-5,2.0119890832908506E-5,1.5344724636952752E-5,1.2306505502896858E-5,1.0527322641976501E-5,9.638224442816752E-6,9.440981993438514E-6,9.878219867029113E-6,1.1011882331927072E-5,1.3015942034012601E-5,1.614863733450153E-5,2.0603646375820187E-5,2.6085202206834608E-5,3.1304471958881485E-5,3.454217408181549E-5,3.5406512899223106E-5,3.5070171038290384E-5,3.478167641417853E-5,3.500487177422139E-5,3.538765252980183E-5,3.5006870254913295E-5,3.3052521667939045E-5,2.9708694566208233E-5,2.60523954420035E-5,2.3102402494304443E-5,2.1368412770613082E-5,2.105163960548145E-5,2.2337781683592193E-5,2.5492468945472534E-5,3.041316805673048E-5,3.484657102966797E-5,3.357202727451651E-5,2.608066570694529E-5,1.8277141322103472E-5,1.2995398610447352E-5,9.898474355953882E-6,8.229978075771697E-6,7.595184835408793E-6,8.332421749334557E-6,1.3809988466333061E-5,1.5742439235410463E-5,1.1218220406404956E-5,9.933087893487859E-6,9.645577218577503E-6,9.671122997489358E-6,9.962797352114107E-6,9.047276011308657E-6,1.9008433993797455E-6,1.5466855114172129E-6,4.0279570650204175E-6,1.5429351673224803E-6,8.44196959829665E-7,8.835731352699026E-6,1.0200785932648584E-5,7.973064382900908E-6,1.0033813093505064E-5,1.5788337321207535E-5,1.4502832989290391E-5,1.0948350936644613E-5,4.817460887283184E-6,1.9795454347938314E-6,1.78514653841607E-7,1.54377876772718E-7,1.1525506772614368E-6,2.9811032040741725E-6,5.606840507555912E-6,8.653863616247575E-6,1.1635207644888105E-5,1.4752907660602098E-5,1.7024497742953928E-5,1.5929108723796906E-5,1.2562064977342491E-5,9.646631214611274E-6,7.757002189698703E-6,6.420342713021815E-6,5.137095094521044E-6,3.7360824638483735E-6,2.3501378750330445E-6,1.1879843372919466E-6,3.9966819945539494E-7,7.120098073294445E-8,2.5311981702954065E-7,9.698538424161923E-7,2.1949706862264237E-6,3.8007044133429472E-6,5.54637320813876E-6,7.189594490882486E-6,8.640259000681503E-6,9.978351267057976E-6,1.1348829025468309E-5,1.28539477829555E-5,1.4460453000111933E-5,1.590770687280903E-5,1.6744772989171262E-5,1.6672919307217413E-5,1.5893014225932215E-5,1.4925915564191456E-5,1.4186124511113662E-5,1.3815335804092341E-5,1.3714472933969111E-5,1.3593763282098405E-5,1.3073942753843768E-5,1.1925079017989594E-5,1.0262480355349761E-5,8.422608683193217E-6,6.691323261662257E-6,5.199827433179621E-6,3.9731114527038485E-6,2.995944979035939E-6,2.2473731212777113E-6,1.7113770881088754E-6,1.3777630284857788E-6,1.2406715792050872E-6,1.296718502928009E-6,1.5415817624994997E-6,1.9616957479131E-6,2.5180494804720203E-6,3.1285672843261656E-6,3.6768396263695144E-6,4.073300287630558E-6,4.325615411686892E-6,4.5341920668344456E-6,4.823494995327928E-6,5.28700957060084E-6,5.968603414223412E-6,6.856987144525839E-6,7.882766637963683E-6,8.933139369168654E-6,9.897426338086627E-6,1.0719532161186535E-5,1.1410091613885194E-5,1.2004785779838802E-5,1.2499307671893507E-5
61.3561,3.3484885424793156E-5,3.2124380303886086E-5,3.159465714977346E-5,3.211545447751702E-5,3.3416254004126875E-5,3.471448278738082E-5,3.485485039374465E-5,3.308949316138274E-5,2.9872677140188652E-5,2.6415413481527267E-5,2.3681248369373353E-5,2.209782191006987E-5,2.180720856941471E-5,2.2915764780307913E-5,2.555652183210463E-5,2.9611427876761903E-5,3.377095327341389E-5,3.474660261177748E-5,3.041236308051218E-5,2.3540504355591164E-5,1.7597709779018838E-5,1.3528787955959822E-5,1.1001402002393142E-5,9.551072218570055E-6,8.868392995323586E-6,8.801296984159921E-6,9.323184828508137E-6,1.0519071441882656E-5,1.2586814778503517E-5,1.5816819838358933E-5,2.043783670078775E-5,2.6137069251028693E-5,3.146164646836816E-5,3.449351542006393E-5,3.49247697083858E-5,3.4183822963282205E-5,3.3665158117876536E-5,3.39030067650654E-5,3.463663265696027E-5,3.4983011254824486E-5,3.39194390199106E-5,3.122766981757642E-5,2.780743728852614E-5,2.481817663546809E-5,2.2965729290556365E-5,2.2560653314190196E-5,2.3815884857717434E-5,2.6933557845971098E-5,3.152762864694685E-5,3.478181615098736E-5,3.1841127218391944E-5,2.3825477553515585E-5,1.6427701686341915E-5,1.1604762318571311E-5,8.797919469312863E-6,7.307550396896993E-6,6.998827586061147E-6,9.778136616293392E-6,1.2761473207670033E-5,9.799412844958783E-6,8.743907674916405E-6,8.553990952626147E-6,8.752157822484616E-6,9.319308357061685E-6,5.198010115562365E-6,1.5742948418725133E-5,1.0954256155476307E-6,2.230898227005645E-6,1.3051379878196494E-7,3.822805414771167E-6,1.341266442519391E-5,1.1669606876127833E-5,7.793941053838848E-6,9.54055483942056E-6,1.1986221073635438E-5,9.868818123742305E-6,6.619186919791065E-6,1.2848762625880626E-6,4.112898848597603E-7,1.8649817714394193E-7,1.1528421222818565E-6,2.8382191525363677E-6,5.310194008242433E-6,8.577136287611428E-6,1.1812888048266874E-5,1.4219901658590084E-5,1.6462679205921312E-5,1.8157025364894405E-5,1.6985470739059397E-5,1.3189243052408093E-5,9.531955513980595E-6,6.983311246084459E-6,5.162153730664861E-6,3.634984246703846E-6,2.2811969775261745E-6,1.1855883564732456E-6,4.6047956952777943E-7,1.7697203448737616E-7,3.6825562974800105E-7,1.041921276741271E-6,2.1852911823046003E-6,3.773428524760149E-6,5.77649974153908E-6,8.128442443028313E-6,1.0627771819655698E-5,1.2875933104565479E-5,1.4495172643539793E-5,1.549379390602349E-5,1.623285265003567E-5,1.7058714844602066E-5,1.803801834765204E-5,1.8868310754760005E-5,1.9012927332266057E-5,1.8172513734610436E-5,1.6641425171289E-5,1.5002221805341102E-5,1.3642107050266993E-5,1.2633980349508357E-5,1.1837176487125231E-5,1.101362835133284E-5,9.950803811629773E-6,8.589668882292116E-6,7.055917316447944E-6,5.551772468401478E-6,4.233249892171518E-6,3.1741729559911606E-6,2.3904840998238317E-6,1.8710531370488627E-6,1.5958192012268447E-6,1.5438154965230228E-6,1.6968533326761366E-6,2.0422063329199606E-6,2.575044434564431E-6,3.2989039293005705E-6,4.219146547672921E-6,5.320329227428423E-6,6.520753173393247E-6,7.628492629876692E-6,8.386063538278338E-6,8.653424241118855E-6,8.545224268529434E-6,8.330091182574491E-6,8.246888265963325E-6,8.43302774883069E-6,8.937849828465077E-6,9.736845051995537E-6,1.0724855991869638E-5,1.172360244590056E-5,1.2548868510860948E-5,1.3108800706598726E-5,1.342963067495646E-5
61.91899999999999,3.356338377185576E-5,3.1732604465295316E-5,3.042116371442206E-5,3.018576475095623E-5,3.106765849739523E-5,3.2702970954787105E-5,3.423363198258516E-5,3.4468077322150855E-5,3.27370394956714E-5,2.9622041917650227E-5,2.6364783730544083E-5,2.3886306330099224E-5,2.2585489993506898E-5,2.260776636622647E-5,2.406712784181427E-5,2.7038504425217285E-5,3.111066531384053E-5,3.432468796547307E-5,3.3324202518530186E-5,2.7646365031940296E-5,2.087664711526147E-5,1.5591963869185577E-5,1.2106007415463336E-5,9.973193613587301E-6,8.771817552513228E-6,8.244256156917639E-6,8.274351965613912E-6,8.859177125470122E-6,1.0102530474220368E-5,1.2224063261171902E-5,1.5546592171384885E-5,2.0335813892929504E-5,2.6254787261840353E-5,3.1649246859154905E-5,3.437432950566473E-5,3.425751265127193E-5,3.30288024796196E-5,3.221252167272317E-5,3.238481869480402E-5,3.3378908055110696E-5,3.4419348230208826E-5,3.436600661735597E-5,3.256032554366368E-5,2.9562231663827318E-5,2.6598332348138395E-5,2.4604848356972674E-5,2.4042956190529683E-5,2.5164002934502242E-5,2.8097673287459357E-5,3.2199802012512196E-5,3.4319816412258084E-5,3.0198013904605377E-5,2.199747285977757E-5,1.4958386468808043E-5,1.0453787014106115E-5,7.830506538747826E-6,6.545273536196343E-6,7.515716246399156E-6,1.0204454139740761E-5,8.533502750430155E-6,7.693413579912244E-6,7.54798376788108E-6,7.853757968163553E-6,8.640560600312847E-6,6.546308206072034E-7,1.7391270031066094E-5,1.4033125875448497E-6,6.935546012230232E-7,3.2269371972591923E-7,8.147884573113383E-6,1.676939720980425E-5,1.1633333876089873E-5,7.166896998701565E-6,8.01461004267823E-6,7.78022354514778E-6,5.3144321000358535E-6,2.669112434070376E-6,1.2776302196748302E-7,3.4078674547230755E-7,1.4953975997416783E-6,3.0706278915640803E-6,5.1282097334035036E-6,8.088205429047967E-6,1.203026425104879E-5,1.5404470862540212E-5,1.6858842122486623E-5,1.774650872500544E-5,1.8462944284477163E-5,1.7288953433763985E-5,1.3564481718360936E-5,9.435451575830223E-6,6.342981911755907E-6,4.170053307067337E-6,2.546700832247606E-6,1.3395439431690063E-6,5.6111204987639E-7,2.4144512392846466E-7,3.869303715604248E-7,9.752977609427036E-7,1.952330626766192E-6,3.239290653107227E-6,4.7737243858675265E-6,6.571023484624742E-6,8.739864321886383E-6,1.1376816176953217E-5,1.4300544960248548E-5,1.6816080582299662E-5,1.813717899494013E-5,1.827345182726868E-5,1.7917689662611614E-5,1.7638165396718395E-5,1.7560536705625145E-5,1.7459086755850794E-5,1.696729505923148E-5,1.5875841363885605E-5,1.4326867579592186E-5,1.2666907843539758E-5,1.1156870971349513E-5,9.858488815297517E-6,8.694367122594384E-6,7.551783170991116E-6,6.367302931698501E-6,5.1649285394502105E-6,4.033625372206736E-6,3.0714976757119264E-6,2.3449257449273715E-6,1.8801136656057149E-6,1.6729464105203865E-6,1.7012830141065262E-6,1.9341097675693186E-6,2.3382933091221463E-6,2.88486313119463E-6,3.5556784656758707E-6,4.349655275055527E-6,5.2859636348029465E-6,6.399283847854536E-6,7.717760969418549E-6,9.208964807033769E-6,1.0692984851675098E-5,1.1803201060493682E-5,1.2168804677644539E-5,1.1758974114055135E-5,1.0928982875851873E-5,1.0101540532052293E-5,9.538805867938828E-6,9.345838158914796E-6,9.541496738008576E-6,1.0092091212567092E-5,1.089968613260076E-5,1.1783842115701653E-5,1.2521408750904322E-5
62.4819,3.374981023114132E-5,3.1773325734551476E-5,2.9744000567270828E-5,2.863236793673925E-5,2.873285728543796E-5,2.9973370999921132E-5,3.193840289130256E-5,3.371950344395893E-5,3.409653770835485E-5,3.245745272927395E-5,2.9475404863726052E-5,2.641288736027611E-5,2.4163892366454573E-5,2.3112544661927852E-5,2.3408728602847743E-5,2.5158586180029245E-5,2.833542724427083E-5,3.217204672952539E-5,3.4187314137503326E-5,3.149127438328875E-5,2.5122449458262594E-5,1.871854994495703E-5,1.402882143543679E-5,1.1002935118043355E-5,9.169699783223714E-6,8.155096473214583E-6,7.743285203341531E-6,7.845503017808137E-6,8.477062968260574E-6,9.757406162804382E-6,1.1926627757043776E-5,1.5340609695120568E-5,2.0303426184185624E-5,2.644254207682304E-5,3.185443494313777E-5,3.414574085555525E-5,3.335979815439651E-5,3.157426796200904E-5,3.0407663182384936E-5,3.0433543173666037E-5,3.156301718135004E-5,3.318201185994657E-5,3.41714555880295E-5,3.3483852032878426E-5,3.116713391965822E-5,2.8358235064050502E-5,2.6228175172501013E-5,2.544340535550969E-5,2.632306091190786E-5,2.8940299017624366E-5,3.247189261322856E-5,3.3668221910370305E-5,2.8830803974993734E-5,2.0597772376968592E-5,1.3773640968417125E-5,9.405505042639122E-6,6.8684384303897885E-6,6.3889029957384136E-6,8.31125395864032E-6,7.530174698716108E-6,6.869207854277092E-6,6.7251650553684055E-6,7.076770545191538E-6,7.886850565701835E-6,4.07894310955697E-8,3.646012208597248E-6,1.021759913297268E-6,2.928515555310182E-8,1.3348048881290083E-6,1.1288097030603154E-5,1.8241207418720556E-5,1.0414489711023627E-5,6.2727328197349966E-6,5.941511336043298E-6,4.328193429945927E-6,2.0983323861462265E-6,4.5816436541352506E-7,3.946416450534197E-8,1.9549770302444044E-6,3.853762580727355E-6,5.382684137347329E-6,7.301023668216727E-6,1.035746500064506E-5,1.4830163988116321E-5,1.8532544542939455E-5,1.906288510544856E-5,1.836051612359354E-5,1.7741747266192157E-5,1.6302240987985986E-5,1.3023653198371195E-5,8.926487977314097E-6,5.565013431335962E-6,3.2246406912457623E-6,1.652622446059217E-6,6.850084648436953E-7,2.6017446798798895E-7,3.4097937106838443E-7,8.796259882416865E-7,1.7970800401385879E-6,2.9689874226846616E-6,4.244449731890674E-6,5.5207992731642845E-6,6.829110901950616E-6,8.341276971237695E-6,1.0286017201516112E-5,1.278383923845742E-5,1.5542883879992287E-5,1.76456068202572E-5,1.820437601704739E-5,1.738750898353281E-5,1.6035137556584424E-5,1.4720674525566348E-5,1.3580175328418749E-5,1.2532474992265526E-5,1.146232061253825E-5,1.0313837804403799E-5,9.111956423189675E-6,7.923721799821752E-6,6.799236523071879E-6,5.745538560176758E-6,4.747027430540678E-6,3.801534124355239E-6,2.9388007296025468E-6,2.212596417956493E-6,1.6789070670487275E-6,1.377377805160766E-6,1.3237943971270683E-6,1.5109065451910884E-6,1.9121515506120464E-6,2.4857088283539793E-6,3.1796943516847077E-6,3.940588262392563E-6,4.725463368816137E-6,5.515054548807431E-6,6.322158317150941E-6,7.191055575043796E-6,8.186617139012788E-6,9.370332549189529E-6,1.075207958981367E-5,1.2204555789458282E-5,1.3380016449334029E-5,1.3801841156438103E-5,1.324362468887554E-5,1.1987602155609049E-5,1.0554030504889524E-5,9.319164983370881E-6,8.434996581225874E-6,7.924061110957587E-6,7.764676522411078E-6,7.923855831292814E-6,8.350684598977317E-6
63.044799999999995,3.3753988341462105E-5,3.2149589570841095E-5,2.960631616400356E-5,2.762246458203062E-5,2.6797468694295795E-5,2.723947347740728E-5,2.881977561366089E-5,3.1105287393387416E-5,3.3158809204512036E-5,3.373223189111131E-5,3.224010238643127E-5,2.9413174867128733E-5,2.6532109932319124E-5,2.4480416975489354E-5,2.3638409878458464E-5,2.4158466733539863E-5,2.6122358530181656E-5,2.93682092901921E-5,3.276747563158505E-5,3.354627559200251E-5,2.9597207539285218E-5,2.2996949764335847E-5,1.703459187179498E-5,1.2836528990041282E-5,1.0161947530015277E-5,8.55204831696561E-6,7.675584746396598E-6,7.349011330481131E-6,7.504176914179172E-6,8.17053156363476E-6,9.480909501785888E-6,1.1695112895877169E-5,1.520306912872143E-5,2.0347841439722888E-5,2.6703724165032412E-5,3.205781812972809E-5,3.376242117514304E-5,3.2193544740437974E-5,2.9811860864395556E-5,2.8270662731791153E-5,2.8085071528896883E-5,2.9211135985614356E-5,3.121827861980293E-5,3.315344613822879E-5,3.374402892742515E-5,3.2420269775793337E-5,2.998288178302261E-5,2.7770808348609468E-5,2.6714814063213265E-5,2.7256364136881006E-5,2.9457868098419808E-5,3.2434073831650735E-5,3.302698181100556E-5,2.7867649341872982E-5,1.95762699432052E-5,1.2676684836318243E-5,8.157126123761364E-6,6.062104755760556E-6,7.067997966181313E-6,6.826549125739368E-6,6.302745167203475E-6,6.130468753952245E-6,6.482715139667153E-6,6.576675120711803E-6,1.1936284158017497E-5,7.501348566162223E-7,3.253301098638228E-7,1.80760412513452E-7,3.221687057675587E-6,1.271482334691639E-5,1.7722022945157067E-5,8.632807233222206E-6,5.1662593767724475E-6,3.8765267726277E-6,1.975822068162412E-6,4.4234474772291106E-7,1.2394028012917072E-7,8.034854509738787E-8,4.49438365191923E-6,6.419863433030301E-6,7.260190558516668E-6,8.484749953437735E-6,1.0960867805410589E-5,1.5123228327462654E-5,1.899737721257233E-5,1.9325150211189064E-5,1.7550233439688993E-5,1.5734554749608415E-5,1.3822450838988145E-5,1.1030837183149745E-5,7.499153187486714E-6,4.3495483809497266E-6,2.154136352355902E-6,8.376786396767639E-7,2.3440469778770972E-7,2.3318035923927353E-7,7.521252228983984E-7,1.7008495918619116E-6,2.9443118287901704E-6,4.282549288461557E-6,5.48946765587703E-6,6.435916038907123E-6,7.193068304839839E-6,7.982915056107539E-6,9.05047204442014E-6,1.0568510725197476E-5,1.2513464178994402E-5,1.444931004406826E-5,1.553009598968918E-5,1.5196234193305505E-5,1.3763600308710954E-5,1.1914639288855128E-5,1.007942397538161E-5,8.398951865037469E-6,6.893016723088111E-6,5.564102998094593E-6,4.425295538752289E-6,3.4897881349510833E-6,2.7484004184593704E-6,2.1570902275502126E-6,1.6546386960931772E-6,1.2047217173941862E-6,8.217880987520417E-7,5.563554485092529E-7,4.6258315339142595E-7,5.77467566153213E-7,9.164485290831115E-7,1.4764036675883184E-6,2.238037284287869E-6,3.1644825422655494E-6,4.197467202855822E-6,5.257128099835348E-6,6.254403134390509E-6,7.11906728049846E-6,7.830520253867711E-6,8.429214122866204E-6,9.000603368346487E-6,9.644481818714434E-6,1.0442988706557024E-5,1.142275229686498E-5,1.2495230626779655E-5,1.3387901648366422E-5,1.3676234505798483E-5,1.305723462130731E-5,1.1662886192467104E-5,9.957804199157423E-6,8.35956488306435E-6,7.063208615529857E-6,6.099883890955644E-6,5.435080311653755E-6,5.0249327993937424E-6
63.60769999999999,3.3200386693419216E-5,3.264147945230123E-5,2.997326666171877E-5,2.7221278510848406E-5,2.5447629740625673E-5,2.4942768142121226E-5,2.5705491441041137E-5,2.759417336497322E-5,3.0186083140804566E-5,3.253540398908784E-5,3.3362162025010416E-5,3.2070070861290424E-5,2.9414184479220325E-5,2.6695194143112256E-5,2.4803098752800326E-5,2.4123387183432525E-5,2.4807921747449514E-5,2.6901201740898145E-5,3.0093634020397572E-5,3.2950697146630586E-5,3.26431339186036E-5,2.7888622002108156E-5,2.1320927161722278E-5,1.5772797239391332E-5,1.1955947803627874E-5,9.540279077247834E-6,8.092225310613182E-6,7.315208241159073E-6,7.049782541570786E-6,7.24306191616033E-6,7.93553359806403E-6,9.27186397333191E-6,1.1531331549794428E-5,1.5139123395180455E-5,2.047658340738325E-5,2.7038909630244566E-5,3.223092099093699E-5,3.317525447185338E-5,3.0735751883600136E-5,2.7762912130929106E-5,2.586093245825584E-5,2.5428544140693466E-5,2.6425455861290436E-5,2.8588660290118112E-5,3.123334167393981E-5,3.310673565605351E-5,3.3075599359100116E-5,3.1320900280707146E-5,2.9160102600237925E-5,2.7822684674157165E-5,2.7954631226985063E-5,2.9685386610592937E-5,3.220792309306299E-5,3.2596811086939566E-5,2.7423339247090328E-5,1.873118241381565E-5,1.1048857237834086E-5,6.4700377541426415E-6,6.373871701705918E-6,6.41569403038085E-6,5.990662184396311E-6,5.7698628508981625E-6,6.092866814323505E-6,3.177277728533647E-6,1.2175417612630084E-5,5.610697807471919E-7,8.899809723203211E-9,8.308211272045517E-7,6.339698424673268E-6,1.3075907661406474E-5,1.5666235153148813E-5,6.8091847099943805E-6,3.914262658920022E-6,2.180629930205919E-6,6.290307891921942E-7,2.547020770680417E-9,9.850005833131989E-7,3.1851645422163433E-8,7.148625926366283E-6,8.594408519986537E-6,8.353391910467972E-6,8.558529147178418E-6,9.940126667001562E-6,1.2709126407898819E-5,1.553262475899336E-5,1.5897129650967236E-5,1.4124842819378572E-5,1.1954126828533916E-5,9.903007762198114E-6,7.647561826540453E-6,5.0356499402331806E-6,2.6296528398766936E-6,9.843293814250126E-7,1.7477745333240996E-7,8.341485236449429E-8,5.959810484618838E-7,1.615318822744337E-6,3.02359319877256E-6,4.63755911608196E-6,6.17813812595555E-6,7.321640239161928E-6,7.901341235164712E-6,8.066895927275142E-6,8.145085842871623E-6,8.41009562494123E-6,9.006438112635876E-6,9.940883824023323E-6,1.1022900539068557E-5,1.180831332070523E-5,1.1788636862615961E-5,1.0819467409393985E-5,9.216967173614447E-6,7.404396846082169E-6,5.656114996385908E-6,4.098317712814799E-6,2.7824248574163405E-6,1.730431540582446E-6,9.491466768601145E-7,4.28916988471874E-7,1.3754908414126251E-7,1.8695201618862617E-8,6.14670148072897E-9,5.6461956982215566E-8,1.750554749286695E-7,4.0474623884164543E-7,7.89235909875312E-7,1.350406427237831E-6,2.0901730562248318E-6,3.001190158448267E-6,4.071977955742235E-6,5.280825441573199E-6,6.578792491146409E-6,7.87063070469796E-6,9.016637892305571E-6,9.880262084709241E-6,1.040535955168034E-5,1.065513795697733E-5,1.0773471186552025E-5,1.091140116844415E-5,1.1174441653831352E-5,1.1595460882493597E-5,1.2108285685783684E-5,1.25164226424878E-5,1.25115217725015E-5,1.183244463796675E-5,1.0498794391427903E-5,8.828197506635022E-6,7.185884806695219E-6,5.784357374237287E-6,4.678312213099493E-6,3.840552421543948E-6
64.1706,3.1754717470224475E-5,3.288456285831296E-5,3.071366123127738E-5,2.7431820421719454E-5,2.475213200227167E-5,2.3277406457855675E-5,2.3086500517156552E-5,2.4130617466921578E-5,2.6286036237687207E-5,2.916388938948228E-5,3.1830388934983183E-5,3.2968730773277245E-5,3.192954428079244E-5,2.9457450910219437E-5,2.687698852284759E-5,2.510207681998272E-5,2.4531817453216204E-5,2.5315665813715323E-5,2.7455788382669315E-5,3.0508687459351343E-5,3.2830276248554904E-5,3.170143358840334E-5,2.6509418051756176E-5,2.009316415354508E-5,1.488358786120532E-5,1.1343102991961074E-5,9.108011673098553E-6,7.771056254124698E-6,7.061757518684781E-6,6.837873969555746E-6,7.057518244014747E-6,7.769841968536796E-6,9.130295533484158E-6,1.143779525972428E-5,1.515408257561403E-5,2.0696058193628728E-5,2.7443043766386458E-5,3.233432307908922E-5,3.2337692108824854E-5,2.898805688543432E-5,2.54819529877898E-5,2.3272537484170906E-5,2.2593999335628072E-5,2.3372102129358345E-5,2.5466750284520256E-5,2.848729275166034E-5,3.143815037351306E-5,3.2877970784458284E-5,3.218199767468604E-5,3.0311659458502645E-5,2.8746130454635235E-5,2.8436874647314536E-5,2.9693981534819058E-5,3.1956585023908756E-5,3.266238763519567E-5,2.75829308218352E-5,1.6939767943844452E-5,7.838416203765884E-6,6.144048745517901E-6,6.272817024358063E-6,5.9131824586340026E-6,5.627684083161092E-6,5.894871082813529E-6,2.2528478571602115E-7,1.4217300056105503E-5,2.463532951866171E-7,2.0780419264385251E-7,1.7167891772616718E-6,9.787834607178063E-6,1.2977668685169273E-5,1.2846279995914224E-5,5.188128913227851E-6,2.6595878627956622E-6,9.878882501383565E-7,6.350880574069915E-8,3.47479810489331E-7,2.2955647048856034E-6,5.130149702306312E-9,9.529811579965243E-6,1.0321693612684454E-5,8.886494450149855E-6,8.047782634713887E-6,8.31411501382765E-6,9.477672879183776E-6,1.0533766984743378E-5,1.0221273610086454E-5,8.665554498853556E-6,6.810763279653997E-6,5.161428423044524E-6,3.6943675860333643E-6,2.2485118817686176E-6,9.675353496820537E-7,1.9120957774065506E-7,6.932339478126405E-8,5.775751208312267E-7,1.6452126663465827E-6,3.181284065347258E-6,5.054988838753054E-6,7.066362085323335E-6,8.891095284113548E-6,1.0074156071631151E-5,1.031005110548265E-5,9.80802906315376E-6,9.094641577866229E-6,8.56062842690885E-6,8.346459648441805E-6,8.427572896105885E-6,8.665788981141495E-6,8.818724494520864E-6,8.604994764298147E-6,7.866094267278632E-6,6.676605524414883E-6,5.264440338685951E-6,3.858144507068983E-6,2.613882112972892E-6,1.6189859785194909E-6,9.148097403841517E-7,5.120234115081178E-7,3.9644203306204716E-7,5.305764576448122E-7,8.566369336636595E-7,1.305066326324831E-6,1.808831231477539E-6,2.3193965281921764E-6,2.8179243552669396E-6,3.3149323014621115E-6,3.8369587557548676E-6,4.41116047533065E-6,5.061023226899397E-6,5.811265782648152E-6,6.690441837986462E-6,7.723373274834618E-6,8.90952399864204E-6,1.0187211303795439E-5,1.1401218116400504E-5,1.2324511993659394E-5,1.2774544763216203E-5,1.2746681192558628E-5,1.2414740632079993E-5,1.2003090962714374E-5,1.1672438041920005E-5,1.1482515768298348E-5,1.1394735523082371E-5,1.1279433187013756E-5,1.0940129876689158E-5,1.019674619348394E-5,9.016566334904493E-6,7.566123007375545E-6,6.0994958609308515E-6,4.80640689937278E-6,3.761394747625092E-6
64.73349999999999,2.9316313970057196E-5,3.2417582670130086E-5,3.1551786650622995E-5,2.819634442858686E-5,2.4726341318101393E-5,2.2300462885987224E-5,2.1152802569030538E-5,2.1243031331706343E-5,2.251698100396853E-5,2.488881363115905E-5,2.80236740640323E-5,3.1022681193434534E-5,3.25302582199509E-5,3.17989332027544E-5,2.952368967121101E-5,2.7056175190506538E-5,2.5352596766143328E-5,2.4835062652342985E-5,2.565162331156086E-5,2.77669566777535E-5,3.064109716027543E-5,3.252902745926665E-5,3.0887862871618596E-5,2.553022780659242E-5,1.929484785702017E-5,1.4329406556070032E-5,1.0968843361602783E-5,8.846239021680921E-6,7.5767673232706535E-6,6.907953094450461E-6,6.70888725036145E-6,6.945158100132973E-6,7.672694330460555E-6,9.057023540408714E-6,1.1417095216899721E-5,1.525230517930894E-5,2.1009434328592428E-5,2.790202880022725E-5,3.2318197286796937E-5,3.1216608325875845E-5,2.6984957002686798E-5,2.3053968499960468E-5,2.0621522926449163E-5,1.9729788577932924E-5,2.024654708188403E-5,2.2100388830856275E-5,2.51477857856564E-5,2.8783831991431948E-5,3.1636334122272086E-5,3.2349752043618966E-5,3.112467431144022E-5,2.9477511739715E-5,2.8752770693928816E-5,2.960179565694775E-5,3.195716070234696E-5,3.3812322793899304E-5,2.7239308960936304E-5,1.0868532244665408E-5,6.343741479268984E-6,6.365213048738946E-6,6.038842544759686E-6,5.674101116935037E-6,5.833225667834152E-6,1.41414464335355E-7,4.856599309866524E-6,2.302816311669287E-9,8.21044568555769E-7,2.947667013744245E-6,1.2523912513703665E-5,1.2745631022960392E-5,9.984719895096668E-6,3.800458607337173E-6,1.5615541167399726E-6,2.882380182058376E-7,6.520909918920854E-8,1.1484668325762023E-6,3.5622066208196258E-6,1.258053752761042E-7,1.14864183576881E-5,1.174482457671519E-5,9.196731200683772E-6,7.433951995348308E-6,6.822041221000655E-6,6.8099418002774726E-6,6.568959186465016E-6,5.575545791313673E-6,4.079694169286922E-6,2.6160665744415916E-6,1.5216361460888152E-6,8.8802613109291E-7,6.137127313760114E-7,5.441831560808554E-7,7.011317471536865E-7,1.2433322238766896E-6,2.2788275384456904E-6,3.805799350225544E-6,5.723273698997291E-6,7.873662774494606E-6,1.0093827150996407E-5,1.2156751900207326E-5,1.3587748015974733E-5,1.378341326308335E-5,1.271542129788563E-5,1.1102476567100166E-5,9.63619970406941E-6,8.571322065777383E-6,7.872533078069927E-6,7.3928279013784925E-6,6.95185316957996E-6,6.385464247621945E-6,5.6060245016531065E-6,4.638795126684897E-6,3.595104712411324E-6,2.609983718258467E-6,1.7966759052879531E-6,1.2322192441779578E-6,9.591515634996084E-7,9.889640718129712E-7,1.3026109808522662E-6,1.851070512566371E-6,2.563317829685714E-6,3.3666434778509087E-6,4.212489243656667E-6,5.090095954239123E-6,6.013879191066203E-6,6.983479256631601E-6,7.931819796075541E-6,8.711198548379727E-6,9.182475203320271E-6,9.35079356491372E-6,9.374481408569343E-6,9.44779974700594E-6,9.712457028280643E-6,1.0241119456495731E-5,1.1037806767398516E-5,1.2016430545296008E-5,1.2971339856511689E-5,1.3611252941235962E-5,1.3714619964295214E-5,1.3292879875319772E-5,1.2562132614581217E-5,1.1765726763781183E-5,1.1048634138138618E-5,1.0439981418539984E-5,9.88290917952301E-6,9.27157497778059E-6,8.498293894722422E-6,7.515061194266554E-6,6.375689052581988E-6,5.210902484171889E-6,4.15207876129964E-6
65.29639999999999,2.6123375072242786E-5,3.0865894253089835E-5,3.203094627154586E-5,2.9352975913263504E-5,2.5355757489793625E-5,2.201922576398137E-5,1.9937305047427523E-5,1.91029635911318E-5,1.942579967812805E-5,2.0870885633968026E-5,2.3401539400271992E-5,2.6753901379815375E-5,3.0090109193737428E-5,3.202147234322134E-5,3.16575105591143E-5,2.9596406172170563E-5,2.7216722644799657E-5,2.553682161487811E-5,2.5013559968195286E-5,2.57983475610502E-5,2.7832138500581423E-5,3.053081509954417E-5,3.214792526051729E-5,3.030344756061993E-5,2.4978884673011938E-5,1.890851756019784E-5,1.4088265671895708E-5,1.081795331326604E-5,8.74584183619196E-6,7.504128772433165E-6,6.850902372796251E-6,6.66138676241298E-6,6.905553031485751E-6,7.644477479340029E-6,9.053204779482069E-6,1.1471103745247288E-5,1.5435671496397688E-5,2.141381074414242E-5,2.8389468154105975E-5,3.212763872305065E-5,2.980637568636679E-5,2.4796667397593233E-5,2.058430090476303E-5,1.8027998934601628E-5,1.6976718955299505E-5,1.7233469735011267E-5,1.8749553522314355E-5,2.1543024513668852E-5,2.5393404324582826E-5,2.9322069449451362E-5,3.162876341376868E-5,3.1487839689690784E-5,3.0029942933026673E-5,2.8997906490506275E-5,2.961941330481907E-5,3.2836436617352924E-5,3.685019845985752E-5,1.708138375844109E-5,6.985905303254038E-6,6.645204652922338E-6,6.314953643028609E-6,5.860190173432715E-6,5.7056507176522705E-6,1.1786148309543214E-5,5.316706150192212E-7,2.845112848023892E-7,1.6207134158918353E-6,4.9317936959370374E-6,1.4548984053287758E-5,1.2472851328119103E-5,7.503634477989554E-6,2.6040042207281278E-6,7.248386514749755E-7,1.769379540110215E-8,4.828434575149324E-7,2.217076399331411E-6,4.565333718463384E-6,3.4428744714946317E-7,1.2942815099171304E-5,1.2924815461394767E-5,9.48532945818256E-6,6.9338544337599825E-6,5.675770672746994E-6,4.941018455879115E-6,4.053647855736827E-6,2.842442835430401E-6,1.5815643762866234E-6,6.05774872923788E-7,1.310277804575234E-7,2.5387972194790757E-7,9.079967900986385E-7,1.8288281078571401E-6,2.8044951614825226E-6,3.926580229964083E-6,5.405113886867141E-6,7.289210197687575E-6,9.384693848471378E-6,1.141044981295429E-5,1.3251775720578698E-5,1.4956922787887868E-5,1.6400546765266826E-5,1.7002248475258717E-5,1.6139055076828642E-5,1.4055433750658597E-5,1.1679720387425708E-5,9.656025545973272E-6,8.112675706799268E-6,6.92940990102582E-6,5.940475062328171E-6,5.0182677552555125E-6,4.104674562786052E-6,3.2122580064183746E-6,2.400067502806382E-6,1.741276043090497E-6,1.300623777766075E-6,1.125306946551031E-6,1.242822461325491E-6,1.6583956495507206E-6,2.347785526050225E-6,3.247164384201062E-6,4.252147167009288E-6,5.2443468275771145E-6,6.144408352015602E-6,6.953702920483401E-6,7.749287601720456E-6,8.641558103564398E-6,9.719100713389634E-6,1.09770246224595E-5,1.2222995238381834E-5,1.3056567925821935E-5,1.3116483242067799E-5,1.2452911333090256E-5,1.1486855531303654E-5,1.0632997219657598E-5,1.0109381723038662E-5,9.978274234420015E-6,1.021737806586465E-5,1.0737512345113132E-5,1.1361580379908106E-5,1.1828720136729941E-5,1.1896302684897235E-5,1.149499906882866E-5,1.0758929385986911E-5,9.893243556995408E-6,9.043665583878644E-6,8.262918533340866E-6,7.536849714906518E-6,6.821867133085354E-6,6.078586204109968E-6,5.298026938029372E-6,4.5105748258637704E-6
65.85929999999999,2.264007411338175E-5,2.8194125903192977E-5,3.15898952936357E-5,3.055619690842743E-5,2.657343193817029E-5,2.2433324046897168E-5,1.9425380608798887E-5,1.7708924760251713E-5,1.7149205902065344E-5,1.7648999539908257E-5,1.920374161992182E-5,2.1830165210803665E-5,2.5348543635901204E-5,2.9011137657265395E-5,3.141396600873136E-5,3.148339574822584E-5,2.966235493220335E-5,2.7348795856255274E-5,2.564490294905284E-5,2.505754858864174E-5,2.5749851291071558E-5,2.765810517445748E-5,3.0210575424917483E-5,3.174302118507821E-5,2.9988220668688324E-5,2.4860398469568708E-5,1.8926894378535216E-5,1.4155025633302983E-5,1.0888723652935684E-5,8.807025101965173E-6,7.554161152302587E-6,6.89191002334995E-6,6.696737857729432E-6,6.940034698747942E-6,7.686414344143999E-6,9.119778476415943E-6,1.1599922620208607E-5,1.570155579479676E-5,2.189681932308758E-5,2.8865152589671867E-5,3.1714720947555725E-5,2.8141641754736572E-5,2.252318334383044E-5,1.8182970665521782E-5,1.55979834546948E-5,1.4446904889778024E-5,1.4475536785671296E-5,1.5628909673332826E-5,1.8002232748408337E-5,2.1655693308322304E-5,2.6136708059377774E-5,2.9935877319995586E-5,3.131813840389994E-5,3.047425852961933E-5,2.936195161964602E-5,3.0173383272649967E-5,3.626543351486457E-5,2.778749739178399E-5,8.094570735538839E-6,7.032655750777821E-6,6.652659633366318E-6,6.1091496819413626E-6,4.496645880299074E-6,1.5041687688462E-5,2.291497203659623E-7,1.1185516275122935E-6,2.3584621960131274E-6,7.718944115701243E-6,1.6034360491074104E-5,1.2062389815687919E-5,5.491114854107593E-6,1.573478124790819E-6,1.9471553744926767E-7,1.2196173514552805E-7,1.2477713835150742E-6,3.4944664305416925E-6,5.284237136845648E-6,5.354365888669342E-7,1.39082531095978E-5,1.3786072871176881E-5,9.796805592228689E-6,6.586693338358906E-6,4.83871289374352E-6,3.6761079246940116E-6,2.541736410616999E-6,1.4096463526051045E-6,5.050430301603383E-7,3.622005785955146E-8,1.2924702143506727E-7,8.21474173807746E-7,1.9965235642494247E-6,3.3705230926594402E-6,4.74740230008205E-6,6.255742735891837E-6,8.18897235346996E-6,1.0653267863462427E-5,1.3251285382707619E-5,1.5218253832599026E-5,1.6229407957850773E-5,1.668650408941561E-5,1.705229429160452E-5,1.7333301016340097E-5,1.707043828254162E-5,1.5779132474911828E-5,1.3567134187739217E-5,1.1069352025158313E-5,8.808094106965855E-6,6.941105279236951E-6,5.418437707454759E-6,4.1522337807671204E-6,3.089024583111797E-6,2.2191372495085573E-6,1.5605578742720026E-6,1.1398807215598804E-6,9.805038709286457E-7,1.0985402246124721E-6,1.5026136045012796E-6,2.1929016192073188E-6,3.1540894307364384E-6,4.3369692778090465E-6,5.632151343319577E-6,6.864866499618016E-6,7.855087951136242E-6,8.525618272218938E-6,8.951393411158573E-6,9.300312419788359E-6,9.743934388354235E-6,1.0406180947333641E-5,1.1333618013742881E-5,1.2440097333195987E-5,1.3423167826477928E-5,1.3788851295691078E-5,1.3187152924816134E-5,1.1797501728854556E-5,1.0166327938555718E-5,8.742250003708758E-6,7.711786866294461E-6,7.0933850789354335E-6,6.8420000718427874E-6,6.889446245825185E-6,7.138408955004053E-6,7.4443095503348535E-6,7.62989143856553E-6,7.559794830263816E-6,7.218888805571065E-6,6.701385290052679E-6,6.127642616186351E-6,5.580730442105479E-6,5.09474670854124E-6,4.669444508468411E-6,4.287769021333707E-6
66.42219999999999,1.9319103711382204E-5,2.4783894789800397E-5,2.9837079689743993E-5,3.1227084690416997E-5,2.8182577625072277E-5,2.3533952843286406E-5,1.9610161351237093E-5,1.701639264819533E-5,1.564320773508587E-5,1.5307706867950618E-5,1.5928149772796315E-5,1.7532175714784883E-5,2.0188430847720555E-5,2.3809319450890906E-5,2.7767366368825957E-5,3.067682614185856E-5,3.125281435394444E-5,2.9711177157009424E-5,2.7448934501554426E-5,2.567516712509703E-5,2.496658149194559E-5,2.5509075412875315E-5,2.7253758502510192E-5,2.969248159976469E-5,3.131481826660326E-5,2.9925131185725036E-5,2.5163786162400325E-5,1.9355282461067536E-5,1.4542088100376008E-5,1.1193403749243609E-5,9.039703362534078E-6,7.7344182728766E-6,7.036637643325529E-6,6.819133422865978E-6,7.051566155755998E-6,7.80022042755195E-6,9.256768844822152E-6,1.1800533896004549E-5,1.6040326597807777E-5,2.243323419338387E-5,2.9277636160602154E-5,3.1056497982874E-5,2.6302055847500723E-5,2.0279521338479704E-5,1.594797454636104E-5,1.3410153379529889E-5,1.2212617575123815E-5,1.2059283814799236E-5,1.2876328508646521E-5,1.477613518868316E-5,1.797269129573929E-5,2.2480637398258914E-5,2.740478384836891E-5,3.0663475261496113E-5,3.1053386879325155E-5,3.0218485249407934E-5,3.2161715560779005E-5,3.654241207200518E-5,9.601285545017798E-6,7.4055998013815395E-6,6.9297153756275975E-6,6.326976723502576E-6,1.2065687420534742E-6,1.1470544562304748E-5,2.941893345573682E-7,2.337102136783651E-6,2.9367548521118805E-6,1.023809113852463E-5,1.653783160509295E-5,1.1211651658303367E-5,3.8169107504464195E-6,7.303332762830749E-7,7.935951505219331E-10,5.919263979893979E-7,2.380444060003797E-6,5.033048680242869E-6,5.805051099427547E-6,6.414285308996969E-7,1.4451775538910651E-5,1.4218092031295313E-5,1.0051572092253166E-5,6.341296368619854E-6,4.207937010963841E-6,2.7904464900031724E-6,1.6103149302962348E-6,6.743896415577761E-7,1.3281461365326568E-7,1.007780669188869E-7,6.26992616566016E-7,1.6601056305749366E-6,2.9805305408223575E-6,4.268891708574582E-6,5.410511086439371E-6,6.629630923485297E-6,8.30312516954856E-6,1.0739139510890684E-5,1.3839659715190673E-5,1.662836260559576E-5,1.7782110813197072E-5,1.7260946764986868E-5,1.6080399515426555E-5,1.495142978878711E-5,1.4011301986729048E-5,1.3090288546266907E-5,1.1928667290280842E-5,1.0367866397138729E-5,8.491297398099097E-6,6.5569594867978956E-6,4.800287686653695E-6,3.3398103913343073E-6,2.207196948936574E-6,1.3990925734873886E-6,9.035360886417198E-7,7.064946065490801E-7,7.921108793253388E-7,1.143385674155107E-6,1.7447294298033107E-6,2.585252550629976E-6,3.6591030077305933E-6,4.955176393784853E-6,6.42588388564156E-6,7.936576770601362E-6,9.243556947705427E-6,1.0088972749155378E-5,1.0387924424101174E-5,1.0294723157191849E-5,1.0068288358817394E-5,9.920629602343347E-6,9.968741351336956E-6,1.0245531240120475E-5,1.0703239482142461E-5,1.118716293893028E-5,1.1412762119068607E-5,1.1047470064713258E-5,9.954283979673186E-6,8.364466466385912E-6,6.700619824835663E-6,5.275733523412226E-6,4.202862893885065E-6,3.4700577342576075E-6,3.0230531805643043E-6,2.8051741413281088E-6,2.7657162624887744E-6,2.8533709517919316E-6,3.007111547135608E-6,3.1580859018665417E-6,3.2513538370107857E-6,3.272722974751298E-6,3.250573450447026E-6,3.2298940599856765E-6,3.245036706112585E-6
66.98509999999999,1.6444250810362188E-5,2.1212389709927733E-5,2.6866784917436514E-5,3.069270894113749E-5,2.973556250061601E-5,2.5251677897629364E-5,2.0507250435900213E-5,1.7000702790089714E-5,1.483008762111408E-5,1.3755042862871936E-5,1.3590983955235649E-5,1.4279772707347043E-5,1.5877320952455606E-5,1.849800560601275E-5,2.2147809866659845E-5,2.6346895836367576E-5,2.9777905512227402E-5,3.093875762325459E-5,2.9734099776983158E-5,2.7519432339898167E-5,2.5633506831225938E-5,2.474831233437792E-5,2.5085494061646813E-5,2.662631170435986E-5,2.896442238901589E-5,3.08073062552538E-5,3.0036364305210146E-5,2.585471781640975E-5,2.0208077257968764E-5,1.527973521860807E-5,1.1759674238153614E-5,9.464845099353054E-6,8.059923566957453E-6,7.295655501824173E-6,7.035824679490616E-6,7.244680792127572E-6,7.98771747476644E-6,9.462440813837916E-6,1.2065205955201104E-5,1.6432663257202816E-5,2.298275803387638E-5,2.957296711980897E-5,3.0173334393309335E-5,2.440407809112512E-5,1.8176768554055263E-5,1.3952852206209294E-5,1.1510474996875396E-5,1.030588592685003E-5,1.001749757131229E-5,1.0550987584329216E-5,1.2004190598907395E-5,1.4647933024159991E-5,1.882121821609473E-5,2.4433401055697622E-5,2.991254086022615E-5,3.245904184260611E-5,3.1813588356692964E-5,3.4618723789291705E-5,1.1181901953430997E-5,7.6265490013540665E-6,7.03372840129822E-6,6.458351513631424E-6,2.008813375073481E-7,6.037376396336669E-6,1.7195504829138625E-6,3.5622532224749544E-6,3.411566551346596E-6,1.0917640691694304E-5,1.499793653216713E-5,9.417128954807785E-6,2.3072038413050928E-6,1.644650968482664E-7,2.035056075721892E-7,1.4683181091124357E-6,3.978283572850002E-6,6.984647124216572E-6,6.249094723458506E-6,6.707462666194487E-7,1.4416558561018405E-5,1.4220921695417025E-5,1.0099678556589003E-5,6.094208898507631E-6,3.6719735314167173E-6,2.11525106550027E-6,9.981038949407668E-7,3.0350182191726296E-7,1.0633119692020354E-7,4.523076169280158E-7,1.3241625605358588E-6,2.5776612865400054E-6,3.879136304044638E-6,4.868750190455019E-6,5.516925599947614E-6,6.117188907163725E-6,7.0087638117366305E-6,8.458660626699349E-6,1.0589173766193308E-5,1.3088235464617633E-5,1.4906997034911948E-5,1.4998631840192115E-5,1.3575434953627966E-5,1.160159650902627E-5,9.732459456572199E-6,8.193954096617546E-6,6.995610479685666E-6,6.036055908459555E-6,5.140115896667667E-6,4.145756850112913E-6,3.036234691758331E-6,1.9580408529120886E-6,1.0904140126858923E-6,5.381036607813148E-7,3.243637812649763E-7,4.2487175744186547E-7,7.951092486069472E-7,1.3857320027016893E-6,2.152707209295214E-6,3.0661886234756135E-6,4.117347787582847E-6,5.318495323022217E-6,6.688129233386144E-6,8.209369617233639E-6,9.759128637943367E-6,1.1057744169297642E-5,1.1765321341391501E-5,1.1742367291256563E-5,1.1179656392294087E-5,1.0416245219082709E-5,9.711960077658088E-6,9.185247103505461E-6,8.85200767791923E-6,8.667312737921662E-6,8.541849872427672E-6,8.344379197396734E-6,7.917836508935878E-6,7.139874552370636E-6,6.016258146355614E-6,4.713952667687313E-6,3.46497014086319E-6,2.433061462003435E-6,1.6686688274760148E-6,1.1456775687676118E-6,8.110393538242371E-7,6.140620024470885E-7,5.172141824156148E-7,4.980012739871826E-7,5.478716457211277E-7,6.69682905454068E-7,8.724225871905999E-7,1.1623132427409425E-6,1.5344823217197857E-6
67.548,1.4119837379089763E-5,1.7951995201916734E-5,2.3249112505618527E-5,2.8601624225190637E-5,3.048361322355761E-5,2.7331196489370137E-5,2.21296707145816E-5,1.767960826305933E-5,1.4663432076191783E-5,1.288054956779749E-5,1.2050286265080645E-5,1.2008486430257406E-5,1.2720444748967904E-5,1.4263351817974082E-5,1.6787639750487107E-5,2.0386893440560285E-5,2.4748407007344766E-5,2.8686434564347295E-5,3.0509483195641148E-5,2.9721689977183714E-5,2.7566950331284857E-5,2.5532195213331623E-5,2.441708343620597E-5,2.4493889056314558E-5,2.5782332723126748E-5,2.799726165828645E-5,3.0117166572722097E-5,3.0173496724595054E-5,2.685171844891412E-5,2.1495982316740157E-5,1.641469751170463E-5,1.2632949385409394E-5,1.011692335556006E-5,8.554922385173735E-6,7.685497066508454E-6,7.357620052196342E-6,7.525526349650672E-6,8.250443060784054E-6,9.732397837236044E-6,1.2379909178012618E-5,1.6847400830634495E-5,2.3490587467002653E-5,2.970903241336192E-5,2.913818992964968E-5,2.258155102074038E-5,1.630606945904363E-5,1.2241801889791443E-5,9.914481830268469E-6,8.725871011818594E-6,8.341799175538784E-6,8.650885349102118E-6,9.725924167643953E-6,1.1843630946754475E-5,1.5552107705291103E-5,2.1658011866173122E-5,3.0288396726976373E-5,3.562290805431824E-5,3.056864708699998E-5,1.2275740696614329E-5,7.602540583028767E-6,6.921238933886149E-6,6.5700653304963E-6,1.8052868084215307E-6,1.0102721990753446E-6,4.476206645331366E-6,4.3251350913274035E-6,3.7985497690155153E-6,9.417681419592722E-6,1.1033019859580527E-5,6.3560423210090475E-6,9.783763216843982E-7,6.946319305878565E-8,8.983051094435943E-7,2.7836267265000833E-6,6.12740066667265E-6,9.575841406484499E-6,6.7337070370573336E-6,6.511421951340408E-7,1.290791730014373E-5,1.3875117776465303E-5,9.807457407353524E-6,5.715147946230165E-6,3.1253146627554683E-6,1.5358140934433753E-6,5.63390149685466E-7,1.4542410712359845E-7,2.942927798407161E-7,1.0065335234208159E-6,2.21117018048978E-6,3.677296048877329E-6,4.951259337962554E-6,5.617736148319966E-6,5.749918131040272E-6,5.751576220525787E-6,5.939853839349913E-6,6.4689296199423944E-6,7.3796074590754195E-6,8.552590477935631E-6,9.585403945287837E-6,9.874684161308722E-6,9.107735977162012E-6,7.564332954604544E-6,5.7751505187890015E-6,4.136974084280101E-6,2.8430068416492248E-6,1.940721363425847E-6,1.373163784340921E-6,1.0072377079450469E-6,6.958295227012239E-7,3.731658885996591E-7,1.004388335799199E-7,4.615663186560689E-9,1.8036714294247813E-7,6.447464555099718E-7,1.348097290349167E-6,2.2060174007806804E-6,3.1325131845000138E-6,4.067424270934615E-6,4.992524970187841E-6,5.932666954847361E-6,6.943110130273651E-6,8.084734935168896E-6,9.382011315059772E-6,1.0755507328133347E-5,1.1954509154953946E-5,1.2603583889711225E-5,1.2457564773725707E-5,1.163375628462045E-5,1.0493894633206806E-5,9.357996246492995E-6,8.382689673776244E-6,7.597753380725978E-6,6.970410069095646E-6,6.4444594356181005E-6,5.9570016630494876E-6,5.446166098615905E-6,4.860641552998348E-6,4.1766886618084544E-6,3.417301675942915E-6,2.6535531431839233E-6,1.972953961683856E-6,1.434753031236255E-6,1.0503115932338255E-6,7.962413220865123E-7,6.37822462980718E-7,5.447241564942281E-7,4.969606100105313E-7,4.858244042012295E-7,5.13906987586283E-7,5.959436849291668E-7,7.596967609608865E-7
68.1109,1.2336156250379722E-5,1.5242527264938095E-5,1.965799053755718E-5,2.5273713009003578E-5,2.9651528132204854E-5,2.915585631954476E-5,2.4395411655255313E-5,1.9107648224331104E-5,1.5152179217513005E-5,1.261706840277404E-5,1.1166405138459333E-5,1.05284724707325E-5,1.056666270105762E-5,1.1265513601249998E-5,1.2715441968942228E-5,1.509119131498372E-5,1.8560810780326366E-5,2.29853082043182E-5,2.7377663606710804E-5,2.9927743794913603E-5,2.9660820472302783E-5,2.7600435032136267E-5,2.5388315874899803E-5,2.3992563700577437E-5,2.3754319338980186E-5,2.4732709857712914E-5,2.6761105238254787E-5,2.9117469946900102E-5,3.0113318012689236E-5,2.7985056738081478E-5,2.3195322335324885E-5,1.8002389523942288E-5,1.3878426781364997E-5,1.1047542882825428E-5,9.25571140341001E-6,8.230429625748715E-6,7.799798800403184E-6,7.90212867331604E-6,8.589393915315672E-6,1.0058877473987816E-5,1.2723306793072265E-5,1.7241086386322273E-5,2.3891927216592838E-5,2.9670032248095093E-5,2.806959465570176E-5,2.0963518761358146E-5,1.4730986124813122E-5,1.0832273191009246E-5,8.614557992588425E-6,7.44961577763876E-6,6.9982196912440706E-6,7.136449309588555E-6,7.91416561411421E-6,9.604065860367901E-6,1.2949048564120657E-5,2.0080400122708882E-5,3.534113285568016E-5,3.083060883602155E-5,1.2538615798018144E-5,7.321655111058472E-6,6.628392475580636E-6,6.8099053678310235E-6,3.5382254240212044E-6,2.8005056713884857E-7,8.012663654866087E-6,4.440445316917238E-6,3.9563247803110705E-6,6.7940293847741775E-6,6.240082573716776E-6,2.852867347701722E-6,2.8732143081924297E-7,7.133150359662686E-7,2.1165053922076646E-6,4.389168860964967E-6,8.591304316323568E-6,1.2933912375036451E-5,7.350813792760804E-6,6.051677173205132E-7,9.015121066404993E-6,1.2956649712180696E-5,9.087741975340902E-6,5.083598633637185E-6,2.484578718079578E-6,9.875064109348548E-7,2.4622843088592523E-7,1.5371626171190548E-7,6.791991673521217E-7,1.7867158211714432E-6,3.363603167536578E-6,5.111535838107809E-6,6.4534799979830185E-6,6.848802836368006E-6,6.4561019523718096E-6,5.875145786699385E-6,5.48184387719614E-6,5.369278729525964E-6,5.496798551841766E-6,5.742603765105141E-6,5.899556767244715E-6,5.724002652046038E-6,5.077193841592644E-6,4.029472147298591E-6,2.8032597039846215E-6,1.641836896738429E-6,7.313337178961023E-7,1.8128614137754864E-7,1.60156923904535E-8,1.616007295006739E-7,4.6398665232666704E-7,7.722860390243259E-7,1.035471411102517E-6,1.3200284796261877E-6,1.746125398402695E-6,2.4086825142656886E-6,3.3221450058935546E-6,4.397193100898643E-6,5.46636567040165E-6,6.3672545344670875E-6,7.0320384203785295E-6,7.508484129745258E-6,7.911185965988659E-6,8.362376575022356E-6,8.956718708810351E-6,9.739347885011037E-6,1.0672463336994877E-5,1.1586088818538653E-5,1.2170050348906034E-5,1.2114888482718842E-5,1.1358783018874798E-5,1.0145934446397375E-5,8.810443367083509E-6,7.575876991261369E-6,6.52701366046326E-6,5.6661916055284545E-6,4.964907363781096E-6,4.390550791001827E-6,3.916117930211349E-6,3.5217207798461882E-6,3.192641387262771E-6,2.9161100933286484E-6,2.6784706770726175E-6,2.4649425330604696E-6,2.2632594357466425E-6,2.0684203996644427E-6,1.8834485748839126E-6,1.715486247439223E-6,1.5714634860822308E-6,1.4563880219147697E-6,1.3739961280964892E-6,1.3284817522455177E-6,1.3266419169934643E-6
68.6738,1.103649059010349E-5,1.3135021615723045E-5,1.6541519888372962E-5,2.1496539865476876E-5,2.7051843845866446E-5,2.9744881016905258E-5,2.6925695796447515E-5,2.1322860894161958E-5,1.6365606373336515E-5,1.2961737735897428E-5,1.0855459381704182E-5,9.67689784900791E-6,9.1846285299667E-6,9.26882774572941E-6,9.927786041166352E-6,1.125744849982011E-5,1.3444645749156484E-5,1.671327080110637E-5,2.10886799709121E-5,2.5839697105964602E-5,2.9152119261809858E-5,2.9531271384094937E-5,2.7628411804260753E-5,2.5221888632481928E-5,2.3498324945670307E-5,2.289237990871078E-5,2.3498587473620993E-5,2.524550396653863E-5,2.7698201169303083E-5,2.9582716980174086E-5,2.8950375364746724E-5,2.5186140548268423E-5,2.0081541244405664E-5,1.5579156460053265E-5,1.2329765947920828E-5,1.0214854949086885E-5,8.965302801243346E-6,8.383726701266046E-6,8.385124134029833E-6,9.005199791855234E-6,1.0430728981528557E-5,1.3067218236335713E-5,1.7560622765559738E-5,2.4119787587370224E-5,2.947138928096647E-5,2.7109454575763415E-5,1.965908104824132E-5,1.3489304750375874E-5,9.72243815552145E-6,7.588910750152602E-6,6.442439524065363E-6,5.940748823517125E-6,5.951120260943945E-6,6.5099739186595074E-6,7.914378679604739E-6,1.1301621726680617E-5,2.259031438773283E-5,3.530373497702763E-5,1.2140740096479128E-5,6.829594278470482E-6,6.229580558497345E-6,5.619424776966572E-6,1.8241585057563547E-6,2.401952321727652E-6,1.1616640551711135E-5,4.1200044304085195E-6,3.7149458924028093E-6,4.193506254668916E-6,2.5821477230656427E-6,6.899703180625257E-7,9.555706790584633E-7,2.219854663708165E-6,3.651874143847111E-6,5.804402184593362E-6,1.0381849017412055E-5,1.636133141343919E-5,8.12055799456218E-6,5.452966374551659E-7,4.585420690184824E-6,1.0428272817555225E-5,7.727895859095829E-6,4.109827895475346E-6,1.719051607171612E-6,4.7023306053624357E-7,5.9461213230174074E-8,3.556242860590443E-7,1.3074735094552731E-6,2.8532805092928093E-6,4.840487834728073E-6,6.948401234021544E-6,8.542993124606726E-6,8.847064831787256E-6,7.928318041546792E-6,6.672926707560621E-6,5.668376633083675E-6,5.014584460076247E-6,4.616053405818256E-6,4.329617228774012E-6,4.006166820606929E-6,3.5300614212307153E-6,2.868510559477816E-6,2.0853346089332117E-6,1.3035292322222873E-6,6.559427127282915E-7,2.5827065190081014E-7,2.0189384013587745E-7,5.442894184340392E-7,1.2737869651639953E-6,2.2533196045085294E-6,3.2264011224985176E-6,3.97340393481356E-6,4.47913000208284E-6,4.903276977104551E-6,5.440307604637954E-6,6.232137821295582E-6,7.330013463654953E-6,8.64186281001091E-6,9.880371403851457E-6,1.0655487880619228E-5,1.0768533484609078E-5,1.038089618614332E-5,9.82747280470059E-6,9.373738039157075E-6,9.15072325796756E-6,9.19107191967373E-6,9.460060345039669E-6,9.853517573909365E-6,1.0184286265396017E-5,1.0213040835078725E-5,9.766950723732494E-6,8.867848515016753E-6,7.714084465771928E-6,6.533788189661419E-6,5.476374467353996E-6,4.603136009636395E-6,3.922798385395869E-6,3.423693025746649E-6,3.0908133968413303E-6,2.911512227347638E-6,2.8742767897621074E-6,2.962325975244944E-6,3.1427609717253713E-6,3.3557758657974537E-6,3.5173031699305806E-6,3.549194582918504E-6,3.4229878870893064E-6,3.1734509230020207E-6,2.867463793108265E-6,2.5648335562208496E-6,2.3017908791178813E-6,2.0942188216165813E-6
69.2367,1.01598040224417E-5,1.1585015598703288E-5,1.406769513730385E-5,1.7987775079946384E-5,2.33496912787512E-5,2.8306843177029597E-5,2.88106459457839E-5,2.4182408613308492E-5,1.8410973318395893E-5,1.3985131416639536E-5,1.1104445206233202E-5,9.358786309136959E-6,8.396050715192353E-6,8.010535411366904E-6,8.115076840661702E-6,8.716461133951866E-6,9.909714677157165E-6,1.1882559639625544E-5,1.489345611448224E-5,1.910737825257935E-5,2.4081433265846823E-5,2.8142056018547615E-5,2.930286196340921E-5,2.7655753055820662E-5,2.505368071742124E-5,2.2960062292974985E-5,2.193853825695144E-5,2.2114636428282953E-5,2.347510192756331E-5,2.5814246927419495E-5,2.833514308925424E-5,2.9302572934565423E-5,2.7153880906882096E-5,2.2608020828497606E-5,1.7819134552732708E-5,1.4060523205694199E-5,1.1506822907400587E-5,9.940002716798193E-6,9.139679569699912E-6,8.989415428126594E-6,9.49922886351828E-6,1.0834765936231364E-5,1.3379573378864782E-5,1.7749886202098303E-5,2.4112997218437755E-5,2.9146682401090034E-5,2.6394371692317924E-5,1.8754067255074133E-5,1.2601669891894448E-5,8.900323612924328E-6,6.809647308222618E-6,5.665810716716333E-6,5.1206374429288816E-6,5.035488554281093E-6,5.451399820594307E-6,6.7906860031759865E-6,1.1664141080684226E-5,3.44344716411259E-5,1.1390888040018905E-5,6.191899811389008E-6,5.809140920792288E-6,9.163231940857876E-7,4.2598449470811764E-7,7.722429228865912E-6,1.4154898238567677E-5,3.658248716470022E-6,3.0678503136602016E-6,2.1794096153602182E-6,6.418417683167014E-7,6.136325373777426E-7,3.1968047090604075E-6,4.373365692945726E-6,5.115589855307121E-6,6.534984002169073E-6,1.0398258659409244E-5,1.7354206719609353E-5,8.83416767869167E-6,4.7574761375056636E-7,1.8854507086205659E-6,5.9265198937779294E-6,5.299574974189093E-6,2.7531933559373947E-6,9.075363191535604E-7,8.862070830788541E-8,1.0467355512675168E-7,8.503628026264201E-7,2.281257925015854E-6,4.293689442774571E-6,6.65008237047298E-6,9.043166763571949E-6,1.1002074392039984E-5,1.162136199480548E-5,1.0438193397473523E-5,8.413743796199005E-6,6.61222291291103E-6,5.319061201786921E-6,4.418984241455426E-6,3.730700623460229E-6,3.1090670293540714E-6,2.475468981020124E-6,1.8265185257868824E-6,1.216634010024982E-6,7.24833995263753E-7,4.284802602518672E-7,3.937348478863368E-7,6.78131753833978E-7,1.3363748550354485E-6,2.415755154633226E-6,3.912630215239295E-6,5.662352967694748E-6,7.254317304356137E-6,8.243170447775332E-6,8.566495385619152E-6,8.552784240453436E-6,8.57282301320904E-6,8.85661708818362E-6,9.5064179555455E-6,1.051675925555365E-5,1.1716285125030202E-5,1.268410385053655E-5,1.288387233078777E-5,1.2134604950370594E-5,1.0822410443829561E-5,9.483053073241572E-6,8.421365989848053E-6,7.707756409174309E-6,7.297484291518767E-6,7.102757325412936E-6,7.014157510667244E-6,6.906905871527746E-6,6.6619147731887425E-6,6.210178452575755E-6,5.570747883266656E-6,4.839211051659602E-6,4.132082566268021E-6,3.5374271121557794E-6,3.1007520827729807E-6,2.835488505675219E-6,2.738436969183358E-6,2.800503712765841E-6,3.011001736387098E-6,3.355675596715692E-6,3.807771004228622E-6,4.312135677352291E-6,4.770056689298461E-6,5.048850307699001E-6,5.040488687577144E-6,4.737356971820983E-6,4.239682628823259E-6,3.6818837157565382E-6,3.162451051501121E-6
69.79960000000001,9.662715298096799E-6,1.0522897975548219E-5,1.2229812415982106E-5,1.511398248131711E-5,1.9524115598834888E-5,2.5047950662400932E-5,2.880952880522983E-5,2.7030732753622614E-5,2.1325574151203055E-5,1.5829302870713437E-5,1.1980812686218303E-5,9.55489174707771E-6,8.10106403887748E-6,7.305422158059181E-6,6.995692348650949E-6,7.102396206706767E-6,7.63650908102303E-6,8.687381093588297E-6,1.0434604343628943E-5,1.3150499919759284E-5,1.7104054000270477E-5,2.2138843921379584E-5,2.686757397579748E-5,2.8934680166335215E-5,2.768018181262049E-5,2.490271146052956E-5,2.2403277501040632E-5,2.0925832520056115E-5,2.0627285728494292E-5,2.1512474668902935E-5,2.3516844193343563E-5,2.6264927075579442E-5,2.856847689354157E-5,2.850405206227938E-5,2.531646251397787E-5,2.0623205103340916E-5,1.635148781512779E-5,1.3233468327130601E-5,1.1226010067265087E-5,1.0111657338769425E-5,9.737473704150165E-6,1.0076313725591263E-5,1.1259210649706164E-5,1.363047847866896E-5,1.7759972317446264E-5,2.3821134028624768E-5,2.8716271912114377E-5,2.602783607921964E-5,1.8317475893272757E-5,1.2083305722378058E-5,8.352224714359871E-6,6.248534399205946E-6,5.081849020514152E-6,4.491099493158909E-6,4.335751669127353E-6,4.705957957202639E-6,6.58161385589015E-6,2.0886909778893778E-5,1.0368423407844306E-5,5.486039797442845E-6,5.477313528464778E-6,1.2259229552327628E-7,2.534714969856131E-8,1.0500230872313549E-5,1.4359779493397985E-5,3.172021721537476E-6,2.1936428648227008E-6,8.732043542912302E-7,6.753967601543026E-8,1.98795052966435E-6,6.479891078406204E-6,6.854538784713028E-6,6.291388573760224E-6,6.590868809225124E-6,8.96271685086878E-6,1.4233988257152903E-5,8.773738106025028E-6,3.9536748982478496E-7,6.93761316359218E-7,2.211090868775747E-6,2.377092486002313E-6,1.319357706192107E-6,3.6354945649000854E-7,1.0379193913936852E-7,5.737601022538472E-7,1.7798153534957821E-6,3.7333013610300405E-6,6.253232034022198E-6,8.864990573868068E-6,1.118231963896907E-5,1.3115426882640186E-5,1.422793269758201E-5,1.3580903954755178E-5,1.1233673241367949E-5,8.52880016747915E-6,6.358797349501459E-6,4.799833222409356E-6,3.6540774949261075E-6,2.7420214637241587E-6,1.9695828612274865E-6,1.3197611368119305E-6,8.204130261923479E-7,5.12189492770377E-7,4.297071369920866E-7,5.962883979330188E-7,1.0276230198574875E-6,1.741587501183385E-6,2.7719893964263053E-6,4.176198741512302E-6,6.005276965528442E-6,8.178296070279554E-6,1.0268961843581853E-5,1.1553074314800042E-5,1.1666972270582761E-5,1.1004584483228862E-5,1.018615466098755E-5,9.578899443856204E-6,9.299088527027992E-6,9.337723980890318E-6,9.616883829714362E-6,9.976059971196097E-6,1.0144550073925225E-5,9.812576319496294E-6,8.869527903131335E-6,7.558492743311016E-6,6.263538983318605E-6,5.219405383937094E-6,4.467934548259772E-6,3.953146760253304E-6,3.5969988745948763E-6,3.3304169429904286E-6,3.1022276564122116E-6,2.882519356252527E-6,2.6650373624737715E-6,2.466180864260607E-6,2.3172355675534005E-6,2.251182332528786E-6,2.290667179053843E-6,2.443248165461764E-6,2.704437728670177E-6,3.064389495182901E-6,3.51347733418906E-6,4.043615001827755E-6,4.643264980590079E-6,5.284255755313078E-6,5.900781035494155E-6,6.3722544837042724E-6,6.543273696557289E-6,6.309000020463583E-6,5.709464519339635E-6,4.914298201510161E-6
70.3625,9.531193354350215E-6,9.891859449055104E-6,1.0956579400312113E-5,1.2950943375966488E-5,1.623717087707642E-5,2.1060772695706608E-5,2.6399397277439552E-5,2.848486521914835E-5,2.4757586013351753E-5,1.8650780929687557E-5,1.3643052194067652E-5,1.03301882125411E-5,8.27884775520349E-6,7.054775710367776E-6,6.3859143643277934E-6,6.128139466833935E-6,6.2250260749850435E-6,6.688586290218241E-6,7.599484905575521E-6,9.12292591571852E-6,1.1527677403978622E-5,1.5147224296550341E-5,2.007583491833479E-5,2.5322433728599476E-5,2.8378573541133594E-5,2.7689133286310193E-5,2.4783599434942587E-5,2.185056950815475E-5,1.988619989366638E-5,1.9088277990630557E-5,1.9446028933946988E-5,2.0945465454325785E-5,2.3485840589672775E-5,2.6498732061283635E-5,2.8457022289677583E-5,2.7528141594379825E-5,2.3798181425943674E-5,1.9278688505215034E-5,1.552135272573923E-5,1.2924404313692115E-5,1.1365111987027176E-5,1.0665277435298212E-5,1.0749859760857507E-5,1.1699615916379411E-5,1.380097094990598E-5,1.7561335264462673E-5,2.320726467091672E-5,2.8148367145604326E-5,2.6050670717883085E-5,1.8410799115039357E-5,1.1955963835707233E-5,8.069173129534972E-6,5.879698667522355E-6,4.653933508321305E-6,4.007468096838705E-6,3.8118667222233296E-6,4.3919672540992905E-6,1.0564745095779156E-5,9.019539284888712E-6,4.802184830456425E-6,5.4181699219773495E-6,3.914806078902012E-7,2.452615490804895E-7,1.0562465418710693E-5,1.2053633920029245E-5,2.633054836194272E-6,1.3308308501272058E-6,1.9776953939028737E-7,3.163037789905697E-7,3.7955953812672772E-6,9.842892910845655E-6,9.507199132479319E-6,7.25147435717598E-6,6.327287197251388E-6,7.205410022251379E-6,9.648122284186217E-6,7.087555944258566E-6,3.0117103035824535E-7,2.2551517830288112E-7,6.005718169255435E-7,7.430157778712377E-7,6.392315880076164E-7,5.053152545450651E-7,7.142989773713609E-7,1.4820606846495138E-6,2.9888956033675E-6,5.41637716414066E-6,8.606255089393744E-6,1.160851962560701E-5,1.3512129040498293E-5,1.4572269123567482E-5,1.5272203861694424E-5,1.529075536475631E-5,1.385052895878751E-5,1.108399400126591E-5,8.124232699555714E-6,5.727778924681384E-6,3.965765194693535E-6,2.6745278892734695E-6,1.7184740492179976E-6,1.0354267392207186E-6,6.089542554956787E-7,4.3637494582400903E-7,5.104935056019235E-7,8.136318639635379E-7,1.3201091913898347E-6,2.006021143888428E-6,2.8652813586626024E-6,3.926945865139719E-6,5.263005226769847E-6,6.965266229344374E-6,9.044892337155932E-6,1.1209844630281308E-5,1.2719893336483026E-5,1.289111001394179E-5,1.1888742300038552E-5,1.0448285630367864E-5,9.108960316746643E-6,8.048331523364999E-6,7.25170518552871E-6,6.643220499162643E-6,6.135877181104091E-6,5.6434881471313356E-6,5.085700973717599E-6,4.405728049455207E-6,3.607669123311104E-6,2.781731172645497E-6,2.058583691018784E-6,1.516646909087974E-6,1.149065090241772E-6,9.056711097862238E-7,7.392652509825616E-7,6.23474162297087E-7,5.526069987321744E-7,5.367977983920723E-7,5.972358969919001E-7,7.612741739648109E-7,1.0556347564888434E-6,1.4965433433674539E-6,2.0787070809391964E-6,2.769750725642665E-6,3.517709884396638E-6,4.270766624980676E-6,4.996466810370998E-6,5.686598741882225E-6,6.344563292747126E-6,6.960586759745559E-6,7.48215054126101E-6,7.794629034584046E-6,7.746816170356952E-6,7.2484443026937E-6
70.9254,9.790829588635596E-6,9.666643256912238E-6,1.017750105616012E-5,1.1440264985672164E-5,1.3717421279893888E-5,1.7380553871593307E-5,2.2481834504548106E-5,2.7249541828420258E-5,2.7459346088703386E-5,2.236532966804933E-5,1.6322578200644543E-5,1.1852533665092158E-5,8.995032185358312E-6,7.240840494138097E-6,6.193567815486933E-6,5.618975004019401E-6,5.395212354367354E-6,5.475053269760908E-6,5.8694598920241956E-6,6.648938826533229E-6,7.960825741303503E-6,1.0057782551180608E-5,1.3301340599538023E-5,1.797708719113147E-5,2.3536142812235988E-5,2.7588768037432983E-5,2.765813323625649E-5,2.470411881987767E-5,2.131901239819822E-5,1.8846562919843547E-5,1.7546432690367942E-5,1.7369399538885753E-5,1.8282010916886494E-5,2.029636695981446E-5,2.3283254821790046E-5,2.6490432538799115E-5,2.8142032043393156E-5,2.6638939627751645E-5,2.271698741275261E-5,1.8481384372610354E-5,1.5168850429289348E-5,1.299763733370274E-5,1.1831941451634494E-5,1.154998120692675E-5,1.2166985562917993E-5,1.389270409876971E-5,1.7155222136133158E-5,2.22552285681641E-5,2.7334785742095665E-5,2.6397477813077283E-5,1.9089735979447016E-5,1.22583940761923E-5,8.05063928357362E-6,5.677805253009572E-6,4.3412146106781484E-6,3.6217597714838596E-6,3.482407864702154E-6,5.978378020022059E-6,7.449967433383606E-6,4.224113035795561E-6,6.0363801635920545E-6,1.5319611154429013E-7,5.796394623820179E-7,9.799473071258679E-6,8.656003672062422E-6,2.022836939322974E-6,6.530486552881974E-7,4.768995581744997E-10,9.490521761936299E-7,5.2779672458302776E-6,1.2033353237532462E-5,1.2106090885004518E-5,8.139236960230901E-6,6.02191808360145E-6,5.731698736076664E-6,6.110542194748248E-6,4.417680019537487E-6,1.9459992497037685E-7,5.4689840438756546E-8,1.4740898814656113E-7,4.193481804841051E-7,7.930883280643397E-7,1.0882969555806454E-6,1.470830857650639E-6,2.200669595140137E-6,3.537973879539878E-6,5.834498415198506E-6,9.361418550381222E-6,1.3343733690595661E-5,1.5649221260705055E-5,1.574681672642324E-5,1.5045322341708695E-5,1.4363187224474337E-5,1.3508615494706314E-5,1.1891978736807043E-5,9.397853712612198E-6,6.67791563231877E-6,4.375195382881522E-6,2.6734444749961013E-6,1.5093351792084643E-6,7.894261756917255E-7,4.4573136482641805E-7,4.2573328975459794E-7,6.762614391752238E-7,1.1355819640972603E-6,1.7355944789571125E-6,2.414298479424715E-6,3.134701985388533E-6,3.9008251371895685E-6,4.762086761618083E-6,5.80393859355571E-6,7.121129831435256E-6,8.74929367912514E-6,1.051524685466537E-5,1.1881757687564388E-5,1.2172043020991307E-5,1.1255721251539412E-5,9.680836902791163E-6,8.039087332237833E-6,6.60543772714242E-6,5.4216285673159084E-6,4.442873724083752E-6,3.6124631103995784E-6,2.8857949128817936E-6,2.2345775598928754E-6,1.646046863598562E-6,1.1227021983354727E-6,6.828348966864508E-7,3.5574553318307933E-7,1.6150102995384686E-7,8.3592633940141E-8,7.23827077989496E-8,8.312208519583269E-8,9.968851349221838E-8,1.285418653539268E-7,1.8596883134460541E-7,2.919184225870379E-7,4.6952612381782917E-7,7.467272045081498E-7,1.157037756717869E-6,1.7361157945157263E-6,2.509449488989164E-6,3.4686622150740275E-6,4.546785618602696E-6,5.6222381423406544E-6,6.571249603267305E-6,7.331183004803084E-6,7.91166290359865E-6,8.348317579432086E-6,8.643963401300283E-6,8.733723668267049E-6
71.4883,1.052249617798896E-5,9.866889995882794E-6,9.854523699077733E-6,1.0499353743964573E-5,1.1945844541412113E-5,1.4485083907649059E-5,1.8468447715375312E-5,2.3667136914412695E-5,2.7546566720197426E-5,2.6007840346971087E-5,2.014142523232808E-5,1.4403225069396183E-5,1.0426698269366856E-5,7.93416212642755E-6,6.408243904743205E-6,5.493745435201346E-6,4.9874223700393476E-6,4.784250019710411E-6,4.843160803859677E-6,5.172821751347577E-6,5.833283090672399E-6,6.952885966577469E-6,8.760764346836515E-6,1.1617898392396326E-5,1.593386563387164E-5,2.157779339443924E-5,2.6537174939946176E-5,2.7552298980697672E-5,2.466355359081138E-5,2.081828420642316E-5,1.782606386626447E-5,1.604117376657563E-5,1.536278481112294E-5,1.5695805459475143E-5,1.7048763774213E-5,1.9479427379313886E-5,2.284779976568486E-5,2.625694709073006E-5,2.7753913316401742E-5,2.5961510327857214E-5,2.2043238703233092E-5,1.8094696837164208E-5,1.5147261760092049E-5,1.3333192715798197E-5,1.2534997899622534E-5,1.269719802459755E-5,1.3935992478936824E-5,1.658135649751426E-5,2.0987245137391354E-5,2.6114381245405425E-5,2.683454726903355E-5,2.0381893340114343E-5,1.3053598228683708E-5,8.30288233008435E-6,5.6053770388085316E-6,4.077030192049451E-6,3.277611445141815E-6,4.029845596355861E-6,5.955623003502562E-6,3.8061581983170345E-6,8.744512565109047E-6,7.600530990956753E-9,1.3744883845535571E-6,9.075403846562222E-6,5.714545673756656E-6,1.4003029704086705E-6,2.2439572577267465E-7,1.2056960321611446E-7,1.7200304884431904E-6,6.227296474133652E-6,1.2351393906352553E-5,1.3937678319332074E-5,8.96202859684076E-6,5.765712829656759E-6,4.618885035300028E-6,3.8685887983735025E-6,2.268391433624658E-6,9.08309975982138E-8,5.835257112884287E-9,1.3374006979556743E-7,6.309961280978421E-7,1.2406295299190116E-6,1.6227999572688164E-6,1.9049566873628728E-6,2.3429866146739335E-6,3.131959484422426E-6,4.500482407478254E-6,6.763708996918611E-6,1.0023135823464121E-5,1.3227084391039374E-5,1.4420198157896517E-5,1.3520841511998252E-5,1.1991497215525304E-5,1.0632143914013035E-5,9.388633395675777E-6,7.886178191505505E-6,5.9679882532252175E-6,3.939264756155957E-6,2.2306053790168564E-6,1.0520930411703158E-6,4.151985857374008E-7,2.560406636548783E-7,4.913001819503031E-7,1.0251838501941798E-6,1.7455053401125135E-6,2.5295589522777998E-6,3.268021653905611E-6,3.898262944393687E-6,4.423255893529588E-6,4.901270101520586E-6,5.418017065139764E-6,6.0610214755093075E-6,6.89815442683911E-6,7.94113228030558E-6,9.071854523128773E-6,9.96511678926742E-6,1.0176376282154727E-5,9.497916729905006E-6,8.179119180687733E-6,6.661077255145607E-6,5.247836241448824E-6,4.053655874067417E-6,3.088114067603106E-6,2.3271087530430975E-6,1.7447141491257786E-6,1.3228484198455903E-6,1.0526984488936259E-6,9.338842575069295E-7,9.719730045658482E-7,1.1701801605507671E-6,1.5061990914796513E-6,1.8925346692496936E-6,2.168317330560802E-6,2.2034371279465602E-6,2.0231005035020576E-6,1.7577892954458988E-6,1.5167539279044127E-6,1.3497951546695632E-6,1.270683492810513E-6,1.2825191009978671E-6,1.3913025920875354E-6,1.6122086631122437E-6,1.972538914380954E-6,2.5112500030144677E-6,3.2699800953505322E-6,4.265970556208602E-6,5.444178086126928E-6,6.643786654384308E-6,7.651802824702058E-6,8.335158835604136E-6,8.703808238931355E-6
72.0512,1.1888350432252029E-5,1.0575516295518453E-5,1.0000883059846518E-5,1.0075891484979134E-5,1.0832475170608929E-5,1.2436784994903877E-5,1.5196958501879985E-5,1.94138065297097E-5,2.4524817741987962E-5,2.7368900613276806E-5,2.4444281980075705E-5,1.8258559514611702E-5,1.2895451142337969E-5,9.32515305646369E-6,7.110295187529931E-6,5.753313071004501E-6,4.9350901512031786E-6,4.476046491362114E-6,4.283255050671243E-6,4.319445768291445E-6,4.590325496821034E-6,5.1459633501153055E-6,6.096284806803565E-6,7.643879847852959E-6,1.013019060729084E-5,1.4027696954703143E-5,1.9546718189224172E-5,2.522952071525621E-5,2.7332318314585013E-5,2.4652567247326886E-5,2.035021011965975E-5,1.683548395102353E-5,1.4600058035622058E-5,1.3483362911039822E-5,1.3308571231083706E-5,1.402308241868594E-5,1.5697119770480455E-5,1.844533802827101E-5,2.214825929463105E-5,2.5821985106678856E-5,2.736362438891362E-5,2.5505681850275508E-5,2.1675467742569464E-5,1.7969973925126294E-5,1.5313747955401144E-5,1.3805793055689497E-5,1.3360810938401254E-5,1.3994152857652958E-5,1.591855961340525E-5,1.9484422346687156E-5,2.4367752193489877E-5,2.6928087909157466E-5,2.2219553131365697E-5,1.4429894699213678E-5,8.81936271765433E-6,5.559482870398926E-6,3.697852691925766E-6,3.235255435539124E-6,4.772575168725008E-6,3.570188436280342E-6,1.2993695807706778E-5,1.383385644144263E-7,3.617409037249031E-6,8.645551520939403E-6,3.735058973884545E-6,8.50676699532826E-7,2.860165353768445E-8,4.3658691121335964E-7,2.5664872671215526E-6,6.856840461244309E-6,1.1424849139019579E-5,1.412356774879046E-5,9.503825440865154E-6,5.521402974440343E-6,3.7670227995717844E-6,2.4828330245742296E-6,1.035325362939187E-6,2.0400130924213245E-8,9.570290376008692E-9,2.9861989460546407E-7,1.0547936623376457E-6,1.7939450447219192E-6,2.0864004747802332E-6,2.1438853352145553E-6,2.2579057616640866E-6,2.559322521146865E-6,3.1226509552575643E-6,4.024033909806395E-6,5.287015786805813E-6,6.7056403109711696E-6,7.734191013879328E-6,7.872749517051302E-6,7.230054190640377E-6,6.315167635547845E-6,5.442834548961244E-6,4.564972690671714E-6,3.5094856461146237E-6,2.28713360597444E-6,1.1406628615797278E-6,3.372002417254516E-7,1.4096692086131288E-8,1.8672769094274012E-7,8.027100863187782E-7,1.766594367222153E-6,2.9346761835401166E-6,4.109307179035031E-6,5.075114654158302E-6,5.690292624014438E-6,5.960736926811539E-6,6.013152584806909E-6,6.00305860040269E-6,6.0498538720850115E-6,6.222416463230415E-6,6.544207403443506E-6,6.989482454352794E-6,7.463315010336291E-6,7.786880900802504E-6,7.742846110630418E-6,7.207438557450187E-6,6.25891281473104E-6,5.121589061928E-6,4.015302878963902E-6,3.0716462828327896E-6,2.3404560965226404E-6,1.825625508759898E-6,1.512876115112577E-6,1.3845932059777895E-6,1.426970127597597E-6,1.6339704762264695E-6,2.009886231950894E-6,2.5690776583844616E-6,3.325794844719306E-6,4.256479089954942E-6,5.214900605693458E-6,5.858842477331791E-6,5.8238161716145024E-6,5.131666288348993E-6,4.178471694800338E-6,3.307738193735692E-6,2.6432881862156773E-6,2.1807600267390748E-6,1.8811806915443953E-6,1.709614806436614E-6,1.6448598420217227E-6,1.6803719496967037E-6,1.8240928078221506E-6,2.0987875860896934E-6,2.540958867757822E-6,3.191571488118804E-6,4.065878124991611E-6,5.097379505698501E-6
72.6141,1.416172922272542E-5,1.196967172993033E-5,1.0703578017727558E-5,1.0176356345813948E-5,1.0309698183990374E-5,1.114732463986473E-5,1.2869115008854613E-5,1.5787168599033975E-5,2.0131338772871373E-5,2.5017675830282607E-5,2.689371844558706E-5,2.3034054408370255E-5,1.680000274039557E-5,1.1777490863619827E-5,8.510741025293071E-6,6.4934680243228845E-6,5.2541807382146905E-6,4.501358625778738E-6,4.072097031131644E-6,3.88150675038075E-6,3.894230484839191E-6,4.112684793909549E-6,4.5778417102865906E-6,5.382818636631575E-6,6.7038294767116964E-6,8.85261345884144E-6,1.2317986357787604E-5,1.755184312649232E-5,2.371360509892316E-5,2.696458603561843E-5,2.46551958261083E-5,1.991026640071492E-5,1.5879237785502407E-5,1.324045995993479E-5,1.1765385790953211E-5,1.118751215233861E-5,1.1377049888035622E-5,1.2344654614278425E-5,1.4221009088164395E-5,1.7185706059729155E-5,2.1179871190284984E-5,2.519970211900639E-5,2.6981553979093997E-5,2.5209279433400073E-5,2.1478404096184256E-5,1.7950874529682536E-5,1.5518432187889856E-5,1.4272736348576038E-5,1.4163988337725874E-5,1.5276301029097175E-5,1.7888513092364937E-5,2.214146175449274E-5,2.6181368970099454E-5,2.4343665598460785E-5,1.64957383702284E-5,9.469038368046169E-6,5.142119630599008E-6,3.089276341556039E-6,3.956493594928826E-6,3.5167258815240897E-6,3.1580497582107827E-7,4.4120275516208176E-7,7.434699066965911E-6,8.536948036304109E-6,2.509194935224564E-6,4.2623018762062847E-7,2.2429693391305483E-8,8.831631586906924E-7,3.545879673728439E-6,7.502694618098319E-6,1.031997752899704E-5,1.2809869467508076E-5,9.44257724582155E-6,5.1930451080941145E-6,3.0629043511287987E-6,1.5915367780025169E-6,4.280291406115358E-7,7.013507848316483E-9,3.5778815644232993E-8,5.700827997127373E-7,1.6539429270750259E-6,2.5250901301073103E-6,2.650716418478268E-6,2.4223334440802524E-6,2.237910902767297E-6,2.203236404594558E-6,2.315436504076612E-6,2.5432606315778186E-6,2.8172790835603607E-6,3.010684992533383E-6,2.9804616991866756E-6,2.6718963871148614E-6,2.183175569915028E-6,1.7162454545891856E-6,1.4537658506908676E-6,1.4165170728247515E-6,1.3992844469837593E-6,1.172697811493838E-6,7.817966352514427E-7,4.88575126577165E-7,5.155952893405478E-7,9.512819480875245E-7,1.7942583585047415E-6,3.007965494033187E-6,4.5327468481206085E-6,6.241624515672763E-6,7.859714112888413E-6,8.971685292912016E-6,9.274934023051471E-6,8.862988125798755E-6,8.112774482473269E-6,7.3604464159045035E-6,6.7694795745447175E-6,6.374248160917222E-6,6.144717403463545E-6,6.019519438614476E-6,5.9170180692465404E-6,5.744782407127114E-6,5.422554264441236E-6,4.916925430054168E-6,4.263598125319822E-6,3.5535525395118426E-6,2.8917158822051823E-6,2.359689383993404E-6,2.001205151477112E-6,1.826375332246814E-6,1.8234270921116802E-6,1.9706718552739026E-6,2.2463442499884674E-6,2.636153045495669E-6,3.138741448228134E-6,3.7687330157239684E-6,4.555247438502223E-6,5.5283956996200985E-6,6.674114190334986E-6,7.82975420614081E-6,8.569842283453808E-6,8.37756184881918E-6,7.224995640874998E-6,5.681286720217442E-6,4.283253037456204E-6,3.218653394475546E-6,2.463751036442969E-6,1.941084846835184E-6,1.5817616008149226E-6,1.3373510821948543E-6,1.177197958232721E-6,1.0840243830053288E-6,1.0510099418924465E-6,1.0807677527293517E-6,1.1859741869985734E-6
73.17699999999999,1.768108015935991E-5,1.4357228896821576E-5,1.216090021407956E-5,1.0894774417290643E-5,1.0377286391477274E-5,1.0533505290643407E-5,1.1411385987490539E-5,1.319489492264913E-5,1.6188223155004337E-5,2.0550473934390205E-5,2.5164145271918496E-5,2.6328491141526072E-5,2.1963190851877545E-5,1.5800271828908993E-5,1.1026302429264153E-5,7.95647903888135E-6,6.0628974289212944E-6,4.895513156387786E-6,4.180726087887404E-6,3.765758799527006E-6,3.5701485454113782E-6,3.5588268865055275E-6,3.7307154640562865E-6,4.118690181552169E-6,4.801121046306438E-6,5.929926893426778E-6,7.783632181341536E-6,1.083714253912834E-5,1.568850194715311E-5,2.2072474779816575E-5,2.643213814984095E-5,2.465306142376123E-5,1.9491409017241026E-5,1.495970390962433E-5,1.1974004163603496E-5,1.0226089259959057E-5,9.356603822182325E-6,9.162514227929172E-6,9.585153194246468E-6,1.0689752231148328E-5,1.2657431427124104E-5,1.5736889995071414E-5,1.9969869808197315E-5,2.4402737850414303E-5,2.658148330133125E-5,2.4970698969055083E-5,2.1295910735770712E-5,1.7869887519611888E-5,1.559919492928477E-5,1.4574372992401821E-5,1.4779448900771771E-5,1.6371102039123698E-5,1.9682060189182572E-5,2.440994572472201E-5,2.638044690179411E-5,1.9360850757521148E-5,9.272080383013297E-6,3.550209842133017E-6,3.456275153375737E-6,3.629519457005244E-6,7.104470931890233E-8,7.151748135092968E-7,1.094397283026517E-5,8.668123198839672E-6,1.7057648229469158E-6,1.430217350679081E-7,1.7136152640703668E-7,1.4334619562669833E-6,4.7625131619903335E-6,8.497986143452565E-6,9.669577326631681E-6,1.1091984635924201E-5,8.715212339678223E-6,4.704680134617674E-6,2.4297891165183553E-6,9.859419551710301E-7,1.6126248162582778E-7,4.159360749520585E-8,6.565468949415009E-8,9.25930264769505E-7,2.474007061397571E-6,3.5935199023173777E-6,3.5289115073044407E-6,2.923914998883704E-6,2.4082984029977826E-6,2.097835432123116E-6,1.938588603780991E-6,1.8539748496820215E-6,1.7604514856898287E-6,1.5785174123149595E-6,1.2692671837120554E-6,8.641003949014376E-7,4.545467827899968E-7,1.5785815286791586E-7,8.839298736982257E-8,3.3396275211439284E-7,9.106683322445304E-7,1.6915811969362287E-6,2.412349947621785E-6,2.8876931440230423E-6,3.205490248134599E-6,3.5760582195420055E-6,4.122585076986828E-6,4.87760761161006E-6,5.857213159634143E-6,7.093939334040585E-6,8.607480103162184E-6,1.0299374682590281E-5,1.1790470840840958E-5,1.2442074291248799E-5,1.188616391862785E-5,1.0484154015727782E-5,8.898861958739165E-6,7.528454014717188E-6,6.463132583692524E-6,5.650508083918139E-6,5.005174371243682E-6,4.451018422268549E-6,3.934980670010544E-6,3.43213592395937E-6,2.9461303492738694E-6,2.503934329824892E-6,2.1453855073426327E-6,1.9106597308858364E-6,1.8291514401452922E-6,1.9117845978783304E-6,2.1477389050590066E-6,2.5065902315288413E-6,2.946498831552304E-6,3.4269464595394594E-6,3.921621322685993E-6,4.426395004338832E-6,4.960173403034175E-6,5.559829451164707E-6,6.270173025929815E-6,7.1237829265399195E-6,8.094270860490286E-6,9.004925977905273E-6,9.44958222059244E-6,8.974536737192117E-6,7.589542820438603E-6,5.854294512061052E-6,4.3018731582660205E-6,3.1220760880505092E-6,2.2850821793245604E-6,1.7027854653770556E-6,1.2962048873696778E-6,1.008680553505953E-6,8.024882942622701E-7,6.53161532330758E-7,5.450612058359942E-7
73.73989999999999,2.2322858249809313E-5,1.8110439414126282E-5,1.4725549258541078E-5,1.2459165163044449E-5,1.1140802810654263E-5,1.0589338950675119E-5,1.0725495744110083E-5,1.1592615816297412E-5,1.3368144290200534E-5,1.633997939246547E-5,2.062090715090874E-5,2.5008403531642216E-5,2.5844104516490208E-5,2.134910299351265E-5,1.5280668733658028E-5,1.0632467342268938E-5,7.650189513844767E-6,5.808631768931846E-6,4.669361445152154E-6,3.9664171069618625E-6,3.550736444056609E-6,3.3428069969857824E-6,3.3062618614409497E-6,3.436269582447645E-6,3.7585106585095894E-6,4.338695171814551E-6,5.3073872803441595E-6,6.910582396109528E-6,9.592798039997201E-6,1.4022312166584292E-5,2.0403380595339777E-5,2.5740484341994135E-5,2.4630994868156948E-5,1.9090318222283975E-5,1.4083134204835635E-5,1.0811747811779101E-5,8.872856689295108E-6,7.812767580260495E-6,7.365619886757758E-6,7.416842296943397E-6,7.964817721009398E-6,9.112414808830524E-6,1.1078372568771683E-5,1.4179367435316427E-5,1.858879835314837E-5,2.3467041129927095E-5,2.613077893820608E-5,2.4664067599357877E-5,2.0948462309869454E-5,1.754299766108742E-5,1.538392922206037E-5,1.45527438432443E-5,1.5085283688973624E-5,1.7320913732297965E-5,2.204123267583591E-5,2.8668146714183053E-5,2.189870971504042E-5,5.077004359293891E-6,3.197927484643068E-6,3.857296188477998E-6,1.0474109930581987E-7,8.72325298641868E-7,1.2080395662894995E-5,8.789554635182125E-6,1.0966857659780052E-6,9.405422902888733E-9,4.546123080668091E-7,2.0477308128833256E-6,6.227126117943347E-6,1.0183000342697095E-5,9.75747016284427E-6,9.819277009177546E-6,7.672085415480546E-6,4.073206943393788E-6,1.839980512735921E-6,5.591858329339468E-7,7.088365801781082E-8,9.194929115014655E-8,8.211540178713494E-8,1.3175942963422993E-6,3.520238195550022E-6,5.14427268306682E-6,4.995532076398694E-6,3.873878813168957E-6,2.886149802345736E-6,2.2493871422219567E-6,1.8533642857575675E-6,1.5728297141249725E-6,1.3123051300407079E-6,1.0162002620535441E-6,6.823477830033961E-7,3.570923976190725E-7,1.101213030708889E-7,1.0191034789450272E-8,1.1325041021800607E-7,4.593179664586705E-7,1.0746138032398234E-6,1.981714210016438E-6,3.2142385064559182E-6,4.796668849772162E-6,6.599903393532871E-6,8.128646798526567E-6,8.800495492330246E-6,8.660776158758517E-6,8.22707624200778E-6,7.889294989950744E-6,7.802635418905942E-6,8.008043309504561E-6,8.501236605428182E-6,9.221723422549333E-6,9.979084778253862E-6,1.0392228716528125E-5,1.0055924266946601E-5,8.943839634453955E-6,7.458623005724545E-6,6.010564183657173E-6,4.77802269257008E-6,3.7753568644267976E-6,2.964858247100563E-6,2.3114324091532483E-6,1.7968761841884192E-6,1.4183226678167778E-6,1.1827686003257396E-6,1.1020392518443072E-6,1.1890565717255766E-6,1.4544473736534364E-6,1.9015832029121829E-6,2.518362729247001E-6,3.266675542744813E-6,4.076425781610863E-6,4.856023723767038E-6,5.523924629085234E-6,6.044107716564423E-6,6.438203628718571E-6,6.76788666459036E-6,7.105749529580314E-6,7.5108180055373375E-6,8.006607266988144E-6,8.547195580862154E-6,8.965473926681504E-6,8.957082941583768E-6,8.241621543809064E-6,6.87744428661464E-6,5.2832290348323155E-6,3.8617847705595725E-6,2.771094761873385E-6,1.992727822607625E-6,1.4521889712178772E-6,1.0782637624920194E-6,8.178949957489145E-7,6.348289721611001E-7
74.30279999999999,2.567993361145834E-5,2.2919125079510373E-5,1.8791661864551887E-5,1.5279788921623668E-5,1.2870207622092608E-5,1.1439075132767385E-5,1.0802282069768541E-5,1.0867793294223613E-5,1.1664487306682135E-5,1.335237979380334E-5,1.619810390506784E-5,2.0308510748229354E-5,2.45729621229393E-5,2.5525992052011263E-5,2.126127047906022E-5,1.527506637787718E-5,1.0611791945901138E-5,7.599538686338718E-6,5.734161456376868E-6,4.576765585342493E-6,3.857827712289022E-6,3.4251306131384916E-6,3.196355612019852E-6,3.1320289068182252E-6,3.223081590239435E-6,3.488634467583407E-6,3.9835635810844324E-6,4.820125538140118E-6,6.214580472355028E-6,8.574100152412606E-6,1.258425684953446E-5,1.879202434987328E-5,2.4913275264204168E-5,2.45822922155727E-5,1.871572105452794E-5,1.3265984624262104E-5,9.768357121777575E-6,7.70871880426973E-6,6.539063267218415E-6,5.941650639071505E-6,5.762666817414402E-6,5.953687389339917E-6,6.549414094353463E-6,7.674850005669784E-6,9.574615597720443E-6,1.26284247168712E-5,1.7159211153302267E-5,2.2482978068623666E-5,2.5617145775940722E-5,2.4136112004432205E-5,2.0220730763430226E-5,1.676774982987091E-5,1.4709696883181876E-5,1.4128131609041015E-5,1.532006419497983E-5,2.004002117866882E-5,3.547794954512905E-5,9.649159788652157E-6,3.112954173312398E-6,4.0676197405086906E-6,6.438823395054233E-7,1.0067386901951462E-6,1.025834963838402E-5,8.249950235070077E-6,5.865925164728235E-7,4.923742266567589E-8,8.404358954247784E-7,2.5943940002956894E-6,7.4791908975588315E-6,1.2692901048690548E-5,1.0800157080027538E-5,9.314676936821269E-6,6.746049001969859E-6,3.4008662616555737E-6,1.3034556290920204E-6,2.607717751388712E-7,7.262755987450108E-8,1.315862345573518E-7,7.532162029425612E-8,1.6118395410467945E-6,4.6468168640433125E-6,7.077369181679042E-6,7.2685973605774765E-6,5.617836622762485E-6,3.8923002527023865E-6,2.740704554825846E-6,2.0272593192513168E-6,1.542776994864999E-6,1.1508543201732614E-6,7.908758751213429E-7,4.650001454621811E-7,2.1209826396122908E-7,7.85127008798556E-8,9.931379561955781E-8,2.904643723952442E-7,6.474319014556139E-7,1.1522287787363829E-6,1.7941268308898782E-6,2.6014471205788043E-6,3.673483623656622E-6,5.196961787726846E-6,7.3835314970724145E-6,1.010885692269239E-5,1.2230351125635012E-5,1.2277269544867193E-5,1.0643058229755557E-5,8.713521553805289E-6,7.150834119379139E-6,6.021815152825913E-6,5.236012986392333E-6,4.708735285687812E-6,4.387783711453872E-6,4.238747739954911E-6,4.209992342204715E-6,4.186367212120321E-6,3.9865075529074765E-6,3.4844691540679756E-6,2.7487770610389156E-6,1.973373948237317E-6,1.3117485002537457E-6,8.264821882530302E-7,5.237961516973133E-7,3.8953546148274735E-7,4.0689887514044893E-7,5.632510939424198E-7,8.528160570020673E-7,1.2778931444321122E-6,1.8486467764526451E-6,2.5797192837441182E-6,3.4801643473631917E-6,4.5328657739850795E-6,5.666276517621374E-6,6.740998018531246E-6,7.58924400121435E-6,8.105775237020843E-6,8.310157510843571E-6,8.3164691521534E-6,8.25451640464431E-6,8.214133391459475E-6,8.224976871000266E-6,8.248281131801533E-6,8.168793722421353E-6,7.811973731524198E-6,7.03819076334772E-6,5.8878028793174E-6,4.597326520241248E-6,3.4234345789927505E-6,2.494646669823033E-6,1.8169558568440983E-6,1.3420673562256148E-6,1.014667217594662E-6
74.86569999999999,2.3125672480044774E-5,2.543237384630636E-5,2.3658954252617835E-5,1.973484902428685E-5,1.604695653788847E-5,1.3412110208602721E-5,1.1796187727986775E-5,1.1013502555730118E-5,1.0950729276567041E-5,1.1611792823213401E-5,1.3128341917932505E-5,1.5741252142334156E-5,1.9589017332970584E-5,2.3817563551896564E-5,2.5331948562869303E-5,2.1722964627301894E-5,1.5846066760747467E-5,1.10181355482835E-5,7.840188647137809E-6,5.86144690791318E-6,4.630936199149561E-6,3.862634719696936E-6,3.392919579437386E-6,3.1320309613686705E-6,3.035007320609257E-6,3.0876218460484496E-6,3.3026546174002E-6,3.725515845942136E-6,4.452821104371327E-6,5.674486889442846E-6,7.758789911316122E-6,1.1374769383230042E-5,1.729315425369138E-5,2.397762135706051E-5,2.45112265963341E-5,1.8397861888457712E-5,1.2540428606088919E-5,8.86439351721713E-6,6.735440199634005E-6,5.5130233680079795E-6,4.83667234143054E-6,4.526408092680311E-6,4.505453608014058E-6,4.765636023643853E-6,5.361887165859573E-6,6.4310224366384125E-6,8.236345173664345E-6,1.1217846310279634E-5,1.5858827519569998E-5,2.1630332743936816E-5,2.5069385129924256E-5,2.318541419187316E-5,1.884988028293846E-5,1.5341440900630934E-5,1.3518107550144089E-5,1.381661267348081E-5,2.058708756043496E-5,2.5219878202018166E-5,3.1303590077656583E-6,3.996241125451046E-6,1.4507430569137377E-6,1.20030745878835E-6,6.8957936140003244E-6,6.094511393671893E-6,2.3413696551696618E-7,2.9428357591642327E-7,1.2494522945526458E-6,2.8465076552267966E-6,7.384183775831094E-6,1.4410884493226702E-5,1.274596241857107E-5,9.646730165761176E-6,6.169764267734269E-6,2.791151827166623E-6,8.414822802012638E-7,7.073989785358336E-8,1.287504622927928E-7,1.5244991198599504E-7,5.248547169179619E-8,1.5935548586486337E-6,5.492684188604728E-6,8.898454109903054E-6,9.91783684617642E-6,8.372441848535467E-6,5.787108434348945E-6,3.7817715288032977E-6,2.530070442635156E-6,1.7336016285056304E-6,1.1646718869369035E-6,7.209811544603424E-7,3.8540465397902227E-7,1.7852124553268584E-7,1.2381406822205734E-7,2.2967120632002564E-7,4.818676445323207E-7,8.432843740718477E-7,1.2654775519588406E-6,1.7131022961870757E-6,2.1879251091928493E-6,2.7385309818821503E-6,3.459996593849701E-6,4.494327241442798E-6,6.0152700054296805E-6,8.100025910038746E-6,1.0300350994600161E-5,1.12927506593776E-5,1.0198233650212E-5,7.947597103759684E-6,5.752278553246904E-6,4.0326803816653014E-6,2.7701264596708394E-6,1.8595780356880336E-6,1.2151598787822709E-6,7.798623774604217E-7,5.147978445052034E-7,3.867475979808491E-7,3.5596450261137546E-7,3.654969715025991E-7,3.4406139191826687E-7,2.459405965812439E-7,1.0742619708655634E-7,2.306410345627464E-8,5.291684078035622E-8,1.940393920496025E-7,4.168499339153683E-7,6.957847159473163E-7,1.018628552593175E-6,1.3862902198092993E-6,1.8109436948967006E-6,2.3146929992586544E-6,2.9282026847598726E-6,3.6868484606456784E-6,4.619360584084078E-6,5.7217968474236555E-6,6.91607088194012E-6,8.021918714987437E-6,8.807395994088266E-6,9.129674767073878E-6,9.031288570576328E-6,8.679735566401472E-6,8.24090878227068E-6,7.809872519830645E-6,7.405745359588638E-6,6.989469985509579E-6,6.48758059461922E-6,5.830567504097554E-6,5.006777641257267E-6,4.092126844656637E-6,3.2109165778427083E-6,2.4610475072037083E-6,1.8779863790823425E-6
75.42859999999999,1.602209614482714E-5,2.0992900181445364E-5,2.4644016505513874E-5,2.4357379943139102E-5,2.0930404945931714E-5,1.7068997705567112E-5,1.41206890684112E-5,1.223291159079518E-5,1.1232411832231205E-5,1.097734474873304E-5,1.1435898811214817E-5,1.27003112367641E-5,1.4977833866741572E-5,1.845282524196519E-5,2.2632279657569003E-5,2.5044217945174636E-5,2.266136256286641E-5,1.7083759976216912E-5,1.1960336858483191E-5,8.450653457282366E-6,6.240840609856544E-6,4.863549979742144E-6,4.000837506577719E-6,3.4666418689655953E-6,3.1572896644969458E-6,3.0188134065750616E-6,3.0301475662893045E-6,3.1973367966074966E-6,3.5570694084425736E-6,4.192294779969833E-6,5.269590562436061E-6,7.119010965985022E-6,1.0371914528358981E-5,1.59229047613336E-5,2.2944459322541356E-5,2.4429819372245837E-5,1.8197571422031592E-5,1.1958544021545765E-5,8.12719020041089E-6,5.955121901304074E-6,4.711453699237422E-6,3.9986930681066205E-6,3.6186949586600575E-6,3.478207000993237E-6,3.545038001089074E-6,3.8333881478262255E-6,4.409109780607717E-6,5.4168652184050355E-6,7.139817219505772E-6,1.0089705142385743E-5,1.4939583490804883E-5,2.1252780290651203E-5,2.4577280109079593E-5,2.150169686297528E-5,1.6491104328187957E-5,1.3127725333757666E-5,1.2987531717422868E-5,3.786608244655149E-5,3.1590981204688466E-6,3.2413300999189543E-6,2.1873759870895198E-6,1.3813156135606033E-6,3.873423681539371E-6,2.912450019371593E-6,2.6538108850339034E-7,7.381090518734318E-7,1.5697759725814685E-6,2.69927910029077E-6,5.690294598077172E-6,1.1277759352940987E-5,1.3030216192143398E-5,1.0266208651666404E-5,5.914923373915021E-6,2.2901825173134696E-6,4.789781630272789E-7,3.5852881595511164E-10,2.3540454108413796E-7,1.5989082564936453E-7,2.949605664593325E-8,1.1856137757437998E-6,5.279647211673244E-6,1.007193235302443E-5,1.181175980372226E-5,1.1141527565145951E-5,8.554173048606074E-6,5.615991272227745E-6,3.5072504104322347E-6,2.1822077943951868E-6,1.321630067781118E-6,7.366639055520711E-7,3.620774477120037E-7,1.8747619676940103E-7,2.1031948647170329E-7,4.1245562082800305E-7,7.492608212696062E-7,1.1505103894765997E-6,1.5405127575348781E-6,1.8721576415851166E-6,2.147560977760873E-6,2.4088174602131905E-6,2.716072046845046E-6,3.1344367585769782E-6,3.7300973753709077E-6,4.558548084570448E-6,5.612933801747599E-6,6.69738899297362E-6,7.3104580532477604E-6,6.912093481224304E-6,5.563467607328395E-6,3.8936587800540505E-6,2.4291455790250358E-6,1.3518852605052975E-6,6.475905282022954E-7,2.4527938992204173E-7,7.23238939805599E-8,6.773876739306177E-8,1.8339376665141961E-7,3.836656200276157E-7,6.457846782179411E-7,9.60010666833945E-7,1.3260415969386633E-6,1.7364980359782705E-6,2.1372363449253384E-6,2.403394708386523E-6,2.4418419319053675E-6,2.3164742012489558E-6,2.1570049250616714E-6,2.0380165470958585E-6,1.9802707329039405E-6,1.9851869683802693E-6,2.052987362651361E-6,2.188553696327586E-6,2.402995674256607E-6,2.7139756825488497E-6,3.144746153956432E-6,3.7196080138520703E-6,4.451033631966606E-6,5.313157661426123E-6,6.206889504047444E-6,6.952848325815783E-6,7.364469181779305E-6,7.371372976328727E-6,7.0587589526229955E-6,6.581918368187645E-6,6.067992967350515E-6,5.581179974668709E-6,5.132823406946767E-6,4.7024085751245735E-6,4.258179394920885E-6,3.7781125710796214E-6,3.2667402424808645E-6
75.99149999999999,9.862541496289172E-6,1.3391624684280228E-5,1.8190209810756165E-5,2.2942436862006712E-5,2.4641215409661357E-5,2.2291639650778617E-5,1.8395213127998027E-5,1.5055884681997008E-5,1.279092724805453E-5,1.1485539925257655E-5,1.0967318153457352E-5,1.1158043651606415E-5,1.2099329790000188E-5,1.3952075755574353E-5,1.692771092724859E-5,2.0893109977806658E-5,2.4251396071154104E-5,2.376478230094725E-5,1.9047601855071063E-5,1.3618095599395195E-5,9.57875000865979E-6,6.970667831183832E-6,5.337343313621597E-6,4.312707481076795E-6,3.6725028267087212E-6,3.2891807765265203E-6,3.0940915436284786E-6,3.0563013549460506E-6,3.1737723213919076E-6,3.4743735366048136E-6,4.028435024378035E-6,4.981203357585245E-6,6.625262190716141E-6,9.539837145164875E-6,1.4661976264553684E-5,2.1791739836142357E-5,2.4343549647009016E-5,1.8212802072300864E-5,1.159664815185322E-5,7.592404353798916E-6,5.372134816679412E-6,4.113793200273384E-6,3.3829901337774155E-6,2.9661378627418634E-6,2.759329727453743E-6,2.7169709475212393E-6,2.8312498133176296E-6,3.128973613511398E-6,3.6837292618281205E-6,4.651495527240441E-6,6.352246695818387E-6,9.425857408056779E-6,1.4875645908623105E-5,2.2189299446257504E-5,2.4172954032993232E-5,1.8048227551855956E-5,1.2265461611201683E-5,1.7890588733046323E-5,3.0927772103840545E-6,1.5196688856242194E-6,2.5013717114169315E-6,1.4085847340842366E-6,1.8488449737449252E-6,9.61120558854967E-7,9.323422860787829E-7,1.3160596920171519E-6,1.7487551699533214E-6,2.3167135016939812E-6,3.7424977588699137E-6,5.89488874970199E-6,7.666910381652146E-6,8.10249194073751E-6,5.308954578205447E-6,1.8986749318702776E-6,3.095598982845533E-7,1.443332310282497E-7,4.2607380159800624E-7,1.6337602731075872E-7,1.4412789733648085E-8,6.80192705320734E-7,3.4079798720144627E-6,8.987135350431484E-6,1.2457887491222805E-5,1.2365917380717628E-5,1.0573918332221297E-5,7.68790105793254E-6,4.868091850513021E-6,2.8564417521331846E-6,1.5706099408053262E-6,7.759254828371815E-7,3.416437773261143E-7,2.1317671924990248E-7,3.564525772905959E-7,7.225040013569063E-7,1.2268291602191661E-6,1.748827233979193E-6,2.16762447361841E-6,2.4217731551977233E-6,2.5345606625440095E-6,2.5780276805066644E-6,2.6233142821577394E-6,2.719234324035842E-6,2.8931214707555157E-6,3.1542214323438624E-6,3.4885797886025406E-6,3.843122667300835E-6,4.108264693341073E-6,4.129327626200746E-6,3.782817169157278E-6,3.087178426738396E-6,2.2264220074718E-6,1.437244586327576E-6,8.797887693837715E-7,5.994817093346401E-7,5.608113742760174E-7,6.946979378023742E-7,9.319107559082798E-7,1.2206322635183897E-6,1.5331942492787505E-6,1.8666999905814411E-6,2.241432719732725E-6,2.7002102707257118E-6,3.309314612571626E-6,4.151881198379661E-6,5.271054089991938E-6,6.460541009702646E-6,7.003404433448752E-6,6.2914914203257964E-6,4.873449054483197E-6,3.5814876441588856E-6,2.671613400492971E-6,2.0835623561752736E-6,1.7153473494957375E-6,1.4937015356176939E-6,1.3747095771711376E-6,1.3344113742112378E-6,1.361666440045514E-6,1.4538436226864863E-6,1.614051750742012E-6,1.8483992852599688E-6,2.161419229815392E-6,2.5475215703446847E-6,2.9781681223314083E-6,3.392149516110007E-6,3.7073396534030384E-6,3.863528663312723E-6,3.863737110496825E-6,3.767605681636346E-6,3.647262179567236E-6,3.5518151346924398E-6,3.4968287711056064E-6
76.55439999999999,6.05807858390618E-6,7.873293021756431E-6,1.0704991962011446E-5,1.4904461774101856E-5,2.009830176307261E-5,2.3903878983727222E-5,2.352350296186228E-5,2.004362430462153E-5,1.6305266182718727E-5,1.3541557675018047E-5,1.1822500592014443E-5,1.0959882515018672E-5,1.0819692423376063E-5,1.138160746965522E-5,1.27449565834103E-5,1.5105950617022605E-5,1.857867468475274E-5,2.248440169996625E-5,2.4277381199595996E-5,2.1534390276707565E-5,1.6211463179108923E-5,1.1480628939220242E-5,8.235224966662107E-6,6.171893913037136E-6,4.875047432695085E-6,4.060604873111598E-6,3.560899509392041E-6,3.282797769106343E-6,3.1799474837558344E-6,3.239256112865738E-6,3.4784437597235517E-6,3.95507097313901E-6,4.793681837649583E-6,6.248995706176745E-6,8.836219948557766E-6,1.3466699247384919E-5,2.0457927928926972E-5,2.4215297490013273E-5,1.8578487484598967E-5,1.1564333944809483E-5,7.3099379025535925E-6,4.997526614477006E-6,3.7058231259270662E-6,2.9550559385715693E-6,2.5131936932302496E-6,2.2666021240661216E-6,2.1608910174409123E-6,2.1759159346420325E-6,2.317672469835901E-6,2.621906702849375E-6,3.1728973210507064E-6,4.154396539347941E-6,5.985211628956896E-6,9.68294555954965E-6,1.7440724736479392E-5,2.7092759334568602E-5,1.8274905985716653E-5,1.05452065514136E-5,2.858665911304234E-6,1.616213171684401E-7,2.298095698497091E-6,1.227812525253239E-6,6.923713874196763E-7,8.185523775304831E-7,2.375322561100534E-6,1.983311844251819E-6,1.8324028229373282E-6,1.9190916144214233E-6,2.3608868125579856E-6,2.673888076136631E-6,2.7966696255227833E-6,3.2653040480935656E-6,3.2007798271570294E-6,1.6657274822161253E-6,6.977035199041347E-7,8.781279640670809E-7,8.044283782803185E-7,1.7146658265190978E-7,6.505011520778889E-9,3.445359167848235E-7,1.5131785035951302E-6,4.417697332711729E-6,8.913035522070825E-6,1.1334429413884422E-5,1.059767738932064E-5,8.356274393616084E-6,5.647588335724326E-6,3.304480195358302E-6,1.677278535069864E-6,7.003075263065125E-7,2.452415506037046E-7,2.305757515383551E-7,5.993013477558975E-7,1.2781526792388104E-6,2.1400874581797477E-6,2.9847029663902903E-6,3.581691826006737E-6,3.799441095475104E-6,3.695551256746406E-6,3.438255134972555E-6,3.1712005853159244E-6,2.9653386273776368E-6,2.8377761809636683E-6,2.77748012806267E-6,2.7582723038340254E-6,2.7431038723323458E-6,2.6879059785250643E-6,2.551403551753077E-6,2.3115902779632385E-6,1.9817753708571843E-6,1.6156946568857558E-6,1.2960605938550942E-6,1.1090942690517005E-6,1.1131240094288184E-6,1.3130850457024697E-6,1.6551937781138196E-6,2.0500457931078957E-6,2.413748702016992E-6,2.7009447039763604E-6,2.9115884533267533E-6,3.0768986657527906E-6,3.2418399627574045E-6,3.45551516158533E-6,3.770968649391208E-6,4.250986736462628E-6,4.973078496941001E-6,6.011614348288626E-6,7.32111525658021E-6,8.396021554656696E-6,8.144291719661469E-6,6.316141799722811E-6,4.190263843420855E-6,2.635315272334063E-6,1.6686941541578433E-6,1.0898242625486015E-6,7.413496130934628E-7,5.291220420519115E-7,3.9982884324339856E-7,3.2315532286400994E-7,2.815514708808497E-7,2.647892982911412E-7,2.67156634684504E-7,2.861196639186823E-7,3.218946028200744E-7,3.776882223117055E-7,4.6046299171541804E-7,5.818487539945076E-7,7.579554922036438E-7,1.0053351288185897E-6,1.3305092866197124E-6,1.7179462535430812E-6
77.1173,3.876212849349736E-6,4.730745423401083E-6,6.072086597637172E-6,8.193433670441894E-6,1.1514560480696151E-5,1.6302484467766808E-5,2.152096287834248E-5,2.3920427519718193E-5,2.187136527530577E-5,1.796811267861321E-5,1.4595631360503793E-5,1.2323818973458882E-5,1.1016248826402219E-5,1.0480027147665822E-5,1.0621292265272336E-5,1.1463883002716073E-5,1.314548997585822E-5,1.5865344969419748E-5,1.9583944971401258E-5,2.3104284252023884E-5,2.3536603880098653E-5,1.972152056408554E-5,1.4526956182111953E-5,1.0370335109602601E-5,7.596926378600898E-6,5.835985676223928E-6,4.726673410215163E-6,4.035397415124723E-6,3.626856800545455E-6,3.4287477166443724E-6,3.4108823249720695E-6,3.5774504074465374E-6,3.971440962514708E-6,4.695668714885454E-6,5.965012098451721E-6,8.219601110806188E-6,1.2286403742439155E-5,1.8854813173107266E-5,2.3894251082009847E-5,1.9444154219996937E-5,1.2025777425439943E-5,7.3601082073144575E-6,4.858711086410556E-6,3.485408662063189E-6,2.6934095484177493E-6,2.2219141439688676E-6,1.9439121665243837E-6,1.7966008461458756E-6,1.7514909798051957E-6,1.8027270256009436E-6,1.965902043928609E-6,2.2877730230499982E-6,2.8783419440517115E-6,4.0125622747646265E-6,6.528298432558892E-6,1.4022683471652205E-5,3.569617535881635E-5,9.439352200866432E-6,2.465243725147549E-6,5.2564723806998665E-8,1.8267153112022454E-6,9.048809197325682E-7,1.5409486758936793E-7,1.7428479631077283E-6,4.814493172074986E-6,2.8009467828774476E-6,1.9028748417122134E-6,1.6096843500379274E-6,1.5200537039304968E-6,1.201720627167014E-6,8.536339027651839E-7,9.705372719244224E-7,1.5478286873237074E-6,1.6962369394364043E-6,1.835865324880969E-6,3.074901829575604E-6,1.6701329939274766E-6,1.9173053732705745E-7,2.7887056051792477E-9,1.7534808511449409E-7,6.07207717586814E-7,1.4247805701482517E-6,2.8503645585858967E-6,4.914731123688222E-6,6.6721392335071715E-6,6.644107197941135E-6,4.99381380603258E-6,2.966645261481877E-6,1.366110735548986E-6,4.034783498710457E-7,5.3178696046809335E-8,2.5610572983987737E-7,9.536089058375675E-7,2.0681305510558226E-6,3.4790810383624224E-6,4.985783350907724E-6,6.250686610950337E-6,6.854181806385927E-6,6.623509963326432E-6,5.844627099882741E-6,4.946990823003773E-6,4.174542923833361E-6,3.5816114133528535E-6,3.137436914018013E-6,2.790581002092978E-6,2.49292102270248E-6,2.208058249709976E-6,1.9163546763926103E-6,1.6183918085574971E-6,1.334936790378724E-6,1.1027695899172625E-6,9.68143630681062E-7,9.798393155261833E-7,1.1814617063333132E-6,1.599586695219745E-6,2.2232758821279735E-6,2.9776218302881194E-6,3.7159146921846555E-6,4.269505965557499E-6,4.54316637039282E-6,4.563987571907009E-6,4.436414299040133E-6,4.2692424679953574E-6,4.139827198133085E-6,4.095092489840083E-6,4.165290630571539E-6,4.376244615351183E-6,4.75465843666287E-6,5.3182082656851726E-6,6.023728745406595E-6,6.626286397774401E-6,6.547490144033218E-6,5.352209871253616E-6,3.597685406477449E-6,2.139166465586281E-6,1.2090238301701033E-6,6.735453644046225E-7,3.741603285325685E-7,2.0755091076783097E-7,1.150048381842498E-7,6.402657628765966E-8,3.647170319168155E-8,2.2041963318442127E-8,1.48475235856611E-8,1.1599985939461424E-8,1.068679334340634E-8,1.1771831014717423E-8,1.579453386706399E-8,2.5404676454690887E-8,4.6044165601484576E-8,8.811085600367289E-8
77.6802,2.6038049564417736E-6,2.9911813837304335E-6,3.5966948411721006E-6,4.540619700106243E-6,6.033662510281717E-6,8.428632519311512E-6,1.2204219465024225E-5,1.7472584212363068E-5,2.23885753201714E-5,2.32571319473602E-5,2.005950824102714E-5,1.6105783961619847E-5,1.3112246201044914E-5,1.1223495771698972E-5,1.0212259453286792E-5,9.899316037466087E-6,1.0221057885787414E-5,1.1229351039455752E-5,1.3083021603419249E-5,1.597688524816467E-5,1.9774948834930287E-5,2.303677303880999E-5,2.289950063357308E-5,1.8862524149917923E-5,1.3905725575680369E-5,1.0052806858220578E-5,7.491388612361762E-6,5.861075845309057E-6,4.835766570507533E-6,4.207066969283793E-6,3.856077570524009E-6,3.7231412740387776E-6,3.7916100040648058E-6,4.0854611736876135E-6,4.682740635599282E-6,5.755132719485864E-6,7.658105530478418E-6,1.1086211261687947E-5,1.6912047064490936E-5,2.3028868262017843E-5,2.0867341474301874E-5,1.323863834766405E-5,7.891123956605666E-6,5.020183656282423E-6,3.4732278839899326E-6,2.594465976639682E-6,2.072427162019372E-6,1.7571664276845788E-6,1.57403648478888E-6,1.4864384121546058E-6,1.4802806632002251E-6,1.5595193260532162E-6,1.7511393698045E-6,2.1286943910755466E-6,2.9040235468829142E-6,4.938392843740033E-6,1.6629698297723284E-5,1.3257967738171247E-5,1.9797275790927036E-6,5.015437804446146E-6,1.367731121141229E-6,5.561263161675034E-7,2.0694937436115302E-8,2.7818046347132677E-6,8.384023758881633E-6,3.944725402125034E-6,2.024546720732106E-6,1.401202417742326E-6,1.020442860782134E-6,5.344216264548555E-7,2.102641829788788E-7,4.2048702584356957E-7,1.2188076010088284E-6,1.8704076975646942E-6,2.4824977251711376E-6,5.209252972486695E-6,3.950869265407423E-6,2.3353991246820822E-7,1.113011702880869E-9,9.681242734215359E-8,2.6170436451824453E-7,4.5783189594577715E-7,6.878712021541285E-7,1.0028571158391809E-6,1.4766222736372667E-6,2.026122834081457E-6,2.210468505424946E-6,1.6968051536810271E-6,8.449094808743509E-7,2.0796576253728404E-7,8.286855240255814E-8,5.572637947018985E-7,1.5825679866961955E-6,2.999373303394912E-6,4.614265413609021E-6,6.306520792556527E-6,8.031436007457525E-6,9.652390204947625E-6,1.0718939783358802E-5,1.0627270255509247E-5,9.354190505721513E-6,7.591613925278814E-6,5.963780339780791E-6,4.67470921004269E-6,3.690583941733035E-6,2.9235456918195703E-6,2.3020460554736448E-6,1.7850864939173929E-6,1.3587067135458997E-6,1.027702392147209E-6,8.070439193770121E-7,7.153668174733201E-7,7.715425580256089E-7,9.940237825082666E-7,1.4016113986616493E-6,2.012832240294347E-6,2.838066759168445E-6,3.854610592439751E-6,4.959707325107088E-6,5.934863014372992E-6,6.5135459134205E-6,6.569318506214411E-6,6.214772349276446E-6,5.678333903974453E-6,5.143993759820231E-6,4.705125970600545E-6,4.391986987374412E-6,4.205959402396748E-6,4.1392583194721425E-6,4.1813374828262064E-6,4.314140042360986E-6,4.492379498139922E-6,4.603173527527595E-6,4.435461238889764E-6,3.796409299197439E-6,2.8026808711926285E-6,1.8405190799264944E-6,1.14905710080526E-6,7.243898596062797E-7,4.79906750902068E-7,3.4118805646618554E-7,2.6154625074368615E-7,2.1450831717211738E-7,1.8554558883629358E-7,1.6676027918287124E-7,1.5388651274018327E-7,1.446599833651864E-7,1.3794132967448017E-7,1.3325324346850786E-7,1.305547767429251E-7,1.3016900359618964E-7
78.2431,1.8304889860203666E-6,1.9930042142358636E-6,2.259007292530096E-6,2.671950677467637E-6,3.308784850708912E-6,4.306392872164006E-6,5.909040871563659E-6,8.532077044521254E-6,1.2717770891897968E-5,1.837464981155058E-5,2.2764263486868162E-5,2.2166341342533026E-5,1.821483525598103E-5,1.4366053276061791E-5,1.1703359767043531E-5,1.0102032126485507E-5,9.292799418744575E-6,9.110044443988053E-6,9.507575949403945E-6,1.0549139654850957E-5,1.2401613044073857E-5,1.5273471764688805E-5,1.9076552646169233E-5,2.249116769732244E-5,2.2725417054891442E-5,1.9051860290067646E-5,1.425876461433704E-5,1.0436212352890922E-5,7.86300799103322E-6,6.21811815910794E-6,5.187991671900779E-6,4.568757887812695E-6,4.245321153838571E-6,4.164384137429463E-6,4.321336153562119E-6,4.76339635468382E-6,5.614703525326265E-6,7.140144958605158E-6,9.870873795347197E-6,1.4654394703470116E-5,2.1115297715839574E-5,2.245242117090846E-5,1.557271762022896E-5,9.200533295725883E-6,5.630618315138777E-6,3.7362555239970732E-6,2.683642262873326E-6,2.0669112327376244E-6,1.6929878239880139E-6,1.466547718925996E-6,1.3395894206225364E-6,1.2899075499107096E-6,1.3133133509611729E-6,1.4260644893026665E-6,1.6877853048175727E-6,2.3235838566477765E-6,4.99631614165145E-6,3.388209707063004E-5,1.4714079143411723E-6,5.666323145999132E-6,1.02825270095641E-6,2.7543243349081166E-7,1.0914521660795133E-7,3.3687401050601975E-6,1.1271757376308109E-5,5.635817760975176E-6,2.2341453353506815E-6,1.2738591545821529E-6,7.168076490697394E-7,2.2224689291757806E-7,3.7020315876495335E-8,4.4488946475443146E-7,1.4328133324285023E-6,2.151763711030444E-6,2.5990419716393683E-6,4.6583610404880945E-6,9.537016161819637E-6,3.1335059524282997E-7,3.6613764712674297E-10,6.051283452988117E-8,1.2936830034158777E-7,1.668733059851436E-7,1.737588089398712E-7,1.7793783436573154E-7,2.2097516764792814E-7,3.2735405584475254E-7,4.625416778386003E-7,5.363181234570683E-7,5.090774834178776E-7,4.847569907134445E-7,6.861952036947662E-7,1.396820803671671E-6,2.8297585092011607E-6,4.775042634461248E-6,6.494508090965536E-6,7.508129077987643E-6,8.025221130027492E-6,8.448846040982165E-6,9.023621904216774E-6,9.779909945246662E-6,1.0479592750830384E-5,1.06007828016964E-5,9.704796054661328E-6,7.984006444058728E-6,6.0599538350538145E-6,4.3722259531533365E-6,3.0459527463552562E-6,2.0563330451712155E-6,1.3495492073844291E-6,8.815672372303096E-7,6.209089679253179E-7,5.433811341470885E-7,6.282087628384033E-7,8.572913331773137E-7,1.2170126420576635E-6,1.7015110160668752E-6,2.3159345818021657E-6,3.07718368549557E-6,4.007097756961635E-6,5.10837150166083E-6,6.3120258293765666E-6,7.412489740927466E-6,8.0878493295606E-6,8.108489210728592E-6,7.550985422854192E-6,6.709899202447642E-6,5.8525922529255046E-6,5.114867930872213E-6,4.53269712413758E-6,4.096425514088988E-6,3.7832208613700524E-6,3.5698879147370808E-6,3.4347688084050216E-6,3.3530269835386626E-6,3.2863002700895014E-6,3.1712945523636534E-6,2.929215830063416E-6,2.5254150554847083E-6,2.0289896410116183E-6,1.5600174729040943E-6,1.1888137344669917E-6,9.201953796019935E-7,7.310144740671402E-7,5.966964479783553E-7,4.990699070154E-7,4.261802044774125E-7,3.7042902102956834E-7,3.2697476480229134E-7,2.926693226572494E-7,2.6540949459495976E-7,2.4375359332752345E-7
78.806,1.339312667469857E-6,1.3914081880621402E-6,1.49855709949246E-6,1.675176048097223E-6,1.947782111607488E-6,2.3630376759712813E-6,3.003647696083728E-6,4.019577667826909E-6,5.68639745337061E-6,8.487407567015595E-6,1.3048453657281447E-5,1.9047339665141356E-5,2.275234995606071E-5,2.076587782361377E-5,1.630800102338269E-5,1.2628983119658793E-5,1.0251908718418148E-5,8.869841379296795E-6,8.19203439100754E-6,8.061995269874983E-6,8.439183060643607E-6,9.383915360777166E-6,1.1056482100138103E-5,1.3689276696177491E-5,1.7365157764057556E-5,2.124022950695965E-5,2.27626496269738E-5,2.018250695495783E-5,1.5599441197513376E-5,1.1565225426231954E-5,8.7506058925771E-6,6.9332249208183055E-6,5.797812187623281E-6,5.124998016067591E-6,4.789846633243215E-6,4.737621928954864E-6,4.9721414047059995E-6,5.5636982279261876E-6,6.685756352246437E-6,8.699025761685902E-6,1.2263921022996857E-5,1.7939855395111398E-5,2.271270386651284E-5,1.91875979335123E-5,1.1880780206907521E-5,7.038860657521241E-6,4.447002962478259E-6,3.0439530739962348E-6,2.2427119956529495E-6,1.7631167508437667E-6,1.4691377085946654E-6,1.2923966003771303E-6,1.1990800351530148E-6,1.1770237939085908E-6,1.2368545693202136E-6,1.446605532363166E-6,2.2508291143456717E-6,3.760115695902339E-5,9.89716695688339E-7,4.742172903324615E-6,7.879561630917918E-7,9.995724826590948E-8,2.868177492631612E-7,3.6052589383628477E-6,1.055881825597165E-5,7.751904872504323E-6,2.533890066877733E-6,1.1997402254113732E-6,5.240703968822165E-7,7.967128094512878E-8,5.709081250847841E-8,6.88635270352282E-7,1.910489125026081E-6,2.637598962183459E-6,2.7707294121123106E-6,3.861112369072494E-6,1.2992076217579616E-5,4.6525908356716133E-7,5.7605186646420654E-11,4.385426256710802E-8,7.604180553732084E-8,7.180615179481427E-8,4.520376250102113E-8,2.3641103648528823E-8,3.4560879189960736E-8,9.229161264911521E-8,1.8720785845445915E-7,2.908728065213082E-7,3.8709587157697557E-7,5.014388643370829E-7,7.070690582660892E-7,1.1347985150879895E-6,2.021049736179544E-6,3.77145819484873E-6,6.711558372923122E-6,9.693417175066708E-6,1.0202123400965517E-5,8.724850609151149E-6,7.13278741114967E-6,6.048171613932752E-6,5.4570062989916615E-6,5.233736511716153E-6,5.228807690607433E-6,5.238630290505787E-6,5.006635030995214E-6,4.346482864747804E-6,3.3158768413909002E-6,2.192655863376304E-6,1.2550061408670152E-6,6.406700254122841E-7,3.6071352228975787E-7,3.605620649329132E-7,5.640141150555526E-7,8.968678372377167E-7,1.2994711008357261E-6,1.7330240782901904E-6,2.1811034021122653E-6,2.6475318002482164E-6,3.152170211944718E-6,3.7257379090575884E-6,4.402783935473676E-6,5.208483381720794E-6,6.131406007645091E-6,7.078735627551488E-6,7.842438259051586E-6,8.158811592687323E-6,7.893188756150247E-6,7.163861834825207E-6,6.232131977330072E-6,5.31705385198996E-6,4.528350838502294E-6,3.895663532669825E-6,3.4122000841738493E-6,3.0614156043375107E-6,2.8281129265749932E-6,2.70045573291675E-6,2.66599663387113E-6,2.7016826190080066E-6,2.7594125766372577E-6,2.7611366101999355E-6,2.6308065366699987E-6,2.3547209206671403E-6,1.994673989597194E-6,1.6310637767642088E-6,1.3133434576748587E-6,1.0562233214429967E-6,8.555410659131157E-7,7.01028424979451E-7,5.822824905023103E-7,4.906727826967652E-7,4.195629759702074E-7
79.3689,1.014433307841747E-6,1.0112652924565514E-6,1.0420947059078488E-6,1.1102801574539818E-6,1.2242395445708002E-6,1.3995864450733937E-6,1.6635577473731612E-6,2.063792150147061E-6,2.685957468958658E-6,3.6897420881425944E-6,5.380257575581064E-6,8.318776365062334E-6,1.325304641620042E-5,1.959385998432535E-5,2.2400263013452698E-5,1.902158415860305E-5,1.4240589733353943E-5,1.0795123868105412E-5,8.691762136471822E-6,7.495323137921415E-6,6.907329400540447E-6,6.778564522010399E-6,7.066455240256843E-6,7.815315471021526E-6,9.159300813160143E-6,1.1327920729580457E-5,1.4567808275173325E-5,1.869193916106778E-5,2.2009958214967305E-5,2.1716475452224497E-5,1.7951743057828163E-5,1.3614093696625522E-5,1.0296676596896525E-5,8.093078462534415E-6,6.707793847785565E-6,5.885823532774294E-6,5.47295944857172E-6,5.399282517684036E-6,5.666656803690935E-6,6.357781103133743E-6,7.678151713738062E-6,1.0042317123534792E-5,1.410727892381385E-5,1.9792255066938954E-5,2.225349495718805E-5,1.67149359007054E-5,1.0066905356780009E-5,6.0503548393372545E-6,3.897686771001318E-6,2.711159160634393E-6,2.022013016147261E-6,1.6045030731289344E-6,1.3473296687483698E-6,1.1947693067221695E-6,1.123026267611641E-6,1.1420201315889696E-6,1.3971563359290857E-6,8.041795414831463E-6,5.74916402829637E-7,4.165034646603786E-6,6.003810451367522E-7,1.9241668230575403E-8,4.894410843167154E-7,3.804587675075124E-6,8.187030702781632E-6,9.003669120422163E-6,2.8598159441494407E-6,1.1467800972620263E-6,3.9313734753541466E-7,2.7748655182588905E-8,1.7616957903305398E-7,1.052411118337079E-6,2.612247675582294E-6,3.480402392316874E-6,3.253907444765909E-6,3.6164564769395998E-6,9.314031250686696E-6,7.634362171354633E-7,1.8946771256489105E-11,3.719454816054116E-8,5.4522243992295383E-8,3.893957128702419E-8,1.2409960628786893E-8,3.3869974270149734E-10,2.130969521527078E-8,8.010424213249036E-8,1.641909698823089E-7,2.5145750486703124E-7,3.292718756970256E-7,4.057429399559241E-7,5.051561623548572E-7,6.619173941248308E-7,9.239186409592002E-7,1.3665410017357992E-6,2.115194845551198E-6,3.3529146070005055E-6,5.161607314925089E-6,6.8184165817516246E-6,6.644061083021361E-6,4.883756884656256E-6,3.2427324778069063E-6,2.243073693694239E-6,1.7193122463918107E-6,1.4538683472836004E-6,1.2913831747634232E-6,1.1307041397644205E-6,9.164376669029549E-7,6.396153696872975E-7,3.3832802762193424E-7,9.19307568824154E-8,6.9316882057406834E-9,1.8764995317890967E-7,6.784246142414438E-7,1.396078687166926E-6,2.1400568257119147E-6,2.7214980742890366E-6,3.0763488676995315E-6,3.250473995098596E-6,3.3254300287498567E-6,3.3715028503509764E-6,3.436842087798202E-6,3.551927542841712E-6,3.7356089635702136E-6,3.997789944821143E-6,4.337235952374695E-6,4.733945534180895E-6,5.137836650285003E-6,5.462455101387775E-6,5.6013921509773455E-6,5.47765395207781E-6,5.096900753013245E-6,4.5499438065409255E-6,3.959102108487113E-6,3.422896073028243E-6,2.99687719576432E-6,2.702318948977027E-6,2.5416075768815126E-6,2.509243291258366E-6,2.596151095360892E-6,2.7872726773433756E-6,3.0518775745982527E-6,3.328113347024012E-6,3.514919331521698E-6,3.5012057413749624E-6,3.2399881253734826E-6,2.794523701223564E-6,2.2875862550007413E-6,1.8177287851992566E-6,1.428731376843149E-6,1.125090842512509E-6,8.944008378857783E-7
79.9318,7.917601285440462E-7,7.607888950224639E-7,7.543235914752747E-7,7.712708293597556E-7,8.132967137095662E-7,8.851609466717996E-7,9.95836010838683E-7,1.1608574298435434E-6,1.4069514890207889E-6,1.7812745187482906E-6,2.370550355811862E-6,3.3421358508018988E-6,5.031767362100541E-6,8.09793400412598E-6,1.3469003633857525E-5,2.0157253284735057E-5,2.1596847076704906E-5,1.677697202638232E-5,1.1916401907112016E-5,8.82091042302165E-6,7.022338073468945E-6,6.012185637522655E-6,5.503105642365796E-6,5.3574006508865896E-6,5.529213023336589E-6,6.0412062712853335E-6,6.985982679802886E-6,8.544424357000596E-6,1.0996834984734581E-5,1.4605776217663308E-5,1.898722407131478E-5,2.1930158928753294E-5,2.0799334090263164E-5,1.6788482146368294E-5,1.2783429920131409E-5,9.884150614518135E-6,8.010988817372947E-6,6.876521189693905E-6,6.269002320693418E-6,6.077987344902934E-6,6.281507768275118E-6,6.949443519832899E-6,8.279350999213249E-6,1.066863701839205E-5,1.4693450833418157E-5,1.9999970172452892E-5,2.1712963867163294E-5,1.6086022024765307E-5,9.721027587910078E-6,5.864967522872231E-6,3.7798055156136068E-6,2.6224047354160016E-6,1.946241250625204E-6,1.5339428525586801E-6,1.2785782799135223E-6,1.1325394920835446E-6,1.1239790855772206E-6,2.9678476879287027E-6,2.730694631356664E-7,3.945269986027469E-6,4.406533454782641E-7,5.679903494833838E-9,7.033144175777955E-7,4.222335982317137E-6,6.5225741045744214E-6,8.243352295374038E-6,3.0635244386589217E-6,1.0814800305280765E-6,2.9460633185535594E-7,2.862412815381831E-8,3.5198036313178207E-7,1.4739308740799715E-6,3.4498783346403224E-6,4.836706427333088E-6,4.301707570183523E-6,3.950555937435747E-6,6.7636041408410835E-6,1.3548211188715246E-6,2.9473906626346977E-10,3.6888625707224094E-8,4.7976458924057544E-8,2.8757628852889686E-8,7.1802245967135825E-9,7.042499027436344E-9,4.1023905478773485E-8,1.0673864564689167E-7,1.865433124250158E-7,2.5829761231581226E-7,3.1199663760334423E-7,3.5390096219738166E-7,3.9768261109964214E-7,4.5660146748132846E-7,5.414374560883683E-7,6.60871796994526E-7,8.210156050936074E-7,1.0222446685995024E-6,1.2522121866427758E-6,1.4739003312991193E-6,1.6076280499474926E-6,1.5205892070144443E-6,1.113592060324342E-6,5.816386472617037E-7,3.0917091720350787E-7,3.26240218202084E-7,4.348056038954251E-7,5.130613641622964E-7,5.33148006462496E-7,5.101763980090833E-7,4.73252396734429E-7,4.541502658396893E-7,4.851777584167375E-7,6.030367763772132E-7,8.579219695970438E-7,1.327199930956148E-6,2.125011004393317E-6,3.3587736838937852E-6,4.896877819458481E-6,6.028392369402341E-6,6.025430752547768E-6,5.197778927198544E-6,4.245274992556175E-6,3.4823543159124598E-6,2.941109098145128E-6,2.574916290815334E-6,2.3339870247347036E-6,2.1801792648020983E-6,2.0859099877177424E-6,2.0308214087607396E-6,1.999257483048094E-6,1.9789791634467666E-6,1.9610294855037907E-6,1.9405321062574367E-6,1.91801324454632E-6,1.900488026136019E-6,1.901192799132199E-6,1.936941338772041E-6,2.0232306979148505E-6,2.1692022588539204E-6,2.37554845775583E-6,2.636662686787937E-6,2.9449929036270415E-6,3.2938807124318977E-6,3.6759745084961926E-6,4.075684580571281E-6,4.455499486004505E-6,4.741006869053614E-6,4.823313619852626E-6,4.607629447153726E-6,4.0953262142383195E-6,3.407631506936095E-6,2.7040946114768996E-6
80.4947,6.343611956276839E-7,5.896780935629826E-7,5.650640679026568E-7,5.574811100792208E-7,5.659156632732247E-7,5.911099441831028E-7,6.356947451534892E-7,7.047632877508379E-7,8.07101093739827E-7,9.57586042406408E-7,1.1819031194128928E-6,1.5261845793800645E-6,2.077807293580381E-6,3.012739275807811E-6,4.7058270505155114E-6,7.953396494699764E-6,1.3949274841469788E-5,2.083981588861416E-5,1.9936655666294092E-5,1.384982945406212E-5,9.327774800320411E-6,6.755152504265172E-6,5.319432320563411E-6,4.5169287692861E-6,4.09805379095263E-6,3.946146515266391E-6,4.016855640220412E-6,4.314638125287321E-6,4.890333164367457E-6,5.854976541174798E-6,7.409045374315542E-6,9.870155708705248E-6,1.3578662519091748E-5,1.8237521091159136E-5,2.1513691546632156E-5,2.050809219904938E-5,1.655583077681545E-5,1.2677127345864213E-5,9.923809448064138E-6,8.185219430697288E-6,7.179198547167776E-6,6.713064602447121E-6,6.703842769122697E-6,7.171897101513462E-6,8.259463511046002E-6,1.0284498670783623E-5,1.375361085054476E-5,1.8680662417271698E-5,2.1566361833343086E-5,1.7314457124064273E-5,1.0721530188734412E-5,6.3789501456664855E-6,4.0030172528062E-6,2.691420500845472E-6,1.926327236360182E-6,1.4532941611001998E-6,1.1619262542584412E-6,1.6468403461790853E-6,1.2969023061099865E-7,4.1000176439561065E-6,3.0239661875209196E-7,3.667293152051046E-8,9.2963541903741E-7,5.109946689938459E-6,5.921936290298347E-6,6.758940094967865E-6,3.0275856871551242E-6,9.819198326500188E-7,2.1121615626305975E-7,5.9679683003176E-8,5.549008892268696E-7,1.8773658770664673E-6,4.1216982310451976E-6,6.4390524987196885E-6,6.259861569835643E-6,5.053594771971462E-6,5.9871095450421145E-6,2.3815816902838006E-6,1.2388586148491923E-9,4.2658532042977566E-8,5.1012801075287836E-8,2.8880288262218825E-8,1.222280250528573E-8,2.5154729421078053E-8,7.628974404184543E-8,1.5625436627292227E-7,2.399432425829238E-7,3.023703369789899E-7,3.3674209535669967E-7,3.531566432022191E-7,3.6518573466726316E-7,3.819598590190064E-7,4.072863085705368E-7,4.406279198791331E-7,4.773952856211465E-7,5.086392847514249E-7,5.21415354587331E-7,5.010768354353727E-7,4.356699884457103E-7,3.2208347834264563E-7,1.7611022364938466E-7,5.4451842400779965E-8,9.497255531370365E-8,5.011123057221286E-7,1.2158904716652196E-6,1.7142966222402984E-6,1.7712177215003588E-6,1.5995926869862062E-6,1.3874612767573995E-6,1.210114816415286E-6,1.087693436177926E-6,1.0219368094274185E-6,1.0108779738669096E-6,1.054698689669678E-6,1.1590425449223554E-6,1.338627924677139E-6,1.6230811729683677E-6,2.0662257209506665E-6,2.7528773873742015E-6,3.7507781276365013E-6,4.806560665966047E-6,4.929549617432508E-6,3.7747504758916477E-6,2.489816615313325E-6,1.6403281366363735E-6,1.1419080453677884E-6,8.444901243679834E-7,6.556014652853927E-7,5.260953399043501E-7,4.3048584236912006E-7,3.5585161427012604E-7,2.962750500215457E-7,2.501009318700363E-7,2.1863704697333404E-7,2.056893742690183E-7,2.176987256671577E-7,2.6440830821299054E-7,3.6000093657232095E-7,5.244265441009434E-7,7.839579283003911E-7,1.168557857642327E-6,1.7018422937268425E-6,2.3807435397031123E-6,3.1534805310009344E-6,3.922517074261823E-6,4.5892881982320455E-6,5.105487845166316E-6,5.478862523170511E-6,5.735985824864877E-6,5.8808648979380415E-6,5.874221498298867E-6
81.0576,5.201006523597783E-7,4.69102569944257E-7,4.360210699312114E-7,4.1687150402715006E-7,4.094982128603304E-7,4.1306022327806216E-7,4.278346793931834E-7,4.552599079539829E-7,4.982289853015654E-7,5.617374575692511E-7,6.541386925227831E-7,7.895660444738623E-7,9.92781206027054E-7,1.3094456754987748E-6,1.8294407215321461E-6,2.7438733559054606E-6,4.491884543042993E-6,8.101240983128227E-6,1.5133801226476154E-5,2.1326772382136946E-5,1.670552250404248E-5,1.0282491709076407E-5,6.651341899019586E-6,4.75704087589699E-6,3.7246330931092177E-6,3.1448412415813026E-6,2.830717276808569E-6,2.6956891296410592E-6,2.70355495288E-6,2.8492817178767613E-6,3.1546035072897953E-6,3.673940181929059E-6,4.512131067159793E-6,5.8591388149936306E-6,8.040339514234005E-6,1.150793014958239E-5,1.6359527137994554E-5,2.0669918198981483E-5,2.0697039494574886E-5,1.6938544184983587E-5,1.292675910747827E-5,1.0076314305317873E-5,8.310494470650946E-6,7.324083939293387E-6,6.913821952513989E-6,7.0031279861194905E-6,7.63758546468382E-6,9.01205651632763E-6,1.152463947077215E-5,1.563143283304444E-5,2.0214877449843625E-5,1.967263703678723E-5,1.3203834082142428E-5,7.591974704006422E-6,4.401864913906248E-6,2.6572389730196956E-6,1.6173354930217485E-6,1.2247954296561032E-6,1.3654479037187781E-7,4.777088781856931E-6,1.8452189785342118E-7,9.979778761486881E-8,1.1361032242583549E-6,6.6601690222151166E-6,6.482577920636623E-6,5.889239160477965E-6,2.8371069761082307E-6,8.524574988549239E-7,1.347065851802133E-7,1.0725871192462174E-7,7.731021396695869E-7,2.2379673243853975E-6,4.3673828160060015E-6,6.993799206570786E-6,8.55939230414935E-6,7.2360720251581E-6,6.411482419446258E-6,3.4553776681212094E-6,4.02928338351908E-9,5.7477245466981474E-8,6.389448778711E-8,3.600733248384515E-8,2.4605007357627217E-8,5.744548212759198E-8,1.3994270444480486E-7,2.524149590538217E-7,3.548519917989635E-7,4.137791476452026E-7,4.2736078921408783E-7,4.158526309455139E-7,3.9868570797192967E-7,3.856787923775231E-7,3.7892344814473424E-7,3.759887540423292E-7,3.717570931618771E-7,3.5965553552399987E-7,3.3344958207374404E-7,2.8987771836698315E-7,2.313536885015963E-7,1.6807741707622747E-7,1.2034525252158835E-7,1.235163480918348E-7,2.3970867872680503E-7,5.819263562308851E-7,1.3448263546725913E-6,2.7224338088461395E-6,4.299283633040001E-6,4.73041251081127E-6,3.9368008313463885E-6,2.9629909040036375E-6,2.2350689202842985E-6,1.7499757825636301E-6,1.4327212043915218E-6,1.2240328211323256E-6,1.085584337117133E-6,9.933934932063191E-7,9.323412374763238E-7,8.927958303066095E-7,8.68683236988457E-7,8.563723571221088E-7,8.537882702915441E-7,8.586325938301209E-7,8.619814637973197E-7,8.258515692841373E-7,6.500437513816695E-7,3.2765304105033114E-7,1.1226368631019962E-7,4.5381919079304684E-8,3.150819456694182E-8,2.760682730598151E-8,2.3309019878365315E-8,1.7657326516412663E-8,1.1793243554071357E-8,7.0704903482517155E-9,4.645530229394772E-9,5.469376774845976E-9,1.0396617839163936E-8,2.0339916063040502E-8,3.646177262842313E-8,6.042256729598553E-8,9.472624448461215E-8,1.4323399303490151E-7,2.1195826883940578E-7,3.1030462107042407E-7,4.5297006811408114E-7,6.626064205776945E-7,9.726742299393433E-7,1.4274716484655354E-6,2.0703336306467026E-6,2.9045585897161546E-6,3.830677572586068E-6
81.62049999999999,4.3522456517021486E-7,3.818415928845562E-7,3.4528506727270336E-7,3.2104295442426725E-7,3.0643284354587585E-7,2.999531751036676E-7,3.0095432287248265E-7,3.0950267463201683E-7,3.263887187549511E-7,3.532804360358677E-7,3.9307362786161233E-7,4.505683888411908E-7,5.33754091555323E-7,6.563280020542405E-7,8.429099114224039E-7,1.1406401303019586E-6,1.647312295183911E-6,2.5866438008358517E-6,4.527384905118297E-6,8.963264009943765E-6,1.7659569938527266E-5,1.9740329253187375E-5,1.1697182775732598E-5,6.624645875763428E-6,4.242027954797345E-6,3.0457522245290013E-6,2.3930915158405695E-6,2.0203373586299424E-6,1.8106191650191409E-6,1.7092698671774883E-6,1.6917644261335116E-6,1.7512678598731282E-6,1.8948045980661205E-6,2.1447506872302872E-6,2.5459148465586575E-6,3.1815688321734653E-6,4.20619507189255E-6,5.9069627838296685E-6,8.782356462393503E-6,1.3394328441333559E-5,1.890062092175129E-5,2.0897750540916746E-5,1.7574680384106773E-5,1.315848358465062E-5,9.985987654002321E-6,8.063414055921269E-6,7.008363806778198E-6,6.5677025298504626E-6,6.644709822795359E-6,7.286007995015551E-6,8.716120044030998E-6,1.1424305750746466E-5,1.5997968723363376E-5,2.052742140400372E-5,1.7125567354168762E-5,8.845995620045278E-6,3.5588695341147083E-6,1.192172342188461E-6,1.9408657812677467E-7,6.410971804914428E-6,8.9252130243316E-8,1.8471720725502784E-7,1.2050958466698903E-6,7.499259636490296E-6,8.905926552213138E-6,6.118945681529713E-6,2.712867950897423E-6,7.16791451227807E-7,6.398444442884562E-8,1.7152740530766898E-7,1.0379257796880805E-6,2.684816377721938E-6,4.4564964720879546E-6,6.1288109315473294E-6,8.120251869059484E-6,8.867425852703237E-6,7.3245360352057395E-6,3.6852724604836047E-6,1.1787628711191069E-8,8.840375632627924E-8,9.051273537995795E-8,4.97631867601966E-8,4.782275496913343E-8,1.2316668322266786E-7,2.7947368252596375E-7,4.770222695910698E-7,6.376313626759369E-7,7.002936795149613E-7,6.735398185431316E-7,6.06578616936846E-7,5.374490177878311E-7,4.807550046396712E-7,4.371238738318068E-7,4.0170883051796473E-7,3.682056564745198E-7,3.3085522368678847E-7,2.8623391220689197E-7,2.349919958567119E-7,1.8282113118600763E-7,1.4040332738855356E-7,1.2309397930124937E-7,1.5147722857576435E-7,2.539171624102408E-7,4.7295110848620443E-7,8.794944749567459E-7,1.6003129034489171E-6,2.845317963674991E-6,4.7706779527701355E-6,6.659385562495706E-6,6.67219327641037E-6,5.089884893538976E-6,3.5506813332091804E-6,2.5113878620639442E-6,1.8536816747622976E-6,1.428597483677628E-6,1.141012740354823E-6,9.359413698266992E-7,7.816465172086036E-7,6.595035928020761E-7,5.585372470220589E-7,4.725357349844607E-7,3.9861450788690606E-7,3.3681716853057595E-7,2.9098456376988716E-7,2.721974894848024E-7,3.0837618857004455E-7,4.62854029562431E-7,7.969154475416812E-7,1.0421783275588298E-6,8.817736233149641E-7,6.258256075730558E-7,4.414637478453668E-7,3.2148148369027264E-7,2.4188580038524357E-7,1.8719897599543582E-7,1.484971550899044E-7,1.2051492979624953E-7,9.999446945028931E-8,8.482885245315653E-8,7.361158122841039E-8,6.539039778530136E-8,5.9527614702139364E-8,5.561966655433582E-8,5.345302481770624E-8,5.298621051014121E-8,5.435523698419003E-8,5.790607906264707E-8,6.426540096577524E-8,7.447309184813468E-8,9.022292150362393E-8,1.1430236606672633E-7
82.18339999999999,3.70906545709503E-7,3.1722251869070577E-7,2.797802938175655E-7,2.5372817204268725E-7,2.3611919154119082E-7,2.2516388303957453E-7,2.1983270162403213E-7,2.1964900699937953E-7,2.2459909562996115E-7,2.3512975261282105E-7,2.5223251838100924E-7,2.776421710975362E-7,3.1421930147024614E-7,3.666684091729623E-7,4.429216773041725E-7,5.569473250785005E-7,7.348645463460543E-7,1.029495171370779E-6,1.5590121235211244E-6,2.62390083310673E-6,5.10643787289972E-6,1.1590672551470413E-5,2.0589483348756482E-5,1.337862303690051E-5,6.514696290698385E-6,3.6886825473753824E-6,2.4244932522429578E-6,1.7786495681849226E-6,1.416699322483432E-6,1.203909223262296E-6,1.0795359186647208E-6,1.014292178357003E-6,9.942512924127228E-7,1.0143828952222713E-6,1.0762476518786202E-6,1.1880887354889345E-6,1.3671583988205234E-6,1.6453857045069447E-6,2.081501163610207E-6,2.787053302395151E-6,3.9830749595829166E-6,6.116085623901865E-6,9.991247200555869E-6,1.6079684245102177E-5,2.0581416444061796E-5,1.7957298522040557E-5,1.2822680469316531E-5,9.198378990812272E-6,7.111396313141183E-6,5.994496630012179E-6,5.505237111814258E-6,5.513793196943284E-6,6.071660695586363E-6,7.513065728479419E-6,1.0990424329892095E-5,2.0724040464495947E-5,2.05934390904199E-5,1.6031464874786546E-6,2.0836394902161819E-7,9.129316933859475E-6,3.2768052833429316E-8,2.6645701325259474E-7,1.0249691934750242E-6,4.547433213248423E-6,1.0998556423235895E-5,7.847790509704052E-6,2.8194958705413505E-6,5.903222081068795E-7,1.0706587307555983E-8,2.7025129325659784E-7,1.413950094950878E-6,3.562091686712041E-6,5.120794444292004E-6,5.388096224613275E-6,5.732410368297622E-6,6.296868045815524E-6,5.741921023423751E-6,2.638959264216035E-6,2.372862373398039E-8,1.3185321131471788E-7,1.2578010745714315E-7,6.237604905375235E-8,8.637740179186378E-8,2.6791899510094286E-7,6.251874051153538E-7,1.0891750268320228E-6,1.4741077394661506E-6,1.591943760001788E-6,1.449277204671458E-6,1.202771975266036E-6,9.716770338044043E-7,7.919257924953568E-7,6.581608240424725E-7,5.552157463699868E-7,4.6928744022107964E-7,3.9082014033343397E-7,3.154905320319564E-7,2.4457649203517957E-7,1.8432467635117398E-7,1.444193349723085E-7,1.363757725624116E-7,1.725718122552182E-7,2.662331073117491E-7,4.3284928606576535E-7,6.94284441652091E-7,1.0877938977676899E-6,1.6826986006090571E-6,2.6041447948312534E-6,4.030657075375906E-6,5.968086722994606E-6,7.466942495698478E-6,6.975234880649506E-6,5.166396442945503E-6,3.540683149413754E-6,2.4500917377761346E-6,1.754920082689459E-6,1.3013042279004163E-6,9.924941311849903E-7,7.734152599723743E-7,6.13237632429024E-7,4.949105873811113E-7,4.0957229127085745E-7,3.538095260343415E-7,3.2877312221961123E-7,3.4100644198467185E-7,4.0580457706698895E-7,5.55666695752182E-7,8.5968056244986E-7,1.4579181188680643E-6,2.52125754988267E-6,3.577113277432335E-6,3.190789842136666E-6,2.061328525484517E-6,1.2633945309388743E-6,8.082157277832715E-7,5.455924841152427E-7,3.8567475107294623E-7,2.8285135252032625E-7,2.1355791955541894E-7,1.6498193751613317E-7,1.2977844888936392E-7,1.0353438400363275E-7,8.349085569073085E-8,6.786521690480701E-8,5.5473510408375694E-8,4.551085504104441E-8,3.741870672172102E-8,3.0801919758448856E-8,2.537545297269214E-8,2.09293533108908E-8,1.730541071855345E-8
82.74629999999999,3.213170152357781E-7,2.684115110984523E-7,2.3140770271100476E-7,2.0520564932676804E-7,1.867137466109779E-7,1.7401511576395263E-7,1.659239722188477E-7,1.617438494516556E-7,1.6113901269785701E-7,1.6407708776597766E-7,1.708257361819883E-7,1.820028970262111E-7,1.9869676828666573E-7,2.2269647578945443E-7,2.569214443310484E-7,3.062392574299953E-7,3.7910278402379097E-7,4.910611458403098E-7,6.729873305266509E-7,9.926650786348844E-7,1.6202437657535396E-6,3.065819572219431E-6,7.180231081576994E-6,1.805419665332529E-5,1.4765374796765665E-5,6.083013793540384E-6,3.0364200422832964E-6,1.8399353886203483E-6,1.2720667656661396E-6,9.651344557376291E-7,7.852774129647391E-7,6.755727865038842E-7,6.090334301931096E-7,5.720479386661893E-7,5.578034014603314E-7,5.635072352774452E-7,5.893056978352328E-7,6.381759548969028E-7,7.16668946684346E-7,8.368283128912317E-7,1.0202799598456695E-6,1.3069623104508363E-6,1.7747486654501097E-6,2.5865988914250253E-6,4.109852813225204E-6,7.195683820886239E-6,1.328433659877037E-5,1.990497725611668E-5,1.7106182757336725E-5,1.0903903613329219E-5,7.154668016960912E-6,5.2252458936527675E-6,4.252027941323619E-6,3.84257909631254E-6,3.916300864109785E-6,4.8756869412489825E-6,1.20366656390924E-5,3.7529609510693943E-6,1.8633156485822327E-7,5.959181260366358E-6,5.415143642518851E-8,3.071535914742038E-7,7.098005143917865E-7,1.7488558798222532E-6,3.727102985982949E-6,5.996999143964055E-6,2.638175151092674E-6,4.4770631319292207E-7,2.5160688401794485E-8,3.7926950504621267E-7,1.621188113357649E-6,4.733192099708939E-6,7.807167605889618E-6,6.176100112213685E-6,4.406866740751379E-6,3.4263321058452017E-6,2.463670208117531E-6,9.646075252245776E-7,1.6635682781838656E-8,1.0475206840161395E-7,1.0525695603010531E-7,3.721875616760106E-8,1.1369340270038424E-7,4.87274672965193E-7,1.2660692595194815E-6,2.431685261758533E-6,3.7049176149268976E-6,4.5424162364226075E-6,4.475706729845339E-6,3.6776607536932992E-6,2.7403381557085632E-6,1.9950754837654805E-6,1.4711480298023727E-6,1.1053863841582816E-6,8.380738143838902E-7,6.305885207273656E-7,4.6293594472872785E-7,3.28794702295879E-7,2.3053926373744904E-7,1.7460843430074668E-7,1.6789720560146538E-7,2.1550738435434553E-7,3.1977777587123225E-7,4.807071161932878E-7,6.982703765061011E-7,9.770071925288513E-7,1.3326949844459639E-6,1.8006911843649064E-6,2.4452227502229307E-6,3.3625986268739793E-6,4.637311459677087E-6,6.119337926376161E-6,7.0195143625904265E-6,6.4490274215942705E-6,4.9143466845576925E-6,3.446635717708262E-6,2.3915430340424837E-6,1.689748590304758E-6,1.2251139777380176E-6,9.133359459771416E-7,7.028544181109436E-7,5.635901194414392E-7,4.784971028512319E-7,4.3872554927182194E-7,4.4134683171315877E-7,4.889721119163947E-7,5.912753555375418E-7,7.693282507050822E-7,1.0650704115805717E-6,1.5596493681994509E-6,2.3950985440214337E-6,3.6945724725268755E-6,4.927684594671945E-6,4.55521143148858E-6,3.035108924721852E-6,1.8328150700490607E-6,1.130887012886352E-6,7.325648641154845E-7,4.972808306237293E-7,3.5108977130119673E-7,2.559305703985491E-7,1.9148659132630038E-7,1.4638764146184437E-7,1.1397266963586233E-7,9.017581562895627E-8,7.242382438479398E-8,5.903520613112238E-8,4.887946811604041E-8,4.117694009905268E-8,3.537760585263297E-8,3.1085920977949703E-8
83.30919999999999,2.8250581119474776E-7,2.3090486277429645E-7,1.94984716580636E-7,1.694473201833898E-7,1.5111610557056886E-7,1.380206088275749E-7,1.289159905156522E-7,1.2302023101190575E-7,1.1986781124011846E-7,1.1923077447224484E-7,1.210834907575448E-7,1.256015353983804E-7,1.3319504311503387E-7,1.4458725056512387E-7,1.6096462339519079E-7,1.8425481274158675E-7,2.1765299851157803E-7,2.6666878383658286E-7,3.4135673368624724E-7,4.6151239690367035E-7,6.702563500002076E-7,1.075381831044424E-6,2.0038198754527175E-6,4.749285345455928E-6,1.4737051990300926E-5,1.5010831134791172E-5,5.122718899243944E-6,2.296136558209179E-6,1.308667055419192E-6,8.66654244383966E-7,6.347888004623065E-7,5.00310658759356E-7,4.1741280599750066E-7,3.6487414175822456E-7,3.3195493635080226E-7,3.1295905182145453E-7,3.0491357198709443E-7,3.065324853169182E-7,3.1779411625482726E-7,3.398891735251405E-7,3.754970921029039E-7,4.295055069153837E-7,5.105216374872303E-7,6.34032673857932E-7,8.293799250261628E-7,1.1564830669104124E-6,1.7504080337985183E-6,2.9552882542808247E-6,5.760412569280195E-6,1.2660434777510488E-5,1.9651221182984118E-5,1.2442396843931487E-5,6.495971174195215E-6,3.934299444575191E-6,2.7868676800818857E-6,2.31108830130945E-6,2.6168606597170613E-6,7.992820948309976E-5,1.6576891356980672E-7,1.2444651624395173E-6,1.75153459313117E-7,2.9842121045616667E-7,4.452152280298527E-7,6.433207775312924E-7,7.741083363830468E-7,1.206970684543002E-6,1.0720940712512402E-6,2.848410886932444E-7,1.12617973857447E-7,3.3111544895158706E-7,9.277934888285801E-7,2.4417054444170207E-6,6.957169541477084E-6,1.080845834385665E-5,4.994615361697786E-6,2.1038674913321735E-6,8.885358893619907E-7,2.3220525270261592E-7,4.417348326558104E-9,2.5346715122752012E-8,2.584043807452245E-8,1.4518790082797977E-10,7.467431500391098E-8,4.352113417992526E-7,1.3705801636875307E-6,3.176980254085854E-6,5.590336895595191E-6,7.657583175887004E-6,8.939452070615446E-6,9.46898696255449E-6,8.982540426798569E-6,7.39769933370156E-6,5.3969272570565E-6,3.6866579013958107E-6,2.4516169407060265E-6,1.6008442525442227E-6,1.0161157302733485E-6,6.200801942795443E-7,3.7201555331823815E-7,2.5104551884593817E-7,2.428074565705793E-7,3.316130405172591E-7,4.972097196882681E-7,7.15508422500841E-7,9.628344034502538E-7,1.2221321273310674E-6,1.4882369753474048E-6,1.7699384775626515E-6,2.0890074152151363E-6,2.4778939154203897E-6,2.976088388370336E-6,3.6190758495341874E-6,4.402127589906652E-6,5.19513627679E-6,5.659589883851533E-6,5.4242752556939966E-6,4.537682542333841E-6,3.4450781319907658E-6,2.4992017540362915E-6,1.801153982145726E-6,1.323583017406946E-6,1.012494448436811E-6,8.222883341751387E-7,7.210147092595306E-7,6.880190141408428E-7,7.111565359108262E-7,7.85199462217397E-7,9.116800693479157E-7,1.1003607306927003E-6,1.3728816565568595E-6,1.7694531134355704E-6,2.3577785368765548E-6,3.228669833593009E-6,4.391536631015698E-6,5.368120893587148E-6,5.088275622985064E-6,3.66875703916347E-6,2.316917502896052E-6,1.441136899124943E-6,9.236046316206419E-7,6.156841183859114E-7,4.260833342721427E-7,3.047947479184546E-7,2.244592780267301E-7,1.696567913918501E-7,1.3136653938311614E-7,1.0411183315072858E-7,8.44505991053691E-8,7.015047404255695E-8,5.972246016937173E-8,5.214873880768057E-8
83.87209999999999,2.517345318692449E-7,2.0165797523077292E-7,1.6709883684681314E-7,1.4259313782883966E-7,1.2491226770471038E-7,1.120685429538667E-7,1.0280264253293207E-7,9.630584447879574E-8,9.206422573293241E-8,8.977038495267932E-8,8.927558314019132E-8,9.056912031932136E-8,9.37799008272628E-8,9.92013084159198E-8,1.0734739859130129E-7,1.1905927967907849E-7,1.3570156176501904E-7,1.5953432700292954E-7,1.9445408301673272E-7,2.475775402889751E-7,3.329524777008401E-7,4.813596709622494E-7,7.707271119500489E-7,1.444390830631274E-6,3.546498169729352E-6,1.3070023696790473E-5,1.318559774659012E-5,3.707993194615542E-6,1.5667273088114223E-6,8.669707123087044E-7,5.61723856678527E-7,4.0341903306950983E-7,3.118546121312357E-7,2.55057248217011E-7,2.1834549816040651E-7,1.942818718818533E-7,1.7884844463770631E-7,1.6981542462954542E-7,1.6599122166348888E-7,1.6687199213309724E-7,1.7250097604560122E-7,1.8346836330931108E-7,2.010479249704177E-7,2.2752744669628234E-7,2.6688956670477397E-7,3.262217688367999E-7,4.188123704042426E-7,5.715904020739661E-7,8.45312900083231E-7,1.3989317388722154E-6,2.7432924377723014E-6,6.973092976710674E-6,1.8387269344109426E-5,1.080758425214471E-5,4.0680494188175775E-6,2.037375455826252E-6,1.352442611049721E-6,6.253228382290376E-6,1.4763101492712722E-7,2.230693634102603E-7,3.522670361567673E-7,2.674951584369051E-7,2.78846186999033E-7,2.483841484093482E-7,1.632589532203266E-7,2.3420423837164186E-7,3.421969022775516E-7,1.9979144865908004E-7,1.4211739010442192E-7,2.0948050834081883E-7,3.68524704239135E-7,6.477423254979091E-7,1.1926271629122493E-6,2.6471027043161276E-6,6.688942858889434E-6,1.7171930568559186E-6,3.2465851794972014E-7,5.460429039784592E-8,9.967657410532434E-10,4.4857434002679764E-9,6.852077894953596E-9,7.808722143430557E-9,3.255402544665563E-8,1.1827504413209957E-7,3.2822257556643267E-7,7.958085928948322E-7,1.8174146805990902E-6,3.92526982754507E-6,7.2179792644893796E-6,9.59511925930387E-6,9.544913305407808E-6,8.522836744410799E-6,7.441563217366059E-6,6.282957098685355E-6,4.924320534553075E-6,3.4686128873232316E-6,2.154457450173668E-6,1.1560777537962373E-6,5.309912467945289E-7,2.677615069015184E-7,3.262395087204792E-7,6.474473298846364E-7,1.1479666223084577E-6,1.7178009038632717E-6,2.2386566867510273E-6,2.6229994473189735E-6,2.845529241008817E-6,2.938297337169429E-6,2.9583996203159452E-6,2.9585683381055535E-6,2.9748611559513322E-6,3.0263304262189027E-6,3.1177750576082193E-6,3.240687370835989E-6,3.3715395438330694E-6,3.4698551675083452E-6,3.4821531193996528E-6,3.3592032147316755E-6,3.085142652147748E-6,2.6977858556561976E-6,2.2758833946147238E-6,1.90008407732843E-6,1.6210323180134568E-6,1.4532904335804071E-6,1.386760888518047E-6,1.4009459895322923E-6,1.4749775292523434E-6,1.5929309183071023E-6,1.7460858803942563E-6,1.93371315094135E-6,2.1634509533133484E-6,2.451891855019843E-6,2.825352633561626E-6,3.3187775560206034E-6,3.9638158744996874E-6,4.73826694700085E-6,5.432891490920343E-6,5.546749729036326E-6,4.730926469503601E-6,3.42639160167006E-6,2.277098187204727E-6,1.4847442100869486E-6,9.82827235168737E-7,6.690129753021412E-7,4.698980722237012E-7,3.4057635583906444E-7,2.5452930914695495E-7,1.9600179669354315E-7,1.5543533275831332E-7,1.2688068151439206E-7,1.0653804883770467E-7
84.43499999999999,2.2706589190156845E-7,1.785658151006202E-7,1.45445908078182E-7,1.2210085944754257E-7,1.0527046643728367E-7,9.296904750340324E-8,8.394416146179002E-8,7.738720716106702E-8,7.277190782001927E-8,6.976169388350956E-8,6.815659820928022E-8,6.786473941119175E-8,6.889119965071094E-8,7.134194164337723E-8,7.544446122508356E-8,8.159185377906197E-8,9.042529308964284E-8,1.0298645283054477E-7,1.2100786806393118E-7,1.4749701776691665E-7,1.880020423801381E-7,2.536343513044238E-7,3.6927306273570504E-7,6.001002745174222E-7,1.1622446798394427E-6,3.106142674734404E-6,1.418064201044699E-5,8.907167525118789E-6,2.2749024688701354E-6,9.695750738280784E-7,5.393426229304586E-7,3.4924726361495847E-7,2.496430271371496E-7,1.9149964231405804E-7,1.550566778598335E-7,1.3115220769737177E-7,1.1509718113271978E-7,1.0432120491480568E-7,9.735745098710302E-8,9.336781160935212E-8,9.191104167964429E-8,9.28335332951959E-8,9.623336843988075E-8,1.024825526621912E-7,1.1231638279988935E-7,1.270288071697236E-7,1.4887032542602371E-7,1.818832638368603E-7,2.337886651387445E-7,3.207291062028729E-7,4.810795265425162E-7,8.249950658922952E-7,1.7782060541857443E-6,6.045613290534705E-6,1.8556338690851823E-5,3.72684802874989E-6,1.1679703796793337E-6,1.1409833879427152E-6,1.20606589573214E-7,1.026643192329631E-7,5.479758723218165E-7,2.3710530828381793E-7,1.847092228887427E-7,1.0096456056164375E-7,2.6393671791032025E-8,7.519149927055328E-8,1.8760488656033596E-7,1.6283676998625462E-7,1.2726266835976224E-7,1.353184616328576E-7,1.6980020365211435E-7,2.1508864875985178E-7,2.569808210982476E-7,2.9800762782316914E-7,4.7443935519943983E-7,1.5678455221364087E-6,1.235404819540916E-7,1.6722371997633154E-8,3.668049396970644E-10,1.7583562236063861E-9,5.3376724348165425E-9,9.500552144818606E-9,1.7691394400317802E-8,3.377956708473067E-8,6.101600870444728E-8,1.0222462462441647E-7,1.603590085247922E-7,2.40218464708939E-7,3.538915162774426E-7,5.343457477370978E-7,8.644943190553467E-7,1.5256634429112095E-6,2.762661060332273E-6,4.1925710922249364E-6,4.162722677061936E-6,2.765600668145799E-6,1.4319003352770127E-6,5.79262757576543E-7,1.427424031831994E-7,1.1449773965346027E-8,1.0355065506049299E-7,3.7042962805024847E-7,7.949294620095934E-7,1.3915154115825793E-6,2.2072724284810118E-6,3.3135658279093286E-6,4.75339406488573E-6,6.378973102925852E-6,7.645089040138066E-6,7.883305642815877E-6,7.101805139485165E-6,5.914038550513111E-6,4.793625980453011E-6,3.8865189424689796E-6,3.1779924858483404E-6,2.616415476930447E-6,2.157088194426875E-6,1.7713274519853139E-6,1.4451727710740048E-6,1.1757377723882994E-6,9.674844193086173E-7,8.291961792796308E-7,7.719664907085811E-7,8.081322512621596E-7,9.506266826308451E-7,1.2117109313964749E-6,1.5995203135651817E-6,2.1107936893286438E-6,2.7200021928949285E-6,3.370644855402805E-6,3.981052156541189E-6,4.472501487347347E-6,4.805061970636575E-6,4.991808331042955E-6,5.082180394315831E-6,5.133747079751779E-6,5.191817815763278E-6,5.279186642006401E-6,5.387943527381346E-6,5.466640221358817E-6,5.4094264050497795E-6,5.081931580505984E-6,4.421674843022888E-6,3.5374093428335457E-6,2.6452492247347015E-6,1.90427189520948E-6,1.3570731200382349E-6,9.76478264505798E-7,7.17817699890533E-7,5.423748694221876E-7,4.222452245410223E-7
84.99789999999999,2.0710447530022633E-7,1.601438031891662E-7,1.284354085654894E-7,1.0625445110800987E-7,9.032349553122345E-8,7.866975576453559E-8,7.005817590531068E-8,6.369268566305851E-8,5.90510099703945E-8,5.579001441934432E-8,5.369046184720568E-8,5.2625241897947135E-8,5.2542900080107285E-8,5.346269471079393E-8,5.548043628049714E-8,5.8787253182633625E-8,6.37074155488783E-8,7.076846007702778E-8,8.083149086533157E-8,9.534264698145963E-8,1.1684856316029594E-7,1.501419721285534E-7,2.0509213672334717E-7,3.047010195423161E-7,5.130616124822771E-7,1.066258071010671E-6,3.3827261171432947E-6,1.8441843994350467E-5,4.38177846191616E-6,1.2288074317208493E-6,5.590930284027735E-7,3.212942030163134E-7,2.1148116208339666E-7,1.5229333268218203E-7,1.170454320778518E-7,9.459539543397611E-8,7.964220424921442E-8,6.94170260993378E-8,6.237390539367855E-8,5.7611848915312185E-8,5.4598594950661E-8,5.3032000961689704E-8,5.27708675662841E-8,5.3805927860916E-8,5.6260086629273876E-8,6.041863680725285E-8,6.680261993846164E-8,7.632029829595155E-8,9.058174558463083E-8,1.12595392015462E-7,1.4847634401745842E-7,2.122891728383438E-7,3.429762143907343E-7,6.866799784166206E-7,2.2414685125885644E-6,2.2501002024139998E-5,1.7316344226842292E-6,4.903585780582108E-7,8.70578348331215E-8,1.2742384448495496E-7,7.75651626567578E-7,2.1364222152133264E-7,1.3323756669291327E-7,4.572812308876509E-8,7.96866433354003E-10,5.4607306301465794E-8,1.5072056352021716E-7,1.401197971427405E-7,1.065332107299317E-7,9.557179046831165E-8,9.710995026787235E-8,9.795572223620458E-8,8.623405929976441E-8,5.917834198545611E-8,2.701930018078213E-8,6.104439030326523E-8,8.18597092138089E-8,1.0452324891512173E-8,2.7215869084935694E-10,1.224153398249141E-9,4.333309617010705E-9,7.534372876639254E-9,1.1102878298719855E-8,1.5483603304184004E-8,2.0560578086469778E-8,2.551520672652526E-8,2.899271881519378E-8,2.9659539783994632E-8,2.7045955855679183E-8,2.2244910882638595E-8,1.8247245933591883E-8,2.0184679247684933E-8,3.584765138424911E-8,7.680220407924036E-8,1.6147178680076234E-7,3.262719655997385E-7,6.663072232836158E-7,1.4371517220820004E-6,2.449404068988665E-6,1.7608373802890165E-6,1.0089171953229396E-6,7.104109335859426E-7,5.928331177884104E-7,5.434001032827916E-7,5.225074336334502E-7,5.155659462371447E-7,5.178886730826526E-7,5.298394725217299E-7,5.554161672638607E-7,6.023093326347292E-7,6.829851047444441E-7,8.16905156643738E-7,1.0339355162827346E-6,1.3765644410538037E-6,1.8846682693344068E-6,2.496334113733078E-6,2.8015987904952606E-6,2.284014599529457E-6,1.3552394013191754E-6,6.615114518083209E-7,2.8593165723035415E-7,1.1385907937599374E-7,5.363662828583237E-8,5.357208026160856E-8,8.61842789973037E-8,1.3696129162683345E-7,1.9846208256613935E-7,2.673458103706669E-7,3.4285756323929246E-7,4.2605763542373944E-7,5.194596079442374E-7,6.269134706350007E-7,7.536389624908701E-7,9.063225880117806E-7,1.0931426770695085E-6,1.323457989297571E-6,1.60665445219872E-6,1.94931361508188E-6,2.349722635479405E-6,2.7896928315682173E-6,3.2271573409785315E-6,3.5985331487661946E-6,3.839594813858327E-6,3.917608267371281E-6,3.8486718686941275E-6,3.6845312153599592E-6,3.4838876406960526E-6,3.2914484381794733E-6,3.1314401258033895E-6,3.009435654733202E-6,2.916022442257836E-6
